customerID,Contract,tenure,MonthlyCharges,TotalCharges,InternetService,PaymentMethod,TechSupport,OnlineSecurity,Churn,ChurnRiskScore,RiskTier
7216-EWTRS,Month-to-month,1,100.8,100.8,Fiber optic,Electronic check,No,No,Yes,0.9642149474538505,High
5178-LMXOP,Month-to-month,1,95.1,95.1,Fiber optic,Electronic check,No,No,Yes,0.9639189546289817,High
9300-AGZNL,Month-to-month,1,94.0,94.0,Fiber optic,Electronic check,No,No,Yes,0.9636392721917109,High
9497-QCMMS,Month-to-month,1,93.55,93.55,Fiber optic,Electronic check,No,No,Yes,0.963592395438046,High
7024-OHCCK,Month-to-month,2,93.85,170.85,Fiber optic,Electronic check,No,No,Yes,0.9631252830657705,High
2720-WGKHP,Month-to-month,2,94.0,181.7,Fiber optic,Electronic check,No,No,Yes,0.9627078561900287,High
4424-TKOPW,Month-to-month,2,93.85,196.75,Fiber optic,Electronic check,No,No,Yes,0.9626918524530675,High
5567-WSELE,Month-to-month,3,94.6,279.55,Fiber optic,Electronic check,No,No,Yes,0.9619928643624022,High
5150-ITWWB,Month-to-month,3,94.85,335.75,Fiber optic,Electronic check,No,No,No,0.961846316990641,High
8098-LLAZX,Month-to-month,4,95.45,396.1,Fiber optic,Electronic check,No,No,Yes,0.9613908000241034,High
1374-DMZUI,Month-to-month,4,94.3,424.45,Fiber optic,Electronic check,No,No,Yes,0.9612637712498282,High
1400-MMYXY,Month-to-month,3,105.9,334.65,Fiber optic,Electronic check,No,No,Yes,0.9573466517984774,High
6496-SLWHQ,Month-to-month,3,105.0,294.45,Fiber optic,Electronic check,No,No,Yes,0.9570427326121913,High
4910-GMJOT,Month-to-month,1,94.6,94.6,Fiber optic,Electronic check,No,No,Yes,0.9551107173444556,High
8149-RSOUN,Month-to-month,1,93.85,93.85,Fiber optic,Electronic check,No,No,Yes,0.9550150801443306,High
0295-PPHDO,Month-to-month,1,95.45,95.45,Fiber optic,Electronic check,No,No,Yes,0.9546968795921571,High
5419-JPRRN,Month-to-month,1,101.45,101.45,Fiber optic,Electronic check,No,No,Yes,0.9545799609979344,High
2446-BEGGB,Month-to-month,6,98.25,560.6,Fiber optic,Electronic check,No,No,Yes,0.9542384000086722,High
3158-MOERK,Month-to-month,2,96.0,174.8,Fiber optic,Electronic check,No,No,Yes,0.9541535752379435,High
7851-WZEKY,Month-to-month,2,95.15,196.9,Fiber optic,Electronic check,No,No,Yes,0.9540429715584664,High
3049-SOLAY,Month-to-month,3,95.2,292.85,Fiber optic,Electronic check,No,No,Yes,0.953096934011162,High
9057-SIHCH,Month-to-month,3,96.6,291.9,Fiber optic,Electronic check,No,No,Yes,0.9530708264869907,High
6023-YEBUP,Month-to-month,3,100.95,329.95,Fiber optic,Electronic check,No,No,Yes,0.9521800658808929,High
3988-RQIXO,Month-to-month,1,91.3,91.3,Fiber optic,Electronic check,No,No,Yes,0.9521363244674969,High
1069-XAIEM,Month-to-month,1,85.05,85.05,Fiber optic,Electronic check,No,No,Yes,0.9520556834316938,High
1415-YFWLT,Month-to-month,1,89.3,89.3,Fiber optic,Electronic check,No,No,Yes,0.9518647862108993,High
5192-EBGOV,Month-to-month,1,85.7,85.7,Fiber optic,Electronic check,No,No,Yes,0.9516753336624346,High
4826-XTSOH,Month-to-month,1,86.05,86.05,Fiber optic,Electronic check,No,No,Yes,0.951382355771303,High
2545-EBUPK,Month-to-month,2,84.05,186.05,Fiber optic,Electronic check,No,No,No,0.9507036172742273,High
3068-OMWZA,Month-to-month,1,88.8,88.8,Fiber optic,Electronic check,No,No,Yes,0.9505852893540274,High
5277-ZLOOR,Month-to-month,2,85.55,187.45,Fiber optic,Electronic check,No,No,Yes,0.9504322150263752,High
4695-WJZUE,Month-to-month,2,88.55,179.25,Fiber optic,Electronic check,No,No,Yes,0.950367124530794,High
9681-OXGVC,Month-to-month,5,100.5,514.0,Fiber optic,Electronic check,No,No,Yes,0.9502440797273572,High
4750-ZRXIU,Month-to-month,4,84.6,360.1,Fiber optic,Electronic check,No,No,Yes,0.9482633068797062,High
6521-YYTYI,Month-to-month,1,93.3,93.3,Fiber optic,Electronic check,No,No,Yes,0.9481868017318704,High
2265-CYWIV,Month-to-month,4,99.6,347.65,Fiber optic,Electronic check,No,Yes,Yes,0.9481665308028019,High
0107-YHINA,Month-to-month,1,99.75,99.75,Fiber optic,Electronic check,No,No,Yes,0.9481198021794355,High
1273-MTETI,Month-to-month,4,88.85,372.45,Fiber optic,Electronic check,No,No,Yes,0.947874381259631,High
6630-UJZMY,Month-to-month,4,83.25,308.05,Fiber optic,Electronic check,No,No,No,0.9477952332409907,High
2865-TCHJW,Month-to-month,4,89.2,346.2,Fiber optic,Electronic check,No,No,Yes,0.9474183043089617,High
6350-XFYGW,Month-to-month,4,94.75,422.4,Fiber optic,Electronic check,No,No,No,0.9473078626516276,High
8414-MYSHR,Month-to-month,5,91.4,449.75,Fiber optic,Electronic check,No,No,Yes,0.946519326241036,High
1724-BQUHA,Month-to-month,5,89.5,477.7,Fiber optic,Electronic check,No,No,Yes,0.9462328400916258,High
8775-LHDJH,Month-to-month,1,90.6,90.6,Fiber optic,Electronic check,No,No,Yes,0.9461583945368726,High
0196-VULGZ,Month-to-month,6,84.35,474.9,Fiber optic,Electronic check,No,No,Yes,0.945830472533528,High
2656-TABEH,Month-to-month,4,100.2,420.2,Fiber optic,Electronic check,No,No,Yes,0.945570012359673,High
4847-TAJYI,Month-to-month,6,89.35,567.8,Fiber optic,Electronic check,No,No,No,0.9454867159231489,High
3319-DWOEP,Month-to-month,6,95.75,573.75,Fiber optic,Electronic check,No,No,Yes,0.9450259809558333,High
4587-VVTOX,Month-to-month,6,105.3,545.2,Fiber optic,Electronic check,No,No,Yes,0.9431663206458042,High
9282-IZGQK,Month-to-month,1,85.0,85.0,Fiber optic,Electronic check,No,No,Yes,0.9401904280766283,High
1624-NALOJ,Month-to-month,5,89.8,502.6,Fiber optic,Electronic check,No,No,Yes,0.9400430185285513,High
1875-QIVME,Month-to-month,2,104.4,242.8,Fiber optic,Electronic check,Yes,No,Yes,0.9400064819705771,High
2725-KXXWT,Month-to-month,1,90.75,90.75,Fiber optic,Electronic check,No,No,Yes,0.9397893786102695,High
8603-IJWDN,Month-to-month,1,86.6,86.6,Fiber optic,Electronic check,No,No,Yes,0.9397739783470931,High
4912-PIGUY,Month-to-month,1,84.6,84.6,Fiber optic,Electronic check,No,No,No,0.9395449500090409,High
7274-RTAPZ,Month-to-month,1,90.55,90.55,Fiber optic,Electronic check,No,No,Yes,0.9394866304122134,High
3027-ZTDHO,Month-to-month,1,89.9,89.9,Fiber optic,Electronic check,No,No,Yes,0.9393767418095571,High
0970-ETWGE,Month-to-month,1,89.55,89.55,Fiber optic,Electronic check,No,No,Yes,0.939317493729655,High
7577-SWIFR,Month-to-month,1,89.25,89.25,Fiber optic,Electronic check,No,No,No,0.9392666665558975,High
1455-ESIQH,Month-to-month,1,89.1,89.1,Fiber optic,Electronic check,No,No,Yes,0.9392412380391089,High
3722-WPXTK,Month-to-month,1,88.35,88.35,Fiber optic,Electronic check,No,No,Yes,0.9391139460231784,High
1143-NMNQJ,Month-to-month,2,85.7,169.8,Fiber optic,Electronic check,No,No,Yes,0.938816134080479,High
2034-GDRCN,Month-to-month,2,90.4,168.2,Fiber optic,Electronic check,No,No,Yes,0.9386529588835606,High
6108-OQZDQ,Month-to-month,4,97.95,384.5,Fiber optic,Electronic check,No,No,Yes,0.9385204439719379,High
3489-HHPFY,Month-to-month,2,84.05,134.05,Fiber optic,Electronic check,No,No,No,0.9382165055730558,High
0702-PGIBZ,Month-to-month,4,101.7,364.55,Fiber optic,Electronic check,No,No,Yes,0.9381885675783349,High
6474-FVJLC,Month-to-month,2,86.0,165.45,Fiber optic,Electronic check,No,No,Yes,0.9381670570989402,High
9546-CQJSU,Month-to-month,2,91.4,193.6,Fiber optic,Electronic check,No,No,Yes,0.9380172436884546,High
0754-UKWQP,Month-to-month,2,95.85,197.7,Fiber optic,Electronic check,No,No,Yes,0.9376976873806335,High
4927-WWOOZ,Month-to-month,2,91.45,171.45,Fiber optic,Electronic check,No,No,No,0.9375947527354284,High
0259-GBZSH,Month-to-month,2,85.65,181.5,Fiber optic,Electronic check,No,No,Yes,0.9375098978534938,High
9611-CTWIH,Month-to-month,3,89.45,240.45,Fiber optic,Electronic check,No,No,Yes,0.9369567331995449,High
3318-NMQXL,Month-to-month,3,92.0,266.8,Fiber optic,Electronic check,No,No,No,0.9366868884223589,High
5299-SJCZT,Month-to-month,3,101.55,298.35,Fiber optic,Bank transfer (automatic),No,No,Yes,0.9365910734057072,High
8593-WHYHV,Month-to-month,3,85.3,264.8,Fiber optic,Electronic check,No,No,Yes,0.9365024908984477,High
7398-SKNQZ,Month-to-month,3,94.9,273.2,Fiber optic,Electronic check,No,No,No,0.9362739927812289,High
0723-DRCLG,Month-to-month,1,74.45,74.45,Fiber optic,Electronic check,No,No,Yes,0.9356805119276008,High
6230-BSUXY,Month-to-month,1,85.0,85.0,Fiber optic,Electronic check,No,No,Yes,0.9356507944692477,High
1833-VGRUM,Month-to-month,1,74.2,74.2,Fiber optic,Electronic check,No,No,Yes,0.9353495418845958,High
6567-HOOPW,Month-to-month,1,79.2,79.2,Fiber optic,Electronic check,No,No,Yes,0.9352317729429903,High
7488-MXJIV,Month-to-month,4,85.65,321.65,Fiber optic,Electronic check,No,No,Yes,0.9351017088750324,High
9248-OJYKK,Month-to-month,1,76.45,76.45,Fiber optic,Electronic check,No,No,Yes,0.9350191583743777,High
0697-ZMSWS,Month-to-month,4,85.65,338.9,Fiber optic,Electronic check,No,No,Yes,0.9349861255814493,High
0021-IKXGC,Month-to-month,1,72.1,72.1,Fiber optic,Electronic check,No,No,No,0.9349712095621593,High
4102-OQUPX,Month-to-month,1,74.4,74.4,Fiber optic,Electronic check,No,No,Yes,0.9349372445455805,High
6894-LFHLY,Month-to-month,1,75.75,75.75,Fiber optic,Electronic check,No,No,Yes,0.9348926772975105,High
4988-IQIGL,Month-to-month,1,75.35,75.35,Fiber optic,Electronic check,No,No,Yes,0.9348202995972634,High
6513-EECDB,Month-to-month,1,73.55,73.55,Fiber optic,Electronic check,No,No,Yes,0.9347834504608749,High
5240-IJOQT,Month-to-month,1,74.7,74.7,Fiber optic,Electronic check,No,No,Yes,0.9347025261770322,High
3551-HUAZH,Month-to-month,1,74.4,74.4,Fiber optic,Electronic check,No,No,Yes,0.9346481024787164,High
8473-VUVJN,Month-to-month,1,73.65,73.65,Fiber optic,Electronic check,No,No,Yes,0.9345118586067886,High
8580-AECUZ,Month-to-month,1,79.1,79.1,Fiber optic,Electronic check,No,No,Yes,0.9344745871390286,High
7228-OMTPN,Month-to-month,4,88.45,370.65,Fiber optic,Electronic check,No,No,Yes,0.9344685941354604,High
4713-LZDRV,Month-to-month,2,79.6,195.05,Fiber optic,Electronic check,No,No,Yes,0.9343270842064832,High
3387-VATUS,Month-to-month,5,94.85,462.8,Fiber optic,Bank transfer (automatic),No,No,Yes,0.9334380433350717,High
4548-SDBKE,Month-to-month,5,85.2,474.8,Fiber optic,Electronic check,No,No,Yes,0.9334066698748175,High
1304-NECVQ,Month-to-month,2,78.55,149.55,Fiber optic,Electronic check,No,No,Yes,0.9332713926818587,High
8739-XNIKG,Month-to-month,5,84.0,424.75,Fiber optic,Electronic check,No,No,No,0.9331847057640248,High
4192-GORJT,Month-to-month,5,94.45,498.1,Fiber optic,Electronic check,No,No,Yes,0.9329699299728085,High
2462-XIIJB,Month-to-month,5,92.5,452.7,Fiber optic,Electronic check,No,No,Yes,0.932721341259806,High
4086-YQSNZ,Month-to-month,3,80.4,224.05,Fiber optic,Electronic check,No,No,Yes,0.9325016207104297,High
2672-HUYVI,Month-to-month,6,91.1,455.3,Fiber optic,Electronic check,No,No,Yes,0.9324493412981331,High
9025-AOMKI,Month-to-month,6,93.55,536.4,Fiber optic,Bank transfer (automatic),No,No,Yes,0.932311719382859,High
2990-HWIML,Month-to-month,6,89.5,573.3,Fiber optic,Electronic check,No,No,Yes,0.932149289341098,High
4140-MUHUG,Month-to-month,3,86.85,220.95,Fiber optic,Electronic check,No,No,Yes,0.9321162504068039,High
4273-MBHYA,Month-to-month,1,89.35,89.35,Fiber optic,Electronic check,No,No,No,0.931904312430439,High
8258-GSTJK,Month-to-month,3,77.0,237.75,Fiber optic,Electronic check,No,No,Yes,0.9318580733639772,High
7576-OYWBN,Month-to-month,3,76.05,231.8,Fiber optic,Electronic check,No,No,Yes,0.9316786223442326,High
1941-HOSAM,Month-to-month,1,90.1,90.1,Fiber optic,Electronic check,No,No,No,0.9315758912227428,High
9725-SCPZG,Month-to-month,1,90.85,90.85,Fiber optic,Electronic check,No,No,Yes,0.9314153969881196,High
6161-UUUTA,Month-to-month,3,79.9,260.9,Fiber optic,Electronic check,No,No,Yes,0.9313364735247598,High
7181-BQYBV,Month-to-month,1,102.45,102.45,Fiber optic,Electronic check,No,Yes,Yes,0.9311810704135326,High
3727-RJMEO,Month-to-month,6,82.85,460.25,Fiber optic,Electronic check,No,No,Yes,0.9308359382308978,High
0722-TROQR,Month-to-month,4,74.9,321.75,Fiber optic,Electronic check,No,No,Yes,0.9305535491499585,High
3006-XIMLN,Month-to-month,2,94.2,193.8,Fiber optic,Bank transfer (automatic),No,No,Yes,0.9305393405269422,High
1197-BVMVG,Month-to-month,4,74.45,294.45,Fiber optic,Electronic check,No,No,No,0.9304670956317257,High
9231-ZJYAM,Month-to-month,4,78.85,292.8,Fiber optic,Electronic check,No,No,Yes,0.9302254753230116,High
1389-CXMLU,Month-to-month,3,91.05,289.1,Fiber optic,Electronic check,No,No,Yes,0.9300571278484567,High
4929-XIHVW,Month-to-month,2,95.5,181.65,Fiber optic,Credit card (automatic),No,No,No,0.9299185203291627,High
9944-HKVVB,Month-to-month,3,95.1,307.4,Fiber optic,Electronic check,No,No,Yes,0.929719096584108,High
3178-FESZO,Month-to-month,1,100.25,100.25,Fiber optic,Credit card (automatic),No,No,Yes,0.9294310584275518,High
5956-VKDTT,Month-to-month,5,74.35,334.8,Fiber optic,Electronic check,No,No,Yes,0.9290424486346542,High
5052-PNLOS,Month-to-month,3,105.35,323.25,Fiber optic,Bank transfer (automatic),No,No,Yes,0.9289527001539336,High
4844-JJWUY,Month-to-month,1,86.0,86.0,Fiber optic,Electronic check,No,No,Yes,0.9287202521104695,High
6892-EZDTG,Month-to-month,4,91.65,365.4,Fiber optic,Electronic check,No,No,Yes,0.9280546603851335,High
4951-UKAAQ,Month-to-month,4,88.95,355.2,Fiber optic,Electronic check,No,No,Yes,0.9278853510150302,High
5380-AFSSK,Month-to-month,5,93.9,486.85,Fiber optic,Mailed check,No,No,Yes,0.9277456886936706,High
3097-NQYSN,Month-to-month,2,86.85,156.35,Fiber optic,Mailed check,No,No,Yes,0.9277148049642825,High
4952-YSOGZ,Month-to-month,4,85.95,381.3,Fiber optic,Electronic check,No,No,Yes,0.9275048435252984,High
4228-ZGYUW,Month-to-month,4,90.05,368.1,Fiber optic,Electronic check,No,No,Yes,0.9272897388417416,High
7548-SEPYI,Month-to-month,5,96.25,512.45,Fiber optic,Electronic check,No,No,Yes,0.9264420782922042,High
9957-YODKZ,Month-to-month,6,80.8,457.1,Fiber optic,Electronic check,No,No,No,0.9263762990793605,High
6229-LSCKB,Month-to-month,6,79.7,497.6,Fiber optic,Electronic check,No,No,No,0.9260834067570797,High
7330-WZLNC,Month-to-month,5,90.8,455.5,Fiber optic,Electronic check,No,No,Yes,0.925783542844529,High
5644-PDMZC,Month-to-month,2,89.5,161.5,Fiber optic,Electronic check,No,No,Yes,0.9254560077801044,High
0880-TKATG,Month-to-month,4,101.15,385.9,Fiber optic,Electronic check,No,No,Yes,0.9249953622864499,High
8622-ZLFKO,Month-to-month,6,90.75,512.25,Fiber optic,Electronic check,No,No,No,0.9249941821953643,High
6015-VVHHE,Month-to-month,5,83.15,446.05,Fiber optic,Credit card (automatic),No,No,Yes,0.9244532903933524,High
7074-IEVOJ,Month-to-month,3,79.4,205.05,Fiber optic,Electronic check,No,No,Yes,0.924256273653893,High
8780-IXSTS,Month-to-month,6,90.1,521.3,Fiber optic,Electronic check,No,No,Yes,0.9238126802096196,High
0334-GDDSO,Month-to-month,3,81.35,233.7,Fiber optic,Electronic check,No,No,Yes,0.9238111005851526,High
6734-GMPVK,Month-to-month,5,105.3,550.6,Fiber optic,Electronic check,No,No,No,0.9237953389506791,High
3462-BJQQA,Month-to-month,6,89.75,552.65,Fiber optic,Electronic check,No,No,No,0.9237394559842788,High
1393-IMKZG,Month-to-month,1,95.85,95.85,Fiber optic,Electronic check,Yes,No,No,0.9225351128100068,High
4795-KTRTH,Month-to-month,5,81.0,371.65,Fiber optic,Electronic check,No,No,Yes,0.9211888307648746,High
2004-OCQXK,Month-to-month,1,81.95,81.95,Fiber optic,Electronic check,No,No,Yes,0.9209164694017649,High
4614-NUVZD,Month-to-month,1,81.1,81.1,Fiber optic,Electronic check,No,No,Yes,0.9207323431918641,High
4395-PZMSN,Month-to-month,5,85.55,408.5,Fiber optic,Electronic check,No,No,No,0.9204649314447774,High
0495-RVCBF,Month-to-month,1,79.7,79.7,Fiber optic,Electronic check,No,No,Yes,0.9204282222896693,High
8242-SOQUO,Month-to-month,5,84.7,392.5,Fiber optic,Electronic check,No,No,No,0.9204193481067465,High
2609-IAICY,Month-to-month,1,77.15,77.15,Fiber optic,Electronic check,No,No,Yes,0.9203544066396433,High
6356-ELRKD,Month-to-month,1,95.6,95.6,Fiber optic,Electronic check,No,Yes,Yes,0.9201318058199446,High
8816-VXNZD,Month-to-month,1,75.1,75.1,Fiber optic,Electronic check,No,No,Yes,0.9199067846122984,High
5494-HECPR,Month-to-month,1,80.25,80.25,Fiber optic,Electronic check,No,No,Yes,0.9197961821343394,High
6457-USBER,Month-to-month,1,80.8,80.8,Fiber optic,Electronic check,No,No,Yes,0.9197763449053874,High
4415-IJZTP,Month-to-month,1,74.5,74.5,Fiber optic,Electronic check,No,No,Yes,0.9197753394442267,High
7218-HKQFK,Month-to-month,2,94.2,167.5,Fiber optic,Electronic check,Yes,No,Yes,0.9197345326620776,High
8058-INTPH,Month-to-month,1,79.65,79.65,Fiber optic,Electronic check,No,No,Yes,0.9196645713024958,High
0684-AOSIH,Month-to-month,1,95.0,95.0,Fiber optic,Electronic check,No,Yes,Yes,0.9194549436336489,High
2868-MZAGQ,Month-to-month,1,79.25,79.25,Fiber optic,Electronic check,No,No,Yes,0.9194358703025229,High
5597-GLBUC,Month-to-month,1,85.45,85.45,Fiber optic,Electronic check,No,No,Yes,0.9194208542649452,High
0318-QUUOB,Month-to-month,1,80.55,80.55,Fiber optic,Electronic check,No,No,Yes,0.9193152957737815,High
5797-APWZC,Month-to-month,1,90.6,90.6,Fiber optic,Electronic check,No,No,Yes,0.9191851427154311,High
7294-TMAOP,Month-to-month,1,90.55,90.55,Fiber optic,Electronic check,No,No,Yes,0.9191741065049734,High
5834-ASPWA,Month-to-month,1,75.45,75.45,Fiber optic,Electronic check,No,No,Yes,0.9190854458124625,High
9787-XVQIU,Month-to-month,1,75.3,75.3,Fiber optic,Electronic check,No,No,Yes,0.9190522958051928,High
1452-VOQCH,Month-to-month,1,75.1,75.1,Fiber optic,Electronic check,No,No,No,0.919008076529894,High
1157-BQCUW,Month-to-month,1,74.95,74.95,Fiber optic,Electronic check,No,No,Yes,0.918974897619489,High
6358-LYNGM,Month-to-month,1,74.9,74.9,Fiber optic,Electronic check,No,No,Yes,0.9189638352288375,High
7439-DKZTW,Month-to-month,1,80.55,80.55,Fiber optic,Electronic check,No,No,No,0.9189627465053116,High
9300-RENDD,Month-to-month,1,79.95,79.95,Fiber optic,Electronic check,No,No,Yes,0.9188298887338857,High
1761-AEZZR,Month-to-month,1,79.55,79.55,Fiber optic,Electronic check,No,No,Yes,0.9187412065979248,High
2514-GINMM,Month-to-month,1,79.5,79.5,Fiber optic,Electronic check,No,No,Yes,0.9187301151229544,High
5960-WPXQM,Month-to-month,1,79.05,79.05,Fiber optic,Electronic check,No,No,Yes,0.9186302297319836,High
8740-CRYFY,Month-to-month,1,78.95,78.95,Fiber optic,Electronic check,No,No,Yes,0.918608017788519,High
5868-YWPDW,Month-to-month,6,84.2,519.15,Fiber optic,Electronic check,No,No,Yes,0.9185758719641275,High
9223-UCPVT,Month-to-month,1,94.4,94.4,Fiber optic,Electronic check,No,No,Yes,0.9184963546675032,High
2202-CUYXZ,Month-to-month,1,84.85,84.85,Fiber optic,Electronic check,No,No,Yes,0.9183836532457397,High
5419-CONWX,Month-to-month,4,99.8,442.85,Fiber optic,Credit card (automatic),No,No,Yes,0.9183296360738916,High
8884-ADFVN,Month-to-month,7,101.95,700.85,Fiber optic,Electronic check,No,No,Yes,0.9182743598917859,High
1618-CFHME,Month-to-month,2,75.9,143.35,Fiber optic,Electronic check,No,No,Yes,0.9181293492884345,High
7817-BOQPW,Month-to-month,2,75.55,166.3,Fiber optic,Electronic check,No,No,Yes,0.9180511473144248,High
7760-OYPDY,Month-to-month,2,80.65,144.15,Fiber optic,Electronic check,No,No,Yes,0.9179270196482077,High
9878-TNQGW,Month-to-month,2,80.95,171.15,Fiber optic,Electronic check,No,No,Yes,0.9178507714962773,High
4529-CKBCL,Month-to-month,2,80.2,146.05,Fiber optic,Electronic check,No,No,Yes,0.9178262354909859,High
1981-INRFU,Month-to-month,2,79.75,164.5,Fiber optic,Electronic check,No,No,Yes,0.9177253386654431,High
8086-OVPWV,Month-to-month,2,80.2,181.1,Fiber optic,Electronic check,No,No,Yes,0.9176825932026508,High
6861-XWTWQ,Month-to-month,7,99.25,665.45,Fiber optic,Electronic check,No,No,Yes,0.9176702990996738,High
7120-RFMVS,Month-to-month,1,84.5,84.5,Fiber optic,Electronic check,No,No,Yes,0.9174077287366369,High
0220-EBGCE,Month-to-month,2,85.85,167.3,Fiber optic,Electronic check,No,No,Yes,0.9173996371705057,High
0637-KVDLV,Month-to-month,2,76.5,162.45,Fiber optic,Electronic check,No,No,Yes,0.9173477588510323,High
2235-DWLJU,Month-to-month,6,44.4,263.05,DSL,Electronic check,No,No,No,0.9170892264991293,High
9689-PTNPG,Month-to-month,2,80.25,144.55,Fiber optic,Electronic check,No,No,Yes,0.9169176086578983,High
7938-OUHIO,Month-to-month,3,98.7,293.65,Fiber optic,Electronic check,Yes,No,Yes,0.9168718964999405,High
4234-XTNEA,Month-to-month,2,79.95,174.45,Fiber optic,Electronic check,No,No,No,0.9168496803700594,High
3519-ZKXGG,Month-to-month,3,75.85,256.6,Fiber optic,Electronic check,No,No,Yes,0.9164859796419742,High
4581-SSPWD,Month-to-month,3,75.8,246.3,Fiber optic,Electronic check,No,No,Yes,0.9161107794060108,High
1320-HTRDR,Month-to-month,3,75.5,220.6,Fiber optic,Electronic check,No,No,Yes,0.9160422518557075,High
4090-KPJIP,Month-to-month,3,74.95,212.4,Fiber optic,Electronic check,No,No,No,0.9159164859379515,High
6357-JJPQT,Month-to-month,3,80.5,232.35,Fiber optic,Electronic check,No,No,No,0.915892474835861,High
9306-CPCBC,Month-to-month,3,74.25,210.3,Fiber optic,Electronic check,No,No,Yes,0.9157561727786456,High
2789-HQBOU,Month-to-month,3,80.35,253.8,Fiber optic,Electronic check,No,No,No,0.9157113698079649,High
5349-IECLD,Month-to-month,2,94.95,178.1,Fiber optic,Electronic check,No,No,Yes,0.9157016405416007,High
1678-FYZOW,Month-to-month,3,79.4,244.65,Fiber optic,Electronic check,No,No,Yes,0.9156403642500532,High
4822-RVYBB,Month-to-month,8,100.6,819.4,Fiber optic,Electronic check,No,No,Yes,0.9156078209007992,High
5835-BEQEU,Month-to-month,3,76.95,228.4,Fiber optic,Electronic check,No,No,Yes,0.9154382829092089,High
0404-SWRVG,Month-to-month,3,74.4,229.55,Fiber optic,Electronic check,No,No,Yes,0.914849928779845,High
3878-AVSOQ,Month-to-month,1,71.25,71.25,Fiber optic,Electronic check,No,No,No,0.914680375621785,High
9488-HGMJH,Month-to-month,1,71.15,71.15,Fiber optic,Electronic check,No,No,Yes,0.914657185633821,High
2506-TNFCO,Month-to-month,1,69.55,69.55,Fiber optic,Electronic check,No,No,Yes,0.9146563761072154,High
8051-HJRLT,Month-to-month,1,70.55,70.55,Fiber optic,Electronic check,No,No,Yes,0.9145179256568888,High
9837-BMCLM,Month-to-month,3,78.5,242.05,Fiber optic,Electronic check,No,No,Yes,0.9144893466769807,High
9605-WGJVW,Month-to-month,1,70.2,70.2,Fiber optic,Electronic check,No,No,No,0.914436595568091,High
1846-XWOQN,Month-to-month,1,70.15,70.15,Fiber optic,Electronic check,No,No,Yes,0.9144249712599117,High
8000-REIQB,Month-to-month,1,69.95,69.95,Fiber optic,Electronic check,No,No,Yes,0.9143784597115872,High
5550-VFRLC,Month-to-month,1,69.85,69.85,Fiber optic,Electronic check,No,No,Yes,0.914355195346155,High
4210-QFJMF,Month-to-month,4,79.15,317.25,Fiber optic,Electronic check,No,No,Yes,0.9143358955970862,High
4871-JTKJF,Month-to-month,1,69.65,69.65,Fiber optic,Electronic check,No,No,Yes,0.914308649427306,High
8375-DKEBR,Month-to-month,1,69.6,69.6,Fiber optic,Electronic check,No,No,Yes,0.9142970093659697,High
2636-ALXXZ,Month-to-month,1,69.6,69.6,Fiber optic,Electronic check,No,No,Yes,0.9142970093659697,High
7206-GZCDC,Month-to-month,1,69.25,69.25,Fiber optic,Electronic check,No,No,Yes,0.9142154888071796,High
4749-OJKQU,Month-to-month,4,75.65,302.35,Fiber optic,Electronic check,No,No,No,0.9140354274760697,High
1363-TXLSL,Month-to-month,1,70.3,70.3,Fiber optic,Electronic check,No,No,Yes,0.9138798244147237,High
8644-XLFBW,Month-to-month,1,71.65,71.65,Fiber optic,Electronic check,No,No,Yes,0.9138221626139428,High
0306-JAELE,Month-to-month,5,96.1,453.4,Fiber optic,Electronic check,Yes,No,Yes,0.9137940520166532,High
9124-LHCJQ,Month-to-month,1,85.45,85.45,Fiber optic,Mailed check,No,No,Yes,0.9135927042965073,High
4806-KEXQR,Month-to-month,4,79.9,324.3,Fiber optic,Electronic check,No,No,Yes,0.9135567034115226,High
0781-LKXBR,Month-to-month,9,100.5,918.6,Fiber optic,Electronic check,No,No,Yes,0.9135329362184106,High
7903-CMPEY,Month-to-month,1,80.3,80.3,Fiber optic,Electronic check,No,Yes,Yes,0.9135037859169814,High
8752-STIVR,Month-to-month,4,79.0,303.15,Fiber optic,Electronic check,No,No,Yes,0.9134957942617833,High
9603-OAIHC,Month-to-month,1,70.05,70.05,Fiber optic,Electronic check,No,No,No,0.9134470511197033,High
5539-TMZLF,Month-to-month,1,69.75,69.75,Fiber optic,Electronic check,No,No,Yes,0.9133765533674927,High
8062-YBDOE,Month-to-month,1,69.65,69.65,Fiber optic,Electronic check,No,No,Yes,0.9133530425690976,High
9317-WZPGV,Month-to-month,2,79.75,159.4,Fiber optic,Bank transfer (automatic),No,No,Yes,0.9133414000951672,High
2959-MJHIC,Month-to-month,4,80.35,307.4,Fiber optic,Electronic check,No,No,Yes,0.9132282403251364,High
7341-LXCAF,Month-to-month,4,74.65,301.4,Fiber optic,Electronic check,No,No,Yes,0.9132176260677027,High
8443-ZRDBZ,Month-to-month,4,76.05,318.9,Fiber optic,Electronic check,No,No,Yes,0.9131713428994869,High
2612-RRIDN,Month-to-month,4,81.0,340.85,Fiber optic,Electronic check,No,No,Yes,0.9130051317926869,High
8083-YTZES,Month-to-month,4,74.35,265.35,Fiber optic,Electronic check,No,No,Yes,0.9127700149913055,High
9799-CAYJJ,Month-to-month,2,69.3,153.8,Fiber optic,Electronic check,No,No,No,0.9125247640912372,High
9885-CSMWE,Month-to-month,1,78.45,78.45,Fiber optic,Electronic check,No,No,Yes,0.912482012731557,High
4342-HENTK,Month-to-month,2,70.65,142.35,Fiber optic,Electronic check,No,No,Yes,0.9124662819109186,High
6941-PMGEP,Month-to-month,5,80.0,412.5,Fiber optic,Electronic check,No,No,Yes,0.9124584645792103,High
5804-LEPIM,Month-to-month,2,70.35,139.05,Fiber optic,Electronic check,No,No,Yes,0.9123950619314573,High
8775-ERLNB,Month-to-month,1,74.3,74.3,Fiber optic,Electronic check,No,No,No,0.912248478814805,High
5276-KQWHG,Month-to-month,2,69.6,131.65,Fiber optic,Electronic check,No,No,Yes,0.9122167827614444,High
6857-VWJDT,Month-to-month,1,95.65,95.65,Fiber optic,Mailed check,No,No,Yes,0.9120863921219017,High
2660-EMUBI,Month-to-month,10,95.35,898.35,Fiber optic,Electronic check,No,No,Yes,0.9118568555673809,High
7503-ZGUZJ,Month-to-month,1,84.65,84.65,Fiber optic,Mailed check,No,No,Yes,0.9116191808191993,High
4853-OITSN,Month-to-month,5,89.15,413.25,Fiber optic,Electronic check,No,Yes,No,0.9112782317682374,High
2880-FPNAE,Month-to-month,2,74.2,140.1,Fiber optic,Electronic check,No,No,No,0.9110688108272045,High
7563-BIUPC,Month-to-month,5,80.6,415.55,Fiber optic,Electronic check,No,No,Yes,0.9108000958238069,High
5561-NWEVX,Month-to-month,2,79.2,172.85,Fiber optic,Electronic check,No,No,Yes,0.9106266342770336,High
2012-NWRPA,Month-to-month,11,99.55,1131.2,Fiber optic,Electronic check,No,No,Yes,0.9104459045238669,High
1628-BIZYP,Month-to-month,1,85.0,85.0,Fiber optic,Electronic check,No,No,No,0.9104034013688616,High
2055-PDADH,Month-to-month,3,70.4,204.7,Fiber optic,Electronic check,No,No,Yes,0.9102853337546638,High
6168-WFVVF,Month-to-month,3,70.3,235.5,Fiber optic,Electronic check,No,No,Yes,0.9102610663880498,High
7594-RQHXR,Month-to-month,1,79.6,79.6,Fiber optic,Electronic check,No,No,Yes,0.9099610224728056,High
2018-QKYGT,Month-to-month,1,81.05,81.05,Fiber optic,Electronic check,No,No,No,0.9097080245898735,High
7493-TPUWZ,Month-to-month,1,79.15,79.15,Fiber optic,Electronic check,No,No,Yes,0.9095175283695871,High
4132-KALRO,Month-to-month,4,100.85,399.25,Fiber optic,Mailed check,Yes,No,No,0.9094076936692891,High
8185-UPYBR,Month-to-month,6,75.5,438.0,Fiber optic,Electronic check,No,No,Yes,0.9091727138257232,High
5919-TMRGD,Month-to-month,1,79.35,79.35,Fiber optic,Electronic check,No,No,Yes,0.9090577230139638,High
0329-GTIAJ,Month-to-month,3,97.9,315.3,Fiber optic,Electronic check,Yes,No,Yes,0.9086822355631846,High
7180-PISOG,Month-to-month,1,74.5,74.5,Fiber optic,Electronic check,No,No,Yes,0.9086434641180012,High
4229-CZMLL,Month-to-month,6,74.9,469.8,Fiber optic,Electronic check,No,No,Yes,0.9086323524737779,High
0345-HKJVM,Month-to-month,6,89.3,577.6,Fiber optic,Electronic check,No,No,Yes,0.9085586848845156,High
2081-VEYEH,Month-to-month,3,107.95,318.6,Fiber optic,Electronic check,Yes,No,No,0.9084494285477702,High
8372-JUXUI,Month-to-month,1,74.35,74.35,Fiber optic,Electronic check,No,No,Yes,0.9082117922359961,High
8992-JQYUN,Month-to-month,1,50.35,50.35,DSL,Electronic check,No,No,Yes,0.9081275120270168,High
7314-OXENN,Month-to-month,2,82.0,184.65,Fiber optic,Electronic check,No,No,Yes,0.908042573911341,High
1251-STYSZ,Month-to-month,4,80.25,303.7,Fiber optic,Electronic check,No,Yes,No,0.9076815216519849,High
7044-YAACC,Month-to-month,4,70.2,280.35,Fiber optic,Electronic check,No,No,No,0.9074489540308789,High
2074-GKOWZ,Month-to-month,2,89.55,185.55,Fiber optic,Bank transfer (automatic),No,No,Yes,0.9074429667484817,High
3422-GALYP,Month-to-month,2,79.45,145.15,Fiber optic,Electronic check,No,No,No,0.907407967362968,High
0644-OQMDK,Month-to-month,4,70.65,293.85,Fiber optic,Electronic check,No,No,No,0.9071624618758014,High
3389-YGYAI,Month-to-month,8,105.5,829.55,Fiber optic,Electronic check,No,No,Yes,0.9070037380740386,High
2737-WFVYW,Month-to-month,2,45.25,85.5,DSL,Electronic check,No,No,Yes,0.9069954473854819,High
7450-NWRTR,Month-to-month,12,99.45,1200.15,Fiber optic,Electronic check,No,No,Yes,0.9068406131316493,High
1731-TVIUK,Month-to-month,4,93.5,362.2,Fiber optic,Electronic check,Yes,No,Yes,0.9067952744619432,High
2982-IHMFT,Month-to-month,1,74.45,74.45,Fiber optic,Mailed check,No,No,Yes,0.906762189526264,High
8413-VONUO,Month-to-month,2,95.65,167.3,Fiber optic,Electronic check,No,No,Yes,0.9067611350190256,High
3198-VELRD,Month-to-month,3,84.75,264.85,Fiber optic,Bank transfer (automatic),No,No,Yes,0.9064653718480876,High
9897-KXHCM,Month-to-month,3,80.3,250.05,Fiber optic,Electronic check,No,No,Yes,0.906146130754001,High
2799-ARNLO,Month-to-month,5,69.35,341.6,Fiber optic,Electronic check,No,No,No,0.9060410621513112,High
9274-CNFMO,Month-to-month,4,74.95,308.7,Fiber optic,Electronic check,No,No,Yes,0.9058984930607908,High
5167-ZFFMM,Month-to-month,1,90.85,90.85,Fiber optic,Credit card (automatic),No,No,Yes,0.9058282561167891,High
2984-AFWNC,Month-to-month,3,95.4,293.15,Fiber optic,Electronic check,No,No,No,0.9054965325290769,High
1980-KXVPM,Month-to-month,3,75.05,256.25,Fiber optic,Credit card (automatic),No,No,Yes,0.9053998439063017,High
3191-CSNMG,Month-to-month,3,80.7,239.45,Fiber optic,Electronic check,No,No,No,0.905374130582413,High
8348-HFYIV,Month-to-month,2,49.25,90.35,DSL,Electronic check,No,No,Yes,0.9052278378882173,High
0495-ZBNGW,Month-to-month,5,79.9,343.95,Fiber optic,Bank transfer (automatic),No,No,Yes,0.9051194096393487,High
2516-VQRRV,Month-to-month,2,75.45,158.4,Fiber optic,Mailed check,No,No,Yes,0.9047744711194269,High
6689-TCZHQ,Month-to-month,5,78.95,378.4,Fiber optic,Electronic check,No,No,Yes,0.9047368119735772,High
1977-STDKI,Month-to-month,1,73.0,73.0,Fiber optic,Electronic check,No,No,Yes,0.9041446554746838,High
7235-NXZCP,Month-to-month,2,74.85,156.4,Fiber optic,Mailed check,No,No,Yes,0.9035685174727665,High
7409-KIUTL,Month-to-month,1,71.0,71.0,Fiber optic,Electronic check,No,No,Yes,0.9034974699774906,High
0679-IDSTG,Month-to-month,1,69.25,69.25,Fiber optic,Electronic check,No,No,Yes,0.9034576999864823,High
5442-UTCVD,Month-to-month,3,91.85,257.05,Fiber optic,Electronic check,No,No,Yes,0.9030809033849031,High
3295-YVUSR,Month-to-month,2,72.6,154.3,Fiber optic,Mailed check,No,No,No,0.9029844502669383,High
5095-AESKG,Month-to-month,3,91.5,242.95,Fiber optic,Credit card (automatic),No,No,Yes,0.9029130422595913,High
3776-EKTKM,Month-to-month,1,36.45,36.45,DSL,Electronic check,No,No,Yes,0.9026217015700037,High
6407-UTSLV,Month-to-month,2,83.8,163.7,Fiber optic,Bank transfer (automatic),No,No,No,0.9023588653342739,High
4143-OOBWZ,Month-to-month,5,81.3,416.3,Fiber optic,Electronic check,No,No,Yes,0.9014861888575486,High
8779-QRDMV,Month-to-month,1,39.65,39.65,DSL,Electronic check,No,No,Yes,0.9014799639387742,High
2761-OCIAX,Month-to-month,2,74.7,165.4,Fiber optic,Electronic check,No,No,Yes,0.9012155261513726,High
2495-INZWQ,Month-to-month,4,44.55,174.3,DSL,Electronic check,No,No,Yes,0.9012109496887263,High
6786-OBWQR,Month-to-month,5,80.85,356.1,Fiber optic,Electronic check,No,No,No,0.9008175975576358,High
1569-TTNYJ,Month-to-month,5,78.75,412.1,Fiber optic,Electronic check,No,No,Yes,0.9008112785048887,High
2952-QAYZF,Month-to-month,5,85.3,424.15,Fiber optic,Electronic check,No,No,Yes,0.9002910036803067,High
4566-NECEV,Month-to-month,5,96.55,500.1,Fiber optic,Electronic check,No,No,No,0.8997889661666961,High
2472-OVKUP,Month-to-month,6,91.0,531.0,Fiber optic,Electronic check,No,No,Yes,0.8992855993271851,High
8361-LTMKD,Month-to-month,4,74.4,306.6,Fiber optic,Mailed check,No,No,Yes,0.8992034191209058,High
7005-CCBKV,Month-to-month,6,84.4,556.35,Fiber optic,Electronic check,No,No,Yes,0.8989385207702969,High
3138-BKYAV,Month-to-month,6,85.35,489.45,Fiber optic,Electronic check,No,No,Yes,0.8982633361207517,High
8161-QYMTT,Month-to-month,7,94.1,701.3,Fiber optic,Electronic check,No,No,No,0.89826285086172,High
4626-GYCZP,Month-to-month,7,93.85,635.6,Fiber optic,Electronic check,No,No,Yes,0.8981949492309482,High
2379-ENZGV,Month-to-month,6,84.85,523.5,Fiber optic,Electronic check,No,No,Yes,0.8981274932542922,High
3902-FOIGH,Month-to-month,12,101.35,1218.55,Fiber optic,Electronic check,No,No,Yes,0.8978306743648979,High
7273-TEFQD,Month-to-month,3,41.15,132.2,DSL,Electronic check,No,No,Yes,0.8971280684952481,High
6060-DRTNL,Month-to-month,5,84.85,415.55,Fiber optic,Mailed check,No,No,Yes,0.8969010780360541,High
3992-YWPKO,Month-to-month,6,109.9,669.45,Fiber optic,Credit card (automatic),Yes,No,Yes,0.896763867430546,High
9239-ZBZZV,Month-to-month,6,47.95,305.1,DSL,Electronic check,No,No,Yes,0.8965942121344052,High
9305-CDSKC,Month-to-month,8,99.65,820.5,Fiber optic,Electronic check,No,No,Yes,0.8965910678480484,High
5760-IFJOZ,Month-to-month,3,107.95,313.6,Fiber optic,Mailed check,No,No,No,0.8963695328173146,High
6877-TJMBR,Month-to-month,1,84.8,84.8,Fiber optic,Electronic check,Yes,No,Yes,0.8959167167572305,High
9507-EXLTT,Month-to-month,1,79.35,79.35,Fiber optic,Bank transfer (automatic),No,No,Yes,0.8948434196843181,High
7943-RQCHR,Month-to-month,9,94.75,889.9,Fiber optic,Electronic check,No,No,Yes,0.8946944702437646,High
1031-IIDEO,Month-to-month,1,70.85,70.85,Fiber optic,Electronic check,No,No,Yes,0.8944914875869752,High
5376-DEQCP,Month-to-month,1,70.6,70.6,Fiber optic,Electronic check,No,No,Yes,0.8944213647146987,High
4806-HIPDW,Month-to-month,1,68.95,68.95,Fiber optic,Electronic check,No,No,Yes,0.8944063557755194,High
6653-CBBOM,Month-to-month,1,70.3,70.3,Fiber optic,Electronic check,No,No,Yes,0.8943371630139583,High
3244-DCJWY,Month-to-month,1,70.25,70.25,Fiber optic,Electronic check,No,No,Yes,0.8943231236410767,High
1640-PLFMP,Month-to-month,1,70.25,70.25,Fiber optic,Electronic check,No,No,No,0.8943231236410767,High
0328-GRPMV,Month-to-month,1,70.1,70.1,Fiber optic,Electronic check,No,No,Yes,0.894280995652163,High
4702-IOQDC,Month-to-month,1,70.1,70.1,Fiber optic,Electronic check,No,No,Yes,0.894280995652163,High
3329-WDIOK,Month-to-month,3,50.6,155.35,DSL,Electronic check,No,No,Yes,0.8941550345302097,High
7665-TOALD,Month-to-month,1,69.6,69.6,Fiber optic,Electronic check,No,No,Yes,0.8941404620538529,High
0488-GSLFR,Month-to-month,1,69.5,69.5,Fiber optic,Electronic check,No,No,Yes,0.894112335578095,High
7660-HDPJV,Month-to-month,1,69.2,69.2,Fiber optic,Electronic check,No,No,Yes,0.8940279166193205,High
9728-FTTVZ,Month-to-month,1,69.2,69.2,Fiber optic,Electronic check,No,No,Yes,0.8940279166193205,High
3746-EUBYR,Month-to-month,1,74.6,74.6,Fiber optic,Bank transfer (automatic),No,No,Yes,0.8939511437534008,High
0564-JJHGS,Month-to-month,9,95.5,829.1,Fiber optic,Electronic check,No,No,Yes,0.8937573808563466,High
6996-KNSML,Month-to-month,1,74.9,74.9,Fiber optic,Electronic check,No,No,Yes,0.8936871869508015,High
3793-MMFUH,Month-to-month,13,95.05,1290.0,Fiber optic,Electronic check,No,No,Yes,0.89361529965863,High
8972-HJWNV,Month-to-month,7,84.55,646.85,Fiber optic,Electronic check,No,No,Yes,0.8933955827038703,High
1447-GIQMR,Month-to-month,1,69.15,69.15,Fiber optic,Electronic check,No,No,Yes,0.8933113634837454,High
7465-ZZRVX,Month-to-month,1,70.35,70.35,Fiber optic,Electronic check,No,No,No,0.8931990311765604,High
2446-PLQVO,Month-to-month,1,70.3,70.3,Fiber optic,Electronic check,No,No,Yes,0.8931848586419444,High
6772-KSATR,Month-to-month,1,81.7,81.7,Fiber optic,Electronic check,No,Yes,Yes,0.893126757603472,High
3494-JCHRQ,Month-to-month,1,70.05,70.05,Fiber optic,Electronic check,No,No,Yes,0.8931139711297315,High
9804-ICWBG,Month-to-month,1,69.9,69.9,Fiber optic,Electronic check,No,No,Yes,0.8930714187462837,High
5875-YPQFJ,Month-to-month,1,69.9,69.9,Fiber optic,Electronic check,No,No,Yes,0.8930714187462837,High
5542-TBBWB,Month-to-month,1,69.9,69.9,Fiber optic,Electronic check,No,No,No,0.8930714187462837,High
4603-JANFB,Month-to-month,1,69.85,69.85,Fiber optic,Electronic check,No,No,Yes,0.8930572313049787,High
4510-HIMLV,Month-to-month,1,69.8,69.8,Fiber optic,Electronic check,No,No,Yes,0.8930430422067064,High
7254-IQWOZ,Month-to-month,1,69.65,69.65,Fiber optic,Electronic check,No,No,Yes,0.8930004649687486,High
6502-MJQAE,Month-to-month,1,69.6,69.6,Fiber optic,Electronic check,No,No,Yes,0.8929862692412701,High
1820-TQVEV,Month-to-month,1,69.55,69.55,Fiber optic,Electronic check,No,No,Yes,0.8929720718561558,High
9061-TIHDA,Month-to-month,13,95.25,1233.65,Fiber optic,Electronic check,No,No,Yes,0.8929673053415724,High
6457-GIRWB,Month-to-month,1,69.35,69.35,Fiber optic,Electronic check,No,No,Yes,0.8929152657366682,High
3428-XZMAZ,Month-to-month,1,69.35,69.35,Fiber optic,Electronic check,No,No,Yes,0.8929152657366682,High
3643-AHCFP,Month-to-month,7,95.6,644.35,Fiber optic,Bank transfer (automatic),No,No,Yes,0.8928641038360398,High
6960-HVYXR,Month-to-month,1,76.0,76.0,Fiber optic,Electronic check,No,No,Yes,0.8928633523135159,High
3716-BDVDB,Month-to-month,1,69.1,69.1,Fiber optic,Electronic check,No,No,Yes,0.8928442207744661,High
4115-NZRKS,Month-to-month,7,89.15,574.35,Fiber optic,Electronic check,No,No,No,0.8926429663195671,High
6372-RFVNS,Month-to-month,1,78.8,78.8,Fiber optic,Electronic check,No,No,Yes,0.8925051634020573,High
8835-VSDSE,Month-to-month,2,70.7,141.45,Fiber optic,Electronic check,No,No,Yes,0.8924007056094448,High
2867-UIMSS,Month-to-month,1,80.5,80.5,Fiber optic,Electronic check,No,No,Yes,0.8923519927027616,High
7321-VGNKU,Month-to-month,2,70.35,120.25,Fiber optic,Electronic check,No,No,No,0.8923008107116497,High
9019-QVLZD,Month-to-month,1,79.55,79.55,Fiber optic,Electronic check,No,No,Yes,0.8922636241786667,High
1285-OKIPP,Month-to-month,1,79.9,79.9,Fiber optic,Electronic check,No,No,Yes,0.8921806262058718,High
5393-RXQSZ,Month-to-month,1,79.6,79.6,Fiber optic,Electronic check,No,No,Yes,0.8920948530517017,High
9134-CEQMF,Month-to-month,7,89.5,676.7,Fiber optic,Electronic check,No,No,Yes,0.892032696113161,High
3721-CNEYS,Month-to-month,2,70.95,137.95,Fiber optic,Electronic check,No,No,Yes,0.8920159462009479,High
9237-HQITU,Month-to-month,2,70.7,151.65,Fiber optic,Electronic check,No,No,Yes,0.8919443767918706,High
2968-SSGAA,Month-to-month,10,100.6,1060.2,Fiber optic,Electronic check,No,No,Yes,0.8918916118194307,High
0187-QSXOE,Month-to-month,7,89.0,605.45,Fiber optic,Electronic check,No,No,No,0.8918895351279386,High
3317-HRTNN,Month-to-month,5,45.7,198.0,DSL,Electronic check,No,No,Yes,0.8918844390242632,High
2777-PHDEI,Month-to-month,1,78.05,78.05,Fiber optic,Electronic check,No,No,Yes,0.891834448880935,High
7394-LWLYN,Month-to-month,2,70.15,123.8,Fiber optic,Electronic check,No,No,No,0.8917867773381873,High
4482-EWFMI,Month-to-month,2,69.7,135.2,Fiber optic,Electronic check,No,No,No,0.8916576821416851,High
5159-YFPKQ,Month-to-month,2,75.8,160.75,Fiber optic,Electronic check,No,No,Yes,0.8914253391655286,High
8183-ONMXC,Month-to-month,2,80.75,159.45,Fiber optic,Electronic check,No,No,Yes,0.8910597624301263,High
2737-YNGYW,Month-to-month,2,80.55,184.1,Fiber optic,Electronic check,No,No,Yes,0.8910020652237989,High
2205-YMZZJ,Month-to-month,7,84.8,546.95,Fiber optic,Electronic check,No,No,Yes,0.8908580107988077,High
5383-MMTWC,Month-to-month,8,84.0,613.4,Fiber optic,Electronic check,No,No,Yes,0.8907096052176512,High
9717-QEBGU,Month-to-month,2,70.3,144.0,Fiber optic,Electronic check,No,No,No,0.8906534736733538,High
1455-UGQVH,Month-to-month,10,98.5,1037.75,Fiber optic,Electronic check,No,No,Yes,0.8905701929888988,High
2897-DOVND,Month-to-month,2,69.8,146.65,Fiber optic,Electronic check,No,No,No,0.8905087083596673,High
2636-OHFMN,Month-to-month,4,48.55,201.0,DSL,Electronic check,No,No,Yes,0.8903342834641793,High
2369-UAPKZ,Month-to-month,5,104.1,541.9,Fiber optic,Mailed check,No,No,Yes,0.8902758133742112,High
5685-IIXLY,Month-to-month,5,83.6,404.2,Fiber optic,Electronic check,No,No,Yes,0.8900767217981723,High
3320-VEOYC,Month-to-month,14,95.6,1273.3,Fiber optic,Electronic check,No,No,No,0.8900695385096153,High
6702-OHFWR,Month-to-month,1,43.3,43.3,DSL,Electronic check,No,No,Yes,0.8900646913404952,High
3750-CKVKH,Month-to-month,2,67.75,116.65,Fiber optic,Electronic check,No,No,Yes,0.8899134120270612,High
2982-VPSGI,Month-to-month,11,94.0,1078.9,Fiber optic,Electronic check,No,No,Yes,0.8898892789240307,High
0897-FEGMU,Month-to-month,11,99.5,1056.95,Fiber optic,Electronic check,No,No,Yes,0.8894784828224349,High
4078-SAYYN,Month-to-month,11,100.75,1129.75,Fiber optic,Electronic check,No,No,Yes,0.8893772315673478,High
9633-XQABV,Month-to-month,3,70.25,229.7,Fiber optic,Electronic check,No,No,No,0.8892556323171388,High
6077-BDPXA,Month-to-month,3,70.15,194.2,Fiber optic,Electronic check,No,No,No,0.8892263687530944,High
7245-NIIWQ,Month-to-month,3,69.85,199.85,Fiber optic,Electronic check,No,No,No,0.8891385374414346,High
4145-UQXUQ,Month-to-month,8,92.1,729.95,Fiber optic,Electronic check,No,No,Yes,0.8889444448238836,High
7379-POKDZ,Month-to-month,3,70.3,208.85,Fiber optic,Electronic check,No,No,Yes,0.8885402633102962,High
7693-LCKZL,Month-to-month,5,80.15,385.0,Fiber optic,Electronic check,No,No,Yes,0.8885195880723817,High
8266-VBFQL,Month-to-month,4,90.4,356.65,Fiber optic,Electronic check,Yes,No,No,0.888496582994232,High
7234-FECYN,Month-to-month,8,101.35,780.5,Fiber optic,Electronic check,No,No,Yes,0.8884544841108818,High
7198-GLXTC,Month-to-month,2,79.0,143.65,Fiber optic,Electronic check,No,No,Yes,0.8883546838800015,High
0235-KGSLC,Month-to-month,1,85.55,85.55,Fiber optic,Credit card (automatic),No,No,Yes,0.8881109556795319,High
8058-JMEQO,Month-to-month,9,84.45,762.5,Fiber optic,Electronic check,No,No,Yes,0.8877879996194357,High
3370-HXOPH,Month-to-month,3,76.1,257.6,Fiber optic,Electronic check,No,No,No,0.8877642560882477,High
0925-VYDLG,Month-to-month,3,75.25,242.0,Fiber optic,Electronic check,No,No,Yes,0.8875123713989994,High
5564-NEMQO,Month-to-month,1,75.3,75.3,Fiber optic,Bank transfer (automatic),No,No,Yes,0.8872770534560473,High
3811-VBYBZ,Month-to-month,7,99.8,673.25,Fiber optic,Electronic check,No,No,Yes,0.8871330529819363,High
5519-NPHVG,Month-to-month,12,94.2,1046.1,Fiber optic,Electronic check,No,No,Yes,0.8868740252479101,High
2642-DTVCO,Month-to-month,9,85.05,746.5,Fiber optic,Electronic check,No,No,Yes,0.8867524791060183,High
9408-SSNVZ,Month-to-month,4,70.15,268.35,Fiber optic,Electronic check,No,No,Yes,0.886613081569206,High
9965-YOKZB,Month-to-month,9,83.85,790.15,Fiber optic,Electronic check,No,No,Yes,0.8863939372235393,High
5186-SAMNZ,Month-to-month,1,69.5,69.5,Fiber optic,Bank transfer (automatic),No,No,Yes,0.8863897219713428,High
6969-MVBAI,Month-to-month,9,90.1,816.8,Fiber optic,Electronic check,No,No,No,0.8863884850461958,High
8245-UMPYT,Month-to-month,16,96.4,1581.2,Fiber optic,Electronic check,No,No,Yes,0.8862950941480363,High
5565-FILXA,Month-to-month,16,96.15,1529.2,Fiber optic,Electronic check,No,No,Yes,0.8862202167251761,High
7526-BEZQB,Month-to-month,12,96.05,1148.1,Fiber optic,Electronic check,No,No,Yes,0.8862062272313123,High
0793-TWELN,Month-to-month,4,80.15,319.85,Fiber optic,Electronic check,No,Yes,No,0.8861328189061508,High
7823-JSOAG,Month-to-month,3,74.5,217.45,Fiber optic,Electronic check,No,No,No,0.8860703408154001,High
6110-OHIHY,Month-to-month,3,79.25,267.6,Fiber optic,Electronic check,No,No,Yes,0.8857986375114594,High
6435-SRWBJ,Month-to-month,5,82.75,417.75,Fiber optic,Electronic check,Yes,No,No,0.8854607349220661,High
2568-BRGYX,Month-to-month,4,70.2,237.95,Fiber optic,Electronic check,No,No,Yes,0.8854024117532455,High
3276-HDUEG,Month-to-month,1,75.05,75.05,Fiber optic,Mailed check,No,No,Yes,0.8852375433536344,High
2260-USTRB,Month-to-month,2,70.2,115.95,Fiber optic,Bank transfer (automatic),No,No,Yes,0.885171110275972,High
5275-SQEIZ,Month-to-month,1,80.85,80.85,Fiber optic,Mailed check,No,No,Yes,0.8850879188330231,High
7779-LGOVN,Month-to-month,10,86.65,856.65,Fiber optic,Electronic check,No,No,Yes,0.8850581489716921,High
8111-RKSPX,Month-to-month,4,72.2,305.55,Fiber optic,Bank transfer (automatic),No,No,Yes,0.885044782959507,High
1602-IJQQE,Month-to-month,4,75.35,338.1,Fiber optic,Electronic check,No,No,Yes,0.8848941512593023,High
3904-UKFRE,Month-to-month,4,80.1,336.15,Fiber optic,Electronic check,No,Yes,No,0.8848874253125681,High
3049-NDXFL,Month-to-month,1,85.8,85.8,Fiber optic,Mailed check,No,No,Yes,0.884517760355684,High
6618-RYATB,Month-to-month,1,79.55,79.55,Fiber optic,Mailed check,No,No,Yes,0.8845084702479598,High
0004-TLHLJ,Month-to-month,4,73.9,280.85,Fiber optic,Electronic check,No,No,Yes,0.8844315184708754,High
6221-AVQYL,Month-to-month,2,73.25,131.05,Fiber optic,Credit card (automatic),No,No,Yes,0.8843184565228472,High
1075-BGWOH,Month-to-month,16,98.75,1587.55,Fiber optic,Electronic check,No,No,Yes,0.8841680226001433,High
2038-OEQZH,Month-to-month,4,86.05,308.1,Fiber optic,Electronic check,No,No,No,0.8841341441023761,High
8035-PWSEV,Month-to-month,6,89.25,487.05,Fiber optic,Electronic check,Yes,No,No,0.8840826978983121,High
0018-NYROU,Month-to-month,5,68.95,351.5,Fiber optic,Electronic check,No,No,No,0.8840669909831256,High
5570-PTWEH,Month-to-month,3,75.15,216.75,Fiber optic,Credit card (automatic),No,No,Yes,0.883935722508087,High
3871-IKPYH,Month-to-month,1,69.1,69.1,Fiber optic,Electronic check,No,No,Yes,0.8839336129092513,High
8337-UPOAQ,Month-to-month,10,89.8,914.3,Fiber optic,Electronic check,No,No,Yes,0.8839171499908136,High
6424-ELEYH,Month-to-month,3,74.75,229.5,Fiber optic,Credit card (automatic),No,No,Yes,0.8838137375930387,High
3707-GNWHM,Month-to-month,1,74.25,74.25,Fiber optic,Mailed check,No,No,Yes,0.8837549088984739,High
9850-OWRHQ,Month-to-month,3,74.1,228.0,Fiber optic,Credit card (automatic),No,No,Yes,0.8836152746135942,High
9741-YLNTD,Month-to-month,6,87.95,522.35,Fiber optic,Bank transfer (automatic),Yes,No,No,0.8835761556685015,High
3074-GQWYX,Month-to-month,5,75.9,357.75,Fiber optic,Bank transfer (automatic),No,No,Yes,0.8834823494385036,High
2276-YDAVZ,Month-to-month,3,75.1,270.7,Fiber optic,Credit card (automatic),No,No,Yes,0.883432884784019,High
6275-YDUVO,Month-to-month,2,86.2,178.7,Fiber optic,Mailed check,No,No,Yes,0.883166483002236,High
5339-PXDVH,Month-to-month,4,90.65,367.95,Fiber optic,Electronic check,No,Yes,No,0.8830522539644,High
6328-ZPBGN,Month-to-month,11,95.15,997.65,Fiber optic,Bank transfer (automatic),No,No,Yes,0.8830205073334941,High
0685-MLYYM,Month-to-month,2,70.75,154.85,Fiber optic,Electronic check,No,No,Yes,0.8829841003781959,High
5935-FCCNB,Month-to-month,17,94.2,1608.15,Fiber optic,Electronic check,No,No,No,0.8829478310880698,High
7668-XCFYV,Month-to-month,17,92.55,1614.7,Fiber optic,Electronic check,No,No,No,0.8829314045703439,High
5196-SGOAK,Month-to-month,1,75.7,75.7,Fiber optic,Electronic check,No,No,Yes,0.8827416901960969,High
6376-GAHQE,Month-to-month,4,77.85,299.2,Fiber optic,Electronic check,No,No,Yes,0.8826850597271453,High
6956-SMUCM,Month-to-month,3,99.0,287.4,Fiber optic,Credit card (automatic),No,Yes,Yes,0.8826720921420015,High
0742-NXBGR,Month-to-month,1,82.3,82.3,Fiber optic,Electronic check,No,No,Yes,0.8826467134854991,High
2058-DCJBE,Month-to-month,5,69.75,324.6,Fiber optic,Electronic check,No,No,Yes,0.8825723148132776,High
6047-YHPVI,Month-to-month,5,69.7,316.9,Fiber optic,Electronic check,No,No,Yes,0.8825569175262754,High
6856-RAURS,Month-to-month,2,74.9,136.05,Fiber optic,Mailed check,No,No,No,0.8824963773791515,High
3765-JXVKY,Month-to-month,1,74.7,74.7,Fiber optic,Electronic check,No,No,Yes,0.8824337971899527,High
7225-CBZPL,Month-to-month,17,94.8,1563.9,Fiber optic,Electronic check,No,No,No,0.8823668371249114,High
6198-ZFIOJ,Month-to-month,5,75.6,402.5,Fiber optic,Electronic check,No,No,No,0.8822693778987623,High
9250-WYPLL,Month-to-month,5,75.55,413.65,Fiber optic,Electronic check,No,No,Yes,0.8822539461895781,High
8943-URTMR,Month-to-month,2,79.65,152.7,Fiber optic,Mailed check,No,No,Yes,0.8822172837446495,High
5119-NZPTV,Month-to-month,2,70.1,141.65,Fiber optic,Electronic check,No,No,No,0.8820173241902803,High
6918-UMQCG,Month-to-month,5,80.2,384.25,Fiber optic,Electronic check,No,No,No,0.8819434215778582,High
1010-DIAUQ,Month-to-month,5,96.5,492.55,Fiber optic,Bank transfer (automatic),No,No,Yes,0.8819159471600944,High
5134-IKDAY,Month-to-month,1,69.8,69.8,Fiber optic,Electronic check,No,No,Yes,0.8812545310293134,High
4274-OWWYO,Month-to-month,1,74.35,74.35,Fiber optic,Electronic check,No,No,Yes,0.8810599963849343,High
5318-IXUZF,Month-to-month,2,87.15,183.75,Fiber optic,Bank transfer (automatic),No,No,Yes,0.8808127108452078,High
4550-EVXNY,Month-to-month,1,69.65,69.65,Fiber optic,Electronic check,No,No,Yes,0.8807104329548033,High
3606-TWKGI,Month-to-month,13,106.9,1364.3,Fiber optic,Electronic check,No,No,Yes,0.8805384136750266,High
6400-BWQKW,Month-to-month,6,79.05,434.5,Fiber optic,Electronic check,No,Yes,Yes,0.8803812036407709,High
3422-LYEPQ,Month-to-month,1,71.0,71.0,Fiber optic,Electronic check,No,No,Yes,0.8803547566225655,High
8714-CTZJW,Month-to-month,4,82.85,319.6,Fiber optic,Credit card (automatic),No,No,No,0.8802730307786861,High
2013-SGDXK,Month-to-month,1,84.3,84.3,Fiber optic,Electronic check,No,No,Yes,0.8802676136248269,High
8380-PEFPE,Month-to-month,1,71.65,71.65,Fiber optic,Electronic check,No,No,Yes,0.8800582247366252,High
1853-UDXBW,Month-to-month,1,70.0,70.0,Fiber optic,Electronic check,No,No,Yes,0.8800414477995201,High
5378-IKEEG,Month-to-month,1,35.75,35.75,DSL,Electronic check,No,No,Yes,0.8798597123717072,High
3453-RTHJQ,Month-to-month,6,69.1,435.0,Fiber optic,Electronic check,No,No,No,0.8796189144962592,High
3621-CEOVK,Month-to-month,14,100.2,1369.8,Fiber optic,Electronic check,No,No,Yes,0.8796137569529787,High
0841-NULXI,Month-to-month,1,35.55,35.55,DSL,Electronic check,No,No,Yes,0.8795954854658787,High
6416-TVAIH,Month-to-month,1,68.5,68.5,Fiber optic,Electronic check,No,No,Yes,0.8795701560771464,High
3091-FYHKI,Month-to-month,1,35.45,35.45,DSL,Electronic check,No,No,Yes,0.8795640149790026,High
0375-HVGXO,Month-to-month,1,34.7,34.7,DSL,Electronic check,No,No,Yes,0.8795295445569059,High
5091-HFAZW,Month-to-month,2,91.15,168.5,Fiber optic,Electronic check,No,Yes,No,0.8794270413202128,High
8945-GRKHX,Month-to-month,1,78.65,78.65,Fiber optic,Electronic check,No,No,Yes,0.8794158126195808,High
1658-BYGOY,Month-to-month,18,95.45,1752.55,Fiber optic,Electronic check,No,No,Yes,0.8793155165660782,High
3908-BLSYF,Month-to-month,6,83.9,497.55,Fiber optic,Electronic check,No,No,Yes,0.8792558977853258,High
0508-OOLTO,Month-to-month,2,71.65,135.75,Fiber optic,Electronic check,No,No,No,0.8790644506775803,High
1448-PWKYE,Month-to-month,1,80.0,80.0,Fiber optic,Electronic check,No,No,Yes,0.8790568063017773,High
4854-CIDCF,Month-to-month,3,73.85,196.4,Fiber optic,Electronic check,No,No,No,0.8790453253922546,High
6688-UZPWD,Month-to-month,11,102.0,1145.35,Fiber optic,Electronic check,No,No,Yes,0.8786981574376308,High
2485-ITVKB,Month-to-month,2,35.1,68.75,DSL,Electronic check,No,No,Yes,0.8784557220934835,High
4770-UEZOX,Month-to-month,2,74.75,144.8,Fiber optic,Electronic check,No,No,No,0.8784074205815716,High
9221-OTIVJ,Month-to-month,14,104.85,1531.4,Fiber optic,Electronic check,No,No,Yes,0.8783955105225436,High
0390-DCFDQ,Month-to-month,1,70.45,70.45,Fiber optic,Mailed check,No,No,Yes,0.87831779951544,High
3452-GWUIN,Month-to-month,19,94.95,1760.25,Fiber optic,Electronic check,No,No,No,0.8781575755951451,High
0916-QOFDP,Month-to-month,14,95.8,1346.3,Fiber optic,Electronic check,No,No,No,0.8780617070301898,High
9095-HFAFX,Month-to-month,5,81.0,389.6,Fiber optic,Credit card (automatic),No,No,Yes,0.877992490534902,High
8309-IEYJD,Month-to-month,1,70.6,70.6,Fiber optic,Mailed check,No,No,No,0.8778577179602678,High
0822-GAVAP,Month-to-month,2,34.7,62.25,DSL,Electronic check,No,No,Yes,0.8778209331952316,High
3420-YJLQT,Month-to-month,2,79.55,151.75,Fiber optic,Electronic check,No,No,No,0.8777608799903697,High
0432-CAJZV,Month-to-month,3,90.7,237.65,Fiber optic,Mailed check,No,No,No,0.8775064861424609,High
1636-NTNCO,Month-to-month,4,50.95,207.35,DSL,Credit card (automatic),No,No,No,0.8772727202082355,High
7379-FNIUJ,Month-to-month,2,100.2,198.5,Fiber optic,Electronic check,No,Yes,No,0.8768316685047032,High
6137-NICCO,Month-to-month,6,94.05,518.75,Fiber optic,Mailed check,No,No,No,0.8763816412759828,High
7615-ESMYF,Month-to-month,2,44.6,97.1,DSL,Electronic check,No,No,Yes,0.8761942954052346,High
6645-MXQJT,Month-to-month,2,97.1,184.15,Fiber optic,Electronic check,No,Yes,No,0.8761854871522857,High
3223-DWFIO,Month-to-month,4,69.35,261.65,Fiber optic,Electronic check,No,No,No,0.875684279360782,High
0455-XFASS,Month-to-month,3,69.55,200.2,Fiber optic,Electronic check,No,No,No,0.8755665975988426,High
7295-JOMMD,Month-to-month,4,98.1,396.3,Fiber optic,Bank transfer (automatic),Yes,No,Yes,0.8753923337146938,High
8481-YYXWG,Month-to-month,5,89.35,461.7,Fiber optic,Electronic check,Yes,No,Yes,0.8749592392902847,High
0013-EXCHZ,Month-to-month,3,83.9,267.4,Fiber optic,Mailed check,Yes,No,Yes,0.8749194454112967,High
6705-LXORM,Month-to-month,5,70.05,302.6,Fiber optic,Electronic check,No,No,No,0.8748872607773147,High
0923-PNFUB,Month-to-month,3,83.75,247.25,Fiber optic,Electronic check,No,No,Yes,0.8744413044477196,High
0225-ZORZP,Month-to-month,3,84.3,235.05,Fiber optic,Electronic check,No,No,No,0.8744117810373615,High
3440-JPSCL,Month-to-month,6,99.95,547.65,Fiber optic,Mailed check,Yes,No,Yes,0.8743205373173395,High
7384-GHBPI,Month-to-month,3,35.15,99.75,DSL,Electronic check,No,No,Yes,0.8743125104596349,High
0258-NOKBL,Month-to-month,3,90.4,268.45,Fiber optic,Electronic check,No,No,No,0.8741476738876205,High
1626-ERCMM,Month-to-month,20,94.55,1899.65,Fiber optic,Electronic check,No,No,Yes,0.8738583513027961,High
9840-DVNDC,Month-to-month,6,80.5,463.05,Fiber optic,Credit card (automatic),No,No,Yes,0.8736554863608379,High
6432-TWQLB,Month-to-month,5,85.4,401.1,Fiber optic,Electronic check,Yes,No,Yes,0.8735786998727588,High
2027-FECZV,Month-to-month,12,106.7,1253.9,Fiber optic,Electronic check,No,No,Yes,0.8733000260712306,High
9050-IKDZA,Month-to-month,2,81.5,162.55,Fiber optic,Mailed check,No,No,No,0.8731591495445938,High
4439-JMPMT,Month-to-month,5,85.75,470.95,Fiber optic,Electronic check,Yes,No,Yes,0.8730111902626901,High
0137-OCGAB,Month-to-month,1,80.2,80.2,Fiber optic,Mailed check,No,No,Yes,0.8727030239850972,High
9696-RMYBA,Month-to-month,5,80.1,398.55,Fiber optic,Mailed check,No,No,No,0.8725856977260961,High
1658-TJVOA,Month-to-month,6,74.1,450.9,Fiber optic,Electronic check,No,Yes,No,0.8725688914187565,High
7932-WPTDS,Month-to-month,1,24.8,24.8,DSL,Electronic check,No,No,Yes,0.8724326814268956,High
6683-VLCTZ,Month-to-month,20,98.55,1842.8,Fiber optic,Electronic check,No,No,Yes,0.872375433437232,High
2254-DLXRI,Month-to-month,1,79.15,79.15,Fiber optic,Mailed check,No,No,No,0.8723560415459902,High
5729-KLZAR,Month-to-month,4,80.85,302.75,Fiber optic,Electronic check,No,No,Yes,0.8720724603158607,High
1768-ZAIFU,Month-to-month,1,25.2,25.2,DSL,Electronic check,No,No,Yes,0.8720365026624447,High
4369-HTUIF,Month-to-month,6,85.15,503.6,Fiber optic,Bank transfer (automatic),No,Yes,Yes,0.8719484629534713,High
4585-HETAI,Month-to-month,4,73.75,325.45,Fiber optic,Electronic check,No,No,Yes,0.8717802796927282,High
4094-NSEDU,Month-to-month,21,94.25,1973.75,Fiber optic,Electronic check,No,No,Yes,0.8716641172455978,High
3292-PBZEJ,Month-to-month,11,111.4,1183.05,Fiber optic,Electronic check,Yes,No,No,0.8711481396381384,High
8821-XNHVZ,Month-to-month,1,80.05,80.05,Fiber optic,Mailed check,No,No,Yes,0.871138852477897,High
8873-GLDMH,Month-to-month,6,73.85,401.3,Fiber optic,Mailed check,No,No,No,0.8708082515053628,High
0023-HGHWL,Month-to-month,1,25.1,25.1,DSL,Electronic check,No,No,Yes,0.8706427072636392,High
4505-EXZHB,Month-to-month,6,74.4,434.1,Fiber optic,Electronic check,No,No,Yes,0.8705999100032907,High
3249-ZPQRG,Month-to-month,4,78.45,330.05,Fiber optic,Electronic check,No,No,Yes,0.8702837813908386,High
4636-QRJKY,Month-to-month,6,80.5,502.85,Fiber optic,Electronic check,Yes,No,Yes,0.8702072065546738,High
3411-WLRSQ,Month-to-month,3,74.6,239.05,Fiber optic,Bank transfer (automatic),No,No,No,0.8699677357119134,High
5399-ZIMKF,Month-to-month,5,74.65,383.65,Fiber optic,Electronic check,No,No,No,0.8697053647399571,High
0094-OIFMO,Month-to-month,11,95.0,1120.3,Fiber optic,Electronic check,No,No,Yes,0.8695681357086881,High
0506-LVNGN,Month-to-month,5,75.55,349.65,Fiber optic,Credit card (automatic),No,No,Yes,0.8694568987344632,High
7568-PODML,Month-to-month,1,45.3,45.3,DSL,Mailed check,No,No,Yes,0.8691906113546815,High
1925-TIBLE,Month-to-month,7,86.5,582.5,Fiber optic,Electronic check,No,No,Yes,0.8685213439856483,High
3677-IYRBF,Month-to-month,2,30.4,78.65,DSL,Electronic check,No,No,Yes,0.8684986499982581,High
3801-HMYNL,Month-to-month,1,89.15,89.15,Fiber optic,Mailed check,No,No,Yes,0.8684087500130787,High
9399-APLBT,Month-to-month,1,74.7,74.7,Fiber optic,Electronic check,No,No,Yes,0.8682647395800964,High
9809-IMGCQ,Month-to-month,22,96.7,2082.95,Fiber optic,Electronic check,No,No,Yes,0.8681427761220365,High
8357-EQXFO,Month-to-month,7,95.35,660.9,Fiber optic,Electronic check,No,No,Yes,0.8678868903144631,High
9451-LPGOO,Month-to-month,7,86.8,620.35,Fiber optic,Electronic check,No,No,Yes,0.8678627532382642,High
5649-ANRML,Month-to-month,2,95.1,180.25,Fiber optic,Credit card (automatic),Yes,No,Yes,0.8675015191892073,High
6210-KBBPI,Month-to-month,9,99.45,919.4,Fiber optic,Credit card (automatic),No,No,Yes,0.8674422221602722,High
4919-IKATY,Month-to-month,5,84.5,453.75,Fiber optic,Electronic check,No,Yes,Yes,0.867134389912104,High
2454-RPBRZ,Month-to-month,12,98.1,1060.2,Fiber optic,Electronic check,No,No,Yes,0.8665602419139442,High
5054-IEXZT,Month-to-month,1,75.35,75.35,Fiber optic,Electronic check,No,No,Yes,0.8665455424533586,High
0655-RBDUG,Month-to-month,7,98.05,713.0,Fiber optic,Bank transfer (automatic),No,No,Yes,0.866322513456402,High
8382-SHQEH,Month-to-month,8,84.9,764.95,Fiber optic,Electronic check,No,No,Yes,0.8661300225828976,High
3398-FSHON,Month-to-month,12,91.3,1094.5,Fiber optic,Electronic check,No,No,Yes,0.8660482547294585,High
8485-GJCDN,Month-to-month,5,69.05,318.5,Fiber optic,Mailed check,No,No,Yes,0.8656056316964281,High
1579-KLYDT,Month-to-month,7,90.45,593.45,Fiber optic,Electronic check,No,No,Yes,0.8655621912011852,High
3296-SILRA,Month-to-month,1,76.4,76.4,Fiber optic,Mailed check,No,No,Yes,0.8654197115906885,High
7326-RIGQZ,Month-to-month,6,69.8,377.85,Fiber optic,Electronic check,No,No,No,0.8654048862814857,High
4060-LDNLU,Month-to-month,7,96.2,639.7,Fiber optic,Electronic check,No,No,No,0.865399821798439,High
6979-ZNSFF,Month-to-month,8,87.05,762.1,Fiber optic,Electronic check,No,No,Yes,0.8651310978795043,High
3420-ZDBMA,Month-to-month,5,71.45,371.6,Fiber optic,Mailed check,No,No,No,0.8650223334216389,High
5673-FSSMF,Month-to-month,1,60.15,60.15,DSL,Electronic check,No,No,Yes,0.8650212192268515,High
5229-PRWKT,Month-to-month,8,86.55,649.65,Fiber optic,Electronic check,No,No,Yes,0.8647352279799881,High
2815-CPTUL,Month-to-month,5,70.25,331.9,Fiber optic,Mailed check,No,No,Yes,0.8646054982824308,High
0231-LXVAP,Month-to-month,1,75.9,75.9,Fiber optic,Electronic check,Yes,No,Yes,0.8638075354361192,High
2674-MIAHT,Month-to-month,4,80.3,324.2,Fiber optic,Mailed check,No,No,No,0.8637260455477639,High
0325-XBFAC,Month-to-month,8,94.7,740.3,Fiber optic,Electronic check,No,No,Yes,0.8631939922192573,High
0581-BXBUB,Month-to-month,4,72.75,317.75,Fiber optic,Electronic check,No,No,No,0.8630903617926663,High
9189-JWSHV,Month-to-month,24,93.55,2264.05,Fiber optic,Electronic check,No,No,Yes,0.8629056126271218,High
2969-QWUBZ,Month-to-month,2,51.4,96.8,DSL,Electronic check,No,No,No,0.8628439239101336,High
3877-JRJIP,Month-to-month,1,59.85,59.85,DSL,Electronic check,No,No,Yes,0.8622822876638961,High
7402-EYFXX,Month-to-month,26,93.6,2404.1,Fiber optic,Electronic check,No,No,No,0.8622758278319449,High
0680-DFNNY,Month-to-month,15,101.1,1504.05,Fiber optic,Electronic check,No,No,Yes,0.8620273074899847,High
1450-GALXR,Month-to-month,10,98.5,1058.25,Fiber optic,Electronic check,Yes,No,Yes,0.8619339308030131,High
8931-GJJIQ,Month-to-month,9,83.3,803.3,Fiber optic,Electronic check,No,No,Yes,0.8619293983693974,High
3855-ONCAR,Month-to-month,4,78.9,299.75,Fiber optic,Mailed check,No,No,No,0.8616267945746937,High
0928-JMXNP,Month-to-month,4,29.9,118.25,DSL,Electronic check,No,No,No,0.8613263651837525,High
0236-HFWSV,Month-to-month,15,93.35,1444.65,Fiber optic,Electronic check,No,No,Yes,0.8611635769521037,High
9290-SHCMB,Month-to-month,13,96.85,1235.55,Fiber optic,Electronic check,No,No,No,0.8608113004739812,High
8510-AWCXC,Month-to-month,13,100.8,1308.1,Fiber optic,Electronic check,No,Yes,Yes,0.8605454461126558,High
2135-DQWAQ,Month-to-month,5,85.3,420.45,Fiber optic,Mailed check,No,No,No,0.8603718786278456,High
2215-ZAFGX,Month-to-month,9,85.5,791.7,Fiber optic,Electronic check,No,No,No,0.8600344790494211,High
3177-LASXD,Month-to-month,1,71.35,71.35,Fiber optic,Electronic check,No,No,Yes,0.8600279984516336,High
1564-NTYXF,Month-to-month,13,82.0,1127.2,Fiber optic,Electronic check,No,No,Yes,0.8599953757161461,High
5698-BQJOH,Month-to-month,9,94.4,857.25,Fiber optic,Electronic check,No,No,Yes,0.859983103005437,High
2691-NZETQ,Month-to-month,9,85.35,758.6,Fiber optic,Electronic check,No,No,Yes,0.8599808220244559,High
8087-LGYHQ,Month-to-month,9,94.05,811.65,Fiber optic,Electronic check,No,No,No,0.8598306169000415,High
1915-IOFGU,Month-to-month,1,70.5,70.5,Fiber optic,Electronic check,No,No,Yes,0.8597237024555199,High
5712-PTIWW,Month-to-month,2,79.85,152.45,Fiber optic,Electronic check,Yes,No,Yes,0.8596311282895194,High
2262-SLNVK,Month-to-month,1,70.1,70.1,Fiber optic,Electronic check,No,No,No,0.8595803128853492,High
7156-MHUGY,Month-to-month,13,90.5,1201.15,Fiber optic,Electronic check,No,No,Yes,0.8595514041607261,High
6910-HADCM,Month-to-month,1,76.35,76.35,Fiber optic,Electronic check,No,No,Yes,0.8593439132617215,High
2856-HYAPG,Month-to-month,1,68.65,68.65,Fiber optic,Electronic check,No,No,Yes,0.8590594974867308,High
5043-TRZWM,Month-to-month,1,75.55,75.55,Fiber optic,Electronic check,No,No,No,0.8590563620892402,High
9940-RHLFB,Month-to-month,1,75.3,75.3,Fiber optic,Electronic check,No,No,Yes,0.858966401625382,High
8132-YPVBX,Month-to-month,6,85.95,514.6,Fiber optic,Mailed check,No,No,No,0.8586698235197953,High
5583-SXDAG,Month-to-month,1,70.0,70.0,Fiber optic,Electronic check,No,No,Yes,0.8586496270536018,High
7145-FEJWU,Month-to-month,12,105.3,1275.65,Fiber optic,Electronic check,No,No,No,0.8585999564420961,High
0195-IESCP,Month-to-month,10,85.25,855.3,Fiber optic,Electronic check,No,No,Yes,0.8585804480755463,High
2077-MPJQO,Month-to-month,7,75.4,533.05,Fiber optic,Electronic check,No,No,No,0.8584118672469008,High
9444-JTXHZ,Month-to-month,1,76.2,76.2,Fiber optic,Electronic check,No,No,Yes,0.8583938617393023,High
4290-BSXUX,Month-to-month,3,79.65,251.75,Fiber optic,Bank transfer (automatic),Yes,No,Yes,0.8582929127305672,High
0388-EOPEX,Month-to-month,2,74.4,139.4,Fiber optic,Electronic check,No,Yes,Yes,0.8582735779138013,High
4759-TRPLW,Month-to-month,1,70.4,70.4,Fiber optic,Electronic check,No,No,Yes,0.8582175994691151,High
9334-GWGOW,Month-to-month,7,74.85,485.25,Fiber optic,Electronic check,No,No,No,0.8582131350113235,High
9172-ANCRX,Month-to-month,10,98.7,973.25,Fiber optic,Electronic check,No,Yes,Yes,0.858102899325769,High
7153-OANIO,Month-to-month,1,69.95,69.95,Fiber optic,Electronic check,No,No,Yes,0.8580548314932679,High
2123-AGEEN,Month-to-month,7,84.35,609.65,Fiber optic,Electronic check,No,No,No,0.8580048802396776,High
0378-TOVMS,Month-to-month,3,85.8,272.2,Fiber optic,Electronic check,Yes,No,Yes,0.8578204982937064,High
0411-EZJZE,Month-to-month,3,60.25,170.5,DSL,Electronic check,No,No,No,0.8575611879597789,High
0219-YTZUE,Month-to-month,4,84.8,371.9,Fiber optic,Bank transfer (automatic),No,No,Yes,0.8575153745358313,High
4112-LUEIZ,Month-to-month,10,89.5,863.1,Fiber optic,Electronic check,No,No,Yes,0.8574941837869963,High
7249-WBIYX,Month-to-month,10,85.6,813.85,Fiber optic,Electronic check,No,No,Yes,0.8574605751430268,High
6923-JHPMP,Month-to-month,2,80.45,137.1,Fiber optic,Electronic check,No,Yes,No,0.8573839032039277,High
7209-JCUDS,Month-to-month,10,94.9,1048.85,Fiber optic,Electronic check,No,No,Yes,0.8569455333997055,High
8433-WXGNA,Month-to-month,2,75.7,189.2,Fiber optic,Electronic check,No,Yes,Yes,0.8566828290741685,High
5442-BHQNG,Month-to-month,2,70.35,139.25,Fiber optic,Electronic check,No,No,No,0.8564719311539893,High
7130-VTEWQ,Month-to-month,8,75.75,606.25,Fiber optic,Electronic check,No,No,Yes,0.856231121652834,High
7538-GWHML,Month-to-month,2,69.65,145.15,Fiber optic,Electronic check,No,No,Yes,0.8562160733415779,High
6993-OHLXR,Month-to-month,2,68.95,119.75,Fiber optic,Electronic check,No,No,Yes,0.855959836134986,High
9576-ANLXO,Month-to-month,3,69.55,222.3,Fiber optic,Bank transfer (automatic),No,No,Yes,0.8557744185733522,High
5956-YHHRX,Month-to-month,21,104.35,2271.85,Fiber optic,Electronic check,No,No,No,0.8556818972365,High
7598-UAASY,Month-to-month,2,76.4,151.8,Fiber optic,Electronic check,No,No,Yes,0.855245247837606,High
8168-UQWWF,Month-to-month,11,97.85,1105.4,Fiber optic,Bank transfer (automatic),No,No,Yes,0.8551188807272551,High
9402-ORRAH,Month-to-month,15,91.5,1400.3,Fiber optic,Electronic check,No,No,No,0.8549736408602518,High
9514-JDSKI,Month-to-month,1,40.2,40.2,DSL,Electronic check,No,No,Yes,0.8549299037029546,High
1200-TUZHR,Month-to-month,8,85.2,695.75,Fiber optic,Electronic check,No,No,No,0.8548806093248772,High
2325-NBPZG,Month-to-month,3,74.55,233.65,Fiber optic,Electronic check,No,Yes,No,0.8545156189325216,High
7890-VYYWG,Month-to-month,3,36.45,93.7,DSL,Mailed check,No,No,Yes,0.8543141110868943,High
8808-ELEHO,Month-to-month,8,81.25,585.95,Fiber optic,Electronic check,No,No,Yes,0.8542102787746477,High
1173-XZPYF,Month-to-month,11,89.2,990.3,Fiber optic,Electronic check,No,No,No,0.8539168163806561,High
6086-ESGRL,Month-to-month,1,80.15,80.15,Fiber optic,Credit card (automatic),No,No,Yes,0.853569685553451,High
9253-QXKBE,Month-to-month,29,94.45,2653.65,Fiber optic,Electronic check,No,No,Yes,0.8535612453518039,High
6680-WKXRZ,Month-to-month,3,74.4,215.8,Fiber optic,Bank transfer (automatic),No,No,Yes,0.8535351858500855,High
7858-GTZSP,Month-to-month,12,86.55,1066.9,Fiber optic,Electronic check,No,No,No,0.85349539138845,High
2754-SDJRD,Month-to-month,8,100.15,908.55,Fiber optic,Credit card (automatic),Yes,No,No,0.8531063464862129,High
3376-BMGFE,Month-to-month,4,70.9,273.0,Fiber optic,Bank transfer (automatic),No,No,Yes,0.8530065083031684,High
1704-NRWYE,Month-to-month,9,80.85,751.65,Fiber optic,Electronic check,No,No,Yes,0.8527612443637838,High
2612-RANWT,Month-to-month,12,100.15,1164.3,Fiber optic,Bank transfer (automatic),No,No,Yes,0.8526954511983871,High
3096-GKWEB,Month-to-month,18,94.75,1691.9,Fiber optic,Electronic check,No,No,No,0.8525961553518929,High
5955-ERIHD,Month-to-month,18,94.7,1687.95,Fiber optic,Electronic check,No,No,Yes,0.8525774840907996,High
1078-TDCRN,Month-to-month,3,30.75,82.85,DSL,Electronic check,No,No,No,0.8525293319548072,High
0709-TVGUR,Month-to-month,9,74.55,622.9,Fiber optic,Electronic check,No,No,Yes,0.8525204284655842,High
4021-RQSNY,Month-to-month,29,98.5,3004.15,Fiber optic,Electronic check,No,No,Yes,0.8524963818244282,High
2645-QTLMB,Month-to-month,7,94.25,669.0,Fiber optic,Electronic check,No,No,Yes,0.8524950078560102,High
2424-WVHPL,Month-to-month,1,74.7,74.7,Fiber optic,Electronic check,Yes,No,No,0.8524322914505994,High
2180-DXNEG,Month-to-month,12,96.0,1062.1,Fiber optic,Electronic check,No,No,Yes,0.8523348289315512,High
2905-KFQUV,Month-to-month,2,70.4,154.8,Fiber optic,Credit card (automatic),No,No,No,0.8521289916285223,High
2688-BHGOG,Month-to-month,9,79.55,718.55,Fiber optic,Electronic check,No,No,No,0.8520358512017636,High
6101-IMRMM,Month-to-month,6,94.5,575.45,Fiber optic,Mailed check,No,No,Yes,0.8514836346424252,High
6860-YRJZP,Month-to-month,9,74.05,678.45,Fiber optic,Electronic check,No,No,No,0.8507995931805906,High
7908-QCBCA,Month-to-month,1,69.4,69.4,Fiber optic,Mailed check,No,No,Yes,0.8506817359790828,High
6615-NGGZJ,Month-to-month,14,100.55,1415.55,Fiber optic,Electronic check,No,No,Yes,0.8506134218106385,High
0968-GSIKN,Month-to-month,1,70.8,70.8,Fiber optic,Mailed check,No,No,Yes,0.850607556898049,High
5032-MIYKT,Month-to-month,1,70.7,70.7,Fiber optic,Mailed check,No,No,No,0.8505697969120467,High
5293-WXJAK,Month-to-month,11,104.05,1133.65,Fiber optic,Bank transfer (automatic),Yes,No,Yes,0.8505546889607924,High
2619-WFQWU,Month-to-month,1,70.15,70.15,Fiber optic,Mailed check,No,No,Yes,0.8503619763448396,High
9985-MWVIX,Month-to-month,1,70.15,70.15,Fiber optic,Mailed check,No,No,Yes,0.8503619763448396,High
2984-MIIZL,Month-to-month,4,74.8,321.9,Fiber optic,Bank transfer (automatic),No,No,Yes,0.8503442627426703,High
4450-DLLMH,Month-to-month,2,71.3,157.75,Fiber optic,Credit card (automatic),No,No,No,0.8503300977843282,High
3066-RRJIO,Month-to-month,1,69.95,69.95,Fiber optic,Mailed check,No,No,Yes,0.8502863462011471,High
4514-GFCFI,Month-to-month,16,84.75,1350.15,Fiber optic,Electronic check,No,No,Yes,0.8499754246277911,High
4763-PGDPO,Month-to-month,4,70.4,281.0,Fiber optic,Electronic check,No,No,Yes,0.8499129707972174,High
7613-LLQFO,Month-to-month,12,84.45,1059.55,Fiber optic,Electronic check,No,No,Yes,0.8498819348543281,High
8118-LSUEL,Month-to-month,23,106.4,2483.5,Fiber optic,Electronic check,No,No,Yes,0.8498530341402458,High
5832-XKAES,Month-to-month,2,69.8,134.7,Fiber optic,Credit card (automatic),No,No,Yes,0.849762004187171,High
6715-OFDBP,Month-to-month,5,70.05,346.4,DSL,Electronic check,No,No,Yes,0.8497376499771978,High
5995-SNNEW,Month-to-month,23,104.45,2184.85,Fiber optic,Electronic check,No,No,No,0.849718965779152,High
2024-BASKD,Month-to-month,1,74.6,74.6,Fiber optic,Mailed check,No,No,Yes,0.8494300236129977,High
6140-QNRQQ,Month-to-month,1,71.55,71.55,Fiber optic,Mailed check,No,No,Yes,0.8493442101664508,High
8042-JVNFH,Month-to-month,1,71.35,71.35,Fiber optic,Mailed check,No,No,Yes,0.8492681568032774,High
5348-CAGXB,Month-to-month,12,89.55,1021.75,Fiber optic,Electronic check,No,No,No,0.8491950137043547,High
3372-KWFBM,Month-to-month,16,86.6,1281.0,Fiber optic,Electronic check,No,No,Yes,0.8491268637987391,High
7571-YXDAD,Month-to-month,2,74.9,147.15,Fiber optic,Credit card (automatic),No,No,Yes,0.8491035750728096,High
8937-RDTHP,Month-to-month,1,84.6,84.6,Fiber optic,Mailed check,No,Yes,Yes,0.849052812307715,High
3496-LFSZU,Month-to-month,4,70.5,294.2,Fiber optic,Electronic check,No,No,No,0.8490056657428388,High
9617-INGJY,Month-to-month,1,70.6,70.6,Fiber optic,Mailed check,No,No,No,0.8489826754173647,High
3338-CVVEH,Month-to-month,12,94.55,1173.55,Fiber optic,Electronic check,No,No,No,0.848730451356795,High
9094-AZPHK,Month-to-month,15,100.15,1415.0,Fiber optic,Electronic check,No,No,No,0.8486571082377237,High
3186-BAXNB,Month-to-month,1,91.7,91.7,Fiber optic,Electronic check,Yes,No,Yes,0.848630754773553,High
3217-FZDMN,Month-to-month,8,94.45,742.95,Fiber optic,Credit card (automatic),No,No,Yes,0.8486143403506667,High
8225-BTJAU,Month-to-month,10,79.25,793.55,Fiber optic,Electronic check,No,No,Yes,0.8485799856059622,High
2929-ERCFZ,Month-to-month,8,94.2,777.3,Fiber optic,Electronic check,No,No,Yes,0.8484821830111919,High
4236-XPXAV,Month-to-month,5,99.15,465.05,Fiber optic,Mailed check,Yes,No,Yes,0.8482476118295998,High
7284-BUYEC,Month-to-month,5,50.95,229.4,DSL,Credit card (automatic),No,No,No,0.8480271262286028,High
6326-MTTXK,Month-to-month,8,100.85,819.55,Fiber optic,Electronic check,No,No,Yes,0.8475118344834046,High
3247-ZVOUO,Month-to-month,10,85.55,851.75,Fiber optic,Electronic check,No,No,Yes,0.8474231672115761,High
1567-DSCIC,Month-to-month,8,94.0,773.65,Fiber optic,Electronic check,No,No,Yes,0.8472695342549116,High
4597-NUCQV,Month-to-month,24,101.25,2440.15,Fiber optic,Electronic check,No,No,Yes,0.847149113415746,High
5168-MSWXT,Month-to-month,8,94.75,759.55,Fiber optic,Electronic check,No,No,No,0.8471271522272419,High
0330-IVZHA,Month-to-month,5,69.95,330.15,Fiber optic,Electronic check,No,No,Yes,0.8469743291655607,High
6892-XPFPU,Month-to-month,24,104.25,2433.9,Fiber optic,Electronic check,No,No,Yes,0.8462574142624061,High
0876-WDUUZ,Month-to-month,5,85.4,425.9,Fiber optic,Credit card (automatic),Yes,No,Yes,0.8460316585958283,High
3473-XIIIT,Month-to-month,16,100.0,1534.75,Fiber optic,Electronic check,No,No,Yes,0.8458146207674103,High
8617-ENBDS,Month-to-month,3,73.6,232.5,Fiber optic,Credit card (automatic),No,No,No,0.8451737446135079,High
7595-EUIVN,Month-to-month,1,75.8,75.8,Fiber optic,Electronic check,No,No,Yes,0.8449491936355389,High
5288-AHOUP,Month-to-month,11,78.5,874.2,Fiber optic,Electronic check,No,No,No,0.8448829377851661,High
3916-NRPAP,Month-to-month,3,85.7,256.75,Fiber optic,Credit card (automatic),No,No,No,0.8447736016837321,High
2608-BHKFN,Month-to-month,4,70.05,266.9,Fiber optic,Credit card (automatic),No,No,Yes,0.8446305269245287,High
5357-TZHPP,Month-to-month,9,84.4,732.5,Fiber optic,Credit card (automatic),No,No,Yes,0.8445981389725341,High
8290-YWKHZ,Month-to-month,32,93.2,2931.0,Fiber optic,Electronic check,No,No,Yes,0.8445461512384792,High
7952-OBOYL,Month-to-month,3,89.85,244.45,Fiber optic,Mailed check,Yes,No,No,0.8444775587261797,High
7969-AULMZ,Month-to-month,21,97.35,2119.5,Fiber optic,Electronic check,No,No,Yes,0.8444142190698629,High
9840-EFJQB,Month-to-month,1,74.35,74.35,Fiber optic,Electronic check,No,No,No,0.8443839358364137,High
9565-DJPIB,Month-to-month,4,89.6,365.65,Fiber optic,Mailed check,No,No,Yes,0.8442581392806543,High
8417-FMLZI,Month-to-month,6,83.55,477.55,Fiber optic,Credit card (automatic),No,No,Yes,0.8441936576151255,High
2868-SNELZ,Month-to-month,2,80.6,155.8,Fiber optic,Mailed check,No,No,Yes,0.8441277917992077,High
1024-GUALD,Month-to-month,1,24.8,24.8,DSL,Electronic check,No,No,Yes,0.8441088312866079,High
0772-GYEQQ,Month-to-month,3,88.35,262.05,Fiber optic,Mailed check,Yes,No,Yes,0.8438913291834885,High
1740-CSDJP,Month-to-month,1,35.25,35.25,DSL,Bank transfer (automatic),No,No,Yes,0.8438636909567202,High
9919-KNPOO,Month-to-month,21,94.3,1948.35,Fiber optic,Electronic check,No,No,No,0.8438460048560027,High
4137-BTIKL,Month-to-month,2,90.75,174.75,Fiber optic,Mailed check,No,Yes,No,0.8437984911536877,High
3045-XETSH,Month-to-month,10,94.85,953.45,Fiber optic,Electronic check,No,No,Yes,0.8436601044921154,High
0011-IGKFF,Month-to-month,13,98.0,1237.85,Fiber optic,Electronic check,No,No,Yes,0.8435455223112518,High
3841-CONLJ,Month-to-month,1,35.0,35.0,DSL,Electronic check,No,No,No,0.842960585485806,High
9391-EOYLI,Month-to-month,12,80.45,950.2,Fiber optic,Electronic check,No,No,Yes,0.8428111413966796,High
1212-GLHMD,Month-to-month,3,86.05,244.85,Fiber optic,Mailed check,No,Yes,No,0.8427692497922589,High
2800-VEQXM,Month-to-month,3,74.75,238.1,Fiber optic,Mailed check,No,No,No,0.8426477977241389,High
3957-LXOLK,Month-to-month,28,106.15,3152.5,Fiber optic,Electronic check,No,No,Yes,0.8425702595521792,High
2657-VPXTA,Month-to-month,10,88.85,929.45,Fiber optic,Electronic check,No,No,No,0.8422222100107816,High
1960-UYCNN,Month-to-month,10,95.25,1021.55,Fiber optic,Electronic check,No,No,No,0.842210748506518,High
5299-RULOA,Month-to-month,10,100.25,1064.65,Fiber optic,Electronic check,No,Yes,Yes,0.8421412876017574,High
2672-DZUOY,Month-to-month,1,25.15,25.15,DSL,Electronic check,No,No,Yes,0.8420131699287872,High
4029-HPFVY,Month-to-month,3,70.3,220.4,Fiber optic,Mailed check,No,No,No,0.8420062569247706,High
3797-VTIDR,Month-to-month,1,23.45,23.45,DSL,Electronic check,No,No,Yes,0.8419722613656493,High
3669-LVWZB,Month-to-month,5,51.0,305.95,DSL,Mailed check,No,No,Yes,0.8419081362165081,High
4983-CCWMC,Month-to-month,3,69.6,207.4,Fiber optic,Mailed check,No,No,No,0.8417293774021386,High
7365-BVCJH,Month-to-month,1,24.4,24.4,DSL,Electronic check,No,No,No,0.8417165087698458,High
1334-FJSVR,Month-to-month,1,24.25,24.25,DSL,Electronic check,No,No,Yes,0.8416571222901766,High
4884-ZTHVF,Month-to-month,8,87.1,713.6,Fiber optic,Electronic check,No,No,No,0.841313502000103,High
7854-FOKSF,Month-to-month,1,35.9,35.9,DSL,Electronic check,No,No,Yes,0.8410709577526615,High
0139-IVFJG,Month-to-month,2,90.35,190.5,Fiber optic,Electronic check,No,Yes,No,0.8410358168577202,High
5244-IRFIH,Month-to-month,33,94.5,3105.55,Fiber optic,Electronic check,No,No,Yes,0.8399581696298907,High
4629-NRXKX,Month-to-month,2,70.4,147.15,Fiber optic,Electronic check,No,No,Yes,0.8397621849901271,High
6583-KQJLK,Month-to-month,15,94.65,1285.05,Fiber optic,Electronic check,No,No,No,0.8395706849516933,High
8676-TRMJS,Month-to-month,3,75.0,209.1,Fiber optic,Mailed check,No,No,Yes,0.839533297663266,High
2080-GKCWQ,Month-to-month,2,74.95,151.75,Fiber optic,Electronic check,No,No,No,0.839512054648484,High
4706-AXVKM,Month-to-month,11,84.8,906.85,Fiber optic,Credit card (automatic),No,No,Yes,0.8393837308699225,High
9894-EZEWG,Month-to-month,1,74.3,74.3,Fiber optic,Credit card (automatic),No,No,Yes,0.8390641695207844,High
0365-BZUWY,Month-to-month,17,102.55,1742.5,Fiber optic,Electronic check,No,No,No,0.8389988598513527,High
4587-NUKOX,Month-to-month,3,79.1,246.5,Fiber optic,Electronic check,No,Yes,Yes,0.8389943191757352,High
7029-RPUAV,Month-to-month,17,100.45,1622.45,Fiber optic,Credit card (automatic),No,No,Yes,0.838632037446481,High
0746-JTRFU,Month-to-month,2,25.05,56.35,DSL,Electronic check,No,No,Yes,0.8384481280295283,High
5382-SOYZL,Month-to-month,22,95.1,2162.6,Fiber optic,Electronic check,No,No,No,0.838399114187127,High
4445-ZJNMU,Month-to-month,9,99.3,918.75,Fiber optic,Credit card (automatic),No,No,No,0.8381553642260304,High
0221-WMXNQ,Month-to-month,4,75.35,273.4,Fiber optic,Electronic check,No,Yes,No,0.8381514793549552,High
2754-VDLTR,Month-to-month,10,95.2,930.4,Fiber optic,Electronic check,No,No,Yes,0.838133721704555,High
2919-HBCJO,Month-to-month,4,76.65,333.6,Fiber optic,Bank transfer (automatic),No,No,Yes,0.8378398465158823,High
0812-WUPTB,Month-to-month,1,70.85,70.85,Fiber optic,Mailed check,No,No,Yes,0.8378370170127412,High
6100-QQHEB,Month-to-month,17,92.55,1515.1,Fiber optic,Electronic check,No,No,Yes,0.8375499653976165,High
5429-LWCMV,Month-to-month,12,89.15,1057.55,Fiber optic,Electronic check,No,No,No,0.837097364977346,High
3001-UNBTL,Month-to-month,29,103.95,2964.8,Fiber optic,Electronic check,No,No,No,0.8369607031386728,High
5842-POCOP,Month-to-month,5,88.9,454.15,Fiber optic,Mailed check,No,Yes,Yes,0.8363446289283859,High
2041-JIJCI,Month-to-month,5,64.0,370.25,DSL,Electronic check,No,No,No,0.8362810038111581,High
3748-FVMZZ,Month-to-month,4,40.05,162.45,DSL,Electronic check,Yes,No,No,0.8361891679238972,High
2920-RNCEZ,Month-to-month,1,69.95,69.95,Fiber optic,Credit card (automatic),No,No,No,0.8360959163442756,High
2985-FMWYF,Month-to-month,23,93.5,2341.55,Fiber optic,Electronic check,No,No,No,0.8358249607331402,High
6543-XRMYR,Month-to-month,30,99.7,2967.35,Fiber optic,Electronic check,No,No,Yes,0.8356648728949978,High
2107-FBPTK,Month-to-month,30,104.1,3121.1,Fiber optic,Electronic check,No,No,No,0.8346386808113935,High
9279-CJEOJ,Month-to-month,21,95.4,2025.1,Fiber optic,Bank transfer (automatic),No,No,No,0.8346182420294669,High
8875-AKBYH,Month-to-month,20,84.35,1745.2,Fiber optic,Electronic check,No,No,No,0.8342486083545785,High
7786-WBJYI,Month-to-month,4,77.95,305.55,Fiber optic,Bank transfer (automatic),No,No,Yes,0.8339200423070721,High
4815-GBTCD,Month-to-month,4,25.15,99.95,DSL,Electronic check,No,No,No,0.8336031626155733,High
4919-MOAVT,Month-to-month,3,69.65,220.1,Fiber optic,Electronic check,No,No,Yes,0.8335628905118395,High
8800-JOOCF,Month-to-month,12,84.05,966.55,Fiber optic,Electronic check,No,No,No,0.8333974034676693,High
6175-IRFIT,Month-to-month,5,78.75,426.35,Fiber optic,Mailed check,No,No,No,0.832968258825734,High
5883-GTGVD,Month-to-month,19,99.95,1931.75,Fiber optic,Electronic check,No,No,Yes,0.8329019967805241,High
5261-QSHQM,Month-to-month,4,24.45,86.6,DSL,Electronic check,No,No,Yes,0.8326545488520694,High
0722-SVSFK,Month-to-month,7,100.4,715.0,Fiber optic,Electronic check,Yes,No,No,0.8326262936918605,High
1086-LXKFY,Month-to-month,1,69.1,69.1,Fiber optic,Mailed check,No,No,Yes,0.8326245559490122,High
6851-WEFYX,Month-to-month,35,100.8,3437.5,Fiber optic,Electronic check,No,No,No,0.8325191793159028,High
3318-OSATS,Month-to-month,35,95.45,3474.05,Fiber optic,Electronic check,No,No,Yes,0.8325035216756534,High
2079-FBMZK,Month-to-month,6,69.25,418.4,Fiber optic,Mailed check,No,No,Yes,0.8325023502087187,High
1254-IZEYF,Month-to-month,31,99.95,3186.65,Fiber optic,Electronic check,No,No,Yes,0.83213047820197,High
4958-XCBDQ,Month-to-month,35,101.4,3496.3,Fiber optic,Electronic check,No,No,Yes,0.8321059444097503,High
1122-JWTJW,Month-to-month,1,70.65,70.65,Fiber optic,Mailed check,No,No,Yes,0.8315724826874166,High
7079-QRCBC,Month-to-month,24,98.75,2407.3,Fiber optic,Electronic check,No,No,Yes,0.8315002422070084,High
0612-RTZZA,Month-to-month,1,25.25,25.25,DSL,Electronic check,No,No,Yes,0.8314316779564856,High
2430-USGXP,Month-to-month,24,101.05,2391.8,Fiber optic,Electronic check,No,No,Yes,0.8314219777682172,High
1062-LHZOD,Month-to-month,1,69.9,69.9,Fiber optic,Mailed check,No,No,Yes,0.8312601453063881,High
4735-ASGMA,Month-to-month,26,98.35,2515.3,Fiber optic,Electronic check,No,No,Yes,0.8312329008552749,High
7028-DVOIQ,Month-to-month,35,99.05,3395.8,Fiber optic,Electronic check,No,No,Yes,0.8311282188004846,High
2876-GZYZC,Month-to-month,13,85.95,1215.65,Fiber optic,Electronic check,No,No,No,0.8311037111468977,High
2371-JQHZZ,Month-to-month,24,93.0,2248.05,Fiber optic,Electronic check,No,No,No,0.83094616842949,High
0515-YPMCW,Month-to-month,1,70.45,70.45,Fiber optic,Mailed check,No,No,Yes,0.8308235553188692,High
9360-OMDZZ,Month-to-month,24,94.1,2322.85,Fiber optic,Electronic check,No,No,No,0.8307388364571917,High
4813-HQMGZ,Month-to-month,8,90.25,743.75,Fiber optic,Electronic check,Yes,No,No,0.8306175483703718,High
5889-LFOLL,Month-to-month,13,84.6,1115.2,Fiber optic,Electronic check,No,No,Yes,0.8305399250055078,High
3966-HRMZA,Month-to-month,3,75.05,202.9,Fiber optic,Mailed check,No,No,No,0.8304816953568371,High
0616-ATFGB,Month-to-month,1,25.05,25.05,DSL,Electronic check,No,No,Yes,0.8303093887225742,High
8650-RHRKE,Month-to-month,4,29.65,118.5,DSL,Electronic check,No,No,Yes,0.8302423733976538,High
3629-ZNKXA,Month-to-month,17,101.8,1752.45,Fiber optic,Electronic check,No,No,No,0.8301025236445637,High
9330-IJWIO,Month-to-month,13,100.35,1358.85,Fiber optic,Electronic check,No,Yes,Yes,0.8299076144595359,High
3932-CMDTD,One year,4,105.65,443.9,Fiber optic,Electronic check,Yes,No,Yes,0.8296267553082022,High
2026-TGDHM,Month-to-month,7,79.3,523.15,Fiber optic,Electronic check,No,No,Yes,0.8293537952988741,High
5445-UTODQ,Month-to-month,7,81.1,576.65,Fiber optic,Electronic check,No,No,Yes,0.829333829535824,High
1195-OIYEJ,Month-to-month,13,91.1,1135.7,Fiber optic,Electronic check,No,No,Yes,0.8291809795754829,High
0840-DFEZH,Month-to-month,7,75.35,564.65,Fiber optic,Electronic check,No,No,No,0.8286212736015826,High
4285-GYRQC,Month-to-month,7,86.25,587.1,Fiber optic,Electronic check,No,No,Yes,0.8285929489478657,High
6711-FLDFB,Month-to-month,7,74.9,541.15,Fiber optic,Electronic check,No,No,Yes,0.8284313210998347,High
3050-GBUSH,Month-to-month,3,34.8,113.95,DSL,Credit card (automatic),No,No,No,0.8281463516806694,High
7802-EFKNY,Month-to-month,5,24.95,100.4,DSL,Electronic check,No,No,Yes,0.8281242765621634,High
6437-UKHMV,Month-to-month,7,79.7,586.05,Fiber optic,Electronic check,No,No,Yes,0.8280699851314068,High
0122-OAHPZ,Month-to-month,7,73.85,511.25,Fiber optic,Electronic check,No,No,Yes,0.827987449461212,High
7590-VHVEG,Month-to-month,1,29.85,29.85,DSL,Electronic check,No,No,No,0.8279128890887524,High
7638-QVMVY,Month-to-month,7,79.0,522.95,Fiber optic,Electronic check,No,No,Yes,0.8277736782226828,High
5482-PLVPE,Month-to-month,2,24.35,41.85,DSL,Electronic check,No,No,Yes,0.8273374444824545,High
6899-PPEEA,Month-to-month,37,96.55,3580.3,Fiber optic,Electronic check,No,No,Yes,0.8272638346405695,High
5669-SRAIP,Month-to-month,5,39.5,210.75,DSL,Electronic check,No,No,Yes,0.8268523496266066,High
0817-HSUSE,Month-to-month,1,75.5,75.5,DSL,Electronic check,Yes,No,No,0.8264577845203855,High
5760-FXFVO,Month-to-month,6,78.95,494.95,Fiber optic,Electronic check,No,Yes,No,0.8262674711890571,High
6986-IXNDM,Month-to-month,14,92.9,1337.45,Fiber optic,Electronic check,No,No,No,0.8261985410447192,High
9185-TQCVP,Month-to-month,14,85.15,1139.2,Fiber optic,Electronic check,No,No,Yes,0.8259857259419013,High
7994-UYIVZ,Month-to-month,8,85.65,659.45,Fiber optic,Bank transfer (automatic),No,No,No,0.8258946316342142,High
9643-AVVWI,Month-to-month,3,80.0,241.3,Fiber optic,Electronic check,Yes,No,No,0.8257609614673179,High
2983-ZANRP,Month-to-month,2,73.55,145.4,Fiber optic,Bank transfer (automatic),No,No,Yes,0.8257171767933723,High
5909-ECHUI,Month-to-month,1,56.25,56.25,DSL,Electronic check,No,No,Yes,0.825643196270019,High
6507-ZJSUR,Month-to-month,23,90.45,2117.25,Fiber optic,Electronic check,No,No,No,0.8254272798579438,High
9822-OAOVB,Month-to-month,1,55.45,55.45,DSL,Electronic check,No,No,No,0.8253007550030816,High
3063-QFSZL,Month-to-month,1,55.4,55.4,DSL,Electronic check,No,No,Yes,0.8252793348297734,High
9430-FRQOC,Month-to-month,4,87.1,341.45,Fiber optic,Mailed check,Yes,No,Yes,0.8251607364364749,High
7508-MYBOG,Month-to-month,14,86.1,1235.55,Fiber optic,Electronic check,No,No,Yes,0.824918075879515,High
3199-XGZCY,Month-to-month,8,75.25,576.7,Fiber optic,Electronic check,No,No,No,0.8248169099745997,High
6712-OAWRH,Month-to-month,26,91.25,2351.8,Fiber optic,Electronic check,No,No,Yes,0.824694925379885,High
6029-WTIPC,Month-to-month,37,101.1,3744.05,Fiber optic,Electronic check,No,No,Yes,0.8245110414438226,High
3990-QYKBE,Month-to-month,37,92.5,3473.4,Fiber optic,Electronic check,No,No,Yes,0.8244702933562368,High
4298-OYIFC,Month-to-month,15,103.45,1539.8,Fiber optic,Electronic check,Yes,No,No,0.8243586957574562,High
3585-ISXZP,Month-to-month,8,95.65,778.1,Fiber optic,Bank transfer (automatic),No,No,Yes,0.8241428506469434,High
8541-QVFKM,Month-to-month,8,73.5,632.2,Fiber optic,Electronic check,No,No,No,0.8240643352512792,High
2665-NPTGL,Month-to-month,26,98.1,2510.7,Fiber optic,Bank transfer (automatic),No,No,No,0.8239863796031509,High
5480-HPRRX,Month-to-month,3,25.3,77.75,DSL,Electronic check,No,No,Yes,0.823963619516708,High
0248-IPDFW,Month-to-month,1,50.1,50.1,DSL,Electronic check,No,No,No,0.8239519498937051,High
0674-EYYZV,Month-to-month,1,54.65,54.65,DSL,Electronic check,No,No,No,0.8234752395411612,High
5501-TVMGM,Month-to-month,1,55.25,55.25,DSL,Electronic check,No,No,No,0.8234577497183851,High
3583-EKAPL,Month-to-month,1,55.0,55.0,DSL,Electronic check,No,No,Yes,0.8233497399479457,High
7242-QZLXF,Month-to-month,1,25.3,25.3,DSL,Electronic check,No,No,Yes,0.8233202295987937,High
2862-PFNIK,Month-to-month,1,24.7,24.7,DSL,Electronic check,No,No,No,0.8230607603711748,High
7881-EVUAD,Month-to-month,2,42.6,72.4,DSL,Electronic check,No,Yes,Yes,0.8229897883621335,High
9846-GKXAS,Month-to-month,9,90.8,809.75,Fiber optic,Bank transfer (automatic),No,No,Yes,0.8229463322866639,High
3030-YDNRM,Month-to-month,8,74.85,572.45,Fiber optic,Electronic check,No,No,No,0.8228833041537732,High
7363-QTBIW,Month-to-month,9,79.75,769.1,Fiber optic,Electronic check,No,No,No,0.8226804089817573,High
7767-UXAGJ,Month-to-month,1,50.45,50.45,DSL,Electronic check,No,No,Yes,0.8223366558558369,High
2740-TVLFN,Month-to-month,1,50.15,50.15,DSL,Electronic check,No,No,No,0.822206392511607,High
7392-YYPYJ,Month-to-month,22,100.65,2415.95,Fiber optic,Electronic check,No,No,No,0.8219527647100413,High
0872-NXJYS,Month-to-month,9,79.55,723.4,Fiber optic,Electronic check,No,No,Yes,0.8219004104740638,High
1219-NNDDO,Month-to-month,9,76.85,663.55,Fiber optic,Electronic check,No,No,No,0.8216876048068715,High
5167-GBFRE,Month-to-month,4,25.2,102.5,DSL,Bank transfer (automatic),No,No,Yes,0.8216720487549182,High
3393-FMZPV,Month-to-month,25,100.25,2387.75,Fiber optic,Electronic check,No,No,Yes,0.821381900366398,High
4741-WWJQZ,Month-to-month,2,80.15,194.55,Fiber optic,Electronic check,Yes,Yes,No,0.8212819466718079,High
0871-URUWO,Month-to-month,13,102.25,1359.0,Fiber optic,Credit card (automatic),No,No,Yes,0.8212672124913339,High
0661-XEYAN,Month-to-month,1,25.8,25.8,DSL,Mailed check,No,No,Yes,0.8209692286438982,High
1496-GGSUK,Month-to-month,1,25.7,25.7,DSL,Mailed check,No,No,Yes,0.8209255544703371,High
4282-YMKNA,Month-to-month,9,74.75,706.6,Fiber optic,Electronic check,No,No,Yes,0.8207715795559409,High
8063-GBATB,Month-to-month,27,85.25,2287.25,Fiber optic,Electronic check,No,No,Yes,0.8207151294517978,High
6338-AVWCY,Month-to-month,3,40.15,130.75,DSL,Mailed check,No,No,Yes,0.8206931822557268,High
6000-APYLU,Month-to-month,9,80.8,713.1,Fiber optic,Electronic check,No,No,Yes,0.8206642897339579,High
3866-MDTUB,Month-to-month,2,70.75,146.9,DSL,Electronic check,No,Yes,Yes,0.8206265995995222,High
3254-YRILK,Month-to-month,19,88.2,1775.8,Fiber optic,Electronic check,No,No,Yes,0.8206152266419016,High
6215-NQCPY,Month-to-month,15,99.7,1566.75,Fiber optic,Electronic check,No,Yes,No,0.8203005129108722,High
8687-BAFGU,Month-to-month,1,74.0,74.0,Fiber optic,Electronic check,Yes,No,No,0.8202745763137559,High
9734-UYXQI,Month-to-month,2,49.4,106.55,DSL,Electronic check,No,No,Yes,0.8198032399936483,High
2840-XANRC,Month-to-month,24,93.15,2231.05,Fiber optic,Electronic check,No,No,Yes,0.819770666044399,High
8120-JDCAM,Month-to-month,4,69.55,284.9,Fiber optic,Mailed check,No,No,No,0.8197660700515701,High
7394-FKDNK,Month-to-month,9,89.45,853.1,Fiber optic,Electronic check,No,No,Yes,0.8196822035471206,High
5928-QLDHB,Month-to-month,9,76.25,684.85,Fiber optic,Electronic check,No,No,No,0.8196391783609102,High
5609-CEBID,Month-to-month,20,94.1,1782.4,Fiber optic,Electronic check,No,No,Yes,0.8195988739926008,High
6458-CYIDZ,Month-to-month,5,80.7,374.8,Fiber optic,Electronic check,No,Yes,No,0.8195184696913477,High
7354-OIJLX,Month-to-month,9,75.85,724.65,Fiber optic,Electronic check,No,No,No,0.819463418951535,High
4123-DVHPH,Month-to-month,9,88.05,801.3,Fiber optic,Electronic check,No,Yes,No,0.8194549180573909,High
4398-HSCJH,Month-to-month,3,63.6,155.65,DSL,Electronic check,Yes,No,Yes,0.8193695398104474,High
9048-JVYVF,Month-to-month,3,69.35,191.35,DSL,Electronic check,Yes,No,Yes,0.819129573428424,High
4501-EQDRN,Month-to-month,1,69.7,69.7,Fiber optic,Bank transfer (automatic),No,No,Yes,0.8190860911118852,High
2357-COQEK,Month-to-month,28,103.3,2890.65,Fiber optic,Electronic check,Yes,No,Yes,0.8189395014532849,High
6127-ISGTU,Month-to-month,16,84.95,1378.25,Fiber optic,Electronic check,No,No,Yes,0.8185015379455857,High
3106-ULWFW,Month-to-month,8,85.2,627.4,Fiber optic,Credit card (automatic),No,No,Yes,0.8182960025182389,High
9547-ITEFG,Month-to-month,9,102.6,897.75,Fiber optic,Credit card (automatic),No,No,No,0.8181501758014583,High
0420-HLGXF,Month-to-month,39,99.75,4036.0,Fiber optic,Electronic check,No,No,No,0.8179944230549991,High
6087-MVHJH,Month-to-month,16,88.45,1422.1,Fiber optic,Electronic check,No,No,Yes,0.8178114073542198,High
9747-DDZOS,Month-to-month,1,73.5,73.5,Fiber optic,Bank transfer (automatic),No,No,Yes,0.8177133457082646,High
3538-WZPHD,Month-to-month,3,29.6,79.45,DSL,Electronic check,No,No,Yes,0.8176884339283627,High
4484-CGXFK,Month-to-month,3,55.3,196.15,DSL,Electronic check,No,No,Yes,0.8175320325675718,High
4184-TJFAN,Month-to-month,3,88.3,273.75,Fiber optic,Mailed check,Yes,Yes,Yes,0.8172839840754288,High
7479-NITWS,Month-to-month,7,89.35,631.85,Fiber optic,Credit card (automatic),No,No,Yes,0.816946777235972,High
8065-YKXKD,Month-to-month,10,74.75,799.65,Fiber optic,Electronic check,No,No,Yes,0.8168759326227961,High
3071-VBYPO,Month-to-month,3,89.85,248.4,Fiber optic,Electronic check,No,Yes,No,0.8162808553160426,High
8861-HGGKB,Month-to-month,10,86.45,830.85,Fiber optic,Electronic check,No,No,Yes,0.816240346453877,High
1342-JPNKI,Month-to-month,10,86.05,834.1,Fiber optic,Bank transfer (automatic),No,No,Yes,0.8161529961570646,High
8212-DJRCH,Month-to-month,5,90.35,434.5,Fiber optic,Mailed check,No,Yes,No,0.815887141754334,High
1465-VINDH,Month-to-month,10,102.1,1068.85,Fiber optic,Credit card (automatic),No,No,Yes,0.8158161250438417,High
1184-PJVDB,Month-to-month,10,79.95,857.2,Fiber optic,Electronic check,No,No,Yes,0.8155643160986397,High
0988-JRWWP,Month-to-month,3,54.2,140.4,DSL,Electronic check,No,No,No,0.8155094020737051,High
4257-GAESD,Month-to-month,6,45.0,298.7,DSL,Credit card (automatic),No,No,No,0.815336469333848,High
4512-ZUIYL,Month-to-month,2,70.0,153.05,Fiber optic,Bank transfer (automatic),No,No,Yes,0.8152963243073462,High
6166-ILMNY,Month-to-month,2,69.75,144.55,Fiber optic,Bank transfer (automatic),No,No,Yes,0.8151844419900037,High
2272-QAGFO,Month-to-month,14,74.3,1096.25,Fiber optic,Electronic check,No,No,Yes,0.8148280411225608,High
8543-MSDMF,Month-to-month,3,77.4,206.15,DSL,Electronic check,No,Yes,No,0.8147890328494923,High
8263-JQAIK,Month-to-month,2,24.45,47.5,DSL,Mailed check,No,No,Yes,0.8146512150532179,High
3834-XUIFC,Month-to-month,7,85.2,602.55,Fiber optic,Mailed check,No,No,Yes,0.8144966771341922,High
8313-NDOIA,Month-to-month,24,104.15,2494.65,Fiber optic,Electronic check,No,No,No,0.8144397791161627,High
8640-SDGKB,Month-to-month,4,74.4,299.7,DSL,Electronic check,Yes,No,Yes,0.8143728748391176,High
8107-KNCIM,Month-to-month,14,75.1,1013.35,Fiber optic,Electronic check,No,No,No,0.8140701260211504,High
1565-RHDJD,Month-to-month,4,84.05,333.55,Fiber optic,Bank transfer (automatic),No,No,Yes,0.8140497054779039,High
7625-XCQRH,Month-to-month,11,76.5,837.95,Fiber optic,Electronic check,No,No,Yes,0.8137043970339302,High
9763-PDTKK,Month-to-month,4,94.4,387.2,Fiber optic,Bank transfer (automatic),Yes,Yes,Yes,0.8135999512984287,High
8625-AZYZY,Month-to-month,24,104.65,2542.45,Fiber optic,Electronic check,No,No,Yes,0.8135454672782613,High
9685-WKZGT,Month-to-month,14,74.95,1036.75,Fiber optic,Electronic check,No,No,Yes,0.8132834098286688,High
3565-UNOCC,Month-to-month,29,99.05,2952.85,Fiber optic,Bank transfer (automatic),No,No,Yes,0.812697493710783,High
8519-IMDHU,Month-to-month,15,85.6,1345.55,Fiber optic,Bank transfer (automatic),No,No,Yes,0.8123850303069851,High
1028-FFNJK,Month-to-month,30,101.5,2917.65,Fiber optic,Electronic check,Yes,No,No,0.8122115597634098,High
6198-RTPMF,Month-to-month,17,92.6,1579.7,Fiber optic,Electronic check,No,No,No,0.8120965911950178,High
5138-WVKYJ,Month-to-month,10,98.55,1008.55,Fiber optic,Electronic check,No,Yes,Yes,0.8120847526879207,High
4385-GZQXV,Month-to-month,16,94.45,1511.2,Fiber optic,Electronic check,Yes,No,Yes,0.8120839067983064,High
3999-QGRJH,Month-to-month,8,69.7,560.85,Fiber optic,Electronic check,No,No,Yes,0.8120265112617725,High
1016-DJTSV,Month-to-month,8,69.7,572.85,Fiber optic,Electronic check,No,No,No,0.8120265112617725,High
6994-KERXL,Month-to-month,4,55.9,238.5,DSL,Electronic check,No,No,No,0.8120066602099525,High
1024-VRZHF,Month-to-month,11,74.95,825.7,Fiber optic,Electronic check,No,No,Yes,0.8118788471143463,High
3874-EQOEP,Month-to-month,7,95.0,655.5,Fiber optic,Mailed check,No,No,Yes,0.8114372862785958,High
5117-IFGPS,Month-to-month,29,84.3,2357.75,Fiber optic,Electronic check,No,No,No,0.8112976954774164,High
5655-JSMZM,Month-to-month,49,96.2,4718.25,Fiber optic,Electronic check,No,No,Yes,0.8112745915435345,High
2809-ZMYOQ,Month-to-month,32,101.35,3334.9,Fiber optic,Electronic check,No,No,No,0.8112077643625545,High
5543-QDCRY,Month-to-month,4,56.4,234.85,DSL,Electronic check,No,No,No,0.8106677514522523,High
8922-LIEGH,Month-to-month,25,89.7,2187.55,Fiber optic,Electronic check,No,No,Yes,0.8105705995358395,High
4631-OACRM,Month-to-month,15,79.4,1156.1,Fiber optic,Electronic check,No,No,Yes,0.8102875968667085,High
4039-HEUNW,Month-to-month,36,96.5,3436.1,Fiber optic,Electronic check,No,No,Yes,0.8102841145034044,High
7831-QGOXH,Month-to-month,18,85.2,1553.9,Fiber optic,Electronic check,No,No,Yes,0.8099532638090285,High
4598-XLKNJ,Month-to-month,25,98.5,2514.5,Fiber optic,Electronic check,No,No,Yes,0.8095799522183815,High
1641-RQDAY,Month-to-month,32,100.4,3217.65,Fiber optic,Electronic check,No,No,No,0.8093664886767793,High
2468-SJFLM,Month-to-month,1,74.3,74.3,Fiber optic,Mailed check,Yes,No,No,0.8091638182540176,High
7780-OTDSO,Month-to-month,18,99.4,1742.95,Fiber optic,Electronic check,No,Yes,Yes,0.8089892157928856,High
2845-AFFTX,Month-to-month,41,99.8,4259.3,Fiber optic,Electronic check,No,No,Yes,0.8089270873077447,High
9734-YWGEX,Month-to-month,9,98.3,923.5,Fiber optic,Credit card (automatic),No,No,Yes,0.8089184762443785,High
0224-RLWWD,Month-to-month,2,44.3,89.3,DSL,Electronic check,No,No,No,0.8088244875337389,High
5937-EORGB,Month-to-month,15,96.5,1392.25,Fiber optic,Electronic check,No,Yes,No,0.8087936557218437,High
8017-LXHFA,Month-to-month,23,94.75,2293.6,Fiber optic,Electronic check,No,No,Yes,0.8085332179783002,High
6260-ONULR,Month-to-month,1,62.8,62.8,DSL,Mailed check,No,No,No,0.8082426509091293,High
1746-TGTWV,Month-to-month,1,75.35,75.35,Fiber optic,Credit card (automatic),No,No,No,0.807877272793308,High
0480-BIXDE,Month-to-month,19,96.8,1743.05,Fiber optic,Electronic check,No,No,No,0.8077660234553532,High
3951-NJCVI,Month-to-month,42,95.05,3944.5,Fiber optic,Electronic check,No,No,No,0.8077324392936284,High
1866-RZZQS,Month-to-month,41,98.4,4187.75,Fiber optic,Electronic check,No,No,Yes,0.8075471919342513,High
1508-DFXCU,Month-to-month,12,81.45,912.0,Fiber optic,Electronic check,No,No,No,0.8074883385086667,High
8404-GFGCZ,Month-to-month,4,65.6,250.1,DSL,Electronic check,No,No,No,0.8074413051248142,High
0168-XZKBB,Month-to-month,19,86.85,1564.4,Fiber optic,Electronic check,No,No,No,0.8073826372192113,High
4633-MKHYU,Month-to-month,9,88.4,788.6,Fiber optic,Mailed check,No,No,No,0.8071844886191855,High
4816-JBHOV,Month-to-month,2,44.7,93.7,DSL,Electronic check,No,No,Yes,0.8071260167493847,High
8739-WWKDU,Month-to-month,25,89.5,2196.15,Fiber optic,Electronic check,No,No,Yes,0.8070196086819811,High
7480-QNVZJ,Month-to-month,50,95.7,4816.7,Fiber optic,Electronic check,No,No,Yes,0.8069897192405922,High
8868-WOZGU,Month-to-month,28,105.7,2979.5,Fiber optic,Electronic check,No,No,Yes,0.8069771935936646,High
3754-DXMRT,Month-to-month,2,44.15,92.65,DSL,Electronic check,No,No,Yes,0.8068714953341497,High
6595-YGXIT,Month-to-month,25,88.95,2291.2,Fiber optic,Electronic check,No,No,Yes,0.8067649804657872,High
9912-GVSEQ,Month-to-month,26,93.85,2381.55,Fiber optic,Electronic check,No,No,Yes,0.8059660535018819,High
1226-IENZN,Month-to-month,16,78.75,1218.25,Fiber optic,Electronic check,No,No,No,0.8059159734168412,High
9314-IJWSQ,Month-to-month,14,84.8,1203.9,Fiber optic,Electronic check,No,No,No,0.8058990263664108,High
5701-YVSVF,Month-to-month,11,82.9,880.05,Fiber optic,Electronic check,Yes,No,No,0.8056026187246442,High
0302-JOIVN,Month-to-month,8,101.15,842.9,Fiber optic,Electronic check,No,No,Yes,0.8055689885118754,High
2845-HSJCY,Month-to-month,14,87.25,1258.6,Fiber optic,Electronic check,No,No,Yes,0.8054269777300381,High
6599-SFQVE,Month-to-month,6,55.0,340.4,DSL,Electronic check,No,No,No,0.8053451291155456,High
5216-WASFJ,Month-to-month,31,84.85,2633.4,Fiber optic,Electronic check,No,No,No,0.8052934850707285,High
6393-WRYZE,Month-to-month,34,97.65,3207.55,Fiber optic,Electronic check,No,No,Yes,0.805280939752361,High
8040-MNRTF,Month-to-month,1,71.1,71.1,Fiber optic,Mailed check,No,No,No,0.8048423494031931,High
0511-JTEOY,Month-to-month,1,71.1,71.1,Fiber optic,Mailed check,No,No,Yes,0.8048423494031931,High
0151-ONTOV,Month-to-month,1,70.9,70.9,Fiber optic,Mailed check,No,No,Yes,0.8047489952205277,High
3663-MITLP,Month-to-month,15,101.25,1457.25,Fiber optic,Electronic check,No,No,Yes,0.8046883374514401,High
0519-XUZJU,Month-to-month,1,70.75,70.75,Fiber optic,Mailed check,No,No,Yes,0.8046789573907995,High
6005-OBZPH,Month-to-month,26,89.15,2277.65,Fiber optic,Electronic check,No,No,Yes,0.8046468859805843,High
4110-PFEUZ,Month-to-month,1,69.55,69.55,Fiber optic,Mailed check,No,No,Yes,0.8041179698509462,High
5028-GZLDO,Month-to-month,2,70.7,140.7,Fiber optic,Credit card (automatic),No,No,Yes,0.8040785093823011,High
6116-RFVHN,Month-to-month,34,100.45,3414.65,Fiber optic,Electronic check,No,No,No,0.8033595882526907,High
5122-CYFXA,Month-to-month,3,75.3,244.1,DSL,Electronic check,Yes,No,No,0.8033010233753624,High
0133-BMFZO,Month-to-month,2,86.25,181.65,Fiber optic,Electronic check,Yes,Yes,Yes,0.8030104550334024,High
8443-WVPSS,Month-to-month,10,99.85,990.9,Fiber optic,Electronic check,Yes,No,Yes,0.8027948448343339,High
5940-AHUHD,Month-to-month,1,70.6,70.6,Fiber optic,Mailed check,No,No,Yes,0.8026939464993245,High
6030-REHUX,Month-to-month,28,110.85,3204.4,Fiber optic,Electronic check,Yes,No,No,0.8026807804934782,High
3001-CBHLQ,Month-to-month,32,104.9,3351.55,Fiber optic,Electronic check,Yes,No,Yes,0.8024216441159485,High
8699-ASUFO,Month-to-month,7,74.4,527.9,Fiber optic,Mailed check,No,No,Yes,0.8023820831633411,High
5884-GCYMI,Month-to-month,1,69.4,69.4,Fiber optic,Mailed check,No,No,Yes,0.802128659682202,High
2439-LYPMQ,Month-to-month,38,102.6,4009.2,Fiber optic,Electronic check,No,No,No,0.8016968530144023,High
5569-KGJHX,Month-to-month,9,85.35,754.65,Fiber optic,Bank transfer (automatic),No,No,Yes,0.8016810818162919,High
1104-TNLZA,Month-to-month,28,105.8,2998.0,Fiber optic,Electronic check,Yes,No,No,0.8016312643890563,High
1309-BXVOQ,Month-to-month,21,106.1,2249.95,Fiber optic,Electronic check,Yes,No,Yes,0.8016236017199923,High
8445-DNBAE,Month-to-month,1,50.05,50.05,DSL,Electronic check,No,No,No,0.8016036751018037,High
4817-VYYWS,Month-to-month,30,100.2,2983.8,Fiber optic,Electronic check,No,No,Yes,0.8012758322690322,High
8397-MVTAZ,Month-to-month,34,100.05,3480.0,Fiber optic,Electronic check,No,No,Yes,0.8012462146567215,High
6778-YSNIH,Month-to-month,2,59.0,114.15,DSL,Electronic check,No,No,No,0.8011529447499801,High
8999-BOHSE,Month-to-month,11,89.7,1047.7,Fiber optic,Bank transfer (automatic),No,No,Yes,0.800710372005847,High
7206-PQBBZ,Month-to-month,11,70.2,834.7,Fiber optic,Electronic check,No,No,No,0.8007007602161601,High
0576-WNXXC,Month-to-month,27,95.55,2510.2,Fiber optic,Electronic check,No,No,Yes,0.8006981225239374,High
8276-MQBYC,Month-to-month,51,97.8,4913.3,Fiber optic,Electronic check,No,No,Yes,0.8005953555725123,High
2057-ZBLPD,Month-to-month,21,86.5,1808.7,Fiber optic,Electronic check,No,No,Yes,0.8005545644302184,High
1268-ASBGA,Month-to-month,16,85.35,1375.15,Fiber optic,Credit card (automatic),No,No,Yes,0.8002655733070378,High
6331-EWIEB,Month-to-month,20,85.25,1734.5,Fiber optic,Electronic check,No,No,Yes,0.7998246061442984,High
4030-VPZBD,Month-to-month,2,30.9,59.05,DSL,Electronic check,Yes,No,Yes,0.7995031593819153,High
9606-PBKBQ,Month-to-month,32,85.0,2642.05,Fiber optic,Electronic check,No,No,Yes,0.7992739874146759,High
9208-OLGAQ,Month-to-month,18,84.95,1443.65,Fiber optic,Electronic check,No,No,No,0.7991832465647315,High
7240-ETPTR,Month-to-month,9,48.75,442.2,DSL,Electronic check,No,No,Yes,0.7989761447832062,High
8111-SLLHI,Month-to-month,39,105.65,4284.8,Fiber optic,Electronic check,No,No,Yes,0.7989484866921619,High
8903-XEBGX,Month-to-month,2,55.3,108.65,DSL,Electronic check,No,No,No,0.7988491221114616,High
3717-OEAUQ,Month-to-month,2,70.7,129.2,Fiber optic,Mailed check,No,No,No,0.7985496349259454,High
9647-ERGBE,Month-to-month,30,100.05,3046.15,Fiber optic,Electronic check,No,No,Yes,0.7984372433442756,High
0939-YAPAF,Month-to-month,35,100.25,3527.6,Fiber optic,Electronic check,No,No,Yes,0.7983200431104711,High
5366-IJEQJ,Month-to-month,20,88.7,1761.45,Fiber optic,Electronic check,No,No,Yes,0.7981742207017662,High
7511-YMXVQ,Month-to-month,9,45.4,418.8,DSL,Electronic check,No,No,Yes,0.7979614626274173,High
1571-SAVHK,Month-to-month,12,99.95,1132.75,Fiber optic,Mailed check,Yes,No,Yes,0.7978897208094073,High
5519-YLDGW,Month-to-month,21,103.9,2254.2,Fiber optic,Electronic check,No,Yes,Yes,0.7973241530572968,High
3671-SHRSP,Month-to-month,4,80.6,319.15,Fiber optic,Mailed check,Yes,No,Yes,0.7971764495230236,High
0875-CABNR,Month-to-month,10,84.6,865.55,Fiber optic,Credit card (automatic),No,No,Yes,0.7970243318019041,High
6235-VDHOM,Month-to-month,5,28.45,131.05,DSL,Electronic check,No,No,Yes,0.7969036747813071,High
5628-FCGYG,Month-to-month,21,84.1,1737.45,Fiber optic,Electronic check,No,No,No,0.7966932713520769,High
9121-PHQSR,Month-to-month,16,85.05,1391.15,Fiber optic,Credit card (automatic),No,No,No,0.79652173766608,High
8642-GVWRF,Month-to-month,2,79.7,165.0,Fiber optic,Bank transfer (automatic),No,No,Yes,0.7965087557852372,High
1084-UQCHV,Month-to-month,1,69.75,69.75,Fiber optic,Bank transfer (automatic),No,No,Yes,0.7963210470314769,High
4195-NZGTA,Month-to-month,1,25.25,25.25,DSL,Electronic check,No,No,No,0.7961316327992166,High
1965-AKTSX,Month-to-month,14,78.95,1101.85,Fiber optic,Electronic check,No,No,Yes,0.7961312338799696,High
9227-LUNBG,Month-to-month,1,24.6,24.6,DSL,Electronic check,No,No,Yes,0.7958179973727313,High
5923-GXUOC,Month-to-month,10,104.4,1081.45,Fiber optic,Electronic check,No,Yes,Yes,0.7957083798086266,High
8734-DKSTZ,Month-to-month,10,85.95,858.6,Fiber optic,Electronic check,No,No,No,0.7956970835340306,High
9102-IAYHT,Month-to-month,17,85.45,1451.6,Fiber optic,Electronic check,No,No,Yes,0.7952656044969527,High
6034-YMTOB,Month-to-month,5,75.65,399.45,Fiber optic,Mailed check,Yes,No,No,0.7950585013102286,High
2141-RRYGO,Month-to-month,4,68.65,261.25,DSL,Bank transfer (automatic),No,No,Yes,0.794723372713458,High
8648-PFRMP,Month-to-month,14,46.35,672.7,DSL,Electronic check,No,No,No,0.7941305523043389,High
0396-YCHWO,Month-to-month,36,95.4,3474.2,Fiber optic,Electronic check,No,No,No,0.7938501986914299,High
9992-RRAMN,Month-to-month,22,85.1,1873.7,Fiber optic,Electronic check,No,No,Yes,0.7936728284780301,High
9572-WUKSB,Month-to-month,3,29.9,92.25,DSL,Electronic check,Yes,No,No,0.793568001631198,High
3488-PGMQJ,Month-to-month,8,74.5,606.55,Fiber optic,Electronic check,No,No,Yes,0.7931917709467758,High
5960-MVTUK,Month-to-month,3,29.75,96.85,DSL,Electronic check,Yes,No,No,0.7927166244933678,High
9874-QLCLH,Month-to-month,17,104.2,1743.5,Fiber optic,Electronic check,No,Yes,Yes,0.7926318517515516,High
1771-OADNZ,Month-to-month,29,95.9,2745.2,Fiber optic,Electronic check,No,No,Yes,0.792355457699344,High
4612-SSVHJ,Month-to-month,20,81.45,1671.6,Fiber optic,Electronic check,No,No,No,0.7922932728783686,High
5590-BYNII,Month-to-month,22,100.75,2095.0,Fiber optic,Electronic check,No,Yes,Yes,0.7921084185321693,High
7748-UMTRK,Month-to-month,30,101.3,2974.5,Fiber optic,Electronic check,Yes,No,No,0.7919169904165323,High
4325-NFSKC,Month-to-month,19,90.6,1660.0,Fiber optic,Electronic check,No,Yes,Yes,0.791732867663921,High
4283-FUTGF,Month-to-month,19,79.85,1471.75,Fiber optic,Electronic check,No,No,Yes,0.7915373801519612,High
4236-UJPWO,Month-to-month,2,24.5,46.4,DSL,Electronic check,No,No,No,0.7914687034374797,High
5271-DBYSJ,Month-to-month,11,79.15,827.7,Fiber optic,Credit card (automatic),No,No,No,0.7914581151738698,High
2034-CGRHZ,Month-to-month,24,102.95,2496.7,Fiber optic,Credit card (automatic),No,No,Yes,0.7914562302301599,High
6637-KYRCV,Month-to-month,5,30.5,167.2,DSL,Electronic check,No,No,No,0.7913485537626784,High
7517-LDMPS,Month-to-month,12,84.6,1017.35,Fiber optic,Electronic check,No,No,No,0.7912173418110723,High
2080-CAZNM,Month-to-month,41,104.4,4133.95,Fiber optic,Electronic check,No,No,No,0.7909882590000041,High
0148-DCDOS,Month-to-month,25,94.7,2362.1,Fiber optic,Bank transfer (automatic),No,No,Yes,0.7908209254526987,High
1112-CUNAO,Month-to-month,15,89.85,1424.95,Fiber optic,Electronic check,No,No,Yes,0.7907425335567336,High
0135-NMXAP,Month-to-month,12,89.75,1052.4,Fiber optic,Bank transfer (automatic),No,No,Yes,0.7904906621661408,High
8010-EZLOU,Month-to-month,15,80.2,1217.25,Fiber optic,Electronic check,No,No,Yes,0.790444260575217,High
4822-YCXMX,Month-to-month,25,84.8,2043.45,Fiber optic,Electronic check,No,No,Yes,0.790299256178042,High
2568-OIADY,Month-to-month,37,99.5,3762.0,Fiber optic,Electronic check,No,No,Yes,0.7901486691774209,High
1867-BDVFH,Month-to-month,11,74.35,834.2,Fiber optic,Electronic check,No,No,Yes,0.7901382442799922,High
2626-URJFX,Month-to-month,4,50.9,225.6,DSL,Electronic check,No,No,Yes,0.7899850636371303,High
1666-JXLKU,Month-to-month,37,100.05,3810.55,Fiber optic,Electronic check,No,No,No,0.7896326282904894,High
6502-HCJTI,Month-to-month,7,94.7,673.1,Fiber optic,Credit card (automatic),No,Yes,Yes,0.7895181161013546,High
5959-BELXA,Month-to-month,32,96.15,3019.25,Fiber optic,Credit card (automatic),No,No,Yes,0.789368650369986,High
9620-ENEJV,Month-to-month,6,70.55,433.95,Fiber optic,Credit card (automatic),No,No,No,0.7889538901140615,High
7928-VJYAB,Month-to-month,11,90.6,1020.2,Fiber optic,Electronic check,No,No,No,0.7888875470517585,High
6267-DCFFZ,Month-to-month,30,90.05,2627.2,Fiber optic,Electronic check,No,No,No,0.7888438761908408,High
3797-FKOGQ,Month-to-month,11,86.2,893.2,Fiber optic,Electronic check,No,No,No,0.7887184683150125,High
3427-GGZZI,Month-to-month,19,89.1,1620.8,Fiber optic,Electronic check,No,No,No,0.7886470325073917,High
4433-JCGCG,Month-to-month,46,101.0,4680.05,Fiber optic,Electronic check,No,No,Yes,0.7884015184007548,High
8709-KRDVL,Month-to-month,33,100.0,3320.6,Fiber optic,Electronic check,No,No,No,0.7883339445555301,High
1689-YQBYY,Month-to-month,12,76.6,893.0,Fiber optic,Electronic check,No,No,No,0.7881109098292978,High
7714-YXSMB,Month-to-month,26,100.5,2599.95,Fiber optic,Bank transfer (automatic),No,No,No,0.7879248388647103,High
5219-YIPTK,Month-to-month,33,104.4,3409.6,Fiber optic,Electronic check,No,No,Yes,0.7878813363968281,High
3703-VAVCL,Month-to-month,2,90.0,190.05,Fiber optic,Credit card (automatic),Yes,No,Yes,0.7875447988106462,High
8993-PHFWD,Month-to-month,3,25.25,58.9,DSL,Electronic check,No,No,Yes,0.7874745259100235,High
1751-NCDLI,Month-to-month,46,98.85,4564.9,Fiber optic,Electronic check,No,No,No,0.7873338742035524,High
1891-UAWWU,Month-to-month,20,90.8,1951.0,Fiber optic,Electronic check,No,No,Yes,0.7872003920593758,High
7495-OOKFY,Month-to-month,8,80.65,633.3,Fiber optic,Credit card (automatic),No,No,Yes,0.7870447042425631,High
1302-UHBDD,Month-to-month,20,89.95,1648.45,Fiber optic,Electronic check,No,No,No,0.7862865411177757,High
3588-WSTTJ,Month-to-month,35,99.05,3554.6,Fiber optic,Electronic check,No,Yes,No,0.7859757946361369,High
8118-TJAFG,Month-to-month,9,101.5,906.85,Fiber optic,Electronic check,Yes,No,No,0.7858844859994363,High
9961-JBNMK,Month-to-month,21,96.8,2030.3,Fiber optic,Bank transfer (automatic),No,No,Yes,0.7857045063779182,High
2506-CLAKW,Month-to-month,6,98.15,567.45,Fiber optic,Bank transfer (automatic),Yes,Yes,Yes,0.7856622697718976,High
3223-WZWJM,Month-to-month,26,83.95,2254.2,Fiber optic,Electronic check,No,No,Yes,0.7854888032984083,High
7853-OETYL,Month-to-month,4,29.05,129.6,DSL,Electronic check,No,Yes,No,0.7854138227152894,High
9743-DQKQW,Month-to-month,3,25.1,79.8,DSL,Electronic check,No,No,No,0.7853613075896095,High
8224-DWCKX,Month-to-month,12,73.3,828.05,Fiber optic,Credit card (automatic),No,No,No,0.7852730561181022,High
2592-SEIFQ,Month-to-month,3,24.75,66.95,DSL,Electronic check,No,No,Yes,0.7851859586538064,High
5949-XIKAE,Month-to-month,8,83.55,680.05,Fiber optic,Electronic check,No,No,Yes,0.784821494810502,High
3597-MVHJT,Month-to-month,27,95.6,2595.25,Fiber optic,Bank transfer (automatic),No,No,No,0.7845142213543801,High
4873-ILOLJ,Month-to-month,24,90.35,2238.5,Fiber optic,Electronic check,No,No,Yes,0.7839339709789516,High
5947-SGKCL,Month-to-month,15,105.35,1559.25,Fiber optic,Bank transfer (automatic),No,No,No,0.7839098403811371,High
6390-DSAZX,Month-to-month,1,73.6,73.6,Fiber optic,Mailed check,No,Yes,Yes,0.7837237283036239,High
7537-RBWEA,Month-to-month,1,25.15,25.15,DSL,Mailed check,No,No,No,0.7837201254539711,High
6032-IGALN,Month-to-month,1,25.1,25.1,DSL,Mailed check,No,No,Yes,0.7836949432269213,High
2408-WITXK,Month-to-month,10,34.7,329.8,DSL,Electronic check,No,No,Yes,0.7836415780652234,High
5940-NFXKV,Month-to-month,19,83.65,1465.75,Fiber optic,Electronic check,No,No,Yes,0.7836318455832436,High
1907-UBQFC,Month-to-month,10,72.85,688.65,Fiber optic,Electronic check,No,No,Yes,0.7836135067423247,High
4367-NHWMM,Month-to-month,1,24.9,24.9,DSL,Mailed check,No,No,No,0.7835941930916168,High
9190-MFJLN,Month-to-month,19,95.9,1777.9,Fiber optic,Credit card (automatic),No,No,Yes,0.7835222409254302,High
0928-XUTSN,Month-to-month,13,80.5,1011.8,Fiber optic,Electronic check,No,No,No,0.7835180420428361,High
8634-MPHTR,Month-to-month,47,100.05,4871.05,Fiber optic,Electronic check,No,No,Yes,0.7835090610551717,High
7892-POOKP,Month-to-month,28,104.8,3046.05,Fiber optic,Electronic check,Yes,No,Yes,0.7832761405892107,High
3130-ICDUP,Month-to-month,2,80.55,188.1,Fiber optic,Credit card (automatic),No,Yes,No,0.7831606562619812,High
9638-JIQYA,Month-to-month,2,24.9,49.7,DSL,Credit card (automatic),No,No,No,0.7829716563420761,High
7315-WYOAW,Month-to-month,13,100.75,1313.25,Fiber optic,Electronic check,Yes,No,No,0.782962940801445,High
4124-MMETB,Month-to-month,22,94.65,2104.55,Fiber optic,Credit card (automatic),No,No,Yes,0.7827586349163326,High
8374-XGEJJ,Month-to-month,43,101.0,4388.4,Fiber optic,Electronic check,No,No,Yes,0.7826887853247015,High
2860-RANUS,Month-to-month,20,85.8,1727.5,Fiber optic,Credit card (automatic),No,No,Yes,0.7823658173687467,High
0115-TFERT,Month-to-month,21,111.2,2317.1,Fiber optic,Electronic check,Yes,No,Yes,0.782178206670623,High
3751-KTZEL,Month-to-month,1,35.05,35.05,DSL,Mailed check,No,No,Yes,0.7820899522929909,High
1754-GKYPY,Month-to-month,22,89.75,1938.9,Fiber optic,Bank transfer (automatic),No,No,No,0.7819878162770639,High
5692-ICXLW,Month-to-month,31,90.7,2845.15,Fiber optic,Electronic check,No,No,No,0.7818981348454648,High
1792-UXAFY,Month-to-month,17,89.15,1496.9,Fiber optic,Electronic check,No,No,Yes,0.7818505950176828,High
2397-BRLOM,Month-to-month,8,80.45,583.45,Fiber optic,Credit card (automatic),No,No,Yes,0.7817968393018729,High
5228-EXCET,Month-to-month,13,80.85,1008.7,Fiber optic,Electronic check,No,No,Yes,0.7816300781167917,High
5380-WJKOV,Month-to-month,34,106.35,3549.25,Fiber optic,Electronic check,No,No,Yes,0.7815728427833077,High
7912-SYRQT,Month-to-month,7,75.1,552.95,Fiber optic,Bank transfer (automatic),No,No,Yes,0.7815449441578112,High
3672-YITQD,Month-to-month,36,84.1,3021.6,Fiber optic,Electronic check,No,No,Yes,0.7814347714877389,High
6048-QBXKL,Month-to-month,2,56.55,118.25,DSL,Credit card (automatic),No,No,No,0.7813146565800192,High
9136-ALYBR,Month-to-month,1,24.45,24.45,DSL,Mailed check,No,No,Yes,0.7813008320170537,High
7089-IVVAZ,Month-to-month,8,103.35,847.3,Fiber optic,Bank transfer (automatic),Yes,Yes,Yes,0.7811627090348108,High
7901-TBKJX,Month-to-month,56,101.05,5594.0,Fiber optic,Electronic check,No,No,No,0.7804642250131222,High
7142-HVGBG,Month-to-month,43,103.0,4414.3,Fiber optic,Electronic check,No,No,Yes,0.7801978962996063,High
3336-JORSO,Month-to-month,33,110.45,3655.45,Fiber optic,Electronic check,Yes,No,Yes,0.780040116606781,High
1379-FRVEB,Month-to-month,15,91.0,1430.05,Fiber optic,Electronic check,No,No,No,0.7799956409729291,High
8325-QRPZR,Month-to-month,7,75.15,525.0,Fiber optic,Electronic check,No,No,No,0.7796754613733391,High
9436-ZBZCT,Month-to-month,14,89.95,1178.4,Fiber optic,Electronic check,Yes,No,Yes,0.7796579248989384,High
9398-MMQTO,Month-to-month,3,74.45,221.1,Fiber optic,Credit card (automatic),No,No,No,0.7796527236921635,High
6319-IEJWJ,Month-to-month,20,90.2,1776.55,Fiber optic,Electronic check,No,No,Yes,0.7796034493807024,High
6900-PXRMS,Month-to-month,26,105.75,2710.25,Fiber optic,Electronic check,No,No,Yes,0.7795881335197089,High
5027-QPKTE,Month-to-month,7,69.35,451.1,Fiber optic,Electronic check,No,No,Yes,0.7789706905123066,High
1583-IHQZE,Month-to-month,12,112.95,1384.75,Fiber optic,Mailed check,Yes,No,Yes,0.7786875859463995,High
3317-VLGQT,Month-to-month,14,78.1,1122.4,Fiber optic,Electronic check,No,No,No,0.7786194314612631,High
7734-DBOAI,Month-to-month,1,40.1,40.1,DSL,Electronic check,Yes,No,Yes,0.7786073077714012,High
4803-AXVYP,Month-to-month,38,99.55,3734.25,Fiber optic,Electronic check,Yes,No,Yes,0.7783298338721587,High
4291-SHSBH,Month-to-month,7,69.55,521.35,Fiber optic,Electronic check,No,No,No,0.7782554600509364,High
6242-MBHPK,Month-to-month,23,95.1,2326.05,Fiber optic,Electronic check,No,Yes,No,0.7779986399546901,High
0674-DGMAQ,Month-to-month,32,93.5,2970.8,Fiber optic,Electronic check,No,No,No,0.7778654542900002,High
9714-EDSUC,Month-to-month,4,94.9,360.55,Fiber optic,Mailed check,Yes,Yes,No,0.7777739885349002,High
2951-QOQTK,Month-to-month,4,80.8,332.45,Fiber optic,Credit card (automatic),Yes,No,Yes,0.7777644746563557,High
0689-NKYLF,Month-to-month,13,83.2,1060.6,Fiber optic,Electronic check,No,No,Yes,0.7775444674822942,High
1475-VWVDO,Month-to-month,7,74.9,490.55,Fiber optic,Electronic check,No,No,No,0.7774552021446585,High
5759-RCVCB,Month-to-month,3,35.2,108.95,DSL,Credit card (automatic),No,No,Yes,0.7773532286853869,High
9842-EFSYY,Month-to-month,4,57.2,223.75,DSL,Mailed check,No,Yes,No,0.7770559517950569,High
4277-PVRAN,Month-to-month,8,80.1,679.3,Fiber optic,Bank transfer (automatic),No,No,Yes,0.7766909866356659,High
7426-RHZGU,Month-to-month,9,95.9,827.45,Fiber optic,Bank transfer (automatic),Yes,No,No,0.7766767246859139,High
6496-JDSSB,Month-to-month,8,80.0,624.6,Fiber optic,Bank transfer (automatic),No,No,No,0.7766394496590325,High
9921-ZVRHG,Month-to-month,14,80.45,1072.0,Fiber optic,Electronic check,No,No,Yes,0.7765927847782721,High
5600-KTXFM,Month-to-month,2,69.95,143.9,Fiber optic,Mailed check,No,No,No,0.7764411073133235,High
0125-LZQXK,Month-to-month,15,101.35,1553.95,Fiber optic,Electronic check,Yes,No,Yes,0.7762923195824883,High
3334-CTHOL,Month-to-month,1,49.95,49.95,DSL,Bank transfer (automatic),No,No,Yes,0.7759914707003197,High
1932-UEDCX,Month-to-month,33,100.6,3270.25,Fiber optic,Bank transfer (automatic),No,No,No,0.7759759768783249,High
7137-RYLPP,Month-to-month,37,85.7,3171.15,Fiber optic,Electronic check,No,No,Yes,0.7759654887960414,High
8356-WUAOJ,Month-to-month,1,45.0,45.0,DSL,Electronic check,No,No,No,0.7759042684654788,High
7056-IMHCC,Month-to-month,53,101.9,5549.4,Fiber optic,Electronic check,No,No,Yes,0.775865071166887,High
0147-ESWWR,Month-to-month,39,101.25,3949.15,Fiber optic,Electronic check,Yes,No,No,0.7754759147606243,High
6128-CZOMY,Month-to-month,1,45.65,45.65,DSL,Electronic check,No,No,Yes,0.7754149041640951,High
5077-DXTCG,Month-to-month,1,45.3,45.3,DSL,Electronic check,No,No,Yes,0.7752337550551474,High
7159-FVYPK,Month-to-month,3,69.15,235.0,DSL,Bank transfer (automatic),No,No,No,0.7751187715641895,High
9355-NPPFS,Month-to-month,26,78.8,2006.1,Fiber optic,Electronic check,No,No,No,0.7750948168642215,High
2504-DSHIH,Month-to-month,23,86.8,1975.85,Fiber optic,Electronic check,No,No,No,0.7748826795517801,High
1196-AMORA,Month-to-month,7,73.6,520.0,Fiber optic,Electronic check,No,No,Yes,0.7747143498787359,High
3346-BRMIS,Month-to-month,18,48.35,810.7,DSL,Electronic check,No,No,Yes,0.7747139256433129,High
4855-SNKMY,Month-to-month,1,44.1,44.1,DSL,Electronic check,No,No,Yes,0.7746118849780849,High
6907-NZZIJ,Month-to-month,36,99.15,3615.6,Fiber optic,Electronic check,No,No,Yes,0.7744489435072575,High
9129-UXERG,Month-to-month,18,103.6,1806.35,Fiber optic,Credit card (automatic),Yes,No,No,0.7743136184510279,High
2135-RXIHG,Month-to-month,1,45.65,45.65,DSL,Electronic check,No,No,Yes,0.7732944474380185,High
6646-VRFOL,Month-to-month,53,103.85,5485.5,Fiber optic,Electronic check,No,No,Yes,0.7732925763100502,High
2082-CEFLT,Month-to-month,1,45.6,45.6,DSL,Electronic check,No,No,Yes,0.7732684024954996,High
1597-FZREH,Month-to-month,2,76.4,160.8,DSL,Electronic check,Yes,No,Yes,0.7730914901332738,High
9367-WXLCH,Month-to-month,8,84.5,662.65,Fiber optic,Bank transfer (automatic),No,No,Yes,0.7729807520771017,High
8705-WZCYL,Month-to-month,1,44.8,44.8,DSL,Electronic check,No,No,No,0.7728513958295519,High
4373-VVHQL,Month-to-month,1,44.75,44.75,DSL,Electronic check,No,No,No,0.7728253149403712,High
4716-HHKQH,Month-to-month,20,107.05,2172.05,Fiber optic,Electronic check,Yes,No,No,0.7725829037519258,High
1766-GKNMI,Month-to-month,29,84.9,2516.2,Fiber optic,Electronic check,No,No,No,0.7724127913210441,High
6608-QQLVK,Month-to-month,1,50.5,50.5,DSL,Electronic check,No,No,Yes,0.7722203160830493,High
7861-UVUFT,Month-to-month,15,84.3,1308.4,Fiber optic,Electronic check,No,No,Yes,0.7718946145328343,High
5934-RMPOV,Month-to-month,22,84.75,1816.75,Fiber optic,Electronic check,No,No,No,0.7718588499145002,High
6959-UWKHF,Month-to-month,1,42.9,42.9,DSL,Electronic check,No,No,Yes,0.7718588359964025,High
3234-VKACU,Month-to-month,2,70.3,132.4,DSL,Electronic check,Yes,No,No,0.7713796006385204,High
9588-OZDMQ,Month-to-month,2,45.0,89.75,DSL,Electronic check,No,No,No,0.771305130730761,High
8621-MNIHH,Month-to-month,34,94.25,3217.55,Fiber optic,Electronic check,No,No,Yes,0.7712024852421696,High
4729-XKASR,Month-to-month,1,24.75,24.75,DSL,Electronic check,No,No,Yes,0.7709962943267633,High
0946-CLJTI,Month-to-month,58,98.7,5812.6,Fiber optic,Electronic check,No,No,Yes,0.7709377967329556,High
9389-ACWBI,Month-to-month,5,69.95,320.4,Fiber optic,Credit card (automatic),No,No,No,0.7708521482427081,High
2754-XBHTB,Month-to-month,9,77.65,714.15,Fiber optic,Bank transfer (automatic),No,No,Yes,0.7708198363996295,High
0524-IAVZO,Month-to-month,30,85.0,2624.25,Fiber optic,Electronic check,No,No,Yes,0.7708119408429721,High
7534-BFESC,Month-to-month,24,76.1,1712.7,Fiber optic,Electronic check,No,No,Yes,0.7707057151201189,High
6519-CFDBX,Month-to-month,2,45.4,80.95,DSL,Electronic check,No,No,No,0.7706774393444035,High
3753-TSEMP,Month-to-month,15,88.15,1390.6,Fiber optic,Electronic check,No,No,Yes,0.770652707145116,High
4009-ALQFH,Month-to-month,25,99.5,2369.05,Fiber optic,Electronic check,No,No,Yes,0.7706513646412881,High
0886-QGENL,Month-to-month,27,101.25,2754.45,Fiber optic,Electronic check,No,Yes,Yes,0.770419850718781,High
2398-YPMUR,Month-to-month,13,70.15,916.75,Fiber optic,Electronic check,No,No,Yes,0.7701884873216921,High
6212-ATMLK,Month-to-month,50,95.7,4729.75,Fiber optic,Electronic check,No,No,No,0.7701547516849594,High
6088-BXMRG,Month-to-month,32,98.85,3089.6,Fiber optic,Electronic check,No,No,No,0.7699051537653055,High
5650-VDUDS,Month-to-month,4,24.25,96.05,DSL,Mailed check,No,No,Yes,0.7695945710277295,High
8270-RKSAP,Month-to-month,9,70.5,597.9,Fiber optic,Electronic check,No,No,No,0.7695603897362082,High
4572-DVCGN,Month-to-month,10,80.25,846.0,Fiber optic,Bank transfer (automatic),No,No,Yes,0.769349820078322,High
2025-JKFWI,Month-to-month,13,99.0,1301.7,Fiber optic,Mailed check,Yes,No,Yes,0.7691119325438537,High
4299-SIMNS,Month-to-month,9,81.15,784.45,Fiber optic,Electronic check,No,Yes,No,0.7690568590260489,High
4686-UXDML,Month-to-month,21,99.85,1992.55,Fiber optic,Credit card (automatic),No,No,No,0.7689587444344584,High
2685-SREOM,Month-to-month,25,89.1,2368.4,Fiber optic,Electronic check,No,No,Yes,0.7687266596687535,High
4662-EKDPQ,Month-to-month,2,62.05,118.3,DSL,Bank transfer (automatic),No,No,Yes,0.7687037972962312,High
1989-PRJHP,Month-to-month,27,75.5,1893.95,Fiber optic,Electronic check,No,No,Yes,0.7685991370828186,High
4349-GFQHK,Month-to-month,1,54.35,54.35,DSL,Electronic check,No,No,Yes,0.768505782892589,High
8818-DOPVL,Month-to-month,46,104.45,4863.85,Fiber optic,Electronic check,No,No,No,0.7684783729197127,High
2962-XPMCQ,Month-to-month,2,45.15,98.5,DSL,Electronic check,No,No,Yes,0.7683934405410613,High
5144-TVGLP,Month-to-month,38,94.75,3653.0,Fiber optic,Electronic check,No,No,No,0.7683801624249944,High
2824-MYYBN,Month-to-month,37,95.25,3314.15,Fiber optic,Electronic check,No,No,No,0.7683464826457678,High
7072-MBHEV,Month-to-month,11,78.1,864.85,Fiber optic,Credit card (automatic),No,No,No,0.7683139617252406,High
2460-NGXBJ,Month-to-month,11,75.2,775.3,Fiber optic,Credit card (automatic),No,No,No,0.7682738871606907,High
3269-ATYWD,Month-to-month,39,95.65,3759.05,Fiber optic,Bank transfer (automatic),No,No,Yes,0.7682712746581021,High
3995-WFCSM,Month-to-month,2,60.85,111.4,DSL,Electronic check,No,No,No,0.7682599849237925,High
9907-SWKKF,Month-to-month,1,25.05,25.05,DSL,Mailed check,No,No,Yes,0.7680392635486736,High
4441-NIHPT,Month-to-month,13,74.3,940.35,Fiber optic,Electronic check,No,No,Yes,0.7678901004114778,High
6339-YPSAH,Month-to-month,9,73.8,704.3,Fiber optic,Electronic check,No,No,No,0.7676534626320555,High
4412-YLTKF,Month-to-month,27,78.05,2135.5,Fiber optic,Electronic check,No,No,Yes,0.767609090649094,High
6032-KRXXO,Month-to-month,30,90.25,2755.35,Fiber optic,Electronic check,No,No,Yes,0.7676018683828866,High
9054-FOWNV,Month-to-month,22,88.75,1885.15,Fiber optic,Electronic check,No,No,No,0.7672003832702763,High
5356-CSVSQ,Month-to-month,3,64.6,174.2,DSL,Electronic check,Yes,No,No,0.7670317956608321,High
4971-PUYQO,Month-to-month,27,94.55,2724.6,Fiber optic,Mailed check,No,No,Yes,0.7670201675757119,High
4301-VVZKA,Month-to-month,16,75.4,1189.4,Fiber optic,Electronic check,No,No,No,0.7670144951863153,High
7851-FLGGQ,Month-to-month,1,44.65,44.65,DSL,Mailed check,Yes,No,Yes,0.7669966541616523,High
5520-FVEWJ,Month-to-month,12,84.5,916.9,Fiber optic,Electronic check,No,No,Yes,0.7663910573397973,High
1866-OBPNR,Month-to-month,1,74.6,74.6,Fiber optic,Credit card (automatic),No,No,No,0.7661378880416458,High
8063-RJYNF,Month-to-month,16,94.25,1483.25,Fiber optic,Electronic check,No,Yes,Yes,0.7658351402666539,High
4998-IKFSE,Month-to-month,30,100.45,3096.9,Fiber optic,Electronic check,No,No,No,0.7657195463828914,High
5405-ZMYXQ,Month-to-month,8,74.6,548.9,Fiber optic,Credit card (automatic),No,No,No,0.7656996745139556,High
8784-CGILN,Month-to-month,18,99.85,1776.95,Fiber optic,Bank transfer (automatic),Yes,No,Yes,0.7656934196714147,High
0027-KWYKW,Month-to-month,23,83.75,1849.95,Fiber optic,Electronic check,No,No,No,0.7656871337132942,High
5976-JCJRH,Month-to-month,10,70.3,738.2,Fiber optic,Electronic check,No,No,Yes,0.7656159115468832,High
9172-JITSM,Month-to-month,26,90.8,2361.8,Fiber optic,Electronic check,No,No,Yes,0.7656036248894086,High
6379-RXJRQ,Month-to-month,10,70.1,659.65,Fiber optic,Electronic check,No,No,Yes,0.7655092602033492,High
0093-EXYQL,Month-to-month,40,91.55,3673.6,Fiber optic,Electronic check,No,No,No,0.7652589338451247,High
9524-EGPJC,Month-to-month,18,90.1,1612.75,Fiber optic,Electronic check,Yes,No,Yes,0.7652077785474003,High
5599-HVLTW,Month-to-month,14,80.35,1058.1,Fiber optic,Bank transfer (automatic),No,No,No,0.7647119344299002,High
2482-CZGBB,Month-to-month,10,70.0,740.0,Fiber optic,Electronic check,No,No,Yes,0.7646032316498627,High
4351-QLCSU,Month-to-month,1,55.0,55.0,DSL,Credit card (automatic),No,No,Yes,0.7645700112413021,High
3640-PHQXK,Month-to-month,31,89.9,2806.9,Fiber optic,Electronic check,No,No,Yes,0.764215100842602,High
8313-KTIHG,Month-to-month,4,61.3,249.4,DSL,Electronic check,Yes,No,No,0.7642029840568323,High
0947-IDHRQ,Month-to-month,7,80.3,526.7,Fiber optic,Mailed check,No,No,Yes,0.7642011381203856,High
0447-RXSGD,Month-to-month,24,99.65,2404.85,Fiber optic,Bank transfer (automatic),No,No,No,0.7638113258971287,High
1589-AGTLK,Month-to-month,3,45.35,141.5,DSL,Electronic check,No,No,Yes,0.7637943289821777,High
3806-DXQOM,Month-to-month,4,33.65,137.85,DSL,Electronic check,No,Yes,Yes,0.7637234144360097,High
2774-LVQUS,Month-to-month,15,83.05,1258.3,Fiber optic,Electronic check,Yes,No,Yes,0.7636136657999957,High
7321-PKUYW,Month-to-month,11,90.15,987.95,Fiber optic,Electronic check,Yes,No,Yes,0.7636018134788413,High
5364-XYIRR,Month-to-month,51,94.65,4812.75,Fiber optic,Electronic check,No,No,Yes,0.7635808727970079,High
4521-YEEHE,Month-to-month,18,88.85,1594.75,Fiber optic,Electronic check,Yes,No,No,0.7635502600594486,High
7587-RZNME,Month-to-month,3,43.3,123.65,DSL,Electronic check,No,No,Yes,0.7626936863077621,High
4480-QQRHC,Month-to-month,8,74.05,600.15,Fiber optic,Bank transfer (automatic),No,No,No,0.7626590222543239,High
7442-YGZFK,Month-to-month,1,49.8,49.8,DSL,Credit card (automatic),No,No,No,0.7626233133729715,High
4902-OHLSK,Month-to-month,29,98.65,2862.75,Fiber optic,Electronic check,Yes,No,Yes,0.7624579690916247,High
1513-XNPPH,Month-to-month,12,89.4,1095.65,Fiber optic,Electronic check,Yes,No,Yes,0.7624543084171417,High
9415-DPEWS,Month-to-month,18,88.35,1639.3,Fiber optic,Electronic check,Yes,No,Yes,0.7624238041541745,High
5569-OUICF,Month-to-month,28,101.3,2812.2,Fiber optic,Credit card (automatic),Yes,No,Yes,0.7622935032486713,High
8949-JTMAY,Month-to-month,29,98.6,2933.2,Fiber optic,Credit card (automatic),No,No,Yes,0.7622899582388836,High
8878-HMWBV,Month-to-month,3,49.15,169.05,DSL,Electronic check,No,No,Yes,0.762123881423757,High
6833-JMZYP,Month-to-month,15,94.0,1505.45,Fiber optic,Credit card (automatic),No,No,No,0.7621178547990594,High
2114-MGINA,Month-to-month,14,89.8,1129.1,Fiber optic,Mailed check,No,No,Yes,0.7620416507159303,High
2722-JMONI,Month-to-month,1,49.55,49.55,DSL,Electronic check,No,Yes,Yes,0.7619721706892234,High
2959-FENLU,Month-to-month,9,85.3,781.4,Fiber optic,Credit card (automatic),No,No,No,0.7618087053956606,High
9494-MRNYX,Month-to-month,10,75.05,786.3,Fiber optic,Electronic check,No,No,No,0.7614511956105341,High
0196-JTUQI,Month-to-month,9,75.2,633.85,Fiber optic,Credit card (automatic),No,No,No,0.7612797564858522,High
2249-YPRNG,Month-to-month,20,105.85,2239.65,Fiber optic,Bank transfer (automatic),No,No,Yes,0.7611112822162266,High
8436-BJUMM,Month-to-month,26,83.75,2070.6,Fiber optic,Electronic check,No,No,Yes,0.760812199012348,High
4201-JMNGR,Month-to-month,1,55.8,55.8,DSL,Electronic check,No,Yes,Yes,0.7607547325811633,High
2786-GCDPI,Month-to-month,50,104.95,5222.35,Fiber optic,Electronic check,Yes,No,No,0.7607158265540944,High
6821-BUXUX,Month-to-month,13,96.65,1244.5,Fiber optic,Electronic check,No,Yes,Yes,0.760666638770299,High
1976-CFOCS,Month-to-month,1,46.0,46.0,DSL,Electronic check,No,No,Yes,0.7604263101582118,High
5183-SNMJQ,Month-to-month,10,95.1,865.1,Fiber optic,Credit card (automatic),Yes,No,No,0.760424167401864,High
4583-PARNH,Month-to-month,16,91.55,1540.05,Fiber optic,Electronic check,Yes,No,No,0.7600373527675314,High
4074-SJFFA,Month-to-month,1,54.75,54.75,DSL,Mailed check,No,No,Yes,0.7599966487283106,High
5980-NOPLP,Month-to-month,44,96.1,4364.1,Fiber optic,Electronic check,No,No,Yes,0.7599533606348523,High
7404-JLKQG,Month-to-month,3,57.55,161.45,DSL,Electronic check,No,No,No,0.7599150919626451,High
4059-IIEBK,Month-to-month,7,78.55,522.95,Fiber optic,Bank transfer (automatic),No,No,No,0.7598253619668874,High
6692-UDPJC,Month-to-month,14,91.65,1301.0,Fiber optic,Electronic check,Yes,No,Yes,0.7596717917272109,High
4822-NGOCH,Month-to-month,13,84.45,1058.6,Fiber optic,Electronic check,No,No,Yes,0.7596651272240811,High
9692-TUSXH,Month-to-month,18,96.05,1740.7,Fiber optic,Electronic check,No,Yes,Yes,0.7594934773263194,High
2831-EBWRN,Month-to-month,4,45.9,199.75,DSL,Electronic check,No,No,No,0.7593226160055313,High
3518-PZXZQ,Month-to-month,1,55.3,55.3,DSL,Mailed check,No,No,No,0.7592927778881646,High
5879-SESNB,Month-to-month,11,75.25,888.65,Fiber optic,Electronic check,No,No,No,0.7589847901329859,High
9801-GDWGV,Month-to-month,39,103.45,3994.45,Fiber optic,Electronic check,No,No,Yes,0.7589758737998192,High
9133-AYJZG,Month-to-month,23,98.7,2249.1,Fiber optic,Credit card (automatic),No,No,No,0.7588716554007612,High
4749-VFKVB,Month-to-month,1,50.1,50.1,DSL,Mailed check,No,No,Yes,0.7586723109715056,High
8337-MSSXB,Month-to-month,14,86.3,1180.95,Fiber optic,Electronic check,No,No,Yes,0.7584203713903701,High
6629-CZTTH,Month-to-month,1,55.7,55.7,DSL,Mailed check,No,No,Yes,0.7582938113422422,High
7339-POGZN,Month-to-month,4,50.7,214.55,DSL,Electronic check,No,No,No,0.7582171601746158,High
7801-KICAO,Month-to-month,18,74.15,1345.75,Fiber optic,Electronic check,No,No,No,0.7581726053951391,High
8182-BJDSI,Month-to-month,28,89.95,2625.55,Fiber optic,Electronic check,No,No,Yes,0.7580770218911604,High
2187-PKZAY,Month-to-month,12,79.95,1043.4,Fiber optic,Bank transfer (automatic),No,No,No,0.7575135607159733,High
6185-TASNN,Month-to-month,1,46.3,46.3,DSL,Electronic check,No,No,No,0.7575015516203619,High
4929-BSTRX,Month-to-month,1,53.55,53.55,DSL,Mailed check,No,No,Yes,0.7574708267496555,High
9600-UDOPK,Month-to-month,30,94.05,2866.45,Fiber optic,Credit card (automatic),No,No,Yes,0.7574281851303482,High
5916-QEWPT,Month-to-month,2,69.0,147.8,DSL,Credit card (automatic),No,No,No,0.7573943247109238,High
1077-HUUJM,Month-to-month,7,71.05,472.65,Fiber optic,Electronic check,No,No,No,0.757201588368811,High
0315-LVCRK,Month-to-month,11,84.8,888.75,Fiber optic,Electronic check,No,No,No,0.7569931596030586,High
2575-GFSOE,Month-to-month,7,69.0,506.9,Fiber optic,Electronic check,No,No,Yes,0.7569537864640509,High
9708-HPXWZ,Month-to-month,5,45.4,214.75,DSL,Credit card (automatic),Yes,No,No,0.7569255558934446,High
4706-DGAHW,Month-to-month,1,45.2,45.2,DSL,Electronic check,No,No,No,0.7569006835045444,High
8080-DDEMJ,Month-to-month,1,45.1,45.1,DSL,Electronic check,No,No,Yes,0.7568460090447409,High
0023-XUOPT,Month-to-month,13,94.1,1215.6,Fiber optic,Electronic check,No,No,Yes,0.7567643524044727,High
1260-TTRXI,Month-to-month,4,54.3,195.3,DSL,Electronic check,No,No,Yes,0.7567459661353023,High
8104-OSKWT,Month-to-month,12,79.8,1001.2,Fiber optic,Electronic check,No,Yes,No,0.7562698757563495,High
9903-LYSAB,Month-to-month,18,73.15,1305.95,Fiber optic,Electronic check,No,No,No,0.7562674300395691,High
8720-RQSBJ,Month-to-month,1,44.0,44.0,DSL,Electronic check,No,No,No,0.7562440392991134,High
3143-JQEGI,Month-to-month,13,88.35,1222.8,Fiber optic,Electronic check,No,No,Yes,0.7559112668250374,High
8637-XJIVR,Month-to-month,12,78.95,927.35,Fiber optic,Electronic check,No,Yes,Yes,0.7558040595491735,High
2933-FILNV,Month-to-month,2,24.4,36.55,DSL,Mailed check,No,No,Yes,0.7556561659940614,High
4289-DTDKW,Month-to-month,40,101.3,4113.1,Fiber optic,Electronic check,No,No,Yes,0.7553881974486275,High
2386-LAHRK,Month-to-month,1,53.5,53.5,DSL,Mailed check,No,No,Yes,0.75520696445076,High
3550-SAHFP,Month-to-month,33,83.35,2757.85,Fiber optic,Electronic check,No,No,Yes,0.754817711136643,High
0529-ONKER,Month-to-month,15,75.65,1146.65,Fiber optic,Electronic check,No,No,Yes,0.7547077684567082,High
7129-ACFOG,Month-to-month,5,53.8,283.95,DSL,Electronic check,No,Yes,No,0.754699689531639,High
9866-QEVEE,Month-to-month,19,86.0,1532.45,Fiber optic,Bank transfer (automatic),No,No,Yes,0.7546314011488728,High
3644-QXEHN,Month-to-month,13,97.0,1334.45,Fiber optic,Electronic check,No,No,No,0.7546244140393439,High
0067-DKWBL,Month-to-month,2,49.25,91.1,DSL,Electronic check,No,Yes,Yes,0.7538943678260855,High
3798-EPWRR,Month-to-month,2,43.95,85.1,DSL,Electronic check,No,No,No,0.7536033074101031,High
1597-LHYNC,Month-to-month,26,95.0,2497.2,Fiber optic,Electronic check,No,Yes,Yes,0.7535690187340193,High
3703-KBKZP,Month-to-month,16,74.45,1261.35,Fiber optic,Bank transfer (automatic),No,No,No,0.7534372352351408,High
9490-DFPMD,Month-to-month,42,84.65,3541.35,Fiber optic,Electronic check,No,No,Yes,0.7531118366526718,High
9752-ZNQUT,Month-to-month,1,48.6,48.6,DSL,Electronic check,No,No,No,0.7530020511647,High
6204-IEUXJ,Month-to-month,3,80.1,217.55,Fiber optic,Credit card (automatic),Yes,No,Yes,0.7525406486378059,High
4559-UWIHT,Month-to-month,14,82.65,1185.0,Fiber optic,Electronic check,No,No,No,0.7524726751887456,High
9828-AOQLM,Month-to-month,1,45.7,45.7,DSL,Electronic check,No,No,Yes,0.752000884431104,High
4317-VTEOA,Month-to-month,1,50.75,50.75,DSL,Electronic check,No,No,Yes,0.7519314845836397,High
8059-UDZFY,Month-to-month,33,105.35,3465.05,Fiber optic,Bank transfer (automatic),No,No,No,0.7518723501374799,High
1230-QAJDW,Month-to-month,3,65.25,209.9,DSL,Mailed check,Yes,No,No,0.75155214474446,High
2988-PLAHS,One year,3,69.95,220.45,DSL,Electronic check,No,No,No,0.7513825178158013,High
8610-WFCJF,Month-to-month,49,95.6,4783.5,Fiber optic,Electronic check,No,No,Yes,0.7512273158039443,High
2154-KVJFF,Month-to-month,15,79.75,1111.85,Fiber optic,Electronic check,No,No,Yes,0.7511744932237038,High
3627-FHKBK,Month-to-month,1,75.3,75.3,Fiber optic,Mailed check,No,Yes,Yes,0.7509803090140689,High
0337-CNPZE,Month-to-month,41,106.3,4443.45,Fiber optic,Electronic check,No,No,Yes,0.7508255275081894,High
8665-UTDHZ,Month-to-month,1,30.2,30.2,DSL,Electronic check,No,No,Yes,0.7505712344494693,High
2675-DHUTR,Month-to-month,58,98.9,5780.7,Fiber optic,Electronic check,No,No,No,0.750543813785218,High
9796-BPKIW,Month-to-month,8,69.95,562.7,Fiber optic,Credit card (automatic),No,No,No,0.7504029710103092,High
5652-MSDEY,Month-to-month,10,75.75,777.3,Fiber optic,Mailed check,No,No,No,0.7503263355702803,High
0771-WLCLA,Month-to-month,16,112.95,1882.55,Fiber optic,Electronic check,Yes,Yes,No,0.7502731904038525,High
7240-FQLHE,Month-to-month,18,99.75,1836.25,Fiber optic,Bank transfer (automatic),Yes,No,Yes,0.7500143808069031,High
1236-WFCDV,Month-to-month,14,90.45,1266.1,Fiber optic,Credit card (automatic),No,No,Yes,0.7499828937453884,High
2091-RFFBA,Month-to-month,31,73.9,2217.15,Fiber optic,Electronic check,No,No,Yes,0.7498879231257619,High
5931-FLJJF,Month-to-month,7,70.1,467.55,Fiber optic,Mailed check,No,No,Yes,0.7497882830826929,High
8008-HAWED,Month-to-month,14,50.75,712.75,DSL,Electronic check,No,No,Yes,0.7496784541299865,High
4647-MUZON,Month-to-month,18,95.95,1745.5,Fiber optic,Credit card (automatic),No,No,No,0.7495252488436117,High
0848-ZGQIJ,Month-to-month,16,94.65,1461.15,Fiber optic,Bank transfer (automatic),No,No,No,0.7492857664454218,High
7675-OZCZG,Month-to-month,3,45.0,127.1,DSL,Electronic check,No,No,Yes,0.7492812490098254,High
8364-TRMMK,Month-to-month,3,50.65,151.3,DSL,Mailed check,No,No,Yes,0.7492333256287149,High
2018-PZKMU,Month-to-month,9,103.1,970.45,Fiber optic,Electronic check,Yes,No,No,0.7491933620756788,High
0096-BXERS,Month-to-month,6,50.35,314.55,DSL,Electronic check,No,No,No,0.7491553634659912,High
0224-HJAPT,Month-to-month,5,47.15,223.15,DSL,Electronic check,No,No,Yes,0.7491315748407414,High
0654-HMSHN,Month-to-month,21,104.4,2157.95,Fiber optic,Electronic check,No,No,Yes,0.7489655399062852,High
9971-ZWPBF,Month-to-month,34,108.9,3625.2,Fiber optic,Electronic check,Yes,No,No,0.748930968892584,High
7278-CKDNC,Month-to-month,24,80.5,2088.45,Fiber optic,Electronic check,No,No,No,0.7487869110281292,High
5989-PGKJB,Month-to-month,16,86.25,1340.1,Fiber optic,Electronic check,No,No,No,0.74863947420113,High
0641-EVBOJ,Month-to-month,3,82.3,214.4,Fiber optic,Mailed check,Yes,Yes,No,0.7484503307907707,High
3137-LUPIX,Month-to-month,4,64.4,253.0,DSL,Mailed check,Yes,No,No,0.7484301897239312,High
4361-JEIVL,Month-to-month,1,44.4,44.4,DSL,Electronic check,No,No,Yes,0.7481124512440606,High
6907-FLBER,Month-to-month,1,54.3,54.3,DSL,Electronic check,No,No,No,0.7478260066849228,High
9851-QXEEQ,Month-to-month,41,104.7,4346.4,Fiber optic,Electronic check,No,No,Yes,0.7476523414332739,High
3891-PUQOD,Month-to-month,1,59.2,59.2,DSL,Electronic check,No,No,Yes,0.74746672024815,High
6651-AZVTJ,Month-to-month,49,99.8,4872.45,Fiber optic,Electronic check,No,No,Yes,0.7474361743174697,High
0727-IWKVK,Month-to-month,9,79.9,741.7,Fiber optic,Electronic check,No,No,Yes,0.7473928695743226,High
2082-OJVTK,Month-to-month,29,89.2,2698.35,Fiber optic,Electronic check,No,No,Yes,0.7472983290117945,High
8064-RAVOH,Month-to-month,1,49.85,49.85,DSL,Electronic check,No,No,No,0.7472948537782832,High
9851-KIELU,Month-to-month,10,110.1,1043.3,Fiber optic,Electronic check,Yes,Yes,Yes,0.7471686824190756,High
6347-DCUIK,Month-to-month,10,74.15,811.8,Fiber optic,Mailed check,No,No,Yes,0.7471489332333177,High
1730-ZMAME,Month-to-month,32,79.5,2665.0,Fiber optic,Electronic check,No,No,No,0.746838953043476,High
9050-QLROH,Month-to-month,18,90.7,1597.25,Fiber optic,Credit card (automatic),No,No,Yes,0.746570757299363,High
0818-OCPZO,Month-to-month,27,81.45,2122.05,Fiber optic,Electronic check,No,No,Yes,0.7465190354169868,High
5908-QMGOE,Month-to-month,15,74.2,1133.9,Fiber optic,Credit card (automatic),No,No,Yes,0.7464536173754633,High
6818-DJXAA,Month-to-month,10,91.1,964.35,Fiber optic,Electronic check,Yes,No,No,0.7462665288777424,High
5019-GQVCR,Month-to-month,43,84.85,3645.6,Fiber optic,Electronic check,No,No,No,0.7460161129115654,High
4547-KQRTM,Month-to-month,10,80.05,830.7,Fiber optic,Bank transfer (automatic),No,No,Yes,0.7460012243530015,High
8393-DLHGA,Month-to-month,25,95.9,2448.75,Fiber optic,Electronic check,No,No,Yes,0.7455398901705504,High
9093-FPDLG,Month-to-month,11,94.2,999.9,Fiber optic,Electronic check,Yes,No,No,0.7452589214321159,High
0899-LIIBW,Month-to-month,34,100.85,3527.3,Fiber optic,Electronic check,No,No,No,0.7451768161277683,High
4910-AQFFX,Month-to-month,9,79.35,661.25,Fiber optic,Bank transfer (automatic),No,No,Yes,0.745006799053971,High
1723-HKXJQ,Month-to-month,42,101.75,4273.45,Fiber optic,Electronic check,No,No,Yes,0.744907148728555,High
3070-DVEYC,Month-to-month,7,73.75,545.15,Fiber optic,Mailed check,No,No,Yes,0.7448151467183011,High
6352-TWCAU,Month-to-month,35,86.45,3029.1,Fiber optic,Electronic check,No,No,Yes,0.744774003196302,High
4423-YLHDV,Month-to-month,21,104.4,2200.25,Fiber optic,Bank transfer (automatic),No,Yes,Yes,0.7447275126193942,High
4077-CROMM,Month-to-month,31,104.2,3243.45,Fiber optic,Electronic check,Yes,No,Yes,0.7445158933831567,High
1264-BYWMS,Month-to-month,55,96.8,5283.95,Fiber optic,Electronic check,No,No,Yes,0.7444096780614012,High
7729-JTEEC,Month-to-month,2,44.5,90.05,DSL,Electronic check,No,No,No,0.7440927766966807,High
0265-EDXBD,Month-to-month,32,74.9,2303.35,Fiber optic,Electronic check,No,No,Yes,0.7440894294085726,High
0940-OUQEC,Month-to-month,10,80.7,788.8,Fiber optic,Bank transfer (automatic),No,No,Yes,0.7440627997628524,High
8189-XRIKE,Month-to-month,32,90.95,2897.95,Fiber optic,Electronic check,No,No,No,0.7439507595852439,High
0434-CSFON,Month-to-month,47,100.5,4707.1,Fiber optic,Electronic check,No,No,No,0.7438714387035209,High
7270-BDIOA,Month-to-month,22,90.0,1993.8,Fiber optic,Electronic check,Yes,No,Yes,0.7438116487250402,High
8708-XPXHZ,Month-to-month,42,94.2,4186.3,Fiber optic,Electronic check,No,No,Yes,0.743564076479047,High
3003-CMDUU,Month-to-month,25,95.15,2395.7,Fiber optic,Electronic check,Yes,No,No,0.7435510473846162,High
9560-ARGQJ,Month-to-month,16,81.0,1312.15,Fiber optic,Electronic check,No,No,Yes,0.7434609163290559,High
9601-BRXPO,Month-to-month,25,104.95,2566.5,Fiber optic,Bank transfer (automatic),Yes,No,Yes,0.7433847919231046,High
6402-EJMWF,Month-to-month,4,55.3,238.5,DSL,Mailed check,No,No,No,0.7433356105548904,High
6127-IYJOZ,Month-to-month,1,45.85,45.85,DSL,Mailed check,No,No,No,0.7432975946265642,High
5385-SUIRI,Month-to-month,52,104.2,5568.35,Fiber optic,Electronic check,No,Yes,Yes,0.7430817097027117,High
2209-XADXF,Month-to-month,1,25.25,25.25,DSL,Bank transfer (automatic),No,No,No,0.7430416032224016,High
2606-RMDHZ,Month-to-month,6,30.5,208.7,DSL,Credit card (automatic),No,No,Yes,0.742966553921808,High
5647-FXOTP,Month-to-month,60,105.9,6401.25,Fiber optic,Electronic check,No,No,No,0.7429581548907348,High
3536-IQCTX,Month-to-month,32,85.3,2661.1,Fiber optic,Electronic check,No,No,Yes,0.7425428896664319,High
2656-FMOKZ,Month-to-month,15,74.45,1145.7,Fiber optic,Mailed check,No,No,Yes,0.742295997878784,High
9058-CBREO,Month-to-month,1,50.55,50.55,DSL,Mailed check,No,No,Yes,0.7420866669297718,High
0112-QAWRZ,Month-to-month,16,90.8,1442.2,Fiber optic,Bank transfer (automatic),No,No,No,0.7418815971143605,High
0749-IRGQE,Month-to-month,13,45.3,528.45,DSL,Electronic check,No,No,No,0.7416310052996248,High
6877-LGWXO,Month-to-month,18,78.55,1422.65,Fiber optic,Electronic check,No,No,Yes,0.7411376493973837,High
0491-KAPQG,Month-to-month,21,73.7,1558.7,Fiber optic,Electronic check,No,No,No,0.7408580029556087,High
6366-ZGQGL,Month-to-month,1,24.8,24.8,DSL,Bank transfer (automatic),No,No,Yes,0.7404608282266655,High
5857-TYBCJ,Month-to-month,44,89.2,4040.2,Fiber optic,Electronic check,No,No,No,0.7404592847683404,High
5899-OUVKV,Month-to-month,31,94.5,2979.2,Fiber optic,Electronic check,No,No,No,0.7403840614453278,High
2603-HVKCG,Month-to-month,31,101.4,3143.65,Fiber optic,Electronic check,No,No,No,0.7403790838380934,High
8844-TONUD,Month-to-month,13,96.65,1162.85,Fiber optic,Mailed check,No,No,Yes,0.7403668246307573,High
3365-SAIGS,Month-to-month,17,83.55,1329.15,Fiber optic,Electronic check,No,No,No,0.7401703133478472,High
5119-KEPFY,Month-to-month,36,95.0,3440.25,Fiber optic,Bank transfer (automatic),No,No,No,0.7401312889665465,High
6330-JKLPC,Month-to-month,11,80.5,896.9,Fiber optic,Bank transfer (automatic),No,No,Yes,0.739829427180582,High
1580-BMCMR,Month-to-month,19,87.3,1637.3,Fiber optic,Electronic check,No,Yes,No,0.7397828802392957,High
9658-WYUFB,Month-to-month,17,94.4,1617.5,Fiber optic,Electronic check,No,Yes,Yes,0.7397387128536009,High
9600-NAXZN,Month-to-month,43,101.4,4528.0,Fiber optic,Electronic check,No,No,Yes,0.7396849336035256,High
2739-CACDQ,Month-to-month,17,82.65,1470.05,Fiber optic,Credit card (automatic),No,No,No,0.7396174140220145,High
6402-ZFPPI,Month-to-month,25,102.8,2660.2,Fiber optic,Mailed check,No,Yes,Yes,0.7395096304021715,High
8601-QACRS,Month-to-month,5,50.6,249.95,DSL,Mailed check,No,No,Yes,0.7392083723027548,High
9773-PEQBZ,Month-to-month,10,79.85,797.25,Fiber optic,Electronic check,No,No,No,0.7391765770533526,High
9167-APMXZ,Month-to-month,22,84.15,1821.95,Fiber optic,Bank transfer (automatic),No,No,No,0.7390608304974583,High
8429-XIBUM,Month-to-month,22,101.35,2317.1,Fiber optic,Bank transfer (automatic),No,Yes,Yes,0.7386593475680588,High
0362-ZBZWJ,Month-to-month,36,84.9,3067.2,Fiber optic,Electronic check,No,No,Yes,0.7384953296752717,High
2362-IBOOY,Month-to-month,36,84.75,3050.15,Fiber optic,Electronic check,No,No,Yes,0.7384092514435439,High
5896-NPFWW,Month-to-month,3,50.15,168.15,DSL,Electronic check,No,No,Yes,0.7383384527368926,High
1608-GMEWB,Month-to-month,45,93.9,4200.25,Fiber optic,Bank transfer (automatic),No,No,No,0.7380413874348076,High
4484-GLZOU,Month-to-month,52,105.05,5624.85,Fiber optic,Electronic check,No,No,Yes,0.7379693393356496,High
2692-BUCFV,Month-to-month,29,101.45,2948.6,Fiber optic,Bank transfer (automatic),No,No,No,0.737627749581555,High
1522-VVDMG,Month-to-month,7,89.75,608.8,Fiber optic,Electronic check,Yes,No,Yes,0.7375905527427431,High
1428-GTBJJ,Month-to-month,11,74.55,824.75,Fiber optic,Electronic check,No,No,Yes,0.7373271596499873,High
7279-BUYWN,Month-to-month,41,113.2,4689.5,Fiber optic,Electronic check,No,Yes,Yes,0.7372199376327084,High
0376-YMCJC,Month-to-month,23,90.6,1943.2,Fiber optic,Electronic check,Yes,No,Yes,0.7367726931379135,High
1894-IGFSG,Month-to-month,22,89.25,1907.85,Fiber optic,Electronic check,No,No,Yes,0.7362760521130227,High
0637-YLETY,Month-to-month,16,95.6,1555.65,Fiber optic,Credit card (automatic),No,No,Yes,0.7362174554235082,High
5868-CZJDR,Month-to-month,1,31.35,31.35,DSL,Mailed check,No,No,Yes,0.7361047778427724,High
9026-RNUJS,Month-to-month,5,50.35,237.25,DSL,Electronic check,No,No,Yes,0.7360415407652013,High
2792-LSHWX,Month-to-month,1,83.4,83.4,Fiber optic,Mailed check,Yes,Yes,No,0.7359587306320813,High
5442-XSDCW,Month-to-month,11,79.5,868.5,Fiber optic,Bank transfer (automatic),No,No,Yes,0.735713403459844,High
5439-WIKXB,Month-to-month,41,94.55,3851.45,Fiber optic,Electronic check,No,No,No,0.7357065849397727,High
5307-DZCVC,Month-to-month,32,85.95,2628.6,Fiber optic,Credit card (automatic),No,No,Yes,0.7356103027988371,High
6518-LGAOV,Month-to-month,38,105.0,4026.4,Fiber optic,Electronic check,Yes,No,Yes,0.735527622342249,High
5666-CYCYZ,Month-to-month,24,89.55,2259.35,Fiber optic,Electronic check,Yes,No,No,0.7354105907357016,High
5130-IEKQT,Month-to-month,25,105.95,2655.25,Fiber optic,Mailed check,No,No,Yes,0.7353933767527614,High
7783-YKGDV,Month-to-month,12,99.7,1238.45,Fiber optic,Bank transfer (automatic),No,Yes,Yes,0.735300535711647,High
8167-GJLRN,Month-to-month,3,30.4,82.15,DSL,Electronic check,Yes,No,No,0.7349498960033586,High
9947-OTFQU,Month-to-month,15,74.4,1074.3,Fiber optic,Electronic check,No,No,Yes,0.7348523215870655,High
4373-MAVJG,Month-to-month,14,90.9,1259.0,Fiber optic,Bank transfer (automatic),No,No,Yes,0.734634320148146,High
3211-AAPKX,Month-to-month,20,98.55,2031.95,Fiber optic,Mailed check,Yes,No,No,0.7346108125385448,High
3771-PZOBW,Month-to-month,20,90.7,1781.35,Fiber optic,Credit card (automatic),No,No,No,0.7345150205608493,High
4817-QRJSX,Month-to-month,10,81.0,818.05,Fiber optic,Credit card (automatic),No,No,Yes,0.7344776128312331,High
8695-ARGXZ,Month-to-month,34,75.55,2425.4,Fiber optic,Electronic check,No,No,No,0.7343378059185715,High
8854-CCVSQ,Month-to-month,18,80.65,1451.9,Fiber optic,Electronic check,No,No,Yes,0.7343182119597091,High
4013-UBXWQ,Month-to-month,7,74.65,521.1,DSL,Electronic check,Yes,No,Yes,0.7341768046417235,High
2832-KJCRD,Month-to-month,38,103.65,3988.5,Fiber optic,Electronic check,Yes,No,No,0.7338211096445186,High
7389-KBFIT,Month-to-month,2,30.25,63.75,DSL,Mailed check,No,No,No,0.7336402307041849,High
4818-QIUFN,Month-to-month,20,79.15,1520.9,Fiber optic,Electronic check,No,Yes,Yes,0.7336204544574314,High
0921-OHLVP,Month-to-month,22,83.05,1799.3,Fiber optic,Electronic check,No,No,No,0.7335964784213381,High
4062-HBMOS,Month-to-month,52,103.05,5364.8,Fiber optic,Electronic check,No,No,No,0.7335324102378515,High
6365-MTGZX,Month-to-month,24,96.0,2122.45,Fiber optic,Electronic check,Yes,No,Yes,0.7335044939703976,High
6559-PDZLR,Month-to-month,26,98.65,2537.0,Fiber optic,Electronic check,Yes,No,No,0.7332627933504449,High
0378-NHQXU,Month-to-month,17,88.25,1460.65,Fiber optic,Electronic check,No,No,Yes,0.7332344672403638,High
5889-JTMUL,Month-to-month,50,95.05,4888.7,Fiber optic,Electronic check,No,No,Yes,0.7325006191700664,High
0311-UNPFF,Month-to-month,26,88.8,2274.35,Fiber optic,Bank transfer (automatic),No,No,Yes,0.7324789328128952,High
6583-QGCSI,Month-to-month,50,88.05,4367.35,Fiber optic,Electronic check,No,No,Yes,0.7324474716370045,High
5233-GEEAX,Month-to-month,8,29.4,221.9,DSL,Electronic check,No,No,Yes,0.7323748848245227,High
5404-GGUKR,Month-to-month,5,51.35,262.3,DSL,Electronic check,No,No,No,0.7321741099210586,High
6661-HBGWL,Month-to-month,42,104.75,4323.45,Fiber optic,Bank transfer (automatic),No,No,Yes,0.7320836573894843,High
4659-NZRUF,Month-to-month,19,95.15,1789.25,Fiber optic,Electronic check,No,Yes,Yes,0.7319524560373275,High
7176-WIONM,Month-to-month,12,49.85,617.15,DSL,Bank transfer (automatic),No,No,No,0.7318329867939406,High
3858-VOBET,Month-to-month,23,74.95,1710.45,Fiber optic,Electronic check,No,No,Yes,0.7313781373026026,High
2697-NQBPF,Month-to-month,34,105.35,3540.65,Fiber optic,Electronic check,Yes,No,No,0.730932740387699,High
7703-ZEKEF,Month-to-month,23,81.0,1917.1,Fiber optic,Electronic check,No,No,Yes,0.7308765833505805,High
4690-PKDQG,Month-to-month,42,95.55,3930.6,Fiber optic,Electronic check,No,No,No,0.7307950360664681,High
0611-DFXKO,Month-to-month,20,89.0,1820.45,Fiber optic,Mailed check,No,No,Yes,0.7303844247320738,High
0354-WYROK,Month-to-month,31,98.9,2911.3,Fiber optic,Electronic check,Yes,No,Yes,0.7303412835207079,High
4238-JSSWH,Month-to-month,35,102.05,3452.55,Fiber optic,Bank transfer (automatic),No,No,No,0.7301843599376433,High
6103-BOCOU,Month-to-month,26,80.7,2193.0,Fiber optic,Electronic check,No,No,No,0.73016813206434,High
8160-HOWOX,Month-to-month,7,66.85,458.1,DSL,Electronic check,No,No,No,0.7300359348132677,High
8676-OOQEJ,Month-to-month,4,30.5,118.4,DSL,Electronic check,Yes,No,No,0.729861527870067,High
0114-PEGZZ,Month-to-month,33,107.55,3645.5,Fiber optic,Electronic check,No,No,No,0.7297570944877175,High
6178-KFNHS,Month-to-month,12,78.3,909.25,Fiber optic,Electronic check,No,Yes,Yes,0.7297109668080906,High
7422-WNBTY,Month-to-month,33,93.35,3092.0,Fiber optic,Electronic check,No,No,No,0.729689190578455,High
2252-ISRNH,One year,9,90.35,767.9,Fiber optic,Electronic check,No,No,No,0.728806321807579,High
9898-KZQDZ,Month-to-month,40,94.55,3640.45,Fiber optic,Credit card (automatic),No,No,Yes,0.7287802039381517,High
6284-AHOOQ,Month-to-month,22,90.5,1910.6,Fiber optic,Bank transfer (automatic),Yes,No,Yes,0.7287501503986789,High
9058-MJLZC,Month-to-month,24,94.6,2283.15,Fiber optic,Electronic check,No,Yes,No,0.7286993789725641,High
1251-KRREG,Month-to-month,2,54.4,114.1,DSL,Mailed check,No,No,Yes,0.7284105987922339,High
3398-ZOUAA,Month-to-month,21,69.1,1474.75,Fiber optic,Electronic check,No,No,Yes,0.7279085002858356,High
3791-LGQCY,Month-to-month,56,100.65,5688.05,Fiber optic,Bank transfer (automatic),No,No,Yes,0.7278243870813267,High
5914-DVBWJ,Month-to-month,18,85.45,1505.85,Fiber optic,Electronic check,Yes,No,Yes,0.7278035183368097,High
3005-NFMTA,Month-to-month,55,98.8,5617.75,Fiber optic,Electronic check,No,Yes,Yes,0.727704222798794,High
5449-FIBXJ,Month-to-month,19,103.3,2012.7,Fiber optic,Electronic check,Yes,No,Yes,0.7276088192843944,High
3545-CNWRG,Month-to-month,49,98.35,4889.2,Fiber optic,Electronic check,No,No,No,0.7271317970363721,High
3415-TAILE,Month-to-month,2,65.7,134.35,DSL,Mailed check,No,No,Yes,0.727051992259141,High
9505-SQFSW,Month-to-month,3,40.3,92.5,DSL,Mailed check,No,No,No,0.7266644828412749,High
2528-HFYZX,Month-to-month,17,76.45,1233.4,Fiber optic,Electronic check,No,No,Yes,0.7266508506087229,High
9269-CQOOL,Month-to-month,3,54.7,169.45,DSL,Credit card (automatic),No,No,Yes,0.7266374594311482,High
1320-REHCS,Month-to-month,52,110.75,5832.0,Fiber optic,Electronic check,Yes,No,No,0.7263065824639641,High
1035-IPQPU,Month-to-month,63,103.5,6479.4,Fiber optic,Electronic check,No,No,No,0.7262121647190196,High
3647-GMGDH,Month-to-month,22,94.7,1914.9,Fiber optic,Credit card (automatic),No,No,Yes,0.7261528618369475,High
4128-ETESU,Month-to-month,47,99.7,4747.2,Fiber optic,Electronic check,No,No,No,0.7258967517544375,High
2277-VWCNI,Month-to-month,4,48.75,179.85,DSL,Mailed check,No,No,No,0.7256599320969949,High
8012-SOUDQ,Month-to-month,43,90.25,3838.75,Fiber optic,Electronic check,No,No,No,0.7256047452579312,High
8800-ZKRFW,Month-to-month,30,107.5,3242.5,Fiber optic,Electronic check,Yes,No,No,0.7256013312485508,High
1406-PUQVY,Month-to-month,1,49.9,49.9,DSL,Electronic check,No,No,No,0.7254565030913257,High
8685-WHQPW,Month-to-month,22,74.4,1692.6,Fiber optic,Bank transfer (automatic),No,No,Yes,0.7254091653389043,High
5044-LRQAQ,Month-to-month,7,69.2,477.55,Fiber optic,Bank transfer (automatic),No,No,No,0.725302035349336,High
0895-DQHEW,Month-to-month,54,104.3,5278.15,Fiber optic,Electronic check,No,No,Yes,0.7248315440833303,High
5605-IYGFG,Month-to-month,7,69.85,515.45,Fiber optic,Bank transfer (automatic),No,No,No,0.7247413708590961,High
9191-MYQKX,Month-to-month,7,75.15,496.9,Fiber optic,Bank transfer (automatic),No,No,Yes,0.7247341359658477,High
9492-TOKRI,Month-to-month,18,90.0,1527.35,Fiber optic,Credit card (automatic),No,No,Yes,0.7246279653402645,High
3312-UUMZW,Month-to-month,32,98.85,3145.9,Fiber optic,Credit card (automatic),No,No,No,0.7245512878689742,High
4678-DVQEO,Month-to-month,1,52.2,52.2,DSL,Electronic check,Yes,No,Yes,0.7242322743002739,High
8260-NGFNY,Month-to-month,1,25.2,25.2,DSL,Mailed check,No,No,Yes,0.7239620145021575,High
4536-PLEQY,Month-to-month,12,85.05,999.8,Fiber optic,Credit card (automatic),No,No,No,0.7237243517072982,High
9895-VFOXH,Month-to-month,1,24.4,24.4,DSL,Mailed check,No,No,No,0.7234867510858666,High
9637-EIHEQ,Month-to-month,1,50.8,50.8,DSL,Electronic check,Yes,No,Yes,0.723400735140404,High
9506-UXUSK,Month-to-month,13,70.15,931.75,Fiber optic,Electronic check,No,No,No,0.7229172566452183,High
5022-KVDQT,Month-to-month,27,81.3,2272.8,Fiber optic,Electronic check,No,No,No,0.7228939667800536,High
1536-HBSWP,Month-to-month,1,49.9,49.9,DSL,Electronic check,Yes,No,No,0.7228653572215593,High
3956-MGXOG,Month-to-month,28,80.6,2244.95,Fiber optic,Electronic check,No,No,No,0.7224437118357231,High
5331-RGMTT,Month-to-month,54,99.05,5295.7,Fiber optic,Credit card (automatic),No,No,No,0.7224171878528861,High
5533-NHFRF,Month-to-month,7,44.4,265.8,DSL,Electronic check,Yes,No,No,0.7223621727355924,High
9332-GYWLO,Month-to-month,6,54.85,355.1,DSL,Electronic check,No,No,No,0.7223117653168677,High
7924-GJZFI,Month-to-month,25,69.3,1813.1,Fiber optic,Electronic check,No,No,No,0.7222526946362022,High
9278-VZKCD,Month-to-month,52,109.1,5647.95,Fiber optic,Electronic check,No,Yes,No,0.7222242975569811,High
3167-SNQPL,Month-to-month,38,101.15,3741.85,Fiber optic,Electronic check,No,No,No,0.7221200740893717,High
2373-NTKOD,Month-to-month,8,66.25,546.45,DSL,Electronic check,No,No,No,0.7220445606096333,High
6218-KNUBD,Month-to-month,6,59.45,357.6,DSL,Electronic check,No,No,No,0.7219688238410049,High
5281-BUZGT,Month-to-month,36,90.85,3186.7,Fiber optic,Electronic check,No,Yes,Yes,0.7218498753399206,High
0439-IFYUN,Month-to-month,18,74.7,1294.6,Fiber optic,Electronic check,No,No,No,0.7218442948208432,High
7508-SMHXL,Month-to-month,15,89.0,1288.3,Fiber optic,Credit card (automatic),No,No,No,0.7218057804463537,High
4846-WHAFZ,Month-to-month,37,76.5,2868.15,Fiber optic,Electronic check,No,No,Yes,0.7217021672175032,High
6158-HDPXZ,Month-to-month,1,25.35,25.35,DSL,Mailed check,No,No,No,0.7216197579565169,High
4183-MYFRB,Month-to-month,21,90.05,1862.9,Fiber optic,Electronic check,No,No,No,0.7212821844726871,High
0650-BWOZN,Month-to-month,18,73.55,1359.45,Fiber optic,Electronic check,No,No,No,0.7211577214419358,High
3439-GVUSX,Month-to-month,1,24.4,24.4,DSL,Mailed check,No,No,No,0.7210523824079476,High
5981-ITEMU,Month-to-month,40,97.1,3706.95,Fiber optic,Bank transfer (automatic),No,No,Yes,0.7206823517889713,High
8696-JKZNU,Month-to-month,37,76.25,2841.55,Fiber optic,Electronic check,No,No,Yes,0.7205989129999467,High
8938-UMKPI,Month-to-month,47,106.4,5127.95,Fiber optic,Electronic check,No,No,Yes,0.7202605782269519,High
5630-IXDXV,Month-to-month,47,106.35,4849.1,Fiber optic,Electronic check,No,No,No,0.7202306448130606,High
3716-UVSPD,Month-to-month,1,49.3,49.3,DSL,Electronic check,Yes,No,No,0.7200684328657911,High
3744-ZRRDZ,Month-to-month,21,82.35,1852.85,Fiber optic,Electronic check,No,No,Yes,0.7196876712078882,High
6317-YPKDH,Month-to-month,1,29.95,29.95,DSL,Bank transfer (automatic),No,No,Yes,0.7196208661576955,High
3757-NJYBX,Month-to-month,32,106.35,3520.75,Fiber optic,Bank transfer (automatic),No,No,Yes,0.7194548576864752,High
2718-GAXQD,Month-to-month,4,46.0,181.6,DSL,Electronic check,No,No,Yes,0.7194052890680201,High
7318-EIVKO,Month-to-month,8,59.25,436.6,DSL,Electronic check,No,No,No,0.7191798162140853,High
0082-OQIQY,Month-to-month,29,94.2,2607.6,Fiber optic,Electronic check,Yes,No,No,0.7190520311904972,High
3096-JRDSO,Month-to-month,27,104.3,2867.75,Fiber optic,Bank transfer (automatic),Yes,Yes,Yes,0.7186467139155511,High
8714-EUHJO,Month-to-month,31,91.15,2995.45,Fiber optic,Electronic check,No,No,Yes,0.7184871900421903,High
4847-QNOKA,Month-to-month,1,44.9,44.9,DSL,Bank transfer (automatic),No,No,Yes,0.7183846491889074,High
1271-SJBGZ,Month-to-month,12,43.65,526.95,DSL,Electronic check,Yes,No,Yes,0.71816392399391,High
4391-RESHN,Month-to-month,23,104.05,2470.1,Fiber optic,Mailed check,Yes,No,Yes,0.7181243345013394,High
9508-ILZDG,Month-to-month,34,96.35,3190.25,Fiber optic,Electronic check,Yes,No,No,0.7178561779581278,High
3384-CTMSF,Month-to-month,47,104.1,5135.15,Fiber optic,Electronic check,No,No,No,0.7173853040058776,High
3196-NVXLZ,Month-to-month,25,84.6,2088.05,Fiber optic,Mailed check,No,No,No,0.717095159834025,High
7603-USHJS,Month-to-month,12,73.75,871.4,Fiber optic,Credit card (automatic),No,No,Yes,0.7170266010340651,High
3714-NTNFO,Month-to-month,49,84.5,3906.7,Fiber optic,Electronic check,No,No,No,0.7166653505728783,High
3926-CUQZX,Month-to-month,1,45.1,45.1,DSL,Bank transfer (automatic),No,No,Yes,0.7160438381262286,High
5233-AOZUF,Month-to-month,29,74.95,2149.05,Fiber optic,Electronic check,No,No,No,0.7160355499121683,High
3235-ETOOB,Month-to-month,8,74.5,609.9,Fiber optic,Electronic check,No,Yes,Yes,0.7157036563276811,High
1777-JYQPJ,Month-to-month,2,24.3,38.45,DSL,Mailed check,No,No,No,0.7156794821693808,High
7586-ZATGZ,Month-to-month,40,84.9,3369.05,Fiber optic,Electronic check,No,No,No,0.715630236796777,High
3768-NLUBH,Month-to-month,57,100.6,5746.15,Fiber optic,Electronic check,No,No,Yes,0.7154683668335992,High
3961-SXAXY,Month-to-month,1,44.05,44.05,DSL,Bank transfer (automatic),No,No,No,0.7154090900594307,High
6650-VJONK,Month-to-month,1,43.85,43.85,DSL,Bank transfer (automatic),No,No,No,0.7152880888325004,High
5047-LHVLY,Month-to-month,1,50.15,50.15,DSL,Mailed check,No,No,Yes,0.7151856835636625,High
0581-MDMPW,Month-to-month,24,88.95,2072.75,Fiber optic,Credit card (automatic),No,No,No,0.7149497218864705,High
9779-DPNEJ,Month-to-month,22,80.15,1790.65,Fiber optic,Electronic check,No,No,No,0.714822677478413,High
3002-WQZWT,Month-to-month,29,74.2,1993.25,Fiber optic,Electronic check,No,No,No,0.7146158306732299,High
1262-OPMFY,Month-to-month,9,75.75,655.9,Fiber optic,Bank transfer (automatic),No,No,Yes,0.7144976251423063,High
7825-GKXMW,Month-to-month,1,45.8,45.8,DSL,Electronic check,No,No,Yes,0.7142595302065019,High
2720-FVBQP,Month-to-month,6,48.95,273.25,DSL,Credit card (automatic),No,No,No,0.7141129287152685,High
6311-UEUME,Month-to-month,29,78.9,2384.15,Fiber optic,Electronic check,No,No,Yes,0.714036851845672,High
5373-SFODM,Month-to-month,36,85.25,3132.75,Fiber optic,Credit card (automatic),No,No,Yes,0.7138694265725871,High
1612-EOHDH,Month-to-month,1,45.15,45.15,DSL,Electronic check,No,No,Yes,0.713865209591415,High
8981-FJGLA,Month-to-month,11,78.0,851.8,Fiber optic,Mailed check,No,No,No,0.7136938019004342,High
2378-VTKDH,Month-to-month,65,104.35,6578.55,Fiber optic,Electronic check,No,No,No,0.7136867510793505,High
5747-PMBSQ,Month-to-month,10,92.5,934.1,Fiber optic,Mailed check,Yes,No,Yes,0.7135412132038582,High
8837-VVWLQ,Month-to-month,8,84.95,668.4,Fiber optic,Electronic check,No,Yes,Yes,0.7135015349544371,High
6481-ESCNL,Month-to-month,29,100.55,2878.75,Fiber optic,Bank transfer (automatic),No,No,No,0.7130825058836904,High
3914-FDRHP,Month-to-month,9,86.25,770.5,Fiber optic,Electronic check,Yes,No,No,0.7130690052289742,High
1478-VPOAD,Month-to-month,1,43.8,43.8,DSL,Electronic check,No,No,No,0.7130451951547182,High
1013-QCWAM,Month-to-month,66,100.8,6690.75,Fiber optic,Electronic check,No,No,No,0.7128389472283744,High
1194-HVAIF,Month-to-month,27,95.0,2462.55,Fiber optic,Credit card (automatic),No,No,No,0.7127839682215185,High
6298-QDFNH,Month-to-month,22,79.35,1730.35,Fiber optic,Electronic check,No,No,Yes,0.7125372543868341,High
2800-QQUSO,Month-to-month,42,100.3,4222.95,Fiber optic,Electronic check,Yes,No,No,0.7124868444524021,High
8903-WMRNW,Month-to-month,15,101.75,1669.4,Fiber optic,Electronic check,No,Yes,No,0.7122652213648288,High
8778-LMWTJ,Month-to-month,9,74.85,708.2,Fiber optic,Electronic check,No,Yes,No,0.7120621896526267,High
7359-PTSXY,Month-to-month,1,45.75,45.75,DSL,Electronic check,No,No,Yes,0.71174581131645,High
6542-LWGXJ,Month-to-month,3,25.0,78.25,DSL,Mailed check,No,No,No,0.711707853345605,High
5968-VXZLG,Month-to-month,2,46.6,87.9,DSL,Bank transfer (automatic),No,No,No,0.7115898036334966,High
1963-SVUCV,Month-to-month,1,45.3,45.3,DSL,Electronic check,No,No,Yes,0.7114714235878619,High
5552-ZNFSJ,Month-to-month,1,45.3,45.3,DSL,Electronic check,No,No,Yes,0.7114714235878619,High
8058-DMYRU,Month-to-month,54,90.05,4931.8,Fiber optic,Electronic check,No,No,No,0.7112227071800831,High
2956-GGUCQ,Month-to-month,24,78.85,1772.25,Fiber optic,Electronic check,No,Yes,Yes,0.7108969707738703,High
1942-OQFRW,Month-to-month,1,44.0,44.0,DSL,Electronic check,No,No,No,0.7106778764907037,High
2582-FFFZR,Month-to-month,22,50.6,1073.3,DSL,Electronic check,No,No,No,0.7106421329308348,High
9529-OFXHY,Month-to-month,15,87.75,1242.2,Fiber optic,Bank transfer (automatic),No,Yes,No,0.7105396038863159,High
3627-FCRDW,Month-to-month,9,71.0,672.55,Fiber optic,Electronic check,No,No,Yes,0.7101319751513504,High
9626-WEQRM,Month-to-month,4,29.15,110.05,DSL,Mailed check,No,Yes,No,0.7099439645515668,High
4553-DVPZG,Month-to-month,62,101.35,6164.7,Fiber optic,Electronic check,No,No,No,0.7099340495999416,High
9365-SRSZE,Month-to-month,27,70.55,1943.9,Fiber optic,Electronic check,No,No,No,0.7098634064815813,High
0402-CQAJN,Month-to-month,37,101.9,3545.35,Fiber optic,Bank transfer (automatic),No,No,Yes,0.709825419617052,High
4816-LXZYW,Month-to-month,23,79.15,1676.95,Fiber optic,Electronic check,No,No,Yes,0.7095129989602452,High
0397-GZBBC,Month-to-month,59,93.85,5574.75,Fiber optic,Bank transfer (automatic),No,No,Yes,0.7095126534831273,High
3853-LYGAM,Month-to-month,17,95.65,1640.0,Fiber optic,Bank transfer (automatic),Yes,No,No,0.7091134069603553,High
0947-MUGVO,Month-to-month,20,73.65,1463.5,Fiber optic,Electronic check,No,No,Yes,0.7090130709366385,High
8990-ZXLSU,Month-to-month,9,69.05,651.5,Fiber optic,Electronic check,No,No,No,0.7089379030498808,High
1482-OXZSY,Month-to-month,30,100.4,2936.25,Fiber optic,Bank transfer (automatic),No,Yes,No,0.7088992996191797,High
2277-DJJDL,Month-to-month,60,99.0,6017.9,Fiber optic,Electronic check,Yes,No,No,0.7087787364414344,High
4537-DKTAL,Month-to-month,2,45.55,84.4,DSL,Electronic check,No,No,No,0.7087166333082366,High
8490-BXHEO,Month-to-month,18,80.55,1411.65,Fiber optic,Credit card (automatic),No,No,No,0.7081987369576025,High
4652-NNHNY,Month-to-month,16,73.85,1284.2,Fiber optic,Bank transfer (automatic),No,No,Yes,0.7081615737323332,High
1728-BQDMA,Month-to-month,2,44.45,82.7,DSL,Electronic check,No,No,No,0.7080414748985479,High
6652-YFFJO,Month-to-month,11,64.9,716.1,DSL,Electronic check,No,No,No,0.7076441028943594,High
5673-TIYIB,Month-to-month,2,40.4,77.15,DSL,Credit card (automatic),Yes,No,Yes,0.7073032881074455,High
0620-DLSLK,Month-to-month,13,81.9,1028.9,Fiber optic,Mailed check,No,No,No,0.7072929819818718,High
6719-OXYBR,Month-to-month,15,85.3,1219.85,Fiber optic,Electronic check,No,No,No,0.7071755020269431,High
7377-DMMRI,Month-to-month,2,47.8,92.45,DSL,Electronic check,No,Yes,Yes,0.7071671800097628,High
9661-ACXBS,Month-to-month,42,105.2,4400.75,Fiber optic,Electronic check,No,Yes,Yes,0.7070794548789285,High
5899-MQZZL,Month-to-month,13,75.0,999.45,Fiber optic,Mailed check,No,No,Yes,0.7065265194018187,High
7895-VONWT,Month-to-month,25,48.25,1293.8,DSL,Electronic check,No,No,No,0.7061336284085997,High
0322-CHQRU,Month-to-month,2,45.35,89.5,DSL,Electronic check,No,No,Yes,0.7060817287406573,High
7892-QVYKW,Month-to-month,23,85.6,1868.4,Fiber optic,Electronic check,No,No,No,0.7060795929247334,High
6243-OZGFH,Month-to-month,23,44.95,996.85,DSL,Electronic check,No,No,No,0.7059893582545023,High
8565-CLBZW,Month-to-month,24,89.85,2165.05,Fiber optic,Mailed check,No,No,Yes,0.7058589859043295,High
2823-LKABH,Month-to-month,18,95.05,1679.4,Fiber optic,Bank transfer (automatic),Yes,No,No,0.7058212789809498,High
3934-HXCFZ,Month-to-month,23,99.25,2186.4,Fiber optic,Electronic check,No,Yes,Yes,0.7054816362035159,High
2372-HWUHI,Month-to-month,2,44.35,81.25,DSL,Electronic check,No,No,Yes,0.7054647418186097,High
0319-QZTCO,Month-to-month,3,58.7,168.6,DSL,Credit card (automatic),No,No,No,0.7054053174137618,High
6522-YRBXD,Month-to-month,35,94.55,3365.4,Fiber optic,Electronic check,No,Yes,No,0.7053000480967188,High
8180-AKMJV,Month-to-month,1,44.55,44.55,DSL,Credit card (automatic),No,No,No,0.7052995198314342,High
8486-AYEQH,Month-to-month,31,76.05,2227.8,Fiber optic,Electronic check,No,No,No,0.7049297508425382,High
0958-YHXGP,Month-to-month,7,69.9,497.3,Fiber optic,Mailed check,No,No,No,0.7049045309582315,High
2696-NARTR,Month-to-month,11,73.85,926.25,Fiber optic,Electronic check,Yes,No,Yes,0.7047897326856061,High
5226-NOZFC,Month-to-month,26,85.75,2146.5,Fiber optic,Electronic check,No,No,No,0.7045061686584386,High
0869-PAPRP,Month-to-month,26,85.7,2067.0,Fiber optic,Credit card (automatic),No,No,No,0.7044499630264266,High
4547-LYTDD,Month-to-month,16,72.65,1194.3,Fiber optic,Electronic check,No,No,Yes,0.7041885980862517,High
0963-ZBDRN,Month-to-month,32,96.2,3183.4,Fiber optic,Electronic check,Yes,No,Yes,0.704105517377425,High
3312-ZWLGF,Month-to-month,29,79.3,2414.55,Fiber optic,Electronic check,Yes,No,No,0.7039410610171003,High
3884-HCSWG,Month-to-month,17,70.0,1144.5,Fiber optic,Electronic check,No,No,Yes,0.7038349418856916,High
8128-YVJRG,Month-to-month,7,79.65,604.7,Fiber optic,Mailed check,No,Yes,Yes,0.703756811992758,High
1399-UBQIU,Month-to-month,11,69.35,712.25,DSL,Electronic check,No,No,No,0.7036058968325763,High
4315-MURBD,Month-to-month,12,98.9,1120.95,Fiber optic,Bank transfer (automatic),Yes,Yes,Yes,0.7033291242111283,High
0374-IOEGQ,Month-to-month,3,44.6,122.7,DSL,Electronic check,No,No,No,0.7026765679956289,High
1307-ATKGB,Month-to-month,24,89.55,2187.15,Fiber optic,Electronic check,No,No,No,0.7023321129082043,High
2359-KMGLI,Month-to-month,24,80.25,1861.5,Fiber optic,Electronic check,No,No,Yes,0.702220073180224,High
9432-VOFYX,Month-to-month,17,70.8,1207.0,Fiber optic,Electronic check,No,No,No,0.7017966727847215,High
3088-LHEFH,Month-to-month,11,79.0,929.3,Fiber optic,Bank transfer (automatic),No,Yes,No,0.7017757190647932,High
9631-XEYKE,Month-to-month,3,50.4,137.25,DSL,Bank transfer (automatic),No,No,No,0.7017637912038216,High
1965-DDBWU,Month-to-month,16,89.05,1448.6,Fiber optic,Credit card (automatic),Yes,No,Yes,0.7017195368689342,High
0324-BRPCJ,Month-to-month,68,100.2,6851.65,Fiber optic,Electronic check,No,No,Yes,0.7015958476885849,High
7410-YTJIK,Month-to-month,7,75.45,480.75,Fiber optic,Mailed check,No,No,Yes,0.7015765606933565,High
1092-GANHU,Month-to-month,17,76.65,1313.55,Fiber optic,Electronic check,No,No,Yes,0.7011379430636057,High
4959-JOSRX,Month-to-month,2,44.6,80.55,DSL,Credit card (automatic),No,No,Yes,0.7008386632838101,High
9625-QSTYE,Month-to-month,13,81.15,952.3,Fiber optic,Electronic check,No,No,Yes,0.7005775544049273,High
9904-EHEVJ,Month-to-month,32,91.35,2896.55,Fiber optic,Mailed check,No,No,No,0.7004290069797745,High
6331-LWDTQ,Month-to-month,10,72.15,794.25,DSL,Credit card (automatic),No,No,Yes,0.7000241490448753,High
2474-BRUCM,Month-to-month,40,101.85,4086.3,Fiber optic,Electronic check,No,Yes,Yes,0.6999448036577894,High
2519-FAKOD,Month-to-month,38,99.25,3777.15,Fiber optic,Bank transfer (automatic),No,No,Yes,0.6998878437873398,High
7905-TVXTA,Month-to-month,5,64.35,352.65,DSL,Electronic check,Yes,Yes,No,0.6995864367096045,High
9944-AEXBM,Month-to-month,32,85.65,2664.3,Fiber optic,Bank transfer (automatic),No,No,No,0.6995131396484114,High
0952-KMEEH,Month-to-month,13,98.15,1230.25,Fiber optic,Mailed check,No,Yes,Yes,0.6995030424248997,High
1918-ZBFQJ,Month-to-month,13,79.25,1111.65,Fiber optic,Electronic check,No,No,Yes,0.6993920210693744,High
6180-YBIQI,Month-to-month,5,24.3,100.2,DSL,Mailed check,No,No,No,0.6993803648401413,High
4881-JVQOD,Month-to-month,10,34.55,362.6,DSL,Bank transfer (automatic),No,No,No,0.6993074090641792,High
1769-GRUIK,Month-to-month,18,71.1,1247.75,Fiber optic,Electronic check,No,No,No,0.6990198480229403,High
2070-XYMFH,Month-to-month,23,79.35,1835.3,Fiber optic,Mailed check,No,No,No,0.6988620241007779,High
7825-ECJRF,Month-to-month,19,106.6,1934.45,Fiber optic,Electronic check,Yes,Yes,Yes,0.6987623991888673,High
5692-FPTAH,Month-to-month,1,45.4,45.4,DSL,Mailed check,No,No,Yes,0.6985620370892293,High
2275-RBYQS,Month-to-month,1,45.4,45.4,DSL,Mailed check,No,No,No,0.6985620370892293,High
7065-YUNRY,Month-to-month,1,45.3,45.3,DSL,Mailed check,No,No,Yes,0.6984994683701689,High
4658-HCOHW,Month-to-month,21,102.8,2110.15,Fiber optic,Electronic check,Yes,No,Yes,0.6984378156677135,High
6633-MPWBS,Month-to-month,5,49.2,216.9,DSL,Electronic check,Yes,No,Yes,0.6983519505728188,High
4947-DSMXK,Month-to-month,34,97.7,3410.0,Fiber optic,Bank transfer (automatic),No,No,No,0.6983072620708812,High
8630-FJLIB,Month-to-month,18,69.8,1221.65,Fiber optic,Electronic check,No,No,No,0.6982065815406223,High
7048-GXDAY,Month-to-month,39,106.4,4040.65,Fiber optic,Electronic check,No,Yes,No,0.6982037864966717,High
9667-TKTVZ,Month-to-month,2,54.35,117.05,DSL,Mailed check,Yes,No,No,0.6981976202115125,High
7841-TZDMQ,Month-to-month,2,46.0,84.5,DSL,Credit card (automatic),No,No,Yes,0.6981650315607091,High
6595-COKXZ,Month-to-month,1,44.45,44.45,DSL,Mailed check,No,No,Yes,0.6979673364072514,High
9710-ZUSHQ,Month-to-month,37,106.75,4056.75,Fiber optic,Bank transfer (automatic),No,Yes,Yes,0.6979429189279492,High
9090-SGQXL,Month-to-month,68,105.3,7299.65,Fiber optic,Electronic check,No,No,Yes,0.6979171324167006,High
5108-ADXWO,Month-to-month,11,73.5,791.75,Fiber optic,Electronic check,No,Yes,Yes,0.6977809340533023,High
9214-EKVXR,Month-to-month,1,44.0,44.0,DSL,Mailed check,No,No,No,0.6976854039046176,High
3174-RKMOW,Month-to-month,35,109.95,3782.4,Fiber optic,Electronic check,Yes,No,No,0.6976769923035987,High
3413-BMNZE,Month-to-month,1,45.25,45.25,DSL,Bank transfer (automatic),No,No,No,0.697507834616218,High
8066-POXGX,Month-to-month,13,35.1,446.1,DSL,Electronic check,No,No,Yes,0.6974394309365155,High
8280-MQRQN,Month-to-month,1,50.45,50.45,DSL,Mailed check,No,No,Yes,0.6973978574559043,High
4840-ORQXB,Month-to-month,56,104.75,5841.35,Fiber optic,Electronic check,No,No,No,0.6973805889726788,High
4360-PNRQB,Month-to-month,18,75.6,1395.05,Fiber optic,Bank transfer (automatic),No,No,No,0.6972859937687567,High
2719-BDAQO,Month-to-month,17,93.85,1625.65,Fiber optic,Electronic check,No,Yes,Yes,0.6972139399931969,High
5364-EVNIB,Month-to-month,13,79.8,973.45,Fiber optic,Electronic check,No,No,Yes,0.6971795276651827,High
4546-FOKWR,Month-to-month,16,74.75,1129.35,Fiber optic,Credit card (automatic),No,No,No,0.6971532125333113,High
7470-MCQTK,Month-to-month,13,48.75,633.4,DSL,Bank transfer (automatic),No,No,Yes,0.6971247245304188,High
9540-JYROE,Month-to-month,8,70.1,551.35,Fiber optic,Mailed check,No,No,Yes,0.6969807665023353,High
2100-BDNSN,Month-to-month,5,67.95,350.3,DSL,Bank transfer (automatic),Yes,No,Yes,0.6969515474351858,High
4430-UZIPO,Month-to-month,3,36.85,108.7,DSL,Mailed check,Yes,No,Yes,0.6966324262107674,High
6551-GNYDG,Month-to-month,14,80.9,1152.8,Fiber optic,Bank transfer (automatic),No,No,No,0.6965204559815483,High
0867-LDTTC,Month-to-month,5,75.15,392.65,DSL,Bank transfer (automatic),Yes,No,No,0.6965171601098246,High
8785-CJSHH,Month-to-month,60,99.8,5985.75,Fiber optic,Electronic check,No,No,No,0.6964153349914763,High
3737-GCSPV,Month-to-month,11,96.2,1222.05,Fiber optic,Credit card (automatic),Yes,Yes,Yes,0.6963533157757024,High
3144-AUDBS,Month-to-month,6,49.15,270.8,DSL,Electronic check,Yes,No,Yes,0.6963406610956476,High
4237-RLAQD,Month-to-month,1,45.85,45.85,DSL,Mailed check,No,No,Yes,0.6962832584706329,High
5133-POWUA,Month-to-month,1,45.8,45.8,DSL,Mailed check,No,No,No,0.6962518413723658,High
3237-AJGEH,Month-to-month,3,31.0,95.05,DSL,Mailed check,Yes,No,Yes,0.6962085625778694,High
9117-SHLZX,Month-to-month,1,45.7,45.7,DSL,Mailed check,No,No,Yes,0.6961890016800724,High
0887-HJGAR,Month-to-month,1,45.7,45.7,DSL,Mailed check,No,No,Yes,0.6961890016800724,High
2501-XWWTZ,Month-to-month,11,70.2,760.05,Fiber optic,Electronic check,No,No,No,0.696141663284378,High
3566-HJGPK,Month-to-month,1,45.55,45.55,DSL,Mailed check,No,No,No,0.6960947284050321,High
6377-WHAOX,Month-to-month,60,106.15,6411.25,Fiber optic,Electronic check,No,No,No,0.6960642524330195,High
2538-OIMXF,Month-to-month,1,24.7,24.7,DSL,Mailed check,No,No,No,0.695930082513902,High
0256-LTHVJ,Month-to-month,28,81.05,2227.1,Fiber optic,Electronic check,No,No,Yes,0.6959261572651987,High
0541-FITGH,Month-to-month,2,62.15,113.1,DSL,Mailed check,No,Yes,No,0.6958600769718948,High
5696-QURRL,Month-to-month,1,45.05,45.05,DSL,Mailed check,No,No,Yes,0.6957803651650742,High
8950-MTZNV,Month-to-month,1,44.95,44.95,DSL,Mailed check,No,No,No,0.6957174705609546,High
8710-YGLWG,Month-to-month,1,44.9,44.9,DSL,Mailed check,No,No,No,0.6956860205155962,High
7529-ZDFXI,Month-to-month,57,89.85,4925.35,Fiber optic,Electronic check,No,No,No,0.6956562524783101,High
3799-ISUZQ,Month-to-month,7,69.95,529.5,Fiber optic,Bank transfer (automatic),No,No,Yes,0.69556890919652,High
9465-RWMXL,Month-to-month,32,78.9,2447.95,Fiber optic,Electronic check,No,No,Yes,0.6953332965675191,High
2232-DMLXU,Month-to-month,1,55.2,55.2,DSL,Mailed check,No,No,Yes,0.6953140774548467,High
0082-LDZUE,Month-to-month,1,44.3,44.3,DSL,Mailed check,No,No,No,0.6953084773929813,High
1845-CSBRZ,Month-to-month,22,85.35,1961.6,Fiber optic,Bank transfer (automatic),No,No,No,0.6952478751770259,High
7663-RGWBC,Month-to-month,1,44.15,44.15,DSL,Mailed check,No,No,Yes,0.6952140505065251,High
5515-AKOAJ,Month-to-month,54,100.1,5440.9,Fiber optic,Electronic check,Yes,No,Yes,0.6951197691531196,High
7752-XUSCI,Month-to-month,60,105.9,6396.45,Fiber optic,Electronic check,No,No,Yes,0.6949023284415736,High
0504-HHAPI,Month-to-month,27,88.3,2467.75,Fiber optic,Credit card (automatic),No,No,Yes,0.6948931623489326,High
3755-JBMNH,Month-to-month,16,71.8,1167.8,Fiber optic,Bank transfer (automatic),No,No,Yes,0.6948535094687841,High
3096-IZETN,Month-to-month,12,78.1,947.3,Fiber optic,Bank transfer (automatic),No,No,Yes,0.6947260206373663,High
5606-AMZBO,Month-to-month,10,78.15,765.15,Fiber optic,Credit card (automatic),No,Yes,No,0.6945517752046381,High
5222-IMUKT,Month-to-month,32,91.05,2871.5,Fiber optic,Electronic check,No,No,No,0.6945012970363711,High
2495-KZNFB,Month-to-month,33,90.65,2989.6,Fiber optic,Electronic check,No,Yes,No,0.694383572735055,High
1660-HSOOQ,Month-to-month,1,49.65,49.65,DSL,Mailed check,No,No,Yes,0.6943264451604684,High
4727-MCYZG,Month-to-month,1,55.55,55.55,DSL,Mailed check,No,No,No,0.6941250020312286,High
3082-VQXNH,Month-to-month,3,29.8,94.4,DSL,Credit card (automatic),No,No,No,0.694122331485239,High
2322-VCZHZ,Month-to-month,23,90.0,2024.1,Fiber optic,Electronic check,No,Yes,No,0.694097019436632,High
5482-VXSXJ,Month-to-month,22,93.2,2157.3,Fiber optic,Mailed check,No,No,No,0.6939322430834611,High
3315-TOTBP,Month-to-month,15,76.0,1130.85,Fiber optic,Mailed check,No,No,Yes,0.6935753631188899,High
1391-UBDAR,Month-to-month,11,72.9,818.45,Fiber optic,Electronic check,No,No,No,0.6934900637978398,High
8645-KWHJO,Month-to-month,14,55.0,771.95,DSL,Electronic check,Yes,No,No,0.693487368902243,High
5365-LLFYV,Month-to-month,2,45.85,105.6,DSL,Mailed check,No,No,No,0.6932880128214057,High
5480-TBGPH,Month-to-month,24,99.3,2431.35,Fiber optic,Credit card (automatic),No,No,Yes,0.6932275765745682,High
5351-QESIO,Month-to-month,1,24.2,24.2,DSL,Mailed check,No,No,No,0.6930399888862463,High
3278-FSIXX,Month-to-month,2,45.25,74.2,DSL,Mailed check,No,No,No,0.6929088078979572,High
7813-ZGGAW,Month-to-month,31,96.6,2877.95,Fiber optic,Bank transfer (automatic),Yes,No,No,0.6928510144672332,High
2103-ZRXFN,Month-to-month,1,50.75,50.75,DSL,Mailed check,No,No,No,0.6924893130709244,High
4154-AQUGT,Month-to-month,13,89.05,1169.35,Fiber optic,Bank transfer (automatic),Yes,No,Yes,0.6923421268340216,High
5950-AAAGJ,Month-to-month,18,84.3,1537.9,Fiber optic,Bank transfer (automatic),No,No,No,0.6923263413199503,High
5022-JNQEQ,Month-to-month,9,75.85,647.5,Fiber optic,Electronic check,Yes,No,No,0.6922865061857627,High
2507-QZPQS,Month-to-month,15,95.7,1451.1,Fiber optic,Electronic check,Yes,No,No,0.691700887928154,High
3658-KIBGF,Month-to-month,1,54.9,54.9,DSL,Electronic check,No,Yes,Yes,0.6916695317533682,High
9889-TMAHG,Month-to-month,8,100.3,832.35,Fiber optic,Credit card (automatic),Yes,Yes,Yes,0.6915974866279851,High
4581-LNWUM,Month-to-month,13,49.15,649.4,DSL,Electronic check,No,No,No,0.6914940821715788,High
2761-XECQW,Month-to-month,8,43.35,371.4,DSL,Mailed check,No,No,No,0.6912897718494517,High
6142-VSJQO,Month-to-month,1,44.35,44.35,DSL,Bank transfer (automatic),No,No,Yes,0.6910107856929366,High
5536-RTPWK,Month-to-month,49,99.05,4853.75,Fiber optic,Bank transfer (automatic),No,No,Yes,0.6909008220508798,High
0701-RFGFI,Month-to-month,49,95.4,4613.95,Fiber optic,Bank transfer (automatic),No,No,No,0.6908555944422002,High
2657-ALMWY,Month-to-month,26,84.95,2169.75,Fiber optic,Electronic check,No,No,Yes,0.6907601124757943,High
6467-CHFZW,Month-to-month,47,99.35,4749.15,Fiber optic,Electronic check,No,No,Yes,0.6906626817926137,High
2974-GGUXS,Month-to-month,36,91.95,3301.05,Fiber optic,Credit card (automatic),No,No,No,0.6905818929614145,High
8584-KMVXD,Month-to-month,8,75.6,535.55,Fiber optic,Electronic check,No,No,No,0.6905586482667295,High
8124-NZVGJ,One year,6,49.25,255.6,DSL,Mailed check,Yes,No,No,0.6904949921779345,High
4671-LXRDQ,Month-to-month,2,45.0,96.45,DSL,Mailed check,No,No,Yes,0.6901616499854689,High
2694-CIUMO,Month-to-month,12,79.55,958.25,Fiber optic,Credit card (automatic),Yes,No,No,0.6901456601337207,High
8456-QDAVC,Month-to-month,19,78.7,1495.1,Fiber optic,Bank transfer (automatic),No,No,No,0.6900933193976627,High
8849-AYPTR,Month-to-month,33,91.25,2964.05,Fiber optic,Electronic check,No,No,No,0.6900441732944296,High
5485-WUYWF,Month-to-month,2,66.4,94.55,DSL,Bank transfer (automatic),No,Yes,Yes,0.6900235252505891,High
7979-CORPM,Month-to-month,24,90.55,2282.55,Fiber optic,Credit card (automatic),No,No,Yes,0.6898613560861776,High
9274-UARKJ,Month-to-month,15,83.2,1130.0,Fiber optic,Bank transfer (automatic),No,No,No,0.6895213918441659,High
6689-KXGBO,Month-to-month,1,50.55,50.55,DSL,Electronic check,No,No,Yes,0.6893441453911212,High
7481-ATQQS,Month-to-month,49,90.85,4515.85,Fiber optic,Credit card (automatic),No,No,Yes,0.6892522869436161,High
1471-GIQKQ,Month-to-month,1,49.95,49.95,DSL,Electronic check,No,No,No,0.6889622520321228,High
2637-FKFSY,Month-to-month,3,46.1,130.15,DSL,Mailed check,No,No,No,0.6888529611822191,High
2108-XWMPY,Month-to-month,3,35.45,106.85,DSL,Mailed check,No,Yes,Yes,0.688846996628885,High
8378-LKJAF,Month-to-month,38,101.15,3956.7,Fiber optic,Credit card (automatic),No,No,No,0.6887737145040282,High
9780-FKVVF,Month-to-month,6,59.15,336.7,DSL,Bank transfer (automatic),No,Yes,No,0.6887571154206,High
0682-USIXD,Month-to-month,21,86.05,1818.9,Fiber optic,Electronic check,Yes,No,No,0.6887223145837701,High
4248-QPAVC,Month-to-month,17,85.35,1463.45,Fiber optic,Bank transfer (automatic),No,Yes,Yes,0.6886973982567527,High
4065-JJAVA,Month-to-month,1,49.5,49.5,DSL,Electronic check,No,No,No,0.6886756630888315,High
0311-QYWSS,Month-to-month,6,49.45,314.6,DSL,Electronic check,No,Yes,No,0.6886170280198369,High
0280-XJGEX,Month-to-month,49,103.7,5036.3,Fiber optic,Bank transfer (automatic),No,No,Yes,0.6884492876960061,High
9885-AIBVB,Month-to-month,29,85.8,2440.25,Fiber optic,Electronic check,No,No,No,0.6880963777671677,High
0975-VOOVL,Month-to-month,3,29.2,98.5,DSL,Mailed check,No,No,No,0.6879051208890823,High
2916-BQZLN,Month-to-month,19,84.75,1651.95,Fiber optic,Electronic check,No,Yes,No,0.6877857968174154,High
6557-BZXLQ,Month-to-month,16,69.65,1043.3,Fiber optic,Electronic check,No,No,No,0.6875742320509937,High
4446-BZKHU,Month-to-month,61,105.55,6281.45,Fiber optic,Electronic check,No,No,Yes,0.6874977299532462,High
7395-IGJOS,Month-to-month,17,81.5,1329.2,Fiber optic,Bank transfer (automatic),No,No,Yes,0.687071395668935,High
6581-NQCBA,Month-to-month,16,49.95,810.2,DSL,Electronic check,Yes,No,Yes,0.687048148367767,High
0141-YEAYS,Month-to-month,27,86.45,2401.05,Fiber optic,Bank transfer (automatic),No,No,No,0.687002947182072,High
0601-WZHJF,Month-to-month,14,46.35,667.7,DSL,Electronic check,No,No,Yes,0.6869005520931186,High
2207-NHRJK,Month-to-month,1,50.8,50.8,DSL,Electronic check,No,No,Yes,0.6868991153818444,High
3587-PMCOY,One year,10,98.9,1064.95,Fiber optic,Electronic check,No,Yes,No,0.6868983544238517,High
0212-ISBBF,Month-to-month,22,50.35,1098.85,DSL,Electronic check,No,No,No,0.6867714338399287,High
4918-QLLIW,Month-to-month,3,53.4,188.7,DSL,Credit card (automatic),No,No,Yes,0.6867702252937409,High
1624-WOIWJ,Month-to-month,10,84.7,832.05,Fiber optic,Mailed check,No,Yes,Yes,0.6866864976644315,High
7351-KYHQH,Month-to-month,7,64.95,493.65,DSL,Electronic check,No,No,No,0.6866511191026353,High
9518-XXBXE,Month-to-month,10,75.3,720.45,Fiber optic,Electronic check,No,Yes,No,0.6863685794751874,High
5626-MGTUK,Month-to-month,20,89.1,1879.25,Fiber optic,Bank transfer (automatic),No,Yes,No,0.6862942202615253,High
1472-TNCWL,Month-to-month,36,94.7,3512.5,Fiber optic,Electronic check,No,No,No,0.6862260920096742,High
9348-YVOMK,Month-to-month,4,44.8,176.2,DSL,Credit card (automatic),No,No,No,0.6862162677762644,High
1928-BXYIV,Month-to-month,1,61.15,61.15,DSL,Electronic check,No,Yes,No,0.6860966559876402,High
6906-ANDWJ,Month-to-month,15,74.9,1107.25,Fiber optic,Bank transfer (automatic),No,No,Yes,0.6859233470636472,High
4550-VBOFE,Month-to-month,70,102.95,7101.5,Fiber optic,Electronic check,No,No,Yes,0.6852264506345233,High
6704-UTUKK,Month-to-month,29,45.9,1332.4,DSL,Electronic check,No,No,No,0.685203655405448,High
3446-QDSZF,Month-to-month,4,55.5,227.35,DSL,Credit card (automatic),No,No,No,0.6850714869017436,High
8384-FZBJK,Month-to-month,57,100.6,5611.7,Fiber optic,Electronic check,No,No,No,0.6849728968860737,High
9053-EJUNL,Month-to-month,41,89.2,3645.75,Fiber optic,Electronic check,No,No,No,0.6848569345929093,High
6988-CJEYV,Month-to-month,49,98.7,4920.55,Fiber optic,Electronic check,No,No,No,0.6847258644634576,High
0295-QVKPB,Month-to-month,5,63.95,318.1,DSL,Credit card (automatic),Yes,No,No,0.6843285224540666,High
9168-INPSZ,Month-to-month,44,104.15,4495.65,Fiber optic,Electronic check,Yes,No,No,0.6841380331667778,High
5982-FPVQN,Month-to-month,37,95.15,3532.85,Fiber optic,Electronic check,No,No,No,0.6836863683171037,High
6923-EFPNL,Month-to-month,4,51.75,201.1,DSL,Credit card (automatic),No,No,Yes,0.6836726567617757,High
0570-BFQHT,Month-to-month,9,80.55,653.9,Fiber optic,Electronic check,No,No,No,0.6836619620745453,High
5153-RTHKF,Month-to-month,34,85.35,2896.6,Fiber optic,Electronic check,No,No,No,0.6836283359863891,High
2903-YYTBW,Month-to-month,1,44.55,44.55,DSL,Electronic check,No,No,No,0.6835929094204662,High
5027-XWQHA,Month-to-month,6,44.75,270.95,DSL,Electronic check,No,No,Yes,0.6834354078682346,High
9283-LZQOH,Month-to-month,13,74.4,896.75,Fiber optic,Credit card (automatic),No,No,Yes,0.6833919558179099,High
5172-MIGPM,Month-to-month,4,65.55,237.2,DSL,Mailed check,Yes,No,No,0.6831626525482906,High
0537-QYZZN,Month-to-month,24,79.85,1857.75,Fiber optic,Electronic check,No,Yes,No,0.6830864159917303,High
3694-DELSO,Month-to-month,4,38.55,156.1,DSL,Credit card (automatic),No,Yes,No,0.6827450072805787,High
1635-FJFCC,Month-to-month,5,44.05,202.15,DSL,Credit card (automatic),No,No,No,0.6826843876296503,High
1902-XBTFB,Month-to-month,22,89.4,2001.5,Fiber optic,Electronic check,No,No,Yes,0.6825568659203775,High
9522-BNTHX,Month-to-month,34,56.25,1765.95,DSL,Electronic check,No,No,No,0.6823087573771367,High
9261-WDCAF,Month-to-month,3,54.65,189.1,DSL,Mailed check,No,No,No,0.6822823839646075,High
0177-PXBAT,Month-to-month,33,109.9,3694.7,Fiber optic,Bank transfer (automatic),Yes,Yes,No,0.6822588451345798,High
5522-JBWMO,Month-to-month,1,44.0,44.0,DSL,Electronic check,No,No,No,0.6822118491035281,High
5175-AOBHI,Month-to-month,4,46.0,193.6,DSL,Mailed check,No,No,Yes,0.6821047228903708,High
2672-TGEFF,Month-to-month,37,88.8,3340.55,Fiber optic,Electronic check,No,No,No,0.681829538156222,High
2675-OTVVJ,Month-to-month,31,89.45,2807.65,Fiber optic,Electronic check,No,Yes,No,0.6818128307870157,High
8229-TNIQA,Month-to-month,4,45.3,196.95,DSL,Mailed check,No,No,Yes,0.6816535673945945,High
7268-IGMFD,Month-to-month,18,93.9,1743.9,Fiber optic,Bank transfer (automatic),Yes,No,No,0.6812409267579422,High
7018-WBJNK,Month-to-month,13,78.3,1033.95,Fiber optic,Credit card (automatic),No,No,No,0.6812335111871586,High
7020-OZKXZ,Month-to-month,9,75.5,637.4,Fiber optic,Credit card (automatic),No,No,No,0.6811744010759012,High
6876-ADESB,Month-to-month,1,48.95,48.95,DSL,Electronic check,No,No,Yes,0.6809488104998315,High
6741-EGCBI,Month-to-month,30,90.5,2595.85,Fiber optic,Credit card (automatic),No,Yes,No,0.6807453676665702,High
7855-DIWPO,Month-to-month,21,68.65,1493.2,Fiber optic,Electronic check,No,No,No,0.6806094834314893,High
9821-POOTN,Month-to-month,35,75.2,2576.2,Fiber optic,Electronic check,No,No,Yes,0.6804684152912961,High
8806-EAGWC,Month-to-month,3,55.15,159.15,DSL,Mailed check,No,No,Yes,0.6803832285033257,High
1335-NTIUC,Month-to-month,9,24.95,190.25,DSL,Electronic check,No,No,No,0.680100179819862,High
9281-OFDMF,Month-to-month,39,90.7,3413.25,Fiber optic,Electronic check,No,No,No,0.6799375317583473,High
2038-LLMLM,Month-to-month,48,103.85,4946.05,Fiber optic,Electronic check,Yes,No,No,0.6796332018401,High
3955-JBZZM,Month-to-month,20,78.8,1641.3,Fiber optic,Electronic check,No,No,No,0.6795310779762891,High
4193-ORFCL,Month-to-month,1,45.1,45.1,DSL,Mailed check,No,No,Yes,0.6791045165144971,High
1564-HJUVY,Month-to-month,4,63.75,226.2,DSL,Bank transfer (automatic),Yes,No,No,0.6790629214561648,High
0093-XWZFY,Month-to-month,40,104.5,4036.85,Fiber optic,Credit card (automatic),No,No,Yes,0.6788701506384333,High
4879-GZLFH,Month-to-month,42,92.15,3875.4,Fiber optic,Electronic check,No,No,No,0.6785177360112512,High
5453-AXEPF,Month-to-month,17,80.5,1336.9,Fiber optic,Bank transfer (automatic),No,No,No,0.6784699656911596,High
7460-ITWWP,Month-to-month,45,86.1,3861.45,Fiber optic,Electronic check,No,No,No,0.6779276742689078,High
1142-WACZW,Month-to-month,2,29.85,75.6,DSL,Bank transfer (automatic),Yes,No,Yes,0.6778824943537999,High
7483-IQWIB,Month-to-month,37,92.95,3415.25,Fiber optic,Electronic check,No,No,No,0.6774024617464005,High
9420-LOJKX,Month-to-month,15,99.1,1426.4,Fiber optic,Credit card (automatic),No,Yes,Yes,0.6772833538444822,High
5650-YLIBA,Month-to-month,31,81.15,2640.55,Fiber optic,Electronic check,No,No,No,0.6771448322913338,High
9761-XUJWD,Month-to-month,5,65.6,339.9,DSL,Bank transfer (automatic),Yes,No,No,0.6767635086820055,High
8819-IMISP,Month-to-month,31,80.45,2429.1,Fiber optic,Electronic check,No,No,No,0.6766899741747902,High
4704-ERYFC,Month-to-month,22,69.25,1554.0,Fiber optic,Electronic check,No,No,Yes,0.6763044538384324,High
5649-RXQTV,Month-to-month,51,99.0,5038.15,Fiber optic,Electronic check,No,No,No,0.6760890961928556,High
2027-CWDNU,Month-to-month,18,85.6,1601.5,Fiber optic,Electronic check,Yes,No,No,0.675895104257417,High
3370-GQEAL,Month-to-month,30,85.45,2509.95,Fiber optic,Electronic check,No,No,No,0.6756210735186357,High
5294-DMSFH,Month-to-month,29,87.8,2621.75,Fiber optic,Credit card (automatic),No,No,No,0.6754071237662305,High
3524-WQDSG,Month-to-month,43,99.3,4209.95,Fiber optic,Bank transfer (automatic),No,No,No,0.6753513408842655,High
5129-JLPIS,Month-to-month,25,105.5,2686.05,Fiber optic,Electronic check,Yes,Yes,No,0.6753279896506081,High
9462-MJUAW,Month-to-month,4,50.4,206.6,DSL,Mailed check,No,No,Yes,0.6752356232551561,High
1550-EENBN,Month-to-month,31,104.35,3205.6,Fiber optic,Electronic check,No,Yes,No,0.6751256697583302,High
0428-IKYCP,Month-to-month,22,87.0,1850.65,Fiber optic,Bank transfer (automatic),No,No,No,0.6749482465444113,High
1343-EHPYB,Month-to-month,63,103.4,6603.0,Fiber optic,Electronic check,No,No,Yes,0.6747038620489313,High
5349-AZPEW,Month-to-month,5,25.05,125.5,DSL,Mailed check,No,No,No,0.6745272334169828,High
7562-GSUHK,Month-to-month,16,93.2,1573.7,Fiber optic,Credit card (automatic),No,No,Yes,0.6744276504952161,High
5882-CMAZQ,Month-to-month,5,34.25,163.55,DSL,Electronic check,Yes,No,No,0.6743084618464463,High
2853-CWQFQ,Month-to-month,1,59.55,59.55,DSL,Mailed check,Yes,No,No,0.6741492764516269,High
7233-DRTRF,Month-to-month,63,102.4,6444.05,Fiber optic,Electronic check,No,No,No,0.6740514139168953,High
3097-NNSPB,Month-to-month,2,49.05,91.1,DSL,Credit card (automatic),No,No,Yes,0.6740482430837703,High
0376-OIWME,Month-to-month,36,93.6,3366.05,Fiber optic,Electronic check,No,Yes,No,0.6740331073385221,High
8272-ONJLV,One year,12,95.7,1184.0,Fiber optic,Electronic check,No,No,No,0.6738550745114555,High
0111-KLBQG,Month-to-month,32,93.95,2861.45,Fiber optic,Mailed check,No,No,No,0.6738539827315121,High
9450-TRJUU,Month-to-month,35,83.15,2848.45,Fiber optic,Electronic check,No,No,No,0.6738310659439655,High
7739-LAXOG,Month-to-month,32,91.05,2954.5,Fiber optic,Bank transfer (automatic),No,No,Yes,0.6731911357985396,High
5173-WXOQV,Month-to-month,2,64.2,143.65,DSL,Mailed check,Yes,No,No,0.6727862308026681,High
2037-SGXHH,Month-to-month,38,94.65,3624.3,Fiber optic,Electronic check,No,No,Yes,0.6727502714373719,High
9824-BEMCV,Month-to-month,17,69.0,1149.65,Fiber optic,Electronic check,No,No,Yes,0.6727259699699661,High
1791-PQHBB,Month-to-month,2,61.2,125.95,DSL,Credit card (automatic),No,Yes,No,0.6726290527977897,High
7978-DKUQH,Month-to-month,25,74.6,1797.75,Fiber optic,Electronic check,No,No,No,0.6720266378327774,High
8468-EHYJA,Month-to-month,57,99.65,5497.05,Fiber optic,Electronic check,No,Yes,No,0.671807541144774,High
6486-LHTMA,One year,31,90.7,2835.5,Fiber optic,Electronic check,No,No,No,0.6715999015927957,High
5389-FFVKB,Month-to-month,32,80.3,2483.05,Fiber optic,Credit card (automatic),No,No,Yes,0.6711953107269734,High
8914-RBTSB,Month-to-month,31,93.8,3019.5,Fiber optic,Electronic check,No,No,Yes,0.6711177015922616,High
1452-KIOVK,Month-to-month,22,89.1,1949.4,Fiber optic,Credit card (automatic),No,No,No,0.6710549987630675,High
2344-JMOGN,Month-to-month,9,94.85,890.6,Fiber optic,Mailed check,Yes,No,Yes,0.6709246847847623,High
4208-UFFGW,Month-to-month,2,44.95,85.15,DSL,Mailed check,No,No,Yes,0.6705818260505029,High
2712-SYWAY,Month-to-month,1,25.7,25.7,No,Electronic check,No internet service,No internet service,No,0.6705507394957179,High
5998-VVEJY,Month-to-month,26,80.5,2088.8,Fiber optic,Electronic check,Yes,No,Yes,0.6704500526585725,High
4503-BDXBD,Month-to-month,11,74.95,815.5,Fiber optic,Electronic check,No,No,Yes,0.6703755406356637,High
5922-ABDVO,Month-to-month,19,89.65,1761.05,Fiber optic,Mailed check,No,No,Yes,0.6703457427496685,High
6961-VCPMC,Month-to-month,46,80.4,3605.2,Fiber optic,Electronic check,No,No,Yes,0.6702817475665954,High
6413-XKKPU,Month-to-month,17,89.4,1539.45,Fiber optic,Electronic check,No,Yes,Yes,0.6702560137679854,High
1845-ZLLIG,Month-to-month,1,50.15,50.15,DSL,Mailed check,No,No,No,0.6702280135394048,High
3352-ALMCK,Month-to-month,40,102.65,4108.15,Fiber optic,Mailed check,No,No,No,0.6700384235846408,High
0634-SZPQA,Month-to-month,23,90.05,2169.8,Fiber optic,Bank transfer (automatic),No,Yes,Yes,0.6697140935426694,High
2955-BJZHG,Month-to-month,17,80.85,1400.85,Fiber optic,Electronic check,No,No,Yes,0.6696295508007819,High
4223-WOZCM,Month-to-month,2,49.95,107.1,DSL,Mailed check,No,No,No,0.6693278522494632,High
2979-SXESE,Month-to-month,17,94.4,1607.2,Fiber optic,Electronic check,No,Yes,Yes,0.6690514282302379,High
6729-GDNGC,Month-to-month,20,80.7,1614.2,Fiber optic,Bank transfer (automatic),No,No,No,0.6687339423194251,High
2587-EKXTS,Month-to-month,44,111.5,4915.15,Fiber optic,Electronic check,No,Yes,No,0.6686494105421235,High
3165-HDOEW,Month-to-month,1,45.85,45.85,DSL,Mailed check,No,No,Yes,0.6681170993249387,High
2874-YXVVA,Month-to-month,34,105.1,3634.8,Fiber optic,Electronic check,Yes,No,No,0.6680183678254772,High
5295-PCJOO,Month-to-month,4,49.4,184.4,DSL,Electronic check,No,Yes,Yes,0.6680048231402326,High
3943-KDREE,Month-to-month,26,74.95,1834.95,Fiber optic,Bank transfer (automatic),No,No,Yes,0.6678476555844349,High
7852-LECYP,Month-to-month,13,93.8,1261.0,Fiber optic,Credit card (automatic),No,Yes,No,0.6676530917436092,High
6259-WJQLC,Month-to-month,32,81.1,2619.25,Fiber optic,Credit card (automatic),No,No,No,0.6675825997935142,High
2811-POVEX,Month-to-month,23,88.45,2130.55,Fiber optic,Bank transfer (automatic),No,No,No,0.6674428073691121,High
1818-ESQMW,Month-to-month,27,89.2,2383.6,Fiber optic,Electronic check,Yes,No,No,0.6670449036026825,High
9576-SYUHJ,Month-to-month,37,91.15,3369.25,Fiber optic,Electronic check,No,Yes,No,0.6670270083607992,High
5143-EGQFK,Month-to-month,10,29.65,291.4,DSL,Electronic check,Yes,No,Yes,0.666975772297879,High
1319-YLZJG,Month-to-month,12,84.6,959.9,Fiber optic,Electronic check,No,Yes,No,0.6669602481347507,High
1833-TCXKK,Month-to-month,45,107.75,4882.8,Fiber optic,Bank transfer (automatic),No,No,No,0.6669543624739843,High
0778-NELLA,Month-to-month,9,34.7,296.1,DSL,Credit card (automatic),No,No,Yes,0.6668955093598825,High
0564-MUUQK,Month-to-month,20,95.5,1916.2,Fiber optic,Bank transfer (automatic),Yes,No,No,0.6668585896671309,High
1226-UDFZR,Month-to-month,2,49.6,114.7,DSL,Mailed check,No,No,Yes,0.6667356581465658,High
2480-SQIOB,Month-to-month,4,44.8,169.65,DSL,Electronic check,No,No,No,0.6664771445009776,High
7011-CVEUC,Month-to-month,25,95.7,2338.35,Fiber optic,Credit card (automatic),Yes,No,No,0.6661435309162936,High
5087-SUURX,Month-to-month,18,39.05,669.85,DSL,Electronic check,No,No,Yes,0.6658672594633015,High
5215-LNLDJ,Month-to-month,7,24.7,149.05,DSL,Electronic check,No,No,No,0.6655588651188186,High
6656-JWRQX,Month-to-month,1,30.55,30.55,DSL,Mailed check,Yes,No,No,0.665309180087867,High
2856-NNASM,Month-to-month,43,89.55,3856.75,Fiber optic,Mailed check,No,No,Yes,0.6652838252253775,High
9661-MHUMO,Month-to-month,1,49.25,49.25,DSL,Credit card (automatic),Yes,No,Yes,0.6648489332310605,High
5461-QKNTN,Month-to-month,43,94.3,3953.15,Fiber optic,Electronic check,Yes,No,No,0.6646365186456321,High
9992-UJOEL,Month-to-month,2,50.3,92.75,DSL,Mailed check,No,No,No,0.6644975114298606,High
8563-OYMQY,Month-to-month,17,90.95,1612.2,Fiber optic,Credit card (automatic),No,No,No,0.6644521721849939,High
2049-BAFNW,Month-to-month,1,35.9,35.9,DSL,Mailed check,Yes,No,No,0.6642771442583,High
2189-WWOEW,Month-to-month,15,85.9,1269.55,Fiber optic,Bank transfer (automatic),No,No,Yes,0.6640542779768236,High
0531-ZZJWQ,Month-to-month,55,74.0,4052.4,Fiber optic,Electronic check,No,No,No,0.6639451765804084,High
8212-CRQXP,Month-to-month,22,80.0,1706.45,Fiber optic,Credit card (automatic),No,No,No,0.6636842482513404,High
2227-JRSJX,Month-to-month,21,99.15,1956.4,Fiber optic,Bank transfer (automatic),Yes,No,No,0.6635332796382764,High
4911-BANWH,Month-to-month,31,86.55,2697.4,Fiber optic,Credit card (automatic),No,No,Yes,0.6633669144086348,High
9979-RGMZT,One year,7,94.05,633.45,Fiber optic,Mailed check,No,No,No,0.6630689853064239,High
2971-SGAFL,Month-to-month,13,78.75,995.35,DSL,Electronic check,No,Yes,No,0.6630289612402482,High
8654-DHAOW,Month-to-month,2,54.15,101.65,DSL,Mailed check,No,No,No,0.6625189159159846,High
0856-NAOES,Month-to-month,6,60.9,414.1,DSL,Mailed check,No,No,No,0.6622438140070106,High
4013-TLDHQ,Month-to-month,19,78.25,1490.95,Fiber optic,Electronic check,No,No,Yes,0.6618915329703268,High
8020-BWHYL,Month-to-month,15,75.3,1147.45,Fiber optic,Credit card (automatic),No,No,Yes,0.661722600495669,High
1384-RCUXW,Month-to-month,16,80.55,1248.9,Fiber optic,Mailed check,No,No,No,0.6617104475521866,High
9667-EQRXU,Month-to-month,30,40.3,1172.95,DSL,Electronic check,No,No,Yes,0.6616942384577529,High
1816-FLZDK,Month-to-month,1,29.15,29.15,DSL,Mailed check,Yes,No,No,0.6616709222763357,High
4948-WBBKL,Month-to-month,36,74.9,2659.45,Fiber optic,Bank transfer (automatic),No,No,No,0.661331062082413,High
1469-LBJQJ,Month-to-month,66,105.2,6936.85,Fiber optic,Electronic check,No,No,No,0.6611090613196108,High
0310-MVLET,Month-to-month,61,99.15,6010.05,Fiber optic,Electronic check,No,No,Yes,0.660914161769529,High
7658-UYUQS,Month-to-month,21,86.55,1857.25,Fiber optic,Bank transfer (automatic),No,No,No,0.6605320632907387,High
9699-UBQFS,Month-to-month,43,94.5,4156.8,Fiber optic,Electronic check,No,Yes,No,0.6602338818033117,High
3323-CPBWR,Month-to-month,23,96.9,2085.45,Fiber optic,Credit card (automatic),Yes,No,No,0.6602123477603579,High
1173-NOEYG,Month-to-month,27,90.15,2423.4,Fiber optic,Bank transfer (automatic),No,No,No,0.6598393485255077,High
7593-JNWRU,Month-to-month,6,44.6,260.8,DSL,Bank transfer (automatic),No,No,Yes,0.659744089920099,High
0734-OXWBT,Month-to-month,3,70.7,225.65,DSL,Mailed check,Yes,No,No,0.6588966831877205,High
6847-KJLTS,Month-to-month,58,100.4,5749.8,Fiber optic,Bank transfer (automatic),Yes,No,No,0.6587714382104851,High
7634-WSWDB,Month-to-month,8,38.5,330.8,DSL,Electronic check,No,Yes,No,0.6586120546475613,High
5156-UMKOW,Month-to-month,3,29.65,90.05,DSL,Mailed check,No,No,No,0.6585765782368604,High
6304-IJFSQ,Month-to-month,3,49.9,130.1,DSL,Mailed check,No,No,Yes,0.6583506700844955,High
4619-EVPHY,One year,20,91.0,1859.5,Fiber optic,Bank transfer (automatic),No,No,No,0.6580809152350983,High
6599-RCLCJ,Month-to-month,47,109.55,5124.55,Fiber optic,Electronic check,Yes,No,Yes,0.6580620569862295,High
7774-OJSXI,One year,31,103.45,3066.45,Fiber optic,Electronic check,No,No,Yes,0.6579373155285313,High
5999-LCXAO,Month-to-month,1,29.9,29.9,DSL,Mailed check,No,Yes,No,0.6576174645741009,High
2187-LZGPL,Month-to-month,7,40.1,293.3,DSL,Credit card (automatic),No,No,Yes,0.6574362814900641,High
9644-UMGQA,Month-to-month,6,49.15,295.65,DSL,Electronic check,No,Yes,No,0.6571580101970181,High
6022-UGGSO,Month-to-month,32,74.4,2276.95,Fiber optic,Electronic check,No,No,Yes,0.6567916708770504,High
5204-QZXPU,Month-to-month,19,39.65,733.35,DSL,Electronic check,No,No,Yes,0.6566036045452217,High
1323-OOEPC,Month-to-month,53,98.4,5149.5,Fiber optic,Credit card (automatic),No,No,Yes,0.6562747309277909,High
6017-PPLPX,Month-to-month,20,70.45,1470.95,Fiber optic,Electronic check,No,No,Yes,0.6561236620983565,High
0666-UXTJO,Month-to-month,34,85.2,2874.45,Fiber optic,Credit card (automatic),No,No,No,0.6558545010359204,High
7579-OOPEC,Month-to-month,2,50.15,115.1,DSL,Credit card (automatic),No,No,Yes,0.6558050330543219,High
3164-AALRN,One year,5,70.0,347.4,DSL,Mailed check,No,No,Yes,0.655555577789141,High
4220-TINQT,Month-to-month,61,106.35,6751.35,Fiber optic,Electronic check,Yes,No,No,0.6554603247825562,High
8818-XYFCQ,Month-to-month,32,99.55,3204.65,Fiber optic,Credit card (automatic),No,Yes,Yes,0.655263709731881,High
9026-LHEVG,Month-to-month,9,40.75,359.4,DSL,Electronic check,No,No,No,0.6549989113288974,High
2309-OSFEU,Month-to-month,10,33.9,298.45,DSL,Mailed check,No,No,Yes,0.6549893513285495,High
9526-BIHHD,Month-to-month,1,29.7,29.7,DSL,Mailed check,No,Yes,Yes,0.6547455047492279,High
3258-SANFR,Month-to-month,6,44.7,276.5,DSL,Credit card (automatic),No,No,No,0.6546996670145236,High
6693-FRIRW,Month-to-month,18,101.3,1794.65,Fiber optic,Credit card (automatic),No,No,No,0.6544032273680845,High
3761-FLYZI,Month-to-month,65,108.8,7082.45,Fiber optic,Bank transfer (automatic),No,No,No,0.6543606935096643,High
5035-BVCXS,Month-to-month,11,75.9,866.4,Fiber optic,Mailed check,No,No,No,0.6543447523440822,High
3804-RVTGV,Month-to-month,50,103.85,5017.9,Fiber optic,Bank transfer (automatic),No,No,Yes,0.6540942198394917,High
9927-DSWDF,Month-to-month,22,104.6,2180.55,Fiber optic,Electronic check,Yes,Yes,No,0.653984936415909,High
9369-XFEHK,Month-to-month,33,80.6,2656.5,Fiber optic,Bank transfer (automatic),No,No,Yes,0.65395538172937,High
1728-CXQBE,Month-to-month,64,94.25,6081.4,Fiber optic,Electronic check,No,No,No,0.6537176435665568,High
9174-FKWZE,Month-to-month,1,19.45,19.45,No,Electronic check,No internet service,No internet service,Yes,0.653539734366858,High
7503-QQRVF,Month-to-month,16,74.3,1178.25,Fiber optic,Credit card (automatic),No,No,Yes,0.6534765952604904,High
9732-KPKBW,Month-to-month,1,53.95,53.95,DSL,Electronic check,Yes,Yes,Yes,0.6532026577923024,High
7181-OQCUT,Month-to-month,21,103.85,2215.0,Fiber optic,Mailed check,No,Yes,No,0.6527746104349853,High
2911-WDXMV,Month-to-month,18,80.55,1406.65,Fiber optic,Credit card (automatic),No,No,No,0.652739769854608,High
8993-IZEUX,Month-to-month,7,69.15,488.65,Fiber optic,Bank transfer (automatic),No,No,No,0.6525940711438211,High
8155-IBNHG,Month-to-month,24,75.4,1747.85,Fiber optic,Credit card (automatic),No,No,Yes,0.652573253427762,High
5828-AVIPD,One year,19,100.95,1875.55,Fiber optic,Electronic check,Yes,No,Yes,0.6521698976906448,High
7881-INRLC,Month-to-month,45,100.85,4740.0,Fiber optic,Credit card (automatic),No,No,Yes,0.6518008345102856,High
5498-TXHLF,Month-to-month,34,87.45,2874.15,Fiber optic,Electronic check,No,No,Yes,0.6516339928000014,High
9574-RKJIF,Month-to-month,30,94.4,2838.7,Fiber optic,Electronic check,No,Yes,Yes,0.6513657735350116,High
6022-KOUQO,Month-to-month,2,29.05,44.75,DSL,Bank transfer (automatic),Yes,No,No,0.6510906049002919,High
6173-GOLSU,Month-to-month,67,94.65,6079.0,Fiber optic,Credit card (automatic),No,No,No,0.6507986924577144,High
4718-DHSMV,Month-to-month,11,35.8,363.15,DSL,Mailed check,No,No,No,0.6507486326108403,High
6394-MFYNG,Month-to-month,48,107.4,5121.3,Fiber optic,Bank transfer (automatic),No,No,Yes,0.6506762610024628,High
0032-PGELS,Month-to-month,1,30.5,30.5,DSL,Bank transfer (automatic),No,Yes,Yes,0.6506702153307978,High
6921-OZMFH,Month-to-month,5,55.7,259.4,DSL,Mailed check,Yes,No,No,0.6506378309187031,High
9286-DOJGF,Month-to-month,38,74.95,2869.85,Fiber optic,Bank transfer (automatic),No,No,Yes,0.6505829794398686,High
0623-GDISB,Month-to-month,1,48.45,48.45,DSL,Bank transfer (automatic),No,Yes,No,0.6505688262194819,High
7567-ECMCM,Month-to-month,24,79.85,2001.0,Fiber optic,Credit card (automatic),No,No,No,0.6502510684511464,High
0207-MDKNV,Month-to-month,15,105.1,1582.75,Fiber optic,Electronic check,Yes,Yes,Yes,0.649893149585365,High
6624-JDRDS,Month-to-month,6,29.45,161.45,DSL,Bank transfer (automatic),No,Yes,No,0.6496598673771423,High
2452-KDRRH,Month-to-month,67,101.4,6841.05,Fiber optic,Credit card (automatic),No,No,No,0.6496125829027874,High
8519-QJGJD,Month-to-month,14,75.35,1025.95,Fiber optic,Electronic check,No,No,Yes,0.6493880015028534,High
2235-ZGKPT,Month-to-month,4,50.85,239.55,DSL,Mailed check,No,No,Yes,0.6491840926932705,High
2921-XWDJH,Month-to-month,38,83.45,3147.15,Fiber optic,Electronic check,No,Yes,No,0.6491421666602459,High
2519-ERQOJ,Month-to-month,33,54.6,1803.7,DSL,Electronic check,Yes,No,No,0.648805692198741,High
3162-KKZXO,One year,55,100.15,5409.75,Fiber optic,Electronic check,No,No,No,0.6486683252035073,High
3452-ABWRL,Month-to-month,47,86.05,3865.6,Fiber optic,Credit card (automatic),No,No,No,0.6485764879291743,High
0727-BMPLR,One year,55,100.0,5509.3,Fiber optic,Electronic check,No,No,Yes,0.6485667497561155,High
9800-ONTFE,Month-to-month,22,75.8,1615.1,Fiber optic,Bank transfer (automatic),No,No,No,0.6484232516932706,High
6145-NNPNO,Month-to-month,1,44.15,44.15,DSL,Bank transfer (automatic),No,No,No,0.6481250549636276,High
7967-HYCDE,Month-to-month,8,70.7,553.4,Fiber optic,Bank transfer (automatic),No,No,No,0.647668450419344,High
7599-FKVXZ,Month-to-month,42,106.15,4512.7,Fiber optic,Bank transfer (automatic),Yes,No,Yes,0.6476301730465776,High
4459-BBGHE,Month-to-month,30,44.5,1307.8,DSL,Electronic check,No,No,No,0.647462365644753,High
7901-HXJVA,Month-to-month,14,76.45,1117.55,Fiber optic,Electronic check,No,No,No,0.6473663721824814,High
9921-QFQUL,Month-to-month,23,90.15,2044.95,Fiber optic,Mailed check,No,No,No,0.6470719088075803,High
7718-RXDGG,Month-to-month,15,68.6,1108.6,Fiber optic,Bank transfer (automatic),No,No,No,0.6470606421498494,High
0374-AACSZ,Month-to-month,1,50.15,50.15,DSL,Electronic check,No,Yes,No,0.6464833469524247,High
1346-UFHAX,Month-to-month,13,80.0,1029.35,Fiber optic,Credit card (automatic),No,Yes,No,0.6462710204110662,High
7993-PYKOF,Month-to-month,8,75.0,632.95,Fiber optic,Electronic check,No,Yes,Yes,0.6459554570308691,High
5697-GOMBF,Month-to-month,28,35.9,973.65,DSL,Electronic check,No,No,No,0.6458503726283542,High
1215-VFYVK,Month-to-month,4,48.25,202.25,DSL,Mailed check,Yes,Yes,No,0.6454908525863664,High
6987-XQSJT,Month-to-month,54,79.5,4370.25,Fiber optic,Electronic check,No,No,Yes,0.6451296431103105,High
2573-GYRUU,Month-to-month,48,91.05,4370.75,Fiber optic,Credit card (automatic),No,No,No,0.644702274365046,High
0320-JDNQG,Month-to-month,23,99.85,2331.3,Fiber optic,Electronic check,Yes,Yes,Yes,0.6444487248740989,High
5651-YLPRD,Month-to-month,32,86.1,2723.75,Fiber optic,Electronic check,No,No,No,0.6443929559138258,High
8535-SFUTN,Month-to-month,61,106.45,6300.15,Fiber optic,Electronic check,No,Yes,No,0.64431168134553,High
3161-GETRM,Month-to-month,34,90.05,3097.0,Fiber optic,Credit card (automatic),No,No,No,0.6438849020562444,High
3540-RZJYU,Month-to-month,15,86.2,1270.2,Fiber optic,Electronic check,No,Yes,Yes,0.6437257588969677,High
2208-UGTGR,Month-to-month,56,98.6,5581.05,Fiber optic,Electronic check,No,No,No,0.6436991348412002,High
7312-XSBAT,Month-to-month,1,49.75,49.75,DSL,Electronic check,No,Yes,No,0.6434322905204073,High
3005-TYFRD,Month-to-month,55,103.65,5676.65,Fiber optic,Credit card (automatic),No,No,No,0.6432016727693339,High
8016-NCFVO,Month-to-month,55,116.5,6382.55,Fiber optic,Electronic check,Yes,Yes,No,0.6430889446576986,High
9512-UIBFX,Month-to-month,18,95.15,1779.95,Fiber optic,Mailed check,No,No,Yes,0.643064583263083,High
1095-JUDTC,Month-to-month,47,95.05,4504.55,Fiber optic,Electronic check,Yes,No,Yes,0.6430448277208624,High
5312-UXESG,Month-to-month,41,98.05,3990.6,Fiber optic,Bank transfer (automatic),No,No,No,0.6428715426763272,High
2203-GHNWN,Month-to-month,24,79.65,1928.7,Fiber optic,Mailed check,No,No,No,0.6428467156335521,High
4828-FAZPK,Month-to-month,16,79.95,1267.95,Fiber optic,Credit card (automatic),No,No,No,0.6424532388620938,High
8286-AFUYI,Month-to-month,1,47.95,47.95,DSL,Electronic check,No,Yes,No,0.6422043471955512,High
3677-TNKIO,Month-to-month,14,71.0,914.0,Fiber optic,Credit card (automatic),No,No,Yes,0.6420257080405849,High
8982-NHAVY,One year,27,100.5,2673.45,Fiber optic,Bank transfer (automatic),No,No,No,0.6417943888659557,High
3692-JHONH,One year,52,106.5,5621.85,Fiber optic,Electronic check,No,No,No,0.6416107125639304,High
5716-LIBJC,One year,13,104.15,1299.1,Fiber optic,Credit card (automatic),No,No,No,0.6408706876887972,High
2842-JTCCU,Month-to-month,2,46.05,80.35,DSL,Bank transfer (automatic),No,No,Yes,0.6406201790987273,High
2311-QYMUQ,Month-to-month,16,89.45,1430.25,Fiber optic,Credit card (automatic),No,No,Yes,0.6403596047401263,High
6817-WTYHE,Month-to-month,2,44.9,111.05,DSL,Bank transfer (automatic),No,No,No,0.6398331529581283,High
6078-VESFR,Month-to-month,13,70.45,849.1,Fiber optic,Bank transfer (automatic),No,No,No,0.6397438288928045,High
3331-HQDTW,Month-to-month,34,109.8,3587.25,Fiber optic,Mailed check,No,Yes,Yes,0.639646649278873,High
0533-BNWKF,Month-to-month,55,85.45,4874.7,Fiber optic,Electronic check,No,No,Yes,0.6395319689664378,High
7562-UXTPG,Month-to-month,13,70.15,886.7,Fiber optic,Mailed check,No,No,No,0.6394950761894358,High
2070-FNEXE,Month-to-month,7,76.45,503.6,Fiber optic,Bank transfer (automatic),No,Yes,Yes,0.6393016664427176,High
3987-KQDDU,Month-to-month,9,75.6,661.55,Fiber optic,Electronic check,No,Yes,No,0.6392445039125205,High
0468-YRPXN,Month-to-month,29,98.8,2807.1,Fiber optic,Credit card (automatic),Yes,No,No,0.6386921957082308,High
8108-UXRQN,Month-to-month,11,50.55,565.35,DSL,Electronic check,No,Yes,No,0.6386804403106225,High
6240-EURKS,Month-to-month,18,35.0,553.0,DSL,Electronic check,No,No,Yes,0.638488918545063,High
7075-BNDVQ,Month-to-month,4,35.0,135.75,DSL,Mailed check,No,Yes,No,0.638426097786657,High
2347-WKKAE,Month-to-month,42,94.4,4014.6,Fiber optic,Electronic check,No,Yes,No,0.6382028659409433,High
7982-VCELR,Month-to-month,36,94.8,3565.65,Fiber optic,Credit card (automatic),No,No,No,0.6379501881114717,High
6128-AQBMT,Month-to-month,41,53.95,2215.4,DSL,Electronic check,No,No,No,0.6379213178382613,High
7077-XJMET,Month-to-month,12,74.15,741.4,DSL,Electronic check,Yes,No,No,0.6374287690710758,High
5099-BAILX,Month-to-month,43,110.75,4687.9,Fiber optic,Bank transfer (automatic),Yes,No,Yes,0.6368271956589735,High
6946-LMSQS,One year,25,89.05,2177.45,Fiber optic,Electronic check,No,Yes,Yes,0.6367403293064688,High
7207-RMRDB,Month-to-month,65,105.5,6985.65,Fiber optic,Electronic check,No,No,Yes,0.63660730599387,High
6168-YBYNP,Month-to-month,59,111.35,6519.75,Fiber optic,Electronic check,Yes,No,No,0.6365463380574331,High
2476-YGEFM,Month-to-month,29,76.0,2215.25,Fiber optic,Credit card (automatic),No,No,No,0.6364628968091681,High
9408-HRXRK,Month-to-month,45,105.15,4730.9,Fiber optic,Electronic check,No,Yes,No,0.6363688721684141,High
3197-ARFOY,Month-to-month,19,105.0,2007.25,Fiber optic,Mailed check,Yes,Yes,No,0.6363463124210222,High
1794-HBQTJ,Month-to-month,1,48.6,48.6,DSL,Credit card (automatic),No,Yes,Yes,0.6362734566035774,High
0118-JPNOY,Month-to-month,26,85.8,2193.65,Fiber optic,Credit card (automatic),No,Yes,No,0.6362650011596254,High
3211-ILJTT,Month-to-month,17,70.4,1214.05,Fiber optic,Bank transfer (automatic),No,No,Yes,0.6362144248102709,High
3665-JATSN,Month-to-month,19,39.7,710.05,DSL,Electronic check,No,No,No,0.6359939204069819,High
6844-DZKRF,Month-to-month,2,50.2,109.25,DSL,Credit card (automatic),Yes,No,No,0.6359902300360337,High
5016-IBERQ,Month-to-month,23,84.25,1968.1,Fiber optic,Electronic check,No,No,No,0.6357180415169223,High
2523-EWWZL,Month-to-month,27,76.1,2093.4,Fiber optic,Electronic check,No,No,No,0.6356673131977798,High
4007-NHVHI,Month-to-month,56,96.85,5219.65,Fiber optic,Electronic check,No,Yes,No,0.6354520416611282,High
8802-UNOJF,Month-to-month,12,83.8,1029.75,Fiber optic,Mailed check,Yes,No,Yes,0.6353744899518822,High
2181-UAESM,Month-to-month,2,53.45,119.5,DSL,Electronic check,No,Yes,No,0.635178659916589,High
4811-JBUVU,Month-to-month,30,89.9,2723.15,Fiber optic,Credit card (automatic),Yes,No,No,0.6351366549740743,High
8757-TFHHJ,Month-to-month,1,49.8,49.8,DSL,Credit card (automatic),No,Yes,No,0.6342877266947169,High
3737-XBQDD,Month-to-month,24,84.85,2048.8,Fiber optic,Bank transfer (automatic),No,No,No,0.6342702290252012,High
3780-YVMFA,Month-to-month,8,68.55,564.35,DSL,Electronic check,Yes,No,No,0.6342664602746,High
3374-LXDEV,Month-to-month,13,89.4,1132.35,Fiber optic,Electronic check,Yes,No,Yes,0.633920591947283,High
7009-LGECI,Month-to-month,4,50.55,235.65,DSL,Bank transfer (automatic),No,Yes,No,0.6339032463369333,High
1895-QTKDO,Month-to-month,1,43.95,43.95,DSL,Credit card (automatic),No,No,No,0.6335445887448333,High
2883-ILGWO,Month-to-month,57,104.9,5913.95,Fiber optic,Bank transfer (automatic),Yes,No,No,0.6335217107467348,High
3348-CFRNX,Month-to-month,28,92.35,2602.9,Fiber optic,Mailed check,No,Yes,Yes,0.6334503288269069,High
2640-PMGFL,Month-to-month,27,79.5,2180.55,Fiber optic,Electronic check,Yes,No,Yes,0.6332689244173897,High
5813-UECBU,Month-to-month,33,83.85,2716.3,Fiber optic,Credit card (automatic),No,No,Yes,0.6331981012769281,High
8123-QBNAZ,Month-to-month,36,104.5,3684.95,Fiber optic,Credit card (automatic),No,Yes,No,0.6326337481133201,High
0623-IIHUG,Month-to-month,21,41.9,840.1,DSL,Electronic check,No,Yes,Yes,0.6325262550176671,High
5609-IMCGG,Month-to-month,15,84.35,1302.65,Fiber optic,Credit card (automatic),No,Yes,No,0.6324088246975981,High
9448-REEVD,Month-to-month,1,44.7,44.7,DSL,Credit card (automatic),No,No,Yes,0.6323449002243272,High
7129-CAKJW,Month-to-month,17,80.05,1345.65,Fiber optic,Bank transfer (automatic),No,No,No,0.6322941045733083,High
3669-OYSJI,Month-to-month,1,46.2,46.2,DSL,Credit card (automatic),No,No,Yes,0.6322782333143525,High
9206-GVPEQ,Month-to-month,13,54.45,706.85,DSL,Electronic check,Yes,Yes,Yes,0.6320219106092516,High
4116-TZAQJ,Month-to-month,9,74.25,639.65,Fiber optic,Credit card (automatic),No,Yes,Yes,0.6319114642630574,High
1436-ZMJAN,Month-to-month,10,67.8,653.15,DSL,Credit card (automatic),No,No,No,0.6317776414820832,High
6771-XWBDM,Month-to-month,57,104.5,5921.35,Fiber optic,Credit card (automatic),No,No,Yes,0.6316477633960612,High
7126-RBHSD,Month-to-month,17,78.9,1348.95,Fiber optic,Electronic check,No,Yes,No,0.6315580890055608,High
8450-UYIBU,Month-to-month,35,39.85,1434.6,DSL,Electronic check,No,No,No,0.6313969232987848,High
4523-WXCEF,Month-to-month,59,101.1,6039.9,Fiber optic,Electronic check,No,No,Yes,0.6311100386153454,High
9526-JAWYF,Month-to-month,26,89.8,2335.3,Fiber optic,Electronic check,No,No,Yes,0.6310976345754623,High
1548-ARAGG,Month-to-month,4,58.5,224.85,DSL,Mailed check,Yes,No,No,0.6307274552643535,High
3969-GYXEL,Month-to-month,11,76.4,838.7,Fiber optic,Electronic check,No,Yes,No,0.6304338306097854,High
6416-YJTTB,Month-to-month,11,79.5,795.65,Fiber optic,Bank transfer (automatic),No,Yes,No,0.6303225823663917,High
0064-YIJGF,Month-to-month,27,75.75,1929.0,Fiber optic,Bank transfer (automatic),No,No,No,0.6300583968287742,High
2040-VZIKE,Month-to-month,49,100.85,4847.35,Fiber optic,Mailed check,No,Yes,No,0.6299679921646508,High
6862-CQUMB,Month-to-month,37,96.1,3646.8,Fiber optic,Credit card (automatic),No,No,No,0.6299365875609814,High
1541-ETJZO,Month-to-month,1,62.05,62.05,DSL,Mailed check,Yes,No,Yes,0.6298978685887916,High
4989-LIXVT,Month-to-month,68,95.9,6503.2,Fiber optic,Electronic check,No,No,No,0.629608641017608,High
5572-ZDXHY,Month-to-month,22,84.3,1855.65,Fiber optic,Mailed check,No,No,Yes,0.6294998802342526,High
2122-YWVYA,Month-to-month,18,75.4,1380.4,Fiber optic,Electronic check,No,Yes,No,0.6294692735949615,High
3683-QKIUE,Month-to-month,6,50.8,288.05,DSL,Bank transfer (automatic),Yes,No,Yes,0.6293989758863731,High
0927-LCSMG,Month-to-month,7,74.65,544.55,Fiber optic,Mailed check,No,No,Yes,0.6292001516240955,High
8623-TMRBY,Month-to-month,51,84.2,4146.05,Fiber optic,Electronic check,No,No,Yes,0.6289703229125542,High
9552-TGUZV,Month-to-month,8,75.0,658.1,Fiber optic,Mailed check,No,Yes,No,0.6287349625561752,High
8631-WUXGY,Month-to-month,46,99.8,4391.25,Fiber optic,Electronic check,No,No,No,0.6287112250152636,High
1213-NGCUN,Month-to-month,6,49.65,267.35,DSL,Bank transfer (automatic),Yes,No,Yes,0.6286016225001003,High
1304-BCCFO,Month-to-month,9,70.05,564.4,DSL,Mailed check,No,No,No,0.6285337166619922,High
3923-CSIHK,Month-to-month,50,71.05,3444.85,Fiber optic,Electronic check,No,No,Yes,0.6282246861190306,High
8824-RWFXJ,Month-to-month,3,56.15,168.15,DSL,Mailed check,No,No,Yes,0.628086336914224,High
4957-TREIR,Month-to-month,3,64.4,195.65,DSL,Credit card (automatic),Yes,Yes,No,0.6277673904427894,High
3207-OYBWH,Month-to-month,57,95.25,5427.05,Fiber optic,Bank transfer (automatic),No,No,Yes,0.6275599235406869,High
9169-BSVIN,Month-to-month,12,74.75,827.05,DSL,Bank transfer (automatic),No,No,No,0.6274805196867257,High
6710-HSJRD,Month-to-month,61,114.1,7132.15,Fiber optic,Electronic check,Yes,No,No,0.6273345358362351,High
7682-AZNDK,Month-to-month,34,89.85,3091.75,Fiber optic,Electronic check,No,No,No,0.6272508169616138,High
4526-ZJJTM,Month-to-month,25,88.4,2191.15,Fiber optic,Bank transfer (automatic),No,No,No,0.6269623384919079,High
7794-JASDG,Month-to-month,1,50.75,50.75,DSL,Mailed check,No,Yes,No,0.6268553398626682,High
7054-LGEQW,Month-to-month,1,45.95,45.95,DSL,Mailed check,No,No,Yes,0.6268360359497595,High
6888-SBYAI,Month-to-month,1,50.7,50.7,DSL,Mailed check,No,Yes,No,0.6268205901300824,High
3932-IJWDZ,Month-to-month,45,103.65,4747.85,Fiber optic,Bank transfer (automatic),Yes,No,No,0.6266064717736488,High
6834-NXDCA,Month-to-month,13,23.9,300.8,DSL,Electronic check,No,No,Yes,0.6265480516664809,High
7754-IXRMC,Month-to-month,1,45.35,45.35,DSL,Mailed check,No,No,No,0.626418944087336,High
6582-OIVSP,Month-to-month,1,45.3,45.3,DSL,Mailed check,No,No,No,0.6263841779368005,High
5057-LCOUI,Month-to-month,39,50.75,2011.4,DSL,Electronic check,No,No,Yes,0.6263199382304357,High
6692-YQHXC,Month-to-month,16,69.95,1205.5,Fiber optic,Credit card (automatic),No,No,No,0.6263034424647098,High
7252-NTGSS,Month-to-month,1,45.15,45.15,DSL,Mailed check,No,No,No,0.6262798716532668,High
4482-FTFFX,Month-to-month,5,56.15,291.45,DSL,Electronic check,Yes,No,No,0.6262489681441856,High
2672-OJQZP,Month-to-month,1,44.75,44.75,DSL,Mailed check,No,No,No,0.6260016641843197,High
0415-MOSGF,Month-to-month,1,44.4,44.4,DSL,Mailed check,No,No,Yes,0.6257581642826022,High
3085-QUOZK,Month-to-month,1,43.95,43.95,DSL,Mailed check,No,No,Yes,0.6254449993998418,High
0322-YINQP,Month-to-month,1,48.55,48.55,DSL,Mailed check,No,Yes,Yes,0.6253251170258223,High
8388-FYNPZ,Month-to-month,4,56.75,245.15,DSL,Electronic check,No,Yes,No,0.6252242637769173,High
1100-DDVRV,Month-to-month,17,49.8,836.35,DSL,Mailed check,No,No,No,0.6246665419183693,High
5175-WLYXL,Month-to-month,22,78.85,1600.25,Fiber optic,Mailed check,No,No,No,0.6244107602693384,High
1587-FKLZB,Month-to-month,66,99.5,6822.15,Fiber optic,Credit card (automatic),No,No,Yes,0.6243309656090008,High
7593-XFKDI,Month-to-month,1,46.3,46.3,DSL,Mailed check,No,No,Yes,0.6242369544717664,High
0380-NEAVX,One year,34,99.85,3343.15,Fiber optic,Electronic check,No,No,No,0.624141924961158,High
1518-VOWAV,Month-to-month,9,74.65,703.55,DSL,Electronic check,No,Yes,Yes,0.6240486084516769,High
3349-ANQNH,One year,59,99.5,5890.0,Fiber optic,Electronic check,No,No,No,0.6239194312723638,High
1685-BQULA,Month-to-month,40,93.4,3756.4,Fiber optic,Bank transfer (automatic),No,No,No,0.6238868878011566,High
6543-CPZMK,Month-to-month,9,29.95,248.95,DSL,Electronic check,No,No,Yes,0.6238419598574835,High
0637-UBJRP,Month-to-month,13,84.05,1095.3,Fiber optic,Electronic check,No,Yes,Yes,0.6238265474944099,High
4607-CHPCA,One year,25,90.4,2178.6,Fiber optic,Electronic check,No,No,Yes,0.6237937453176662,High
9244-ZVAPM,Month-to-month,1,45.6,45.6,DSL,Mailed check,No,No,No,0.6237489740749107,High
0277-BKSQP,Month-to-month,8,54.4,475.1,DSL,Electronic check,No,No,No,0.6236375982720003,High
9470-XCCEM,Month-to-month,35,89.65,3161.6,Fiber optic,Bank transfer (automatic),No,No,No,0.6235516764273614,High
4592-IWTJI,Month-to-month,3,29.7,91.7,DSL,Credit card (automatic),No,Yes,Yes,0.6234760430198025,High
0089-IIQKO,Month-to-month,39,99.95,3767.4,Fiber optic,Credit card (automatic),Yes,No,No,0.6234406472199469,High
2833-SLKDQ,Month-to-month,1,45.05,45.05,DSL,Mailed check,No,No,Yes,0.6233653846006307,High
4146-SVFUD,Month-to-month,1,44.6,44.6,DSL,Mailed check,No,No,No,0.6230514235878132,High
5858-EAFCZ,Month-to-month,1,44.45,44.45,DSL,Mailed check,No,No,No,0.6229467469444422,High
6982-SSHFK,Month-to-month,1,44.4,44.4,DSL,Mailed check,No,No,Yes,0.622911852180223,High
7517-SAWMO,Month-to-month,19,73.2,1441.1,Fiber optic,Electronic check,No,Yes,Yes,0.6229027194145517,High
5055-MGMGF,Month-to-month,65,105.05,6914.95,Fiber optic,Electronic check,No,Yes,No,0.6228835685551989,High
1891-FZYSA,Month-to-month,69,89.95,6143.15,Fiber optic,Electronic check,No,No,Yes,0.6228439900447198,High
0407-BDJKB,Month-to-month,60,95.75,5742.9,Fiber optic,Electronic check,No,No,Yes,0.6227339661853137,High
3946-MHCZW,Month-to-month,1,50.9,50.9,DSL,Mailed check,No,No,Yes,0.6226265636852414,High
0823-HSCDJ,Month-to-month,52,49.15,2550.9,DSL,Electronic check,No,No,Yes,0.6222869442725316,High
6075-SLNIL,Month-to-month,38,95.1,3691.2,Fiber optic,Credit card (automatic),No,No,No,0.6222214618105026,High
1763-WQFUK,Month-to-month,3,50.5,147.75,DSL,Mailed check,Yes,No,No,0.6219667857831852,High
7055-HNEOJ,Month-to-month,3,55.8,154.55,DSL,Mailed check,Yes,No,No,0.6219582586378524,High
4026-SKKHW,Month-to-month,3,50.25,152.3,DSL,Mailed check,Yes,No,No,0.6217921210575925,High
4680-KUTAJ,Month-to-month,11,55.6,580.8,DSL,Electronic check,No,Yes,No,0.6216990567548628,High
4818-DRBQT,Month-to-month,29,80.15,2265.25,Fiber optic,Bank transfer (automatic),No,No,Yes,0.6211712083296358,High
1853-ARAAQ,Month-to-month,26,50.35,1277.5,DSL,Credit card (automatic),No,No,No,0.6209179262287328,High
3132-TVFDZ,Month-to-month,57,44.85,2572.95,DSL,Electronic check,No,No,Yes,0.6208487895405985,High
9445-SZLCH,Month-to-month,36,97.35,3457.9,Fiber optic,Bank transfer (automatic),No,No,Yes,0.6207839937915587,High
1261-FWTTE,Month-to-month,23,34.65,768.45,DSL,Bank transfer (automatic),No,No,No,0.6206064263420527,High
7296-PIXQY,Month-to-month,14,70.2,1046.5,Fiber optic,Electronic check,No,No,No,0.6204822999936404,High
3466-RITXD,Month-to-month,26,92.4,2349.8,Fiber optic,Credit card (automatic),No,Yes,No,0.6203219500722414,High
0599-XNYDO,Month-to-month,20,69.8,1540.35,Fiber optic,Bank transfer (automatic),No,No,No,0.6202342888302095,High
5886-VLQVU,Month-to-month,35,89.85,3161.2,Fiber optic,Bank transfer (automatic),Yes,No,No,0.6201936334906821,High
3043-TYBNO,Month-to-month,3,60.65,196.9,DSL,Mailed check,Yes,No,No,0.6198840596115831,High
7576-JMYWV,Month-to-month,46,110.2,4972.1,Fiber optic,Electronic check,Yes,Yes,No,0.619835214677924,High
0929-PECLO,Month-to-month,63,89.6,5538.8,Fiber optic,Bank transfer (automatic),No,No,No,0.6196413283742811,High
2360-RDGRO,Month-to-month,65,104.25,6812.95,Fiber optic,Electronic check,No,Yes,No,0.6194685182233878,High
6080-TCMYC,Month-to-month,40,81.2,3292.3,Fiber optic,Electronic check,No,No,No,0.6194465743273091,High
2105-PHWON,Month-to-month,33,95.0,3008.15,Fiber optic,Credit card (automatic),Yes,No,No,0.6194091769115689,High
0422-UXFAP,One year,51,98.85,4947.55,Fiber optic,Electronic check,No,No,No,0.6190683018508311,High
1548-FEHVL,Month-to-month,61,106.2,6375.2,Fiber optic,Electronic check,No,Yes,No,0.6190304170230161,High
2782-LFZVW,Month-to-month,11,58.95,601.6,DSL,Mailed check,No,No,No,0.6189636226384508,High
5493-SDRDQ,Month-to-month,2,55.1,113.35,DSL,Mailed check,No,Yes,Yes,0.6189011548441005,High
2085-BOJKI,One year,17,96.65,1588.25,Fiber optic,Bank transfer (automatic),No,No,No,0.6187253488613663,High
5981-ZVXOT,One year,35,108.35,3726.15,Fiber optic,Electronic check,No,Yes,No,0.6186486118573146,High
5895-QSXOD,Month-to-month,9,70.05,657.5,Fiber optic,Mailed check,No,No,No,0.6184857012938928,High
9776-CLUJA,Month-to-month,51,77.5,3807.35,Fiber optic,Electronic check,No,Yes,Yes,0.6184634880437526,High
9732-EQMWY,Month-to-month,49,99.4,5025.0,Fiber optic,Electronic check,No,No,No,0.6184603082085578,High
2683-BPJSO,Month-to-month,29,84.45,2467.1,Fiber optic,Electronic check,No,Yes,Yes,0.6182862126047901,High
1373-ORVIZ,Month-to-month,11,66.35,740.8,DSL,Electronic check,Yes,No,Yes,0.6182313693060778,High
8019-ENHXU,Month-to-month,42,99.45,4138.05,Fiber optic,Electronic check,Yes,No,Yes,0.6181669360438118,High
2359-KLTEK,Month-to-month,41,94.9,3848.0,Fiber optic,Bank transfer (automatic),No,No,No,0.6179715269158444,High
3481-JHUZH,Month-to-month,41,80.25,3439.0,Fiber optic,Electronic check,No,No,No,0.6177824820320234,High
1501-SGHBW,Month-to-month,2,45.85,81.0,DSL,Mailed check,No,No,Yes,0.6177416948296066,High
2931-FSOHN,Month-to-month,13,59.9,788.35,DSL,Electronic check,No,No,No,0.6176446878810484,High
6217-TOWGS,Month-to-month,17,75.4,1322.55,DSL,Bank transfer (automatic),No,No,No,0.6174867929991814,High
5671-UUNXD,One year,50,100.65,5189.75,Fiber optic,Electronic check,Yes,No,No,0.61732215235617,High
3500-RMZLT,Month-to-month,15,96.3,1426.75,Fiber optic,Mailed check,Yes,Yes,Yes,0.6170956482012169,High
7351-MHQVU,Month-to-month,6,50.95,307.6,DSL,Credit card (automatic),Yes,Yes,No,0.6169951274589781,High
4432-ADRLB,Month-to-month,2,44.65,74.9,DSL,Mailed check,No,No,Yes,0.6168994163527153,High
9793-WECQC,Month-to-month,23,95.3,2192.9,Fiber optic,Mailed check,No,No,No,0.6165948875585029,High
1785-BPHTP,Month-to-month,28,85.45,2289.9,Fiber optic,Electronic check,No,No,No,0.6165012302988265,High
9722-UJOJR,Month-to-month,29,70.75,1974.8,Fiber optic,Electronic check,No,No,Yes,0.6164607834591683,High
5628-RKIFK,Month-to-month,49,101.55,5070.4,Fiber optic,Credit card (automatic),No,Yes,No,0.6163858149430055,High
9940-HPQPG,Month-to-month,9,91.75,865.8,Fiber optic,Bank transfer (automatic),No,Yes,Yes,0.6162686932772208,High
5630-AHZIL,Month-to-month,3,64.5,177.4,DSL,Bank transfer (automatic),Yes,Yes,No,0.6161770661284499,High
6257-RJOHI,Month-to-month,4,50.8,202.3,DSL,Mailed check,Yes,No,No,0.6159837137101487,High
8749-JMNKX,Month-to-month,51,93.8,4750.95,Fiber optic,Bank transfer (automatic),No,Yes,Yes,0.6159835935711852,High
1855-AGAWH,One year,31,93.8,2939.8,Fiber optic,Electronic check,No,No,No,0.61595590040051,High
0829-XXPLX,Month-to-month,20,89.4,1871.15,Fiber optic,Bank transfer (automatic),No,Yes,No,0.6159103147458569,High
0578-SKVMF,Month-to-month,22,83.3,1845.9,Fiber optic,Electronic check,No,No,Yes,0.6157706941231594,High
4625-EWPTF,Month-to-month,8,30.45,226.45,DSL,Electronic check,No,Yes,Yes,0.6157065267443294,High
4829-AUOAX,Month-to-month,46,96.05,4399.5,Fiber optic,Bank transfer (automatic),No,No,Yes,0.6156516336293899,High
0867-MKZVY,Month-to-month,20,82.4,1592.35,Fiber optic,Electronic check,No,Yes,Yes,0.6155079404660198,High
6313-GIDIT,Month-to-month,53,54.45,2854.55,DSL,Electronic check,No,No,Yes,0.6149638618669201,High
9777-WJJPR,Month-to-month,31,88.65,2683.2,Fiber optic,Credit card (automatic),No,No,No,0.6148987731887179,High
5419-KLXBN,Month-to-month,25,89.15,2257.75,Fiber optic,Bank transfer (automatic),No,No,Yes,0.6145285560583273,High
2027-WKXMW,Month-to-month,63,108.75,6871.7,Fiber optic,Electronic check,Yes,No,No,0.6140853939663381,High
0929-HYQEW,Month-to-month,3,50.15,160.85,DSL,Mailed check,No,Yes,No,0.6140683750141793,High
7410-OIEDU,Month-to-month,10,79.85,887.35,Fiber optic,Mailed check,No,Yes,No,0.613823387488037,High
8660-BUETV,Month-to-month,3,44.75,148.05,DSL,Mailed check,No,No,No,0.613626242233317,High
2884-GBPFB,Month-to-month,35,70.3,2416.55,Fiber optic,Electronic check,No,No,Yes,0.6136099928029799,High
3194-ORPIK,Month-to-month,50,84.4,4116.15,Fiber optic,Bank transfer (automatic),No,No,Yes,0.6131939963504379,High
1427-VERSM,Month-to-month,56,98.7,5669.5,Fiber optic,Electronic check,Yes,No,No,0.6131828785914636,High
1216-JWVUX,Month-to-month,25,75.5,1901.05,Fiber optic,Electronic check,No,No,No,0.6131297021340998,High
0410-IPFTY,Month-to-month,31,83.85,2674.15,Fiber optic,Bank transfer (automatic),No,No,No,0.6126728770137406,High
9272-LSVYH,Month-to-month,10,70.15,735.5,Fiber optic,Mailed check,No,No,No,0.6123408115044253,High
7277-OZCGZ,Month-to-month,22,89.05,1886.25,Fiber optic,Electronic check,Yes,Yes,No,0.612260673932005,High
2195-ZRVAX,Month-to-month,47,85.3,4045.65,Fiber optic,Electronic check,No,No,Yes,0.6120289126534822,High
1481-ZUWZA,Month-to-month,28,94.5,2659.4,Fiber optic,Credit card (automatic),No,Yes,Yes,0.6117956128895445,High
6591-QGOYB,Month-to-month,17,106.65,1672.1,Fiber optic,Bank transfer (automatic),Yes,Yes,No,0.6117897048750053,High
6711-VTNRE,Month-to-month,36,87.55,3078.1,Fiber optic,Electronic check,Yes,No,Yes,0.6114956463000183,High
4061-UKJWL,Month-to-month,3,45.45,141.7,DSL,Mailed check,No,No,No,0.6112393912727728,High
6172-FECYY,Month-to-month,49,84.5,4254.85,Fiber optic,Electronic check,No,No,Yes,0.6111634238975693,High
2101-RANCD,Month-to-month,55,73.1,4144.9,Fiber optic,Electronic check,No,No,No,0.6111444579856677,High
8740-XLHDR,Month-to-month,5,43.25,219.0,DSL,Mailed check,Yes,Yes,Yes,0.6110695323529765,High
7547-EKNFS,Month-to-month,42,95.25,3959.35,Fiber optic,Bank transfer (automatic),No,No,Yes,0.6110345006256642,High
7693-QPEFS,Month-to-month,52,72.95,3829.75,Fiber optic,Bank transfer (automatic),No,No,No,0.6109699353382164,High
5208-HFSBT,Month-to-month,2,55.05,102.75,DSL,Credit card (automatic),Yes,No,Yes,0.6109548865147594,High
5502-RLUYV,Month-to-month,69,103.95,7446.9,Fiber optic,Electronic check,No,No,Yes,0.6108821754316386,High
5600-PDUJF,Month-to-month,6,49.5,312.7,DSL,Credit card (automatic),Yes,No,No,0.6108486716097916,High
5536-SLHPM,Month-to-month,55,77.75,4458.15,Fiber optic,Electronic check,No,No,Yes,0.6106767778884765,High
5302-BDJNT,Month-to-month,35,95.5,3418.2,Fiber optic,Electronic check,Yes,No,No,0.610325216185707,High
7064-FRRSW,One year,48,99.0,4744.35,Fiber optic,Electronic check,No,No,No,0.6102853150376367,High
0786-VSSUD,Month-to-month,16,39.0,679.85,DSL,Mailed check,No,No,Yes,0.6101465840739931,High
0577-WHMEV,Month-to-month,16,90.7,1374.9,Fiber optic,Electronic check,No,Yes,No,0.609801888281578,High
2067-QYTCF,Month-to-month,64,111.15,6953.4,Fiber optic,Electronic check,Yes,No,No,0.609542198938562,High
6233-HXJMX,Month-to-month,45,89.3,4192.15,Fiber optic,Credit card (automatic),No,No,No,0.6090423267799662,High
7551-DACSP,Month-to-month,6,55.3,324.25,DSL,Mailed check,No,No,Yes,0.6089043701907316,High
0265-PSUAE,Month-to-month,16,100.7,1522.7,Fiber optic,Bank transfer (automatic),No,Yes,No,0.6087010814650621,High
8327-LZKAS,One year,43,107.55,4533.9,Fiber optic,Electronic check,Yes,No,Yes,0.6086732401836666,High
5018-GWURO,Month-to-month,56,85.6,4902.8,Fiber optic,Bank transfer (automatic),No,No,No,0.6086126415727037,High
9643-YBLUR,Month-to-month,9,69.05,653.95,DSL,Credit card (automatic),No,No,No,0.6085616852718913,High
3976-BWUCK,Month-to-month,30,94.1,2804.45,Fiber optic,Credit card (automatic),Yes,No,Yes,0.608311964867693,High
4760-THGOT,Month-to-month,43,94.1,4107.3,Fiber optic,Electronic check,No,Yes,No,0.608226362761768,High
2615-YVMYX,Month-to-month,71,107.5,7713.55,Fiber optic,Electronic check,No,Yes,No,0.608183756002417,High
3859-CVCET,Month-to-month,4,45.65,191.05,DSL,Mailed check,No,No,Yes,0.6080194062355787,High
5977-CKHON,Month-to-month,43,92.55,4039.0,Fiber optic,Bank transfer (automatic),No,No,No,0.607840984194897,High
6635-CPNUN,Month-to-month,28,96.6,2684.35,Fiber optic,Credit card (automatic),No,No,No,0.6075756592197682,High
7641-EUYET,Month-to-month,46,100.7,4541.2,Fiber optic,Electronic check,No,Yes,Yes,0.6074463414433685,High
0924-BJCRC,Month-to-month,60,89.45,5294.6,Fiber optic,Electronic check,No,No,No,0.6071712251270552,High
3656-TKRVZ,Month-to-month,3,55.35,165.2,DSL,Electronic check,No,Yes,Yes,0.6066674872081643,High
6537-QLGEX,Month-to-month,16,38.9,664.4,DSL,Electronic check,No,Yes,No,0.6063369398221945,High
5712-AHQNN,Month-to-month,43,91.65,3954.1,Fiber optic,Electronic check,No,No,No,0.6062462511526627,High
9469-WEJBT,Month-to-month,37,90.35,3419.3,Fiber optic,Electronic check,Yes,No,No,0.6054605144918925,High
1910-FMXJM,Month-to-month,36,80.4,2937.65,Fiber optic,Electronic check,No,No,No,0.6052179560384737,High
1356-MKYSK,Month-to-month,6,78.65,483.3,DSL,Credit card (automatic),Yes,Yes,No,0.6050795994414357,High
8782-LKFPK,Month-to-month,44,90.4,4063.0,Fiber optic,Mailed check,No,No,No,0.6049067912323614,High
2037-XJFUP,One year,33,95.8,3036.75,Fiber optic,Electronic check,No,No,Yes,0.6048797402689757,High
7636-OWBPG,Month-to-month,12,29.35,381.2,DSL,Credit card (automatic),No,No,No,0.6048247152848967,High
1930-WNXSB,Month-to-month,58,92.85,5305.05,Fiber optic,Electronic check,No,No,No,0.6045136258951818,High
7878-JGDKK,Month-to-month,4,44.55,220.75,DSL,Mailed check,No,No,No,0.6043420922023067,High
8329-UTMVM,One year,27,104.65,2964.0,Fiber optic,Bank transfer (automatic),Yes,No,No,0.6042640421342346,High
6745-JEFZB,Month-to-month,35,91.5,3236.35,Fiber optic,Credit card (automatic),Yes,No,No,0.6040286724449861,High
6646-JPPHA,Month-to-month,14,78.85,1043.8,Fiber optic,Electronic check,No,Yes,No,0.6039864842574774,High
7272-QDCKA,One year,28,100.2,2688.45,Fiber optic,Electronic check,No,No,No,0.6035648016108961,High
6464-KEXXH,Month-to-month,8,25.25,186.3,DSL,Credit card (automatic),No,No,No,0.603045690215612,High
9381-NDKME,Month-to-month,24,40.65,933.3,DSL,Credit card (automatic),No,No,Yes,0.6028326231309402,High
6917-IAYHD,Month-to-month,1,33.6,33.6,DSL,Mailed check,Yes,No,No,0.6025321836682578,High
0475-RIJEP,Month-to-month,43,77.85,3365.85,Fiber optic,Electronic check,No,No,Yes,0.6024661434813027,High
4143-HHPMK,Month-to-month,52,85.35,4338.6,Fiber optic,Electronic check,No,No,Yes,0.6023767746451876,High
4238-HFHSN,Month-to-month,61,82.15,4904.85,Fiber optic,Electronic check,No,No,No,0.6021321919971548,High
7623-TRNQN,Month-to-month,1,49.9,49.9,DSL,Mailed check,Yes,No,Yes,0.6020273177387115,High
2386-OWURY,Month-to-month,58,95.3,5817.7,Fiber optic,Electronic check,Yes,No,No,0.6020159122243262,High
1582-RAFML,Month-to-month,1,60.1,60.1,DSL,Mailed check,Yes,No,Yes,0.6018768080214701,High
1421-HCERK,Month-to-month,30,105.7,3181.8,Fiber optic,Bank transfer (automatic),Yes,Yes,No,0.6017669584941149,High
5301-GAUUY,Month-to-month,32,80.35,2596.15,Fiber optic,Bank transfer (automatic),No,No,Yes,0.6014695061988771,High
9108-EJFJP,Month-to-month,1,53.55,53.55,DSL,Mailed check,No,Yes,No,0.6012623162837314,High
5394-SVGJV,Month-to-month,37,98.8,3475.55,Fiber optic,Bank transfer (automatic),Yes,No,Yes,0.6011979842939754,High
3094-JOJAI,Month-to-month,18,74.15,1387.0,Fiber optic,Mailed check,No,No,No,0.6008920330185857,High
3113-IWHLC,Month-to-month,5,55.8,274.35,DSL,Mailed check,No,Yes,No,0.6006526792382159,High
5419-JKZNQ,Month-to-month,30,77.9,2351.45,Fiber optic,Mailed check,No,No,No,0.6004642220262328,High
6339-DKLMK,Month-to-month,13,31.65,389.95,DSL,Electronic check,No,No,No,0.6004264109565606,High
9659-QEQSY,Month-to-month,45,115.65,5125.5,Fiber optic,Electronic check,Yes,Yes,No,0.6004251798077732,High
1575-KRZZE,Month-to-month,4,55.2,220.65,DSL,Electronic check,No,Yes,No,0.6002769978906433,High
2674-MLXMN,Month-to-month,71,99.65,6951.15,Fiber optic,Credit card (automatic),No,No,No,0.6002573647678979,High
8718-PTMEZ,Month-to-month,13,31.05,347.25,DSL,Electronic check,No,No,Yes,0.599998637163889,Medium
4468-YDOVK,Month-to-month,5,48.65,235.2,DSL,Bank transfer (automatic),Yes,No,No,0.5993248157548099,Medium
0730-KOAVE,Month-to-month,30,94.3,2679.7,Fiber optic,Credit card (automatic),No,Yes,No,0.5991083326399291,Medium
9681-KYGYB,Month-to-month,49,88.2,4159.45,Fiber optic,Electronic check,No,Yes,No,0.5990385562793407,Medium
5046-NUHWD,Month-to-month,29,45.0,1228.65,DSL,Electronic check,No,Yes,No,0.59882806903255,Medium
1258-YMZNM,One year,27,110.5,2857.6,Fiber optic,Bank transfer (automatic),No,Yes,No,0.5986481315285651,Medium
2014-MKGMH,One year,46,101.1,4674.4,Fiber optic,Electronic check,No,No,No,0.5983472476400387,Medium
2585-KTFRE,Month-to-month,1,70.45,70.45,DSL,Bank transfer (automatic),Yes,Yes,No,0.5982541639091806,Medium
1658-XUHBX,Month-to-month,59,88.75,5348.65,Fiber optic,Credit card (automatic),No,No,No,0.598159564863669,Medium
7030-NJVDP,Month-to-month,24,89.25,2210.2,Fiber optic,Electronic check,Yes,Yes,No,0.598088310283634,Medium
3569-EDBPQ,Month-to-month,24,84.35,1938.05,Fiber optic,Electronic check,Yes,Yes,No,0.5979446776814275,Medium
3571-RFHAR,Month-to-month,65,109.15,6941.2,Fiber optic,Electronic check,Yes,No,Yes,0.5977998772211544,Medium
4797-AXPXK,Month-to-month,1,60.0,60.0,DSL,Electronic check,Yes,Yes,Yes,0.5975613423658878,Medium
5071-FBJFS,Month-to-month,4,50.3,217.1,DSL,Electronic check,No,Yes,No,0.5975582597714266,Medium
4462-CYWMH,Month-to-month,62,89.8,5629.55,Fiber optic,Bank transfer (automatic),No,No,No,0.597436459265148,Medium
2604-IJPDU,Month-to-month,20,96.55,1901.65,Fiber optic,Electronic check,Yes,Yes,No,0.5969853675273878,Medium
4983-CLMLV,Month-to-month,52,102.7,5138.1,Fiber optic,Credit card (automatic),Yes,No,No,0.5969377282168101,Medium
6825-UYPFK,Month-to-month,23,75.6,1758.6,Fiber optic,Bank transfer (automatic),No,No,Yes,0.5967192947890494,Medium
4130-MZLCC,Month-to-month,5,50.55,244.75,DSL,Bank transfer (automatic),No,No,No,0.5966584313828881,Medium
7554-AKDQF,Month-to-month,6,45.65,323.45,DSL,Mailed check,No,No,No,0.5965756644576927,Medium
0107-WESLM,Month-to-month,1,19.85,19.85,No,Electronic check,No internet service,No internet service,Yes,0.5963236148205265,Medium
5371-VYLSX,Month-to-month,50,83.4,4113.7,Fiber optic,Electronic check,No,Yes,No,0.596007718688321,Medium
6905-NIQIN,Month-to-month,1,50.65,50.65,DSL,Mailed check,No,No,Yes,0.5956266087823084,Medium
4931-TRZWN,Month-to-month,13,71.95,923.85,DSL,Electronic check,No,Yes,No,0.595356694341563,Medium
7798-JVXYM,Month-to-month,14,69.65,921.4,DSL,Electronic check,Yes,No,No,0.5951939556896719,Medium
6908-VVYHM,Month-to-month,65,90.65,5931.0,Fiber optic,Electronic check,No,No,No,0.5951925400123276,Medium
4465-VDKIQ,Month-to-month,18,77.8,1358.6,Fiber optic,Electronic check,No,No,No,0.5951669641457599,Medium
1357-BIJKI,One year,50,98.25,4858.7,Fiber optic,Electronic check,No,No,No,0.5951372472072815,Medium
0943-ZQPXH,Month-to-month,44,92.95,4122.9,Fiber optic,Bank transfer (automatic),No,No,No,0.5948944738961015,Medium
5103-MHMHY,Month-to-month,1,45.95,45.95,DSL,Mailed check,No,No,Yes,0.5948239408475324,Medium
7504-UWHNB,Month-to-month,25,69.75,1729.35,Fiber optic,Electronic check,No,No,No,0.5946389713420421,Medium
2144-BFDSO,Month-to-month,50,108.75,5431.9,Fiber optic,Bank transfer (automatic),No,Yes,No,0.5946262923224015,Medium
5207-PLSTK,Month-to-month,1,48.75,48.75,DSL,Mailed check,No,Yes,No,0.5945548711039974,Medium
7250-EQKIY,Month-to-month,1,50.45,50.45,DSL,Mailed check,No,No,Yes,0.5942422043052348,Medium
4821-SJHJV,Month-to-month,32,89.6,2901.8,Fiber optic,Electronic check,No,Yes,No,0.5939201501967994,Medium
9079-YEXQJ,Month-to-month,54,111.1,6014.85,Fiber optic,Electronic check,Yes,No,Yes,0.5937943894283624,Medium
1307-TVUFB,Month-to-month,42,79.35,3344.1,Fiber optic,Bank transfer (automatic),No,No,No,0.5937607927652133,Medium
0708-LGSMF,Month-to-month,13,65.85,902.25,DSL,Electronic check,No,Yes,No,0.5932555478174011,Medium
7733-UDMTP,Month-to-month,57,55.0,3094.05,DSL,Electronic check,No,No,No,0.5931383512713777,Medium
2432-TFSMK,One year,18,89.6,1633.0,Fiber optic,Credit card (automatic),No,No,No,0.5929079320880337,Medium
2391-SOORI,Month-to-month,4,49.35,219.65,DSL,Electronic check,No,Yes,Yes,0.5928113395442622,Medium
8988-ECPJR,Month-to-month,34,79.6,2718.3,Fiber optic,Mailed check,No,No,Yes,0.5926732716291625,Medium
4329-YPDDQ,Month-to-month,20,108.2,2203.7,Fiber optic,Bank transfer (automatic),Yes,Yes,No,0.5924484388337947,Medium
8623-ULFNQ,Month-to-month,26,66.05,1652.4,DSL,Electronic check,Yes,No,No,0.5924048394808668,Medium
2632-UCGVD,Month-to-month,66,100.05,6871.9,Fiber optic,Credit card (automatic),Yes,No,Yes,0.5918950644865113,Medium
0363-QJVFX,Month-to-month,32,108.15,3432.9,Fiber optic,Credit card (automatic),Yes,Yes,Yes,0.5918256749239518,Medium
5949-EBSQK,Month-to-month,4,61.45,229.55,DSL,Credit card (automatic),Yes,No,Yes,0.591440046457652,Medium
8805-JNRAZ,Month-to-month,2,49.2,103.7,DSL,Mailed check,No,No,No,0.5911792267303704,Medium
9112-WSNPU,Month-to-month,35,70.55,2419.0,Fiber optic,Electronic check,No,No,No,0.5911213084132767,Medium
3668-QPYBK,Month-to-month,2,53.85,108.15,DSL,Mailed check,No,Yes,Yes,0.5910914554968308,Medium
1670-SVOWZ,Month-to-month,14,89.65,1208.35,Fiber optic,Credit card (automatic),Yes,No,Yes,0.5909148316148657,Medium
9921-EZKBY,Month-to-month,33,95.3,3275.15,Fiber optic,Bank transfer (automatic),No,Yes,No,0.5906544365445506,Medium
2676-OXPPQ,Month-to-month,6,55.7,335.65,DSL,Bank transfer (automatic),No,Yes,No,0.5905943803448108,Medium
5816-QVHRX,Month-to-month,37,100.3,3541.4,Fiber optic,Credit card (automatic),Yes,No,No,0.5900789224863263,Medium
3845-FXCYS,Month-to-month,2,19.65,31.2,No,Electronic check,No internet service,No internet service,No,0.5898427387151893,Medium
6135-OZQVA,Month-to-month,7,53.65,404.35,DSL,Electronic check,No,Yes,No,0.5896445220758681,Medium
0481-SUMCB,One year,45,102.15,4735.35,Fiber optic,Bank transfer (automatic),No,No,No,0.5892895808658271,Medium
6038-GCYEC,Month-to-month,24,54.15,1240.25,DSL,Credit card (automatic),No,No,Yes,0.5890643370454894,Medium
8152-UOBNY,One year,50,106.8,5347.95,Fiber optic,Electronic check,Yes,No,No,0.5886787595017376,Medium
4250-FDVOU,Month-to-month,6,56.25,389.1,DSL,Electronic check,No,Yes,Yes,0.5883668931966033,Medium
5948-UJZLF,Month-to-month,2,49.25,97.0,DSL,Mailed check,No,No,No,0.5882789573924296,Medium
9137-UIYPG,Month-to-month,35,106.9,3756.45,Fiber optic,Electronic check,Yes,Yes,No,0.5880946531970553,Medium
2108-YKQTY,Month-to-month,4,50.7,151.3,DSL,Credit card (automatic),No,No,Yes,0.5879523927697227,Medium
3055-MJDSB,Month-to-month,9,24.6,190.1,DSL,Mailed check,No,No,No,0.5878904233556118,Medium
9233-PSYHO,One year,45,100.15,4459.8,Fiber optic,Bank transfer (automatic),No,No,No,0.5878506086399339,Medium
8677-HDZEE,Month-to-month,56,105.45,5916.95,Fiber optic,Bank transfer (automatic),Yes,No,No,0.5875550765042278,Medium
2519-LBNQL,One year,60,104.35,6339.45,Fiber optic,Electronic check,No,No,No,0.5875278118970615,Medium
9626-VFRGG,Month-to-month,41,88.5,3645.05,Fiber optic,Bank transfer (automatic),No,No,No,0.5868754905892726,Medium
4554-YGZIH,Month-to-month,49,90.05,4547.25,Fiber optic,Credit card (automatic),No,No,Yes,0.5867961527133488,Medium
9029-FEGVJ,Month-to-month,32,79.3,2570.0,Fiber optic,Mailed check,No,No,No,0.5867745237072703,Medium
7537-CBQUZ,Month-to-month,63,109.4,7031.45,Fiber optic,Bank transfer (automatic),No,Yes,No,0.5866702142983977,Medium
9210-IAHGH,Month-to-month,7,70.75,450.8,DSL,Credit card (automatic),Yes,No,Yes,0.5866487910188954,Medium
7000-WCEVQ,Month-to-month,20,61.6,1174.35,DSL,Mailed check,No,No,Yes,0.586479115568468,Medium
8450-JOVAH,Month-to-month,2,56.7,113.55,DSL,Mailed check,No,Yes,Yes,0.586072104381495,Medium
4566-GOLUK,Month-to-month,47,107.35,5118.95,Fiber optic,Bank transfer (automatic),Yes,No,Yes,0.5856905727163269,Medium
0348-SDKOL,Month-to-month,58,102.1,5885.4,Fiber optic,Credit card (automatic),Yes,No,Yes,0.5856642570271423,Medium
8178-EYZUO,Month-to-month,46,93.7,4154.8,Fiber optic,Electronic check,No,Yes,Yes,0.584922453226476,Medium
7627-JKIAZ,Month-to-month,37,78.95,2839.65,Fiber optic,Credit card (automatic),No,No,Yes,0.5849051922377267,Medium
1842-EZJMK,Month-to-month,50,103.7,5071.05,Fiber optic,Electronic check,Yes,No,Yes,0.5844674480584466,Medium
5590-YRFJT,Month-to-month,20,24.45,482.8,DSL,Electronic check,No,No,Yes,0.5841882911897013,Medium
2792-VPPET,Month-to-month,3,20.5,76.95,No,Electronic check,No internet service,No internet service,No,0.5840885893348481,Medium
5649-VUKMC,One year,12,95.5,1115.15,Fiber optic,Mailed check,No,No,Yes,0.5840140850497484,Medium
2207-QPJED,Month-to-month,37,90.0,3371.75,Fiber optic,Electronic check,Yes,No,No,0.5840021077763754,Medium
3195-TQDZX,Month-to-month,3,20.25,61.45,No,Electronic check,No internet service,No internet service,No,0.5839081316458641,Medium
5213-TWWJU,Month-to-month,28,91.0,2626.15,Fiber optic,Electronic check,Yes,No,No,0.5837957112869675,Medium
1849-RJYIG,Month-to-month,8,60.0,487.75,DSL,Electronic check,No,Yes,No,0.5837777145310962,Medium
9281-PKKZE,Month-to-month,46,43.95,2007.85,DSL,Electronic check,No,No,No,0.5836329068711384,Medium
9819-FBNSV,Month-to-month,37,72.25,2575.45,Fiber optic,Bank transfer (automatic),No,No,No,0.5833924161743465,Medium
1907-YLNYW,Month-to-month,8,66.7,579.0,DSL,Electronic check,No,Yes,No,0.5831645066390017,Medium
3143-ILDAL,Month-to-month,56,94.45,5124.6,Fiber optic,Electronic check,Yes,No,Yes,0.583051458236433,Medium
4176-FXYBO,Month-to-month,54,109.55,6118.95,Fiber optic,Electronic check,No,Yes,No,0.5830380458641891,Medium
1101-SSWAG,Month-to-month,15,51.1,711.15,DSL,Electronic check,No,No,No,0.5828002752405066,Medium
1228-ZLNBX,Month-to-month,21,75.3,1570.7,Fiber optic,Mailed check,No,No,No,0.5826882775556483,Medium
4391-LNRXK,Month-to-month,22,94.95,2142.8,Fiber optic,Bank transfer (automatic),Yes,No,No,0.582608178433959,Medium
0596-BQCEQ,Month-to-month,62,100.15,6283.3,Fiber optic,Electronic check,No,No,Yes,0.5823832219496088,Medium
3956-CJUST,Month-to-month,23,75.4,1643.55,Fiber optic,Bank transfer (automatic),No,Yes,No,0.5821740133262828,Medium
7963-GQRMY,Month-to-month,3,44.3,134.5,DSL,Mailed check,No,No,Yes,0.5820668950894411,Medium
0486-HECZI,Month-to-month,55,96.75,5238.9,Fiber optic,Electronic check,No,Yes,Yes,0.5818807681895127,Medium
9412-GHEEC,Month-to-month,40,104.8,4131.95,Fiber optic,Bank transfer (automatic),Yes,No,Yes,0.5815106830421825,Medium
9474-PHLYD,Month-to-month,15,59.45,892.65,DSL,Electronic check,No,No,Yes,0.5810899166294116,Medium
1025-FALIX,Month-to-month,26,69.05,1815.65,Fiber optic,Credit card (automatic),No,No,No,0.5810746298419032,Medium
7426-GSWPO,Month-to-month,64,103.5,6548.65,Fiber optic,Bank transfer (automatic),No,Yes,No,0.5810179831075262,Medium
6927-WTFIV,Month-to-month,20,71.3,1389.2,Fiber optic,Credit card (automatic),No,No,Yes,0.5806522270070393,Medium
4256-ZWTZI,Month-to-month,5,51.0,286.8,DSL,Mailed check,Yes,No,No,0.5803673979863632,Medium
8614-VGMMV,Month-to-month,15,49.1,679.55,DSL,Electronic check,No,No,Yes,0.5801997923672954,Medium
9693-XMUOB,Month-to-month,59,50.25,2997.45,DSL,Electronic check,No,No,No,0.5801661159779373,Medium
2178-PMGCJ,Month-to-month,22,69.7,1490.4,Fiber optic,Mailed check,No,No,No,0.5801420934091107,Medium
4468-KAZHE,Month-to-month,20,60.0,1259.35,DSL,Electronic check,No,No,No,0.5800915256731538,Medium
3208-YPIOE,Month-to-month,39,75.25,3017.65,Fiber optic,Electronic check,No,No,Yes,0.5800215400230025,Medium
3688-FTHLT,Month-to-month,16,63.05,1067.05,DSL,Bank transfer (automatic),No,No,No,0.5799942577125798,Medium
5339-TJFEK,Month-to-month,62,105.5,6487.2,Fiber optic,Electronic check,No,Yes,No,0.5799020483464574,Medium
4657-FWVFY,Month-to-month,40,96.35,3915.4,Fiber optic,Credit card (automatic),No,No,No,0.5798369930865258,Medium
3898-GUYTS,Month-to-month,45,97.05,4385.05,Fiber optic,Electronic check,Yes,Yes,No,0.5797134589735662,Medium
2869-ADAWR,Month-to-month,45,89.3,4016.85,Fiber optic,Credit card (automatic),No,No,Yes,0.5794125124230439,Medium
3815-SLMEF,Month-to-month,3,34.25,139.35,DSL,Mailed check,Yes,Yes,Yes,0.57933570177722,Medium
3090-LETTY,Month-to-month,2,60.95,134.6,DSL,Bank transfer (automatic),No,Yes,No,0.5793006736190236,Medium
9812-GHVRI,Month-to-month,40,83.85,3532.25,Fiber optic,Bank transfer (automatic),No,No,No,0.5788996412653157,Medium
6845-RGTYS,Month-to-month,47,98.75,4533.7,Fiber optic,Electronic check,No,Yes,Yes,0.5788068838108323,Medium
1689-MRZQR,Month-to-month,34,78.3,2564.3,Fiber optic,Electronic check,No,No,Yes,0.5784574951819624,Medium
3023-GFLBR,Month-to-month,33,86.15,2745.7,Fiber optic,Credit card (automatic),No,No,Yes,0.5783917326562901,Medium
8496-EJAUI,Month-to-month,19,73.85,1424.5,Fiber optic,Credit card (automatic),No,No,Yes,0.5783433972297112,Medium
3594-KADLU,Month-to-month,3,35.1,101.1,DSL,Mailed check,Yes,Yes,No,0.5781492009156284,Medium
4570-QHXHL,Month-to-month,9,43.75,405.7,DSL,Electronic check,No,No,No,0.578115185835082,Medium
2858-EIMXH,One year,53,95.85,5016.25,Fiber optic,Credit card (automatic),No,No,No,0.5781037478530004,Medium
3062-ICYZQ,Month-to-month,51,93.8,4539.35,Fiber optic,Electronic check,No,Yes,No,0.5779639500607916,Medium
4905-JEFDW,One year,11,41.6,470.6,DSL,Electronic check,No,No,Yes,0.577846104869082,Medium
2692-PFYTJ,Month-to-month,1,25.75,25.75,No,Mailed check,No internet service,No internet service,No,0.5775891943217228,Medium
3345-JHUEO,Month-to-month,4,20.2,55.7,No,Electronic check,No internet service,No internet service,No,0.577477944921925,Medium
4396-KLSEH,Month-to-month,4,19.85,63.0,No,Electronic check,No internet service,No internet service,No,0.5772241888157648,Medium
0430-IHCDJ,Month-to-month,15,49.0,749.25,DSL,Electronic check,No,No,No,0.5771685666381646,Medium
2625-TRCZQ,Month-to-month,51,49.65,2553.35,DSL,Electronic check,No,No,No,0.5769764973553565,Medium
9776-OJUZI,Month-to-month,65,95.45,6223.3,Fiber optic,Bank transfer (automatic),No,No,No,0.5767469410950645,Medium
0129-KPTWJ,Month-to-month,72,94.65,6747.35,Fiber optic,Electronic check,No,No,No,0.5767453819734917,Medium
6351-SCJKT,Month-to-month,3,41.35,107.25,DSL,Mailed check,Yes,Yes,No,0.576514104727309,Medium
2988-GBIVW,Month-to-month,70,90.85,6470.1,Fiber optic,Electronic check,No,Yes,No,0.5764384234021498,Medium
8158-WPEZG,Month-to-month,11,35.65,425.1,DSL,Electronic check,Yes,No,No,0.5762091880410531,Medium
1456-TWCGB,Month-to-month,4,49.25,208.45,DSL,Mailed check,No,No,No,0.5755017445350411,Medium
2378-HTWFW,Month-to-month,35,91.0,3180.5,Fiber optic,Credit card (automatic),No,Yes,No,0.5754093022714857,Medium
1552-AAGRX,Month-to-month,30,106.4,3211.9,Fiber optic,Bank transfer (automatic),Yes,Yes,No,0.5753048983650632,Medium
4993-JCRGJ,Month-to-month,26,84.3,2281.6,Fiber optic,Mailed check,Yes,No,No,0.5751864095050417,Medium
8065-BVEPF,Month-to-month,65,99.1,6496.15,Fiber optic,Bank transfer (automatic),No,No,No,0.5748270899118431,Medium
3452-SRFEG,Month-to-month,49,74.6,3720.35,Fiber optic,Bank transfer (automatic),No,No,No,0.5748230622750039,Medium
8885-QSQBX,Month-to-month,1,49.55,49.55,DSL,Bank transfer (automatic),No,Yes,No,0.5747803162437085,Medium
7130-YXBRO,Month-to-month,48,111.45,5315.1,Fiber optic,Bank transfer (automatic),No,Yes,No,0.5747319206759214,Medium
2460-FPSYH,Month-to-month,40,55.8,2109.35,DSL,Electronic check,No,Yes,Yes,0.574579293951364,Medium
6646-QVXLR,One year,62,103.75,6383.35,Fiber optic,Electronic check,No,No,Yes,0.5743083639079143,Medium
0463-ZSDNT,Month-to-month,10,56.75,503.25,DSL,Bank transfer (automatic),No,No,No,0.5742563933848017,Medium
8840-DQLGN,Month-to-month,35,100.5,3653.35,Fiber optic,Bank transfer (automatic),Yes,Yes,Yes,0.5741352992959827,Medium
8896-BQTTI,Month-to-month,1,25.0,25.0,No,Mailed check,No internet service,No internet service,No,0.5740807907475999,Medium
4250-WAROZ,Month-to-month,60,93.25,5774.55,Fiber optic,Electronic check,No,Yes,No,0.5739107429550601,Medium
4471-KXAUH,Month-to-month,42,84.3,3588.4,Fiber optic,Electronic check,Yes,No,Yes,0.5738794737488139,Medium
1862-SKORY,Month-to-month,40,39.3,1637.4,DSL,Electronic check,No,No,Yes,0.5737891840169053,Medium
1644-IRKSF,One year,33,93.8,3124.5,Fiber optic,Electronic check,No,No,Yes,0.5737846794392468,Medium
7742-MYPGI,Month-to-month,6,48.8,297.35,DSL,Mailed check,Yes,No,No,0.5735202290982049,Medium
2565-JSLRY,Month-to-month,1,24.05,24.05,No,Mailed check,No internet service,No internet service,Yes,0.5733904824418203,Medium
7396-VJUZB,Month-to-month,4,45.25,155.35,DSL,Mailed check,No,No,No,0.5733886794090328,Medium
0257-ZESQC,Month-to-month,27,75.2,1929.35,Fiber optic,Bank transfer (automatic),No,Yes,Yes,0.5731586274471039,Medium
7580-UGXNC,Month-to-month,2,54.85,104.2,DSL,Mailed check,No,Yes,Yes,0.5728961570835194,Medium
3838-OZURD,Month-to-month,66,105.0,7133.25,Fiber optic,Credit card (automatic),No,No,Yes,0.5725587004839198,Medium
2075-RMJIK,Month-to-month,5,49.4,232.55,DSL,Mailed check,No,Yes,No,0.572449656561257,Medium
4248-HCETZ,Month-to-month,30,79.65,2365.15,Fiber optic,Mailed check,No,No,Yes,0.5723115564165675,Medium
7927-AUXBZ,Month-to-month,30,85.15,2555.9,Fiber optic,Electronic check,Yes,No,Yes,0.5722171135876026,Medium
0015-UOCOJ,Month-to-month,7,48.2,340.35,DSL,Electronic check,No,Yes,No,0.5717099583404889,Medium
7964-VEXDG,Month-to-month,21,80.35,1747.2,Fiber optic,Electronic check,No,Yes,No,0.571156404270013,Medium
5118-MUEYH,Month-to-month,48,105.1,5083.55,Fiber optic,Credit card (automatic),Yes,No,No,0.57068300309168,Medium
5515-RUGKN,Month-to-month,8,54.75,438.05,DSL,Credit card (automatic),No,No,No,0.5702955552059279,Medium
5522-NYKPB,Month-to-month,25,85.9,2199.05,Fiber optic,Electronic check,Yes,No,No,0.570114341893095,Medium
0621-TWIEM,Month-to-month,10,45.55,402.6,DSL,Electronic check,No,No,Yes,0.570034712552178,Medium
4950-BDEUX,Month-to-month,35,49.2,1701.65,DSL,Electronic check,No,No,No,0.5698735318205967,Medium
4860-IJUDE,Month-to-month,13,73.75,956.65,Fiber optic,Credit card (automatic),No,Yes,No,0.5697895075359867,Medium
4660-IRIBM,Month-to-month,18,87.9,1500.5,Fiber optic,Mailed check,No,Yes,No,0.5697141499653512,Medium
7521-AFHAB,Month-to-month,5,44.8,220.45,DSL,Mailed check,No,No,No,0.5696023007997407,Medium
2074-GUHPQ,Month-to-month,17,92.7,1556.85,Fiber optic,Credit card (automatic),Yes,No,No,0.5693814367439365,Medium
1809-DMJHQ,Month-to-month,5,46.0,221.7,DSL,Mailed check,No,No,Yes,0.5693134592523647,Medium
2325-WINES,One year,32,104.05,3416.85,Fiber optic,Credit card (automatic),No,No,No,0.5691935052596155,Medium
2272-UOINI,Month-to-month,7,78.5,571.05,DSL,Electronic check,Yes,Yes,No,0.5689765525891379,Medium
7271-AJDTL,Month-to-month,55,94.45,5073.1,Fiber optic,Credit card (automatic),No,No,No,0.5689410332658665,Medium
8149-AIQCG,Month-to-month,39,73.15,2730.85,Fiber optic,Credit card (automatic),No,No,No,0.5687705842202041,Medium
6770-XUAGN,Month-to-month,1,21.0,21.0,No,Electronic check,No internet service,No internet service,Yes,0.5685021930532034,Medium
3069-SSVSN,One year,1,25.85,25.85,DSL,Mailed check,No,No,No,0.5683756065378894,Medium
2894-QOJRX,Month-to-month,25,34.0,853.0,DSL,Bank transfer (automatic),No,No,Yes,0.5682555991524036,Medium
7421-ZLUPA,Month-to-month,8,29.25,226.95,DSL,Mailed check,No,No,No,0.5681342096184948,Medium
2320-JRSDE,Month-to-month,1,19.9,19.9,No,Electronic check,No internet service,No internet service,Yes,0.5677002768353547,Medium
4801-JZAZL,Month-to-month,11,29.6,346.45,DSL,Electronic check,No,Yes,No,0.5676361274522204,Medium
9137-NOQKA,Month-to-month,2,19.2,37.2,No,Electronic check,No internet service,No internet service,No,0.5676008795349423,Medium
2960-NKRSO,Month-to-month,24,85.95,2107.15,Fiber optic,Electronic check,Yes,No,No,0.5671565691959876,Medium
4566-QVRRW,Month-to-month,11,44.05,483.7,DSL,Electronic check,No,No,Yes,0.5666398613683892,Medium
2806-MLNTI,One year,52,105.1,5376.4,Fiber optic,Bank transfer (automatic),No,No,No,0.5660159364917965,Medium
3845-JHAMY,Month-to-month,16,35.5,552.7,DSL,Credit card (automatic),No,No,No,0.5657051572997115,Medium
6859-RKMZJ,Month-to-month,11,55.05,608.15,DSL,Bank transfer (automatic),No,No,No,0.565235524927657,Medium
4010-YLMVT,Month-to-month,56,106.6,5893.95,Fiber optic,Credit card (automatic),No,Yes,No,0.5651537887155363,Medium
3657-COGMW,Month-to-month,52,108.1,5839.3,Fiber optic,Credit card (automatic),No,Yes,No,0.564923406117827,Medium
8647-SDTWQ,Month-to-month,57,74.3,4018.35,Fiber optic,Electronic check,No,No,No,0.5648954883358592,Medium
6985-HAYWX,Month-to-month,26,79.3,2015.8,Fiber optic,Bank transfer (automatic),No,No,No,0.5645101969277251,Medium
2607-FBDFF,Month-to-month,1,49.0,49.0,DSL,Credit card (automatic),Yes,No,No,0.5639652506510978,Medium
7248-VZQLC,Month-to-month,47,85.2,3969.35,Fiber optic,Bank transfer (automatic),No,No,Yes,0.5639533570307013,Medium
0804-XBFBV,Month-to-month,11,25.2,321.05,DSL,Electronic check,No,No,No,0.5637609071989892,Medium
4647-XXZAM,Month-to-month,6,45.5,285.2,DSL,Mailed check,No,No,No,0.5636645891436242,Medium
8725-JEDFD,Month-to-month,27,69.05,1793.25,Fiber optic,Mailed check,No,No,No,0.5631759134275648,Medium
5568-DMXZS,Month-to-month,8,65.45,554.45,DSL,Electronic check,Yes,No,No,0.5630849646150768,Medium
4109-CYRBD,Month-to-month,29,51.6,1442.0,DSL,Electronic check,No,No,No,0.5630228990495606,Medium
4636-JGAAI,Month-to-month,34,88.85,3000.25,Fiber optic,Mailed check,No,No,No,0.5628101230364332,Medium
8722-NGNBH,Month-to-month,5,40.0,223.45,DSL,Mailed check,Yes,Yes,Yes,0.5626558272198432,Medium
7449-HVPIV,Month-to-month,55,90.4,5099.15,Fiber optic,Credit card (automatic),No,No,No,0.5626343086403102,Medium
9052-VKDUW,Month-to-month,65,109.4,7227.45,Fiber optic,Credit card (automatic),No,Yes,No,0.5626232800292453,Medium
3583-KRKMD,Month-to-month,18,75.9,1373.05,Fiber optic,Bank transfer (automatic),Yes,No,No,0.562485871989424,Medium
9495-SKLKD,Month-to-month,45,95.95,4456.65,Fiber optic,Bank transfer (automatic),No,No,No,0.562292355043495,Medium
6818-WOBHJ,Month-to-month,68,89.6,6127.6,Fiber optic,Bank transfer (automatic),No,No,Yes,0.5618746981640685,Medium
2302-ANTDP,Month-to-month,48,117.45,5438.9,Fiber optic,Electronic check,Yes,Yes,Yes,0.5618413688900078,Medium
1310-QRITU,Month-to-month,18,50.3,913.3,DSL,Electronic check,No,No,No,0.5617771697418187,Medium
0980-PVMRC,Month-to-month,40,50.85,2036.55,DSL,Electronic check,No,No,No,0.5616409975010156,Medium
7343-EOBEU,Month-to-month,3,23.6,89.05,No,Mailed check,No internet service,No internet service,No,0.5613353992639509,Medium
9578-VRMNM,Month-to-month,16,65.2,1043.35,DSL,Credit card (automatic),No,No,Yes,0.5611549720175013,Medium
6982-UQZLY,Month-to-month,1,20.85,20.85,No,Mailed check,No internet service,No internet service,Yes,0.5610925624859904,Medium
4226-KKDON,Month-to-month,8,66.65,520.95,DSL,Electronic check,Yes,No,No,0.5609753668572587,Medium
9584-EXCDZ,Month-to-month,17,70.5,1165.6,Fiber optic,Bank transfer (automatic),No,No,No,0.5605103538538904,Medium
7501-VTYLJ,Month-to-month,2,51.55,106.2,DSL,Mailed check,No,No,No,0.5599850367057954,Medium
8552-OBVRU,Month-to-month,48,104.5,5068.05,Fiber optic,Electronic check,Yes,Yes,No,0.5599837105359898,Medium
7854-EKTJL,Month-to-month,2,19.6,35.85,No,Electronic check,No internet service,No internet service,Yes,0.5598563675102752,Medium
7067-KSAZT,One year,65,106.25,6979.8,Fiber optic,Electronic check,No,No,Yes,0.5597712254466704,Medium
5392-AKEMH,Month-to-month,12,45.05,523.1,DSL,Electronic check,No,No,No,0.559743729791643,Medium
6353-BRMMA,Month-to-month,54,104.1,5645.8,Fiber optic,Bank transfer (automatic),No,Yes,No,0.5597083786387246,Medium
5035-PGZXH,One year,56,106.8,5914.4,Fiber optic,Electronic check,No,No,No,0.5597013583908956,Medium
2929-QNSRW,One year,56,98.25,5508.35,Fiber optic,Electronic check,No,No,Yes,0.559668573869453,Medium
3014-WJKSM,Month-to-month,29,75.3,2263.4,Fiber optic,Credit card (automatic),No,No,No,0.5594809437863368,Medium
4480-MBMLB,One year,36,104.8,3886.45,Fiber optic,Bank transfer (automatic),No,No,No,0.5593459795199729,Medium
3192-LNKRK,Month-to-month,34,84.05,2909.95,Fiber optic,Mailed check,No,No,No,0.5593408834779703,Medium
9003-CPATH,Month-to-month,42,79.9,3313.4,Fiber optic,Electronic check,No,No,No,0.5590653009531289,Medium
5839-SUYVZ,Month-to-month,16,74.55,1170.5,Fiber optic,Credit card (automatic),Yes,No,No,0.5589758718179403,Medium
1465-LNTLJ,Month-to-month,8,64.4,581.7,DSL,Credit card (automatic),Yes,No,No,0.5588292262059561,Medium
5076-YVXCM,Month-to-month,51,83.4,4149.45,Fiber optic,Bank transfer (automatic),No,No,No,0.5587711798292999,Medium
8096-LOIST,Month-to-month,19,56.2,1093.4,DSL,Electronic check,No,No,No,0.5580071829194938,Medium
7975-TZMLR,One year,47,103.1,4889.3,Fiber optic,Electronic check,No,No,No,0.5579654355785942,Medium
2133-TSRRM,Month-to-month,34,105.35,3688.6,Fiber optic,Bank transfer (automatic),No,Yes,No,0.5578361289274686,Medium
0060-FUALY,Month-to-month,59,94.75,5597.65,Fiber optic,Electronic check,No,Yes,No,0.5576550545507312,Medium
9564-KCLHR,Month-to-month,1,51.25,51.25,DSL,Mailed check,Yes,No,Yes,0.5570571438626657,Medium
2403-BCASL,One year,41,111.95,4534.9,Fiber optic,Electronic check,Yes,No,Yes,0.5565700085536741,Medium
9530-EHPOH,Month-to-month,11,53.75,608.0,DSL,Electronic check,No,No,Yes,0.5565401675958928,Medium
3814-MLAXC,Month-to-month,31,79.85,2404.15,Fiber optic,Credit card (automatic),Yes,No,Yes,0.556238866301968,Medium
6362-QHAFM,One year,42,108.3,4586.15,Fiber optic,Electronic check,Yes,No,No,0.5559086674624928,Medium
7346-MEDWM,Month-to-month,59,83.25,4949.1,Fiber optic,Electronic check,No,No,No,0.5556419743329213,Medium
4343-EJVQB,Month-to-month,7,74.35,533.6,Fiber optic,Mailed check,No,Yes,No,0.5555083687649056,Medium
6439-GTPCA,Month-to-month,45,87.25,3941.7,Fiber optic,Electronic check,Yes,No,Yes,0.5555046416274418,Medium
2273-QCKXA,Month-to-month,1,49.05,49.05,DSL,Mailed check,Yes,No,No,0.555443679765061,Medium
4824-GUCBY,Month-to-month,22,81.7,1820.9,Fiber optic,Electronic check,No,Yes,No,0.5548997517012014,Medium
3351-NGXYI,Month-to-month,16,54.1,889.0,DSL,Electronic check,No,Yes,No,0.554837733666799,Medium
1355-KUSBG,Month-to-month,7,48.8,349.8,DSL,Electronic check,No,No,No,0.5548161447609474,Medium
3577-AMVUX,Month-to-month,1,55.05,55.05,DSL,Mailed check,Yes,No,No,0.5547768909495162,Medium
0365-GXEZS,Month-to-month,18,78.2,1468.75,Fiber optic,Electronic check,Yes,No,No,0.5546143763340563,Medium
0516-WJVXC,Month-to-month,5,54.2,308.25,DSL,Electronic check,Yes,Yes,Yes,0.5541757005033785,Medium
2873-ZLIWT,Month-to-month,40,84.85,3303.05,Fiber optic,Electronic check,Yes,No,Yes,0.5540699513355466,Medium
3509-GWQGF,Month-to-month,24,70.0,1732.6,Fiber optic,Credit card (automatic),No,No,No,0.5539262321170175,Medium
1767-TGTKO,Month-to-month,8,45.45,411.75,DSL,Electronic check,No,No,No,0.5538830515741627,Medium
9774-NRNAU,Month-to-month,27,84.8,2309.55,DSL,Bank transfer (automatic),Yes,No,No,0.553781417029911,Medium
2479-BRAMR,Month-to-month,41,83.75,3273.55,Fiber optic,Bank transfer (automatic),No,Yes,Yes,0.5525143343505713,Medium
5707-ORNDZ,Month-to-month,9,54.55,494.05,DSL,Electronic check,No,Yes,Yes,0.5524574253296136,Medium
9158-VCTQB,Month-to-month,41,113.6,4594.95,Fiber optic,Bank transfer (automatic),Yes,Yes,Yes,0.552426379837961,Medium
3620-MWJNE,Month-to-month,2,54.45,87.3,DSL,Mailed check,Yes,Yes,No,0.5524144775261826,Medium
4067-HLYQI,Month-to-month,33,70.4,2406.1,Fiber optic,Bank transfer (automatic),No,No,No,0.5523411861512526,Medium
5934-TSSAU,Month-to-month,23,75.3,1702.9,Fiber optic,Credit card (automatic),No,No,No,0.5523308019146841,Medium
7401-RUBNK,Month-to-month,18,74.8,1438.05,Fiber optic,Electronic check,No,Yes,No,0.552178010228433,Medium
1396-QWFBJ,Month-to-month,21,74.05,1565.7,Fiber optic,Bank transfer (automatic),No,No,Yes,0.5520522055458473,Medium
3058-WQDRE,Month-to-month,13,25.15,331.85,DSL,Bank transfer (automatic),No,No,No,0.5519523686216484,Medium
4361-BKAXE,Month-to-month,41,114.5,4527.45,Fiber optic,Bank transfer (automatic),Yes,Yes,Yes,0.5519146488919682,Medium
9544-PYPSJ,Month-to-month,62,96.1,6019.35,Fiber optic,Credit card (automatic),No,No,No,0.5517239810782009,Medium
8755-IWJHN,Month-to-month,69,95.35,6382.0,Fiber optic,Bank transfer (automatic),No,No,No,0.5515499301302346,Medium
8651-ENBZX,One year,60,106.0,6441.4,Fiber optic,Electronic check,Yes,No,Yes,0.5513727021402262,Medium
2478-EEWWM,Month-to-month,59,44.3,2666.75,DSL,Electronic check,No,No,No,0.5511898872488208,Medium
0003-MKNFE,Month-to-month,9,59.9,542.4,DSL,Mailed check,No,No,No,0.5510545929366022,Medium
0237-YFUTL,Month-to-month,50,109.65,5405.8,Fiber optic,Bank transfer (automatic),Yes,Yes,No,0.5506214973061684,Medium
2985-JUUBZ,Month-to-month,40,74.55,3015.75,DSL,Electronic check,No,No,No,0.5504784653388517,Medium
0822-QGCXA,Month-to-month,27,83.85,2310.2,DSL,Electronic check,Yes,No,No,0.5504031186731957,Medium
9822-WMWVG,Month-to-month,41,106.5,4282.4,Fiber optic,Electronic check,Yes,Yes,No,0.5500002141182495,Medium
7743-EXURX,Month-to-month,8,51.05,415.05,DSL,Electronic check,No,No,Yes,0.5499202011019758,Medium
0691-IFBQW,One year,46,110.0,4874.8,Fiber optic,Electronic check,No,Yes,Yes,0.5497978545058428,Medium
8404-FYDIB,Month-to-month,26,86.65,2208.75,Fiber optic,Credit card (automatic),No,Yes,No,0.5497455150106922,Medium
1215-FIGMP,Month-to-month,60,89.9,5450.7,Fiber optic,Bank transfer (automatic),No,No,No,0.5496158659199976,Medium
8695-WDYEA,Month-to-month,1,51.25,51.25,DSL,Mailed check,No,Yes,No,0.5490438993564025,Medium
6664-FPDAC,One year,56,111.95,6418.9,Fiber optic,Electronic check,Yes,No,Yes,0.5487739339379304,Medium
0979-PHULV,Month-to-month,69,99.45,7007.6,Fiber optic,Credit card (automatic),No,No,Yes,0.548725938058012,Medium
1329-VHWNP,Month-to-month,7,25.05,189.95,DSL,Bank transfer (automatic),No,No,No,0.5486721179563163,Medium
6726-WEXXK,One year,27,85.9,2220.1,Fiber optic,Electronic check,No,Yes,No,0.5484514959070249,Medium
2043-WVTQJ,Month-to-month,1,55.7,55.7,DSL,Mailed check,No,Yes,No,0.5484095398372064,Medium
0585-EGDDA,Month-to-month,40,80.0,3168.75,Fiber optic,Electronic check,No,No,No,0.5483849204753924,Medium
3097-PYWXL,Month-to-month,4,19.95,82.9,No,Electronic check,No internet service,No internet service,No,0.5483092602867209,Medium
8985-OOPOS,One year,1,74.1,74.1,DSL,Credit card (automatic),Yes,No,No,0.54764500478894,Medium
3018-TFTSU,Month-to-month,12,81.7,858.6,Fiber optic,Bank transfer (automatic),No,Yes,Yes,0.5474691812489236,Medium
7486-KSRVI,One year,43,100.0,4211.55,Fiber optic,Electronic check,Yes,No,Yes,0.54721789782168,Medium
4690-LLKUA,Month-to-month,17,45.05,770.6,DSL,Electronic check,No,No,Yes,0.5472168396013857,Medium
8033-VCZGH,One year,50,103.95,5231.3,Fiber optic,Electronic check,No,Yes,No,0.5472097071492942,Medium
7246-ZGQDF,Month-to-month,1,54.5,54.5,DSL,Electronic check,Yes,Yes,No,0.5470520150871659,Medium
2455-USLMV,Month-to-month,31,84.75,2613.4,Fiber optic,Credit card (automatic),No,Yes,No,0.5467442185965907,Medium
9373-WSLOY,Month-to-month,33,50.0,1750.85,DSL,Electronic check,Yes,No,No,0.5466708027594719,Medium
9919-YLNNG,Month-to-month,42,103.8,4327.5,Fiber optic,Bank transfer (automatic),Yes,No,No,0.5460783669317627,Medium
8544-GOQSH,Month-to-month,14,80.05,1112.3,Fiber optic,Credit card (automatic),Yes,No,No,0.5460650386705317,Medium
4522-AKYLR,Month-to-month,13,54.8,731.3,DSL,Electronic check,No,No,No,0.5453328102989626,Medium
6629-LADHQ,Month-to-month,2,50.95,123.05,DSL,Mailed check,No,Yes,No,0.5453233337455675,Medium
3733-LSYCE,Month-to-month,15,75.35,1114.55,Fiber optic,Bank transfer (automatic),No,No,No,0.5452973404314582,Medium
0106-GHRQR,Month-to-month,16,71.4,1212.1,DSL,Bank transfer (automatic),No,No,No,0.5452944325775717,Medium
0843-WTBXE,Month-to-month,53,85.45,4517.25,Fiber optic,Bank transfer (automatic),No,No,Yes,0.5447583201737425,Medium
5002-GCQFH,Month-to-month,49,93.85,4733.1,Fiber optic,Bank transfer (automatic),No,Yes,No,0.5446291324360573,Medium
2842-BCQGE,Month-to-month,43,75.35,3161.4,Fiber optic,Credit card (automatic),No,No,No,0.5444651757865394,Medium
7758-XKCBS,Month-to-month,15,29.7,438.25,DSL,Electronic check,Yes,No,Yes,0.544125118165661,Medium
8495-LJDFO,Month-to-month,64,108.95,7111.3,Fiber optic,Bank transfer (automatic),Yes,Yes,No,0.5436199287736302,Medium
2045-BMBTJ,Month-to-month,33,59.45,1884.65,DSL,Bank transfer (automatic),No,Yes,No,0.5434521422885161,Medium
4307-KTUMW,Month-to-month,53,93.9,5029.2,Fiber optic,Electronic check,No,Yes,Yes,0.5434033361350207,Medium
2189-UXTKY,Month-to-month,22,79.2,1742.75,DSL,Electronic check,Yes,Yes,Yes,0.5433989841367808,Medium
3009-JWMPU,One year,62,96.75,6125.4,Fiber optic,Electronic check,No,No,Yes,0.5432943418024483,Medium
7880-XSOJX,Month-to-month,4,42.4,146.4,DSL,Mailed check,Yes,Yes,No,0.5430544400788354,Medium
0406-BPDVR,One year,54,101.5,5373.1,Fiber optic,Credit card (automatic),No,No,Yes,0.5429687559179155,Medium
3567-PQTSO,One year,53,105.25,5576.3,Fiber optic,Electronic check,No,No,No,0.5428969206677754,Medium
3787-TRIAL,Month-to-month,21,26.05,565.75,DSL,Electronic check,No,No,No,0.5428012990016349,Medium
5141-ZUVBH,Month-to-month,9,93.0,870.25,Fiber optic,Bank transfer (automatic),Yes,Yes,No,0.5427919608802818,Medium
6807-SIWJI,One year,38,104.85,3887.25,Fiber optic,Electronic check,No,Yes,No,0.542276105533512,Medium
7112-OPOTK,Month-to-month,33,68.25,2171.15,Fiber optic,Electronic check,No,No,Yes,0.5420594185112515,Medium
4612-THJBS,One year,56,104.75,5510.65,Fiber optic,Bank transfer (automatic),No,No,Yes,0.5416346235898817,Medium
0568-ONFPC,Month-to-month,5,25.9,135.0,No,Bank transfer (automatic),No internet service,No internet service,Yes,0.5408243816677439,Medium
1174-FGIFN,One year,28,90.45,2509.25,Fiber optic,Electronic check,Yes,No,No,0.5406439868706039,Medium
8705-DWKTI,Month-to-month,52,83.8,4331.4,Fiber optic,Credit card (automatic),No,No,No,0.5399780484175668,Medium
0178-SZBHO,Month-to-month,47,87.2,4017.45,Fiber optic,Electronic check,No,No,No,0.5397339722124309,Medium
0013-MHZWF,Month-to-month,9,69.4,571.45,DSL,Credit card (automatic),Yes,No,No,0.5396350300657441,Medium
3404-JNXAX,Month-to-month,51,80.75,4116.9,Fiber optic,Electronic check,Yes,No,No,0.5391361056893226,Medium
6227-HWPWX,Month-to-month,15,69.0,994.8,Fiber optic,Bank transfer (automatic),No,No,Yes,0.5390638069972149,Medium
0058-EVZWM,Month-to-month,55,89.8,4959.6,Fiber optic,Bank transfer (automatic),No,Yes,No,0.5386113268039707,Medium
4282-ACRXS,Month-to-month,38,24.85,955.75,DSL,Electronic check,No,No,No,0.5383773729320813,Medium
1750-CSKKM,Month-to-month,9,55.35,449.75,DSL,Electronic check,No,No,Yes,0.5382771570617264,Medium
4450-YOOHP,Month-to-month,39,50.65,1905.4,DSL,Credit card (automatic),No,No,No,0.5381636280556783,Medium
0742-MOABM,Month-to-month,4,50.05,179.35,DSL,Mailed check,Yes,No,Yes,0.537833516477029,Medium
6917-YACBP,Month-to-month,59,89.75,5496.9,Fiber optic,Electronic check,No,Yes,No,0.5376421359040833,Medium
5146-CBVOE,Month-to-month,16,75.1,1212.85,Fiber optic,Bank transfer (automatic),No,No,No,0.5374151233525811,Medium
4183-WCSEP,Month-to-month,31,78.45,2435.15,Fiber optic,Electronic check,Yes,No,Yes,0.537086184190339,Medium
8751-EDEKA,Month-to-month,28,89.9,2433.5,Fiber optic,Credit card (automatic),No,No,No,0.53708291963613,Medium
2267-WTPYD,Month-to-month,57,94.0,5438.95,Fiber optic,Credit card (automatic),No,No,No,0.5359373964958762,Medium
1216-BGTSP,Month-to-month,45,108.45,4964.7,Fiber optic,Credit card (automatic),Yes,Yes,No,0.5358675838227592,Medium
9909-IDLEK,Month-to-month,20,96.8,1826.7,Fiber optic,Mailed check,Yes,No,No,0.5354145521511764,Medium
7251-LJBQN,One year,40,103.75,4188.4,Fiber optic,Credit card (automatic),Yes,No,No,0.5352598051053069,Medium
5973-EJGDP,Month-to-month,51,87.35,4473.0,Fiber optic,Electronic check,Yes,No,No,0.5350851204938468,Medium
5649-TJHOV,Month-to-month,27,36.5,1032.0,DSL,Bank transfer (automatic),No,No,Yes,0.5344037531788836,Medium
0431-APWVY,One year,28,90.1,2598.95,Fiber optic,Bank transfer (automatic),No,No,Yes,0.5343690061769771,Medium
4097-YODCF,One year,34,103.8,3470.8,Fiber optic,Electronic check,No,Yes,No,0.534123817702999,Medium
4724-WXVWF,Month-to-month,48,95.4,4445.3,Fiber optic,Electronic check,Yes,Yes,No,0.5338763044782366,Medium
0274-JKUJR,Month-to-month,7,58.85,465.7,DSL,Mailed check,No,Yes,No,0.5338281324342846,Medium
8217-QYOHV,Month-to-month,5,55.75,266.95,DSL,Mailed check,Yes,Yes,No,0.5338263151882862,Medium
4191-XOVOM,Month-to-month,63,105.4,6713.2,Fiber optic,Electronic check,Yes,No,No,0.5336454316168655,Medium
4558-FANTW,Month-to-month,17,91.85,1574.45,Fiber optic,Electronic check,Yes,Yes,Yes,0.5331530270529358,Medium
5924-IFQTT,Month-to-month,13,72.8,930.05,DSL,Electronic check,Yes,No,No,0.5329035824296355,Medium
5433-KYGHE,Month-to-month,14,86.0,1164.05,Fiber optic,Mailed check,Yes,Yes,No,0.5328901633045457,Medium
4324-AHJKS,Month-to-month,5,55.8,300.4,DSL,Credit card (automatic),No,Yes,No,0.5328583384673952,Medium
6625-UTXEW,Month-to-month,12,51.25,612.1,DSL,Electronic check,No,No,No,0.5324708022633077,Medium
8564-LDKFL,One year,40,106.0,4178.65,Fiber optic,Bank transfer (automatic),No,No,No,0.5323646043811523,Medium
3707-LRWZD,One year,32,84.05,2781.85,Fiber optic,Electronic check,No,No,Yes,0.5320186420725197,Medium
7789-HKSBS,One year,42,105.2,4599.15,Fiber optic,Bank transfer (automatic),No,Yes,No,0.5319927295884155,Medium
4001-TSBTV,Month-to-month,58,91.55,5511.65,Fiber optic,Electronic check,No,No,No,0.5318650489725577,Medium
0419-YAAPX,Month-to-month,49,85.3,4297.95,Fiber optic,Credit card (automatic),No,No,No,0.5312864554033595,Medium
0512-FLFDW,One year,60,100.5,6029.0,Fiber optic,Credit card (automatic),No,No,No,0.5310748691764088,Medium
3521-SYVOR,Month-to-month,37,64.75,2345.2,DSL,Electronic check,No,No,Yes,0.5309405211889501,Medium
0774-IFUVM,Month-to-month,11,65.15,723.35,DSL,Bank transfer (automatic),No,Yes,No,0.5307719007354134,Medium
0471-ARVMX,One year,62,104.85,6312.9,Fiber optic,Electronic check,No,Yes,No,0.530613079834699,Medium
1357-MVDOZ,Month-to-month,11,59.65,683.25,DSL,Bank transfer (automatic),No,No,No,0.5301770611136051,Medium
6641-XRPSU,Month-to-month,34,70.0,2416.1,Fiber optic,Credit card (automatic),No,No,Yes,0.5299455253206274,Medium
6789-HJBWG,Month-to-month,12,49.4,611.65,DSL,Electronic check,No,No,No,0.5299207247540249,Medium
2480-EJWYP,One year,58,97.8,5458.8,Fiber optic,Bank transfer (automatic),No,No,No,0.5297211745630714,Medium
6891-JPYFF,Month-to-month,48,105.25,4997.5,Fiber optic,Credit card (automatic),No,Yes,No,0.5294513760652046,Medium
6360-SVNWV,Month-to-month,31,73.55,2094.65,Fiber optic,Credit card (automatic),No,Yes,No,0.5292920068515804,Medium
3503-TYDAY,Month-to-month,43,80.45,3398.9,Fiber optic,Electronic check,No,No,No,0.5291989544347326,Medium
6559-RAKOZ,One year,49,97.95,4917.9,Fiber optic,Electronic check,Yes,No,No,0.5289821593766452,Medium
0260-ZDLGK,Month-to-month,9,72.9,651.4,DSL,Mailed check,Yes,No,Yes,0.5284733512179659,Medium
5804-HYIEZ,Month-to-month,70,106.05,7554.05,Fiber optic,Electronic check,No,Yes,No,0.5284497505356534,Medium
0327-WFZSY,One year,39,100.0,3835.55,Fiber optic,Electronic check,No,No,No,0.5283684251484091,Medium
0282-NVSJS,Month-to-month,12,29.3,355.9,DSL,Mailed check,Yes,No,No,0.5282341571087696,Medium
7929-DMBCV,Month-to-month,20,81.0,1683.7,Fiber optic,Mailed check,Yes,No,No,0.5281583107604922,Medium
3419-SNJJD,Month-to-month,65,105.25,6786.4,Fiber optic,Bank transfer (automatic),No,Yes,Yes,0.5279804546426232,Medium
7426-WEIJX,Month-to-month,60,80.95,4859.1,Fiber optic,Electronic check,No,Yes,No,0.5274920696523254,Medium
2826-DXLQO,Month-to-month,7,29.8,220.45,DSL,Bank transfer (automatic),No,Yes,No,0.5274911450529334,Medium
1550-LOAHA,Month-to-month,32,84.15,2585.95,Fiber optic,Bank transfer (automatic),No,No,Yes,0.5274138947913671,Medium
6896-SRVYQ,Month-to-month,44,73.85,3122.4,Fiber optic,Electronic check,No,No,No,0.5273230172109287,Medium
5336-UFNZP,One year,65,107.45,7047.5,Fiber optic,Electronic check,No,No,No,0.5272419300572443,Medium
8761-NSOBC,Month-to-month,44,100.55,4398.15,Fiber optic,Electronic check,Yes,No,Yes,0.5269930822500404,Medium
7814-LEEVE,Month-to-month,1,20.3,20.3,No,Bank transfer (automatic),No internet service,No internet service,No,0.5269573515569262,Medium
7587-AOVVU,Month-to-month,27,100.75,2793.55,Fiber optic,Electronic check,Yes,Yes,No,0.5265295440302997,Medium
6133-OZILE,Month-to-month,18,35.2,607.3,DSL,Electronic check,Yes,No,No,0.526507556460619,Medium
2027-OAQQC,Month-to-month,43,49.05,2076.2,DSL,Bank transfer (automatic),No,No,Yes,0.5264543911399322,Medium
6429-SHBCB,Month-to-month,19,69.6,1394.55,DSL,Mailed check,No,No,No,0.5261178421121265,Medium
3945-GFWQL,Month-to-month,12,44.55,480.6,DSL,Electronic check,No,No,Yes,0.5259549383059331,Medium
2955-PSXOE,Month-to-month,1,20.2,20.2,No,Bank transfer (automatic),No internet service,No internet service,Yes,0.5257006883442877,Medium
2267-FPIMA,Month-to-month,50,94.4,4914.9,Fiber optic,Credit card (automatic),No,Yes,No,0.5254378341715938,Medium
3413-DHLPB,Month-to-month,60,103.75,5969.95,Fiber optic,Bank transfer (automatic),Yes,No,No,0.5253929048759831,Medium
4720-VSTSI,Month-to-month,44,84.8,3862.55,Fiber optic,Bank transfer (automatic),No,No,Yes,0.5253026575771313,Medium
4488-KQFDT,One year,61,103.95,6423.0,Fiber optic,Electronic check,No,No,No,0.5250241101542443,Medium
0191-ZHSKZ,Month-to-month,30,74.75,2111.3,DSL,Electronic check,No,Yes,No,0.5250157451961445,Medium
1098-TDVUQ,Month-to-month,1,19.25,19.25,No,Bank transfer (automatic),No internet service,No internet service,No,0.5249968473126484,Medium
4976-LNFVV,Month-to-month,19,34.3,577.15,DSL,Credit card (automatic),No,No,No,0.5249641558946251,Medium
1656-DRSMG,Month-to-month,63,109.85,7002.95,Fiber optic,Credit card (automatic),Yes,No,No,0.5249369022283247,Medium
2139-FQHLM,Month-to-month,19,89.95,1682.4,Fiber optic,Mailed check,Yes,No,No,0.5248512879821979,Medium
8417-GSODA,One year,28,92.2,2568.15,Fiber optic,Bank transfer (automatic),No,No,No,0.5248195943840511,Medium
3058-HJCUY,One year,41,102.6,4213.35,Fiber optic,Electronic check,Yes,No,Yes,0.5247734876123702,Medium
4430-YHXGG,Month-to-month,4,25.45,84.2,No,Mailed check,No internet service,No internet service,No,0.5246022709536449,Medium
0080-OROZO,One year,35,99.25,3532.0,Fiber optic,Electronic check,Yes,No,No,0.5244579279444792,Medium
7850-VWJUU,Month-to-month,23,75.0,1778.5,Fiber optic,Bank transfer (automatic),No,Yes,No,0.5242304807228587,Medium
7921-LMDFQ,One year,51,94.0,4905.75,Fiber optic,Bank transfer (automatic),No,No,No,0.5240768485686967,Medium
4070-OKWVH,Month-to-month,52,94.6,5025.8,Fiber optic,Bank transfer (automatic),No,No,No,0.5240045575606936,Medium
9375-MHRRS,Month-to-month,6,50.05,288.35,DSL,Mailed check,Yes,No,No,0.5235723919662284,Medium
3424-NMNBO,One year,58,108.85,6287.25,Fiber optic,Electronic check,No,Yes,Yes,0.5235265501313802,Medium
2474-LCNUE,Month-to-month,23,73.65,1642.75,DSL,Credit card (automatic),Yes,No,No,0.5233683112485948,Medium
0100-DUVFC,One year,70,104.8,7308.95,Fiber optic,Electronic check,No,No,No,0.5231054276002602,Medium
5816-SCGFC,Month-to-month,7,51.3,419.35,DSL,Mailed check,No,No,No,0.5230712036809926,Medium
4883-QICIH,Month-to-month,32,69.75,2347.9,Fiber optic,Bank transfer (automatic),No,No,Yes,0.5230706593826984,Medium
7245-JMTTQ,One year,51,111.5,5703.25,Fiber optic,Electronic check,Yes,No,No,0.5230250112054664,Medium
4831-EOBFE,Month-to-month,29,94.65,2649.15,Fiber optic,Credit card (automatic),No,Yes,Yes,0.5229997005744497,Medium
5136-GFPMB,Month-to-month,54,89.4,4869.5,Fiber optic,Credit card (automatic),No,No,No,0.5229676140942424,Medium
2669-OIDSD,Month-to-month,48,100.05,4834.0,Fiber optic,Credit card (automatic),Yes,No,No,0.5228185224538601,Medium
4088-YLDSU,One year,55,104.15,5743.05,Fiber optic,Electronic check,Yes,No,Yes,0.5227627000222383,Medium
1493-AMTIE,Month-to-month,1,20.2,20.2,No,Bank transfer (automatic),No internet service,No internet service,Yes,0.5226738664222639,Medium
6874-SGLHU,One year,30,97.0,3021.3,Fiber optic,Bank transfer (automatic),No,No,No,0.5225588991484577,Medium
1047-NNCBF,Month-to-month,20,70.55,1493.55,Fiber optic,Credit card (automatic),No,No,No,0.5224112382688599,Medium
5575-TPIZQ,Month-to-month,46,89.15,4245.55,Fiber optic,Credit card (automatic),No,Yes,No,0.522302877777902,Medium
7291-CDTMJ,Month-to-month,1,19.65,19.65,No,Bank transfer (automatic),No internet service,No internet service,No,0.5222661545092374,Medium
4323-SADQS,Month-to-month,7,34.5,279.25,DSL,Electronic check,Yes,Yes,Yes,0.5216430306815414,Medium
2279-AXJJK,Month-to-month,52,95.65,5088.4,Fiber optic,Credit card (automatic),Yes,No,No,0.5213497701860281,Medium
5188-HGMLP,Month-to-month,54,74.0,3919.15,Fiber optic,Bank transfer (automatic),No,No,No,0.5208146430607666,Medium
4098-NAUKP,Month-to-month,68,84.65,5683.6,Fiber optic,Electronic check,No,No,No,0.5206661756444304,Medium
8399-YNDCH,Month-to-month,21,60.05,1236.15,DSL,Bank transfer (automatic),No,No,Yes,0.520530136508116,Medium
8023-QHAIO,Month-to-month,56,76.85,4275.75,Fiber optic,Bank transfer (automatic),Yes,No,No,0.520429794108704,Medium
9700-ISPUP,Month-to-month,10,65.5,616.9,DSL,Electronic check,Yes,No,No,0.520381797068841,Medium
8620-RJPZN,Month-to-month,1,20.7,20.7,No,Electronic check,No internet service,No internet service,No,0.5203398652561194,Medium
9415-TPKRV,Month-to-month,8,55.75,446.8,DSL,Electronic check,No,No,No,0.5203183238166056,Medium
4937-QPZPO,One year,61,99.9,6241.35,Fiber optic,Electronic check,No,No,No,0.5198026269718403,Medium
1156-ZFYDO,Month-to-month,1,19.75,19.75,No,Electronic check,No internet service,No internet service,No,0.5196353381702126,Medium
9614-RMGHA,Month-to-month,65,91.85,5940.85,Fiber optic,Bank transfer (automatic),No,No,Yes,0.5195784707478459,Medium
3007-FDPEA,Month-to-month,2,20.7,39.85,No,Bank transfer (automatic),No internet service,No internet service,No,0.5195197242871203,Medium
8387-MOJJT,Month-to-month,42,77.95,3384.0,Fiber optic,Credit card (automatic),No,No,Yes,0.5194081061284856,Medium
7596-LDUXP,One year,12,85.15,979.05,Fiber optic,Credit card (automatic),No,Yes,No,0.5193187658147252,Medium
0761-AETCS,Month-to-month,1,19.3,19.3,No,Electronic check,No internet service,No internet service,Yes,0.5193015873839285,Medium
2172-EJXVF,One year,71,105.9,7521.95,Fiber optic,Electronic check,No,No,No,0.5192124515700749,Medium
1442-BQPVU,Month-to-month,13,29.15,357.15,DSL,Electronic check,No,No,No,0.5190875651650151,Medium
8992-CEUEN,Month-to-month,1,18.85,18.85,No,Electronic check,No internet service,No internet service,No,0.5189678193711187,Medium
5553-AOINX,One year,66,104.9,6891.45,Fiber optic,Electronic check,No,No,No,0.5188008332346007,Medium
9537-VHDTA,Month-to-month,1,51.2,51.2,DSL,Mailed check,No,Yes,No,0.5185096003076277,Medium
2233-FAGXV,Month-to-month,5,24.3,132.25,No,Mailed check,No internet service,No internet service,No,0.5183804269582596,Medium
5073-WXOYN,Month-to-month,60,50.8,3027.4,DSL,Electronic check,No,No,Yes,0.5181678250070646,Medium
9445-ZUEQE,Month-to-month,27,85.2,2151.6,Fiber optic,Credit card (automatic),Yes,No,No,0.5178705704311151,Medium
1453-RZFON,Month-to-month,1,49.9,49.9,DSL,Mailed check,No,Yes,No,0.5175452229283048,Medium
6769-DYBQN,Month-to-month,46,85.0,3969.4,Fiber optic,Electronic check,No,Yes,Yes,0.5173646430211208,Medium
5088-QZLRL,Month-to-month,1,20.65,20.65,No,Electronic check,No internet service,No internet service,No,0.5172731490035404,Medium
7893-IXHRQ,Month-to-month,1,20.55,20.55,No,Electronic check,No internet service,No internet service,Yes,0.5171989578138178,Medium
5143-WMWOG,Month-to-month,1,19.95,19.95,No,Electronic check,No internet service,No internet service,Yes,0.5167537948663403,Medium
5424-RLQLC,Month-to-month,10,59.65,638.95,DSL,Mailed check,No,No,No,0.5167219907369269,Medium
7617-EYGLW,Month-to-month,1,19.45,19.45,No,Electronic check,No internet service,No internet service,No,0.5163828054,Medium
0836-SEYLU,Month-to-month,9,40.65,328.95,DSL,Mailed check,Yes,No,Yes,0.5163421815282433,Medium
1596-BBVTG,Month-to-month,35,75.35,2636.05,Fiber optic,Credit card (automatic),No,No,Yes,0.5162413868174154,Medium
1228-FZFRV,Month-to-month,50,105.95,5341.8,Fiber optic,Credit card (automatic),No,Yes,Yes,0.516216310534531,Medium
4232-JGKIY,Month-to-month,1,19.2,19.2,No,Electronic check,No internet service,No internet service,No,0.516197303869272,Medium
5154-VEKBL,Month-to-month,9,58.5,539.85,DSL,Mailed check,Yes,Yes,Yes,0.5160553244940661,Medium
6234-PFPXL,Month-to-month,22,95.9,2234.95,Fiber optic,Credit card (automatic),Yes,Yes,No,0.5159704201579544,Medium
0807-ZABDG,Month-to-month,3,55.1,154.65,DSL,Mailed check,Yes,Yes,Yes,0.5158732254006483,Medium
1784-EZDKJ,One year,51,106.8,5498.8,Fiber optic,Bank transfer (automatic),No,No,No,0.5158466594849834,Medium
3865-QBWSJ,Month-to-month,38,80.45,3162.65,Fiber optic,Mailed check,No,Yes,No,0.5158403489347605,Medium
2886-KEFUM,One year,63,107.5,6873.75,Fiber optic,Electronic check,No,No,Yes,0.5157324271427227,Medium
5828-DWPIL,Month-to-month,62,89.1,5618.3,Fiber optic,Electronic check,No,Yes,No,0.5156821607868091,Medium
0999-QXNSA,Month-to-month,7,45.75,344.2,DSL,Mailed check,No,No,No,0.5155504665704557,Medium
2382-BCKQJ,One year,62,100.15,6413.65,Fiber optic,Electronic check,No,No,Yes,0.5152768788574481,Medium
2947-DOMLJ,Month-to-month,1,50.6,50.6,DSL,Mailed check,No,Yes,Yes,0.5150339218080825,Medium
8242-JSVBO,Month-to-month,7,44.65,322.5,DSL,Bank transfer (automatic),No,No,No,0.5144079667433996,Medium
1360-JYXKQ,One year,54,99.1,5437.1,Fiber optic,Electronic check,Yes,No,No,0.5142545157817776,Medium
6537-OTKMY,One year,15,50.75,688.2,DSL,Electronic check,No,No,No,0.5140727575635202,Medium
4080-OGPJL,Month-to-month,8,71.15,563.65,DSL,Electronic check,Yes,Yes,Yes,0.5140397430277935,Medium
1996-DBMUS,Month-to-month,48,70.65,3545.05,Fiber optic,Bank transfer (automatic),No,No,No,0.5138046124602201,Medium
5482-NUPNA,Month-to-month,4,60.4,272.15,DSL,Mailed check,Yes,Yes,Yes,0.5136225682154154,Medium
8344-WFMFH,Month-to-month,9,50.1,484.05,DSL,Electronic check,No,No,No,0.5134537832497159,Medium
0643-OKLRP,Month-to-month,47,80.35,3825.85,Fiber optic,Electronic check,No,Yes,Yes,0.5132115302854263,Medium
2832-SCUCO,Month-to-month,2,19.9,57.4,No,Electronic check,No internet service,No internet service,No,0.513188694162836,Medium
5243-SAOTC,Month-to-month,54,79.85,4308.25,Fiber optic,Bank transfer (automatic),No,No,No,0.5131551652827346,Medium
8773-HHUOZ,Month-to-month,17,64.7,1093.1,DSL,Mailed check,No,No,Yes,0.5130914813796712,Medium
0899-WZRSD,Month-to-month,56,105.35,5794.45,Fiber optic,Mailed check,Yes,Yes,No,0.5129211302575265,Medium
3717-LNXKW,Month-to-month,38,91.7,3479.05,Fiber optic,Bank transfer (automatic),No,Yes,No,0.5127490904915835,Medium
1559-DTODC,Month-to-month,19,25.15,468.35,DSL,Bank transfer (automatic),No,No,No,0.5127471511824281,Medium
9419-IPPBE,One year,51,90.15,4554.85,Fiber optic,Electronic check,No,No,No,0.5127059615027583,Medium
5060-TQUQN,Month-to-month,30,83.55,2570.2,Fiber optic,Bank transfer (automatic),Yes,No,No,0.5126445732580045,Medium
5201-USSQZ,Month-to-month,26,85.9,2196.45,Fiber optic,Credit card (automatic),Yes,No,No,0.5124816001378235,Medium
8257-RZAHR,Month-to-month,14,64.7,941.0,DSL,Bank transfer (automatic),No,Yes,Yes,0.5123009453199298,Medium
6300-BWMJX,Month-to-month,59,93.35,5386.5,Fiber optic,Electronic check,Yes,No,No,0.5122916189567116,Medium
1432-FPAXX,Month-to-month,29,30.6,856.35,DSL,Electronic check,No,No,Yes,0.5119711450038636,Medium
5274-XHAKY,Month-to-month,41,94.3,3893.6,Fiber optic,Bank transfer (automatic),No,Yes,No,0.5118902075289372,Medium
6284-KMNUF,One year,56,98.0,5270.6,Fiber optic,Electronic check,No,Yes,No,0.5117040378934284,Medium
8807-ARQET,Month-to-month,41,40.35,1677.85,DSL,Electronic check,No,No,No,0.5115375722565699,Medium
0575-CUQOV,One year,60,97.95,5867.0,Fiber optic,Electronic check,No,No,No,0.5109355872077688,Medium
9170-CCKOU,Month-to-month,17,90.2,1454.15,Fiber optic,Credit card (automatic),No,Yes,Yes,0.5108446938504719,Medium
5778-BVOFB,Month-to-month,9,59.5,530.05,DSL,Bank transfer (automatic),Yes,No,No,0.5106287233046611,Medium
2924-KHUVI,One year,56,100.55,5514.95,Fiber optic,Electronic check,No,Yes,No,0.5105647988303622,Medium
2522-AHJXR,Month-to-month,60,109.45,6572.85,Fiber optic,Bank transfer (automatic),Yes,Yes,No,0.5101339860362705,Medium
3445-HXXGF,Month-to-month,58,45.3,2651.2,DSL,Electronic check,No,No,Yes,0.5100719516593623,Medium
9089-UOWJG,Month-to-month,12,58.35,740.55,DSL,Credit card (automatic),No,No,No,0.5100256162934885,Medium
3756-VNWDH,One year,65,100.75,6674.65,Fiber optic,Electronic check,No,Yes,No,0.5100071310102495,Medium
6199-IWKGC,One year,46,100.25,4753.85,Fiber optic,Electronic check,Yes,No,No,0.5095908232530608,Medium
1169-WCVAK,Month-to-month,19,88.8,1672.35,Fiber optic,Credit card (automatic),Yes,Yes,No,0.5094007308151343,Medium
6179-GJPSO,Month-to-month,43,108.15,4600.7,Fiber optic,Credit card (automatic),Yes,Yes,Yes,0.5093281320605411,Medium
2931-SVLTV,Month-to-month,40,110.1,4469.1,Fiber optic,Credit card (automatic),Yes,Yes,No,0.5093110148667775,Medium
3466-WAESX,Month-to-month,16,69.1,1083.7,DSL,Electronic check,No,Yes,No,0.5089059928690607,Medium
6578-KRMAW,Month-to-month,32,93.4,2979.3,Fiber optic,Credit card (automatic),No,Yes,No,0.5087589361407482,Medium
0587-DMGBH,Month-to-month,8,49.85,365.55,DSL,Electronic check,No,Yes,Yes,0.5084879863385928,Medium
6968-GMKPR,Month-to-month,55,81.55,4509.5,Fiber optic,Electronic check,No,No,No,0.5081228640314779,Medium
9688-YGXVR,Month-to-month,44,88.15,3973.2,Fiber optic,Credit card (automatic),No,No,No,0.507921530585237,Medium
6668-CNMFP,One year,19,89.35,1686.85,Fiber optic,Bank transfer (automatic),Yes,No,No,0.5079045129174288,Medium
3301-LSLWQ,Month-to-month,29,66.1,1912.15,DSL,Electronic check,No,Yes,No,0.5073360928639208,Medium
9912-OMZDS,One year,59,106.15,6256.2,Fiber optic,Electronic check,No,No,No,0.5073139233025517,Medium
7459-RRWQZ,Month-to-month,15,64.65,994.55,DSL,Bank transfer (automatic),No,Yes,Yes,0.5070730073808222,Medium
3744-ZBHON,Month-to-month,3,20.2,65.95,No,Electronic check,No internet service,No internet service,No,0.5068490578379309,Medium
8910-LEDAG,Month-to-month,34,71.55,2427.35,Fiber optic,Credit card (automatic),No,No,No,0.5068070572512176,Medium
7853-WNZSY,Month-to-month,1,19.75,19.75,No,Credit card (automatic),No internet service,No internet service,No,0.5066647615216114,Medium
2240-HSJQD,Month-to-month,38,81.85,3141.7,Fiber optic,Mailed check,No,No,No,0.5065680903651841,Medium
0268-QKIWO,Month-to-month,3,19.75,58.85,No,Electronic check,No internet service,No internet service,Yes,0.5065148599855106,Medium
4693-VWVBO,Month-to-month,3,19.55,61.05,No,Electronic check,No internet service,No internet service,No,0.5063663257200701,Medium
4439-YRNVD,Month-to-month,10,36.25,374.0,DSL,Electronic check,Yes,No,No,0.5059954253326006,Medium
3606-SBKRY,One year,31,50.05,1523.4,DSL,Electronic check,No,No,No,0.5053558496971887,Medium
2003-CKLOR,Month-to-month,66,99.5,6710.5,Fiber optic,Electronic check,No,No,Yes,0.5050020280712287,Medium
6067-NGCEU,Month-to-month,65,111.05,7107.0,Fiber optic,Credit card (automatic),No,Yes,No,0.504613955480158,Medium
8775-CEBBJ,Month-to-month,9,44.2,403.35,DSL,Bank transfer (automatic),No,No,Yes,0.503981333319956,Medium
5949-HGVJL,Month-to-month,26,73.05,1959.5,DSL,Electronic check,Yes,No,No,0.5039792191596387,Medium
7594-LZNWR,Month-to-month,34,69.15,2275.1,Fiber optic,Credit card (automatic),No,No,No,0.5038388167440615,Medium
7916-VCCPB,Month-to-month,16,73.25,1195.75,Fiber optic,Bank transfer (automatic),No,No,No,0.5036160111381598,Medium
2436-QBZFP,Month-to-month,22,39.2,849.9,DSL,Electronic check,No,No,No,0.5035280049275636,Medium
1935-IMVBB,Month-to-month,56,89.7,4952.95,Fiber optic,Mailed check,No,No,No,0.5035113503235868,Medium
7821-DPRQE,Month-to-month,68,107.7,7320.9,Fiber optic,Electronic check,Yes,Yes,No,0.5032542303968163,Medium
2257-BOVXD,Month-to-month,14,66.6,979.5,DSL,Credit card (automatic),Yes,No,No,0.5030954166285884,Medium
5542-DHSXL,Month-to-month,4,54.7,235.05,DSL,Mailed check,No,Yes,No,0.5029840422061175,Medium
4685-ERGHK,One year,57,86.9,4939.25,Fiber optic,Electronic check,No,No,No,0.5029385441070026,Medium
2480-JZOSN,Month-to-month,1,20.65,20.65,No,Mailed check,No internet service,No internet service,No,0.5028712520152362,Medium
2684-EIWEO,Month-to-month,30,91.7,2758.15,Fiber optic,Credit card (automatic),No,Yes,Yes,0.5028262549782129,Medium
9356-AXGMP,One year,38,110.7,4428.6,Fiber optic,Electronic check,Yes,Yes,No,0.502818991095813,Medium
6173-ITPWD,Month-to-month,47,83.35,4065.0,Fiber optic,Bank transfer (automatic),No,No,Yes,0.5027038403193983,Medium
4307-KWMXE,Month-to-month,10,35.75,389.8,DSL,Electronic check,Yes,No,No,0.5025903612646858,Medium
3685-YLCMQ,One year,58,104.65,6219.6,Fiber optic,Electronic check,Yes,No,Yes,0.5022686294604861,Medium
7669-LCRSD,Month-to-month,12,56.3,628.65,DSL,Mailed check,No,No,No,0.5019198500095359,Medium
6029-CSMJE,Month-to-month,17,25.65,440.2,DSL,Mailed check,No,No,No,0.50187930343945,Medium
0913-XWSCN,Month-to-month,55,85.5,4713.4,Fiber optic,Bank transfer (automatic),No,No,No,0.5018485949536073,Medium
6538-POCHL,Month-to-month,33,79.0,2576.8,Fiber optic,Credit card (automatic),No,No,No,0.5017608141741795,Medium
8728-SKJLR,Month-to-month,41,74.25,3089.1,Fiber optic,Electronic check,Yes,No,No,0.5016887686804554,Medium
1485-YDHMM,Month-to-month,52,93.25,4631.7,Fiber optic,Bank transfer (automatic),Yes,No,No,0.5015892318699678,Medium
4634-JLRJT,Month-to-month,1,20.35,20.35,No,Mailed check,No internet service,No internet service,No,0.5014625623524066,Medium
6469-QJKZW,Month-to-month,4,20.15,91.4,No,Electronic check,No internet service,No internet service,No,0.5014331149961129,Medium
8073-IJDCM,Month-to-month,1,20.3,20.3,No,Mailed check,No internet service,No internet service,Yes,0.5014254229331452,Medium
0670-KDOMA,Month-to-month,1,20.25,20.25,No,Mailed check,No internet service,No internet service,No,0.5013882834981545,Medium
2876-VBBBL,Month-to-month,1,20.25,20.25,No,Mailed check,No internet service,No internet service,Yes,0.5013882834981545,Medium
7839-QRKXN,Month-to-month,1,20.2,20.2,No,Mailed check,No internet service,No internet service,Yes,0.5013511440478443,Medium
4897-QSUYC,Month-to-month,1,20.15,20.15,No,Mailed check,No internet service,No internet service,Yes,0.5013140045826245,Medium
3946-JEWRQ,One year,47,95.2,4563.0,Fiber optic,Credit card (automatic),No,No,No,0.5011788896203013,Medium
4800-VHZKI,Month-to-month,1,19.9,19.9,No,Mailed check,No internet service,No internet service,Yes,0.5011283070472257,Medium
1450-SKCVI,Month-to-month,56,73.85,4092.85,Fiber optic,Electronic check,No,No,Yes,0.500970709520994,Medium
7047-FWEYA,One year,46,103.15,4594.65,Fiber optic,Electronic check,Yes,No,No,0.5009181559541585,Medium
4588-YBNIB,Month-to-month,1,19.6,19.6,No,Mailed check,No internet service,No internet service,Yes,0.5009054695983832,Medium
1622-HSHSF,Month-to-month,1,19.55,19.55,No,Mailed check,No internet service,No internet service,No,0.5008683299862146,Medium
8566-YPRGL,Month-to-month,1,19.5,19.5,No,Mailed check,No internet service,No internet service,No,0.5008311903644639,Medium
7298-IZWLY,Month-to-month,1,19.4,19.4,No,Mailed check,No internet service,No internet service,No,0.5007569110938563,Medium
8963-JLGJT,Month-to-month,3,55.9,157.55,DSL,Mailed check,No,Yes,No,0.5007132965052247,Medium
0603-OLQDC,Month-to-month,12,69.85,837.5,DSL,Mailed check,No,Yes,No,0.5005365096896481,Medium
6121-VZNQB,Month-to-month,1,19.1,19.1,No,Mailed check,No internet service,No internet service,Yes,0.5005340730946906,Medium
9767-FFLEM,Month-to-month,38,69.5,2625.25,Fiber optic,Credit card (automatic),No,No,No,0.5003156533313375,Medium
6986-IJDHX,Month-to-month,39,86.3,3266.0,Fiber optic,Mailed check,No,No,Yes,0.5002942321315637,Medium
7636-XUHWW,Month-to-month,2,19.9,33.7,No,Credit card (automatic),No internet service,No internet service,No,0.5002114691638787,Medium
5016-ETTFF,Month-to-month,10,29.5,255.25,DSL,Mailed check,No,No,Yes,0.49989895327317263,Medium
1074-AMIOH,Month-to-month,53,108.25,5935.1,Fiber optic,Bank transfer (automatic),Yes,No,No,0.4998677797483099,Medium
6599-CEBNN,Month-to-month,34,73.95,2524.45,Fiber optic,Credit card (automatic),No,No,Yes,0.4996102901306359,Medium
1205-WNWPJ,Month-to-month,7,59.5,415.95,DSL,Mailed check,Yes,No,Yes,0.4993883260381909,Medium
1956-YIFGE,One year,22,100.05,2090.25,Fiber optic,Mailed check,No,No,No,0.4993771459582049,Medium
1480-IVEVR,One year,35,81.6,2815.25,Fiber optic,Bank transfer (automatic),No,No,No,0.4991436574373701,Medium
6410-LEFEN,Month-to-month,9,45.15,416.45,DSL,Electronic check,No,No,Yes,0.498943413851818,Medium
7147-AYBAA,Month-to-month,37,70.35,2552.9,Fiber optic,Mailed check,No,No,No,0.49882993972008854,Medium
3426-NIYYL,Month-to-month,15,51.55,765.5,DSL,Electronic check,No,No,Yes,0.49882761880129883,Medium
2623-DRYAM,One year,70,101.75,7069.3,Fiber optic,Electronic check,No,No,No,0.4988159667803105,Medium
0880-FVFWF,Month-to-month,56,86.4,4922.4,Fiber optic,Electronic check,No,Yes,No,0.49863878599792466,Medium
5996-DAOQL,Month-to-month,1,20.45,20.45,No,Mailed check,No internet service,No internet service,No,0.49850291948703745,Medium
8262-COGGB,Month-to-month,1,20.45,20.45,No,Mailed check,No internet service,No internet service,No,0.49850291948703745,Medium
2081-KJSQF,Month-to-month,1,20.25,20.25,No,Mailed check,No internet service,No internet service,No,0.4983543620392354,Medium
8305-VHZBZ,Month-to-month,1,20.2,20.2,No,Mailed check,No internet service,No internet service,Yes,0.4983172227216585,Medium
5356-RHIPP,Month-to-month,1,20.2,20.2,No,Mailed check,No internet service,No internet service,Yes,0.4983172227216585,Medium
1240-KNSEZ,Month-to-month,1,20.1,20.1,No,Mailed check,No internet service,No internet service,Yes,0.4982429441426212,Medium
1000-AJSLD,Month-to-month,1,20.1,20.1,No,Mailed check,No internet service,No internet service,Yes,0.4982429441426212,Medium
4661-NJEUX,Month-to-month,1,20.05,20.05,No,Mailed check,No internet service,No internet service,No,0.4982058048819808,Medium
2369-FEVNO,Month-to-month,1,19.9,19.9,No,Mailed check,No internet service,No internet service,No,0.4980943872204893,Medium
2465-BLLEU,Month-to-month,1,19.75,19.75,No,Mailed check,No internet service,No internet service,No,0.49798296974824896,Medium
7989-CHGTL,Month-to-month,1,19.6,19.6,No,Mailed check,No internet service,No internet service,Yes,0.4978715524763243,Medium
2190-BCXEC,Month-to-month,40,78.85,3126.85,Fiber optic,Credit card (automatic),Yes,No,No,0.4978349877379196,Medium
5906-BFOZT,Month-to-month,1,19.5,19.5,No,Mailed check,No internet service,No internet service,No,0.49779727441179195,Medium
4667-OHGKG,Month-to-month,1,19.3,19.3,No,Mailed check,No internet service,No internet service,Yes,0.4976487185776815,Medium
7133-VBDCG,Month-to-month,25,79.85,2015.35,Fiber optic,Bank transfer (automatic),No,Yes,Yes,0.49740121892264133,Medium
9318-NKNFC,Month-to-month,1,18.85,18.85,No,Mailed check,No internet service,No internet service,Yes,0.49731446950870084,Medium
6202-DYYFX,One year,22,76.0,1783.6,Fiber optic,Credit card (automatic),No,No,No,0.4972561832213847,Medium
2115-BFTIW,Month-to-month,25,70.95,1767.35,Fiber optic,Mailed check,No,No,Yes,0.49720021710438994,Medium
7549-MYGPK,Month-to-month,63,100.55,6215.35,Fiber optic,Electronic check,No,Yes,Yes,0.49714787619171313,Medium
6614-VBEGU,Month-to-month,24,69.45,1614.05,DSL,Bank transfer (automatic),No,No,No,0.49660082124552263,Medium
5131-PONJI,Month-to-month,49,90.4,4494.65,Fiber optic,Credit card (automatic),No,No,No,0.4963031178449529,Medium
4080-IIARD,Month-to-month,13,76.2,981.45,DSL,Electronic check,Yes,Yes,No,0.49595575703770395,Medium
4188-FRABG,Month-to-month,57,103.05,5925.75,Fiber optic,Electronic check,Yes,Yes,No,0.4957795786137212,Medium
0326-VDYXE,One year,70,97.65,6982.5,Fiber optic,Electronic check,No,No,No,0.495770607662498,Medium
3325-FUYCG,One year,28,106.1,2847.4,Fiber optic,Electronic check,No,Yes,Yes,0.4956053013238479,Medium
4390-KYULV,Month-to-month,3,20.55,51.15,No,Credit card (automatic),No internet service,No internet service,Yes,0.49531519513506383,Medium
6942-LBFDP,Month-to-month,2,20.55,33.6,No,Mailed check,No internet service,No internet service,No,0.49504618124314054,Medium
3594-IVHJZ,Month-to-month,2,20.45,42.45,No,Mailed check,No internet service,No internet service,No,0.4949719091862906,Medium
3173-NVMPX,Month-to-month,9,55.3,501.2,DSL,Mailed check,No,No,No,0.4948017909557358,Medium
0871-OPBXW,Month-to-month,2,20.05,39.25,No,Mailed check,No internet service,No internet service,No,0.494674823210813,Medium
4986-MXSFP,Month-to-month,2,20.0,40.9,No,Mailed check,No internet service,No internet service,No,0.494637687723979,Medium
3162-ZJZFU,Month-to-month,53,92.55,4779.45,Fiber optic,Electronic check,Yes,No,No,0.49431180197005464,Medium
1217-VASWC,One year,43,100.55,4304.0,Fiber optic,Bank transfer (automatic),No,No,No,0.49429862686544696,Medium
0463-WZZKO,Month-to-month,3,20.75,67.1,No,Credit card (automatic),No internet service,No internet service,No,0.49427798808807955,Medium
7124-UGSUR,One year,61,104.4,6405.0,Fiber optic,Credit card (automatic),No,No,Yes,0.4941418772580647,Medium
8887-IPQNC,Month-to-month,7,44.25,313.45,DSL,Mailed check,No,No,No,0.4939627303296985,Medium
5311-IHLEI,Month-to-month,12,50.95,605.75,DSL,Bank transfer (automatic),Yes,Yes,No,0.49367413363952695,Medium
6952-OMNWB,Month-to-month,68,80.35,5589.3,Fiber optic,Credit card (automatic),No,No,No,0.49366720698664124,Medium
3537-HPKQT,Month-to-month,55,77.75,4266.4,Fiber optic,Credit card (automatic),No,No,No,0.49356337826540936,Medium
4918-FYJNT,Month-to-month,55,90.45,5044.8,Fiber optic,Electronic check,Yes,No,No,0.4929281869735217,Medium
8250-ZNGGW,Month-to-month,5,59.9,287.85,DSL,Credit card (automatic),Yes,Yes,No,0.4928949042910926,Medium
1370-GGAWX,One year,46,94.15,4408.45,Fiber optic,Electronic check,No,No,No,0.492631753811525,Medium
2293-IJWPS,One year,57,100.75,5985.0,Fiber optic,Credit card (automatic),No,No,No,0.4926170323926846,Medium
8069-YQQAJ,Month-to-month,14,31.1,419.7,DSL,Mailed check,No,No,No,0.4923183107463888,Medium
9943-VSZUV,Month-to-month,67,75.7,5060.85,Fiber optic,Mailed check,No,No,No,0.49204233221152577,Medium
8201-AAXCB,Month-to-month,25,60.35,1404.65,DSL,Electronic check,No,No,No,0.4917505177592664,Medium
2640-LYMOV,Month-to-month,2,19.65,38.8,No,Mailed check,No internet service,No internet service,No,0.49134443782522164,Medium
4791-QRGMF,One year,59,99.5,5961.1,Fiber optic,Bank transfer (automatic),No,No,Yes,0.49121477726981666,Medium
6815-ABQFQ,One year,56,107.25,6033.3,Fiber optic,Electronic check,Yes,No,No,0.49034380416235473,Medium
5712-VBOXD,Month-to-month,4,20.15,68.45,No,Credit card (automatic),No internet service,No internet service,No,0.49030210257618706,Medium
0356-ERHVT,Month-to-month,11,45.9,521.9,DSL,Bank transfer (automatic),No,No,No,0.4902671329587972,Medium
4781-ZXYGU,Month-to-month,1,20.15,20.15,No,Bank transfer (automatic),No internet service,No internet service,No,0.49015860847318315,Medium
1470-PSXNM,One year,49,93.65,4520.15,Fiber optic,Electronic check,No,No,No,0.48954295393179753,Medium
5066-GFJMM,Month-to-month,3,19.9,45.75,No,Mailed check,No internet service,No internet service,No,0.4891856618344297,Medium
0314-TKOSI,Month-to-month,6,55.15,322.9,DSL,Mailed check,No,Yes,No,0.4890040171606299,Medium
6184-DYUOB,Month-to-month,3,19.6,55.25,No,Mailed check,No internet service,No internet service,No,0.48896292986564427,Medium
6207-WIOLX,Month-to-month,25,58.6,1502.65,DSL,Credit card (automatic),No,Yes,Yes,0.4888888750706836,Medium
5287-QWLKY,Month-to-month,71,105.1,7548.1,Fiber optic,Credit card (automatic),No,Yes,Yes,0.4887880691581293,Medium
1089-HDMKP,Month-to-month,11,54.55,601.25,DSL,Electronic check,Yes,No,No,0.4887507575353083,Medium
2927-QRRQV,One year,46,94.65,4312.5,Fiber optic,Electronic check,No,No,No,0.48859836624201064,Medium
0520-FDVVT,One year,35,102.35,3626.1,Fiber optic,Bank transfer (automatic),No,No,Yes,0.4885928676346307,Medium
3055-OYMSE,Month-to-month,53,73.8,4003.85,Fiber optic,Credit card (automatic),No,No,No,0.48820751482884384,Medium
2393-DIVAI,Month-to-month,3,20.0,61.7,No,Mailed check,No internet service,No internet service,No,0.48807463787316235,Medium
1087-UDSIH,Month-to-month,3,19.6,59.75,No,Mailed check,No internet service,No internet service,Yes,0.48777769330194043,Medium
7976-CICYS,Month-to-month,4,20.7,83.75,No,Credit card (automatic),No internet service,No internet service,No,0.4876779876564403,Medium
3807-XHCJH,Month-to-month,1,20.0,20.0,No,Electronic check,No internet service,No internet service,No,0.4873388962296991,Medium
8713-IGZSO,Month-to-month,2,24.85,62.0,No,Mailed check,No internet service,No internet service,No,0.48709975056751487,Medium
3679-XASPY,Month-to-month,1,19.45,19.45,No,Electronic check,No internet service,No internet service,No,0.48693062970792156,Medium
9374-YOLBJ,Month-to-month,1,19.25,19.25,No,Electronic check,No internet service,No internet service,No,0.48678217344954694,Medium
0811-GSDTP,Month-to-month,13,30.15,382.2,DSL,Electronic check,No,No,No,0.48616234510828654,Medium
3511-APPBJ,One year,23,99.95,2292.75,Fiber optic,Credit card (automatic),No,Yes,No,0.4858562846348803,Medium
9489-UTFKA,Month-to-month,8,60.9,551.95,DSL,Bank transfer (automatic),No,Yes,No,0.4858092313824957,Medium
0222-CNVPT,Month-to-month,52,48.8,2555.05,DSL,Credit card (automatic),No,Yes,No,0.4856951017117611,Medium
9572-MTILT,Month-to-month,59,106.75,6252.9,Fiber optic,Electronic check,Yes,Yes,Yes,0.48540175587214823,Medium
4320-QMLLA,Month-to-month,7,54.85,370.4,DSL,Mailed check,No,No,No,0.4853108158592877,Medium
9948-YPTDG,Month-to-month,38,79.45,3013.05,Fiber optic,Electronic check,No,Yes,Yes,0.48502716355902686,Medium
3999-WRNGR,Month-to-month,60,49.75,3069.45,DSL,Electronic check,No,No,No,0.48490552972268486,Medium
1449-XQEMT,Month-to-month,3,19.8,58.15,No,Mailed check,No internet service,No internet service,Yes,0.4848944840929965,Medium
1600-DILPE,Month-to-month,12,45.0,524.35,DSL,Bank transfer (automatic),No,No,No,0.48488494111527913,Medium
7621-VPNET,Month-to-month,42,85.9,3729.75,Fiber optic,Credit card (automatic),Yes,No,No,0.48481437856759996,Medium
7526-IVLYU,Month-to-month,3,19.65,68.35,No,Mailed check,No internet service,No internet service,No,0.48478316735013044,Medium
9039-ZVJDC,Month-to-month,3,19.1,53.05,No,Mailed check,No internet service,No internet service,No,0.4843750189610025,Medium
4640-UHDOS,Month-to-month,13,55.95,734.35,DSL,Electronic check,No,No,Yes,0.48412817149904624,Medium
9103-CXVOK,Month-to-month,1,19.75,19.75,No,Electronic check,No internet service,No internet service,No,0.4841219001025007,Medium
2219-MVUSO,Month-to-month,8,45.15,438.4,DSL,Mailed check,No,No,Yes,0.4838516542501397,Medium
3164-YAXFY,Month-to-month,57,53.75,3196.0,DSL,Electronic check,No,Yes,No,0.4838399347170113,Medium
2669-QVCRG,Month-to-month,41,81.3,3190.65,Fiber optic,Credit card (automatic),No,Yes,No,0.48380483956996434,Medium
1049-FYSYG,Month-to-month,17,35.65,646.05,DSL,Credit card (automatic),No,No,No,0.48377804867647234,Medium
8294-UIMBA,One year,30,94.4,2638.1,Fiber optic,Bank transfer (automatic),Yes,No,No,0.48372490718913536,Medium
7550-WIQVA,One year,50,108.25,5431.4,Fiber optic,Electronic check,No,Yes,No,0.4835647091871882,Medium
9277-JOOMO,Month-to-month,3,24.6,86.35,No,Mailed check,No internet service,No internet service,No,0.4833861314459264,Medium
3694-GLTJM,Month-to-month,5,19.65,92.05,No,Credit card (automatic),No internet service,No internet service,No,0.4833705182952992,Medium
7766-CLTIC,Month-to-month,10,60.95,629.55,DSL,Mailed check,Yes,No,No,0.48333441072825833,Medium
3522-CDKHF,Month-to-month,32,75.5,2324.7,Fiber optic,Bank transfer (automatic),No,Yes,No,0.48271222300106853,Medium
6627-CFOSN,Month-to-month,59,99.45,5623.7,Fiber optic,Bank transfer (automatic),No,Yes,No,0.48253838540468136,Medium
6128-DAFVY,Month-to-month,56,44.85,2564.95,DSL,Credit card (automatic),No,No,No,0.48252584301414614,Medium
9501-UKKNL,Month-to-month,59,51.7,3005.8,DSL,Electronic check,Yes,No,No,0.4824250263941049,Medium
2957-LOLHO,Month-to-month,12,45.4,518.9,DSL,Bank transfer (automatic),No,No,Yes,0.4821511087081771,Medium
8679-JOEVF,Month-to-month,16,59.4,1023.9,DSL,Electronic check,Yes,No,Yes,0.4820512542443299,Medium
7074-STDCN,Month-to-month,39,40.6,1494.5,DSL,Electronic check,Yes,No,No,0.4818718161594418,Medium
4081-DYXAV,One year,19,44.85,893.55,DSL,Credit card (automatic),No,No,Yes,0.48166112574743525,Medium
0420-BWTPW,Month-to-month,8,25.5,215.2,DSL,Mailed check,No,No,Yes,0.4815173398654578,Medium
1061-PNTHC,Month-to-month,56,109.6,5953.0,Fiber optic,Mailed check,Yes,Yes,No,0.4814965620307415,Medium
7876-BEUTG,Month-to-month,15,48.8,720.1,DSL,Mailed check,No,No,No,0.48119917924523703,Medium
7730-IUTDZ,Month-to-month,43,75.2,3198.6,Fiber optic,Electronic check,No,Yes,Yes,0.48116846558804616,Medium
0898-XCGTF,One year,61,96.5,5673.7,Fiber optic,Bank transfer (automatic),No,No,No,0.48099619203839616,Medium
9835-ZIITK,One year,66,110.85,7491.75,Fiber optic,Electronic check,Yes,No,Yes,0.4806230474138119,Medium
8444-WRIDW,Month-to-month,66,80.45,5224.35,Fiber optic,Credit card (automatic),No,No,Yes,0.48055582460025514,Medium
1871-MOWRM,Month-to-month,12,80.85,866.45,Fiber optic,Bank transfer (automatic),Yes,Yes,Yes,0.4800465479946862,Medium
6143-JQKEA,Month-to-month,10,45.8,436.2,DSL,Credit card (automatic),No,No,No,0.4798916888813538,Medium
4832-VRBMR,One year,65,103.15,6792.45,Fiber optic,Bank transfer (automatic),No,No,No,0.4796200713257703,Medium
4628-WQCQQ,One year,35,85.15,3030.6,Fiber optic,Electronic check,No,No,Yes,0.4794585414146071,Medium
3345-PBBFH,Month-to-month,8,49.55,393.45,DSL,Bank transfer (automatic),No,No,No,0.4793789705513068,Medium
0523-VNGTF,Month-to-month,52,50.5,2566.3,DSL,Electronic check,Yes,No,No,0.47936519739291966,Medium
6854-EXGSF,Month-to-month,8,65.5,573.15,DSL,Bank transfer (automatic),No,Yes,No,0.47932286656966117,Medium
3580-REOAC,Month-to-month,10,44.85,435.4,DSL,Credit card (automatic),No,No,Yes,0.4791872157915769,Medium
8976-OQHGT,Month-to-month,4,56.5,235.1,DSL,Mailed check,Yes,No,Yes,0.4787577360211492,Medium
3144-KMTWZ,Month-to-month,71,93.25,6669.45,Fiber optic,Bank transfer (automatic),No,No,No,0.478677120836512,Medium
6821-JPCDC,One year,48,97.05,4692.95,Fiber optic,Electronic check,No,No,No,0.4786535299514842,Medium
0691-NIKRI,One year,40,105.95,4335.2,Fiber optic,Credit card (automatic),Yes,No,No,0.47858619048143236,Medium
5144-PQCDZ,Month-to-month,4,19.95,59.25,No,Mailed check,No internet service,No internet service,No,0.4784495583765203,Medium
7356-IWLFW,Month-to-month,46,80.0,3769.7,Fiber optic,Bank transfer (automatic),No,No,No,0.4782452814471871,Medium
0690-SRQID,Month-to-month,4,19.65,67.55,No,Mailed check,No internet service,No internet service,No,0.4782271382532412,Medium
6549-NNDYT,Month-to-month,13,30.85,394.1,DSL,Bank transfer (automatic),No,Yes,No,0.4780549660068743,Medium
7966-YOTQW,Month-to-month,10,54.5,568.2,DSL,Credit card (automatic),No,Yes,No,0.47773780970125757,Medium
6288-LBEAR,Month-to-month,23,79.1,1783.75,Fiber optic,Mailed check,Yes,No,No,0.47773696028316437,Medium
5337-IIWKZ,Month-to-month,34,44.85,1442.6,DSL,Electronic check,Yes,No,No,0.4776762427308462,Medium
7853-GVUDZ,Month-to-month,1,20.15,20.15,No,Credit card (automatic),No internet service,No internet service,Yes,0.4775164268412144,Medium
3589-PPVKW,Month-to-month,9,44.4,348.15,DSL,Mailed check,No,No,No,0.4767406333648721,Medium
7103-IPXPJ,One year,50,99.4,5059.75,Fiber optic,Electronic check,Yes,No,No,0.4763683768792429,Medium
1919-RTPQD,Month-to-month,7,44.75,333.65,DSL,Electronic check,No,No,No,0.4762654763784954,Medium
1024-KPRBB,One year,38,89.1,3342.0,Fiber optic,Mailed check,No,No,No,0.47617023932689906,Medium
5028-HTLJB,Month-to-month,1,20.05,20.05,No,Mailed check,No internet service,No internet service,Yes,0.47574763537279574,Medium
2732-ISEZX,Month-to-month,5,20.5,104.3,No,Mailed check,No internet service,No internet service,No,0.4753336002041228,Medium
7869-ZYDST,Month-to-month,31,59.05,1882.8,DSL,Credit card (automatic),No,No,No,0.47514846865024385,Medium
4710-NKCAW,Month-to-month,5,64.4,316.9,DSL,Credit card (automatic),Yes,Yes,No,0.4750967332754465,Medium
7041-TXQJH,Month-to-month,37,40.2,1478.85,DSL,Credit card (automatic),No,No,No,0.4750796350742787,Medium
3541-ZNUHK,Month-to-month,55,85.1,4600.95,Fiber optic,Electronic check,No,Yes,No,0.4747986094919488,Medium
2320-SLKMB,Month-to-month,26,44.45,1183.8,DSL,Credit card (automatic),Yes,No,No,0.47463274858593696,Medium
9391-YZEJW,One year,62,94.0,5757.2,Fiber optic,Bank transfer (automatic),No,No,No,0.4744353050125919,Medium
4118-CEVPF,One year,35,110.8,3836.3,Fiber optic,Bank transfer (automatic),Yes,Yes,No,0.47442031950334285,Medium
8746-OQQRW,Month-to-month,4,25.25,101.9,No,Mailed check,No internet service,No internet service,No,0.4742864967669032,Medium
4958-GZWIY,Month-to-month,7,48.7,340.25,DSL,Electronic check,No,No,Yes,0.47407318208751587,Medium
2157-MXBJS,One year,13,75.3,989.45,DSL,Mailed check,No,No,Yes,0.4739743250846117,Medium
4785-NKHCX,Month-to-month,5,20.05,94.15,No,Bank transfer (automatic),No internet service,No internet service,No,0.47386421811371365,Medium
9350-VLHMB,Month-to-month,67,89.55,6373.1,Fiber optic,Bank transfer (automatic),No,No,No,0.47365162263081756,Medium
5136-KCKGI,One year,33,103.7,3467.0,Fiber optic,Mailed check,No,Yes,Yes,0.4736003011837275,Medium
1703-MGIAB,Month-to-month,17,69.0,1108.0,DSL,Mailed check,Yes,No,No,0.4732425296239587,Medium
2770-NSVDG,Month-to-month,24,29.1,688.0,DSL,Electronic check,No,No,No,0.473194608135472,Medium
3584-WKTTW,One year,51,111.55,5720.35,Fiber optic,Electronic check,Yes,Yes,No,0.4731937246022468,Medium
7750-EYXWZ,One year,12,60.65,743.3,DSL,Electronic check,Yes,No,No,0.4728107900836789,Medium
2834-SPCJV,Month-to-month,52,84.1,4348.65,Fiber optic,Electronic check,No,Yes,Yes,0.4726519889660195,Medium
3689-MOZGR,Month-to-month,29,31.2,926.2,DSL,Electronic check,Yes,No,No,0.47248918800132667,Medium
7874-ECPQJ,Month-to-month,4,20.05,85.5,No,Bank transfer (automatic),No internet service,No internet service,No,0.47226429217608373,Medium
6689-VRRTK,One year,44,109.8,4860.35,Fiber optic,Credit card (automatic),No,Yes,No,0.4721708826367348,Medium
2911-UREFD,Month-to-month,39,55.9,2184.35,DSL,Electronic check,No,Yes,Yes,0.4719318903254456,Medium
3808-HFKDE,Month-to-month,20,44.35,927.15,DSL,Electronic check,No,No,No,0.471826985210096,Medium
5149-TGWDZ,One year,21,104.55,2239.4,Fiber optic,Mailed check,Yes,No,No,0.4715814806663521,Medium
5527-ACHSO,Month-to-month,11,70.5,829.3,DSL,Mailed check,Yes,No,No,0.4715778275700723,Medium
2011-TRQYE,Month-to-month,18,33.5,600.0,DSL,Credit card (automatic),No,No,Yes,0.47142161103720664,Medium
0303-WMMRN,Month-to-month,5,19.25,86.05,No,Mailed check,No internet service,No internet service,No,0.4713824468983862,Medium
7251-XFOIL,Month-to-month,61,89.2,5500.6,Fiber optic,Mailed check,No,No,No,0.47126292434747785,Medium
1814-DKOLC,Month-to-month,5,25.45,134.75,No,Mailed check,No internet service,No internet service,No,0.4709140512619771,Medium
0618-XWMSS,Month-to-month,28,74.9,2068.55,Fiber optic,Bank transfer (automatic),No,Yes,Yes,0.47065320736200056,Medium
5443-SCMKX,One year,58,94.3,5610.15,Fiber optic,Electronic check,No,No,No,0.47024642021098506,Medium
5897-ZYEKH,One year,67,105.6,7112.15,Fiber optic,Electronic check,No,Yes,No,0.47024478501825556,Medium
5298-GSTLM,One year,60,101.4,6176.6,Fiber optic,Bank transfer (automatic),No,Yes,No,0.47008758818308566,Medium
6806-YDEUL,Month-to-month,6,19.5,106.8,No,Bank transfer (automatic),No internet service,No internet service,No,0.4699369690960349,Medium
8919-FYFQZ,Month-to-month,44,30.35,1359.7,DSL,Electronic check,No,No,Yes,0.4698790981380106,Medium
9825-YCXWZ,One year,41,101.1,4016.2,Fiber optic,Bank transfer (automatic),Yes,No,No,0.46976438324103215,Medium
5955-EPOAZ,Month-to-month,6,20.95,109.5,No,Mailed check,No internet service,No internet service,No,0.4691220558498385,Medium
4255-DDUOU,Month-to-month,1,20.5,20.5,No,Mailed check,No internet service,No internet service,Yes,0.46911839288204393,Medium
3780-DDGSE,Month-to-month,35,76.05,2747.2,DSL,Electronic check,Yes,No,No,0.4688269481739632,Medium
9705-IOVQQ,One year,61,99.0,5969.3,Fiber optic,Electronic check,No,No,No,0.46853550121094967,Medium
8980-WQFWL,Month-to-month,35,62.1,2096.1,DSL,Electronic check,No,No,No,0.46850487043187994,Medium
7722-CVFXN,One year,54,105.2,5637.85,Fiber optic,Electronic check,Yes,No,No,0.4683117860467737,Medium
9629-NHXFW,Month-to-month,1,19.4,19.4,No,Mailed check,No internet service,No internet service,No,0.46830451860008615,Medium
2731-GJRDG,One year,32,109.55,3608.0,Fiber optic,Bank transfer (automatic),Yes,Yes,No,0.46813370599865867,Medium
1423-BMPBQ,Month-to-month,1,19.0,19.0,No,Mailed check,No internet service,No internet service,No,0.4680086058918815,Medium
7595-EHCDL,Month-to-month,32,50.6,1653.45,DSL,Credit card (automatic),No,No,No,0.4678155816978765,Medium
7905-NJMXS,Month-to-month,7,64.2,475.0,DSL,Electronic check,Yes,Yes,No,0.4676126000091769,Medium
5136-RGMZO,Month-to-month,31,71.05,2168.15,DSL,Electronic check,Yes,No,No,0.467138081236633,Medium
9873-MNDKV,Month-to-month,11,44.65,472.25,DSL,Mailed check,No,No,No,0.4668618992335635,Medium
5686-CMAWK,One year,17,86.75,1410.25,Fiber optic,Electronic check,Yes,No,No,0.4666341657402785,Medium
2000-MPKCA,One year,58,107.75,6332.75,Fiber optic,Electronic check,No,Yes,No,0.466246833148945,Medium
2239-JALAW,One year,58,103.25,6017.65,Fiber optic,Bank transfer (automatic),No,No,Yes,0.466125395815083,Medium
5370-IIVVL,One year,37,104.5,3778.0,Fiber optic,Credit card (automatic),Yes,No,No,0.46603640287422504,Medium
7402-PWYJJ,One year,53,91.15,4862.5,Fiber optic,Electronic check,Yes,No,No,0.46592388159829906,Medium
5876-HZVZM,Month-to-month,6,55.9,365.35,DSL,Credit card (automatic),No,Yes,Yes,0.46580007188853867,Medium
1422-DGUBX,One year,32,79.25,2619.15,Fiber optic,Electronic check,Yes,No,No,0.46574954660519824,Medium
2817-NTQDO,Month-to-month,13,45.55,597.0,DSL,Credit card (automatic),Yes,Yes,Yes,0.465574695832416,Medium
6507-DTJZV,Month-to-month,13,66.4,831.75,DSL,Credit card (automatic),No,No,No,0.465464294073302,Medium
8267-KFGYD,Month-to-month,1,21.05,21.05,No,Mailed check,No internet service,No internet service,No,0.46532351919251935,Medium
3873-NFTGI,Month-to-month,14,55.5,767.55,DSL,Credit card (automatic),No,No,No,0.46513194022808835,Medium
3982-DQLUS,Month-to-month,65,85.75,5688.45,Fiber optic,Electronic check,No,Yes,No,0.46501182943447705,Medium
1091-SOZGA,One year,56,99.8,5515.45,Fiber optic,Credit card (automatic),No,No,No,0.4648531789390121,Medium
5868-YTYKS,Month-to-month,1,20.25,20.25,No,Mailed check,No internet service,No internet service,No,0.46473219072041494,Medium
1591-NFNLQ,Month-to-month,51,80.0,4242.35,Fiber optic,Credit card (automatic),No,No,Yes,0.4646506954195298,Medium
6253-WRFHY,One year,13,64.75,877.35,DSL,Electronic check,No,No,No,0.4643635232177837,Medium
1725-MIMXW,Month-to-month,1,19.45,19.45,No,Mailed check,No internet service,No internet service,Yes,0.4641409613815653,Medium
1724-IQWNM,Month-to-month,1,19.3,19.3,No,Mailed check,No internet service,No internet service,No,0.4640301170503909,Medium
3308-MHOOC,Month-to-month,1,19.2,19.2,No,Mailed check,No internet service,No internet service,No,0.4639562228032838,Medium
7950-XWOVN,Month-to-month,11,34.7,383.55,DSL,Mailed check,No,No,No,0.4639538663538873,Medium
1353-LJWEM,Month-to-month,11,60.9,688.5,DSL,Electronic check,Yes,No,No,0.4636991668172858,Medium
8229-MYEJZ,Month-to-month,10,51.2,498.25,DSL,Electronic check,No,No,No,0.4636314006562408,Medium
9862-KJTYK,Month-to-month,19,25.35,566.1,DSL,Credit card (automatic),No,No,No,0.4635921808580968,Medium
2080-SRCDE,Month-to-month,1,25.4,25.4,No,Mailed check,No internet service,No internet service,No,0.4634887363243055,Medium
0887-WBJVH,One year,53,93.45,4872.2,Fiber optic,Electronic check,Yes,No,No,0.46344430235046885,Medium
0870-VEMYL,Month-to-month,5,53.85,259.8,DSL,Credit card (automatic),Yes,Yes,Yes,0.46339180601551105,Medium
1899-VXWXM,One year,48,106.1,5082.8,Fiber optic,Credit card (automatic),No,No,Yes,0.46315436951874484,Medium
8329-GWVPJ,Month-to-month,50,69.75,3557.7,Fiber optic,Bank transfer (automatic),No,No,No,0.4630803717018368,Medium
5334-JLAXU,Month-to-month,60,94.1,5475.9,Fiber optic,Credit card (automatic),No,Yes,No,0.46268933032247,Medium
5701-SVCWR,Month-to-month,1,24.0,24.0,No,Mailed check,No internet service,No internet service,No,0.4624545275859022,Medium
3701-SFMUH,Month-to-month,7,69.7,516.15,DSL,Credit card (automatic),No,Yes,No,0.4623334931675061,Medium
0461-CVKMU,Month-to-month,23,83.8,1900.25,Fiber optic,Electronic check,Yes,No,Yes,0.4622869713676701,Medium
5402-HTOTQ,Month-to-month,16,55.3,875.35,DSL,Electronic check,No,No,No,0.4618173183779053,Medium
9481-SFCQY,Month-to-month,14,59.8,824.85,DSL,Credit card (automatic),No,No,No,0.4616706719533086,Medium
4194-WHFCB,Month-to-month,59,96.65,5580.8,Fiber optic,Bank transfer (automatic),Yes,No,No,0.4612706624122701,Medium
6397-JNZZG,Month-to-month,43,55.55,2342.2,DSL,Credit card (automatic),No,No,Yes,0.4610995574667493,Medium
8267-ZNYVZ,One year,33,103.75,3361.05,Fiber optic,Electronic check,Yes,Yes,Yes,0.4608488874744469,Medium
8679-LZBMD,One year,44,90.65,3974.15,Fiber optic,Bank transfer (automatic),No,No,No,0.4605193858096713,Medium
1803-BGNBD,Month-to-month,12,54.3,654.5,DSL,Electronic check,Yes,No,No,0.4604163295906646,Medium
5827-MWCZK,Month-to-month,56,96.95,5432.2,Fiber optic,Credit card (automatic),Yes,No,No,0.459915171990922,Medium
7398-LXGYX,Month-to-month,44,84.8,3626.35,Fiber optic,Credit card (automatic),No,Yes,No,0.45981071324084405,Medium
2408-TZMJL,One year,59,110.15,6448.05,Fiber optic,Electronic check,No,Yes,Yes,0.4596528866021393,Medium
0621-HJWXJ,Month-to-month,63,81.55,5029.05,Fiber optic,Bank transfer (automatic),No,No,No,0.4596427899156973,Medium
1169-SAOCL,One year,49,106.65,5168.1,Fiber optic,Bank transfer (automatic),Yes,No,No,0.45964174105190186,Medium
1855-CFULU,Month-to-month,4,20.05,91.45,No,Mailed check,No internet service,No internet service,No,0.4591584000415305,Medium
2673-CXQEU,One year,56,110.5,6139.5,Fiber optic,Electronic check,No,Yes,No,0.45898348867863703,Medium
3714-JTVOV,Month-to-month,42,74.15,3229.4,Fiber optic,Credit card (automatic),No,Yes,Yes,0.4588343661107284,Medium
2778-OCLGR,Month-to-month,24,39.1,971.3,DSL,Bank transfer (automatic),No,Yes,Yes,0.45882614895451423,Medium
7909-FIOIY,Month-to-month,19,24.85,434.8,DSL,Mailed check,No,No,No,0.4587875569288915,Medium
7285-KLOTR,One year,12,78.85,876.75,DSL,Electronic check,No,Yes,No,0.45873441210994964,Medium
4431-EDMIQ,Month-to-month,7,75.7,554.05,DSL,Electronic check,Yes,Yes,No,0.45870173648596674,Medium
3842-QTGDL,Month-to-month,16,80.75,1321.3,Fiber optic,Bank transfer (automatic),No,Yes,No,0.4585616455487597,Medium
4672-FOTSD,Month-to-month,12,67.25,832.3,DSL,Electronic check,Yes,Yes,No,0.45839493483974136,Medium
4913-EHYUI,One year,56,104.55,5794.65,Fiber optic,Bank transfer (automatic),No,Yes,Yes,0.45808998171198434,Medium
7826-VVKWT,Two year,24,96.55,2263.45,Fiber optic,Electronic check,No,No,No,0.45808138803894005,Medium
7128-GGCNO,Month-to-month,46,72.8,3249.4,Fiber optic,Bank transfer (automatic),No,No,No,0.4579265485385588,Medium
0691-JVSYA,One year,53,94.85,5000.2,Fiber optic,Bank transfer (automatic),No,No,Yes,0.4575394759540634,Medium
5708-EVONK,Month-to-month,58,93.4,5435.6,Fiber optic,Bank transfer (automatic),No,Yes,Yes,0.45734323133189586,Medium
1596-OQSPS,Month-to-month,11,51.1,531.15,DSL,Electronic check,No,No,No,0.4570339019288793,Medium
5423-BHIXO,Month-to-month,32,54.2,1739.6,DSL,Electronic check,No,No,No,0.45587432004732525,Medium
5939-XAIXZ,Month-to-month,19,56.1,1033.9,DSL,Mailed check,No,No,No,0.4553398692716791,Medium
4628-CTTLA,Month-to-month,57,39.3,2111.45,DSL,Electronic check,No,No,Yes,0.45530944567223713,Medium
6270-OMFIW,One year,60,94.4,5610.25,Fiber optic,Electronic check,No,No,Yes,0.45517335716335044,Medium
3190-XFANI,One year,49,100.6,5069.65,Fiber optic,Bank transfer (automatic),Yes,No,Yes,0.4548078385076067,Medium
2433-KMEAS,Month-to-month,22,54.45,1127.35,DSL,Electronic check,No,Yes,Yes,0.4546401816037636,Medium
2208-NQBCT,Month-to-month,26,81.95,2070.05,Fiber optic,Electronic check,No,Yes,No,0.45428537052415063,Medium
5198-EFNBM,One year,57,90.65,5199.8,Fiber optic,Electronic check,No,No,No,0.45423349538909147,Medium
4280-DLSHD,Month-to-month,8,54.75,445.85,DSL,Mailed check,No,No,No,0.4538574954960307,Medium
4524-QCSSM,Month-to-month,26,44.65,1156.55,DSL,Bank transfer (automatic),No,Yes,No,0.45382762694697903,Medium
4138-NAXED,Month-to-month,51,81.0,4085.75,Fiber optic,Bank transfer (automatic),No,No,No,0.4529902884544358,Medium
4415-WNGVR,One year,12,79.2,943.85,DSL,Electronic check,Yes,Yes,No,0.45227189735570617,Medium
1335-HQMKX,One year,72,101.35,7323.15,Fiber optic,Electronic check,No,No,No,0.4522296298962442,Medium
8791-GFXLZ,Month-to-month,12,49.05,593.05,DSL,Bank transfer (automatic),No,No,No,0.4517006448221372,Medium
2475-MROZF,Month-to-month,30,95.0,2852.4,Fiber optic,Credit card (automatic),Yes,Yes,No,0.4516098306531583,Medium
5898-IGSLP,Month-to-month,31,89.3,2823.0,Fiber optic,Electronic check,Yes,Yes,No,0.45156775194060456,Medium
3407-QGWLG,Month-to-month,3,20.05,75.45,No,Mailed check,No internet service,No internet service,No,0.45154728303303043,Medium
2195-VVRJF,Month-to-month,18,59.1,1011.05,DSL,Credit card (automatic),No,Yes,No,0.45150254614985214,Medium
5802-ADBRC,One year,50,104.4,5232.9,Fiber optic,Mailed check,No,Yes,No,0.45138773479137156,Medium
5174-ITUMV,One year,67,105.4,6989.45,Fiber optic,Electronic check,No,No,No,0.4513569076591862,Medium
7203-OYKCT,One year,72,104.95,7544.3,Fiber optic,Electronic check,No,No,No,0.4506984475231913,Medium
7016-BPGEU,Month-to-month,29,25.1,712.85,DSL,Credit card (automatic),No,No,Yes,0.4505523191690405,Medium
4123-FCVCB,One year,12,75.85,854.45,DSL,Mailed check,Yes,No,No,0.4500015991622576,Medium
6572-ADKRS,Month-to-month,46,74.8,3548.3,Fiber optic,Credit card (automatic),No,No,No,0.4498034557349729,Medium
9500-LTVBP,Month-to-month,35,80.05,2835.9,Fiber optic,Credit card (automatic),Yes,No,No,0.4496802035002135,Medium
9591-YVTEB,Month-to-month,55,44.85,2479.05,DSL,Electronic check,No,Yes,No,0.4496260044329364,Medium
6967-QIQRV,One year,15,101.9,1667.25,Fiber optic,Electronic check,Yes,Yes,No,0.4493167511599541,Medium
4291-HYEBC,One year,28,39.1,1096.6,DSL,Electronic check,No,No,No,0.4492907490851165,Medium
2957-JIRMN,One year,62,84.45,4959.15,Fiber optic,Electronic check,No,No,No,0.44902761262267393,Medium
2898-LSJGD,One year,21,55.95,1157.05,DSL,Electronic check,No,Yes,Yes,0.44875704510771997,Medium
2937-FTHUR,Month-to-month,18,64.8,1166.7,DSL,Electronic check,No,Yes,No,0.4482510615554096,Medium
5325-UWTWJ,Month-to-month,31,90.55,2929.75,Fiber optic,Credit card (automatic),Yes,Yes,No,0.44809267973049177,Medium
1591-MQJTP,One year,51,93.65,4839.15,Fiber optic,Bank transfer (automatic),No,Yes,No,0.448042514666197,Medium
0877-SDMBN,One year,54,103.95,5639.05,Fiber optic,Bank transfer (automatic),No,Yes,Yes,0.4480138910015538,Medium
4851-BQDNX,One year,40,85.05,3355.65,Fiber optic,Electronic check,No,No,No,0.44792259190505634,Medium
7661-CPURM,One year,19,87.7,1725.95,Fiber optic,Credit card (automatic),Yes,No,No,0.44789295846224164,Medium
6897-UUBNU,Month-to-month,29,89.65,2623.65,Fiber optic,Mailed check,Yes,No,No,0.44700876820352364,Medium
8799-OXZMD,Month-to-month,28,29.75,790.7,DSL,Mailed check,No,No,No,0.44679747143500265,Medium
6231-WFGFH,Month-to-month,4,20.5,77.6,No,Mailed check,No internet service,No internet service,No,0.44655473957345204,Medium
8205-MQUGY,Month-to-month,12,49.2,571.15,DSL,Electronic check,No,Yes,No,0.44642315750178957,Medium
0617-FHSGK,Month-to-month,49,75.2,3678.3,Fiber optic,Credit card (automatic),No,No,Yes,0.44582090275905945,Medium
7683-CBDKJ,Month-to-month,14,65.45,937.6,DSL,Electronic check,No,Yes,Yes,0.445424465243277,Medium
5067-XJQFU,One year,66,108.45,7076.35,Fiber optic,Electronic check,Yes,No,No,0.44536877321800605,Medium
9518-RWHZL,One year,64,100.05,6254.2,Fiber optic,Credit card (automatic),No,No,Yes,0.4451762232477117,Medium
4646-QZXTF,Month-to-month,7,81.25,580.1,DSL,Bank transfer (automatic),Yes,Yes,No,0.4450739553569197,Medium
2654-VBVPB,Month-to-month,1,19.9,19.9,No,Bank transfer (automatic),No internet service,No internet service,No,0.44486888615049225,Medium
8961-QDZZJ,One year,57,95.0,5535.8,Fiber optic,Electronic check,No,No,No,0.4447730200384269,Medium
1104-FEJAM,Month-to-month,28,64.4,1802.15,DSL,Electronic check,No,No,No,0.4445448681441707,Medium
8868-GAGIO,Month-to-month,45,84.55,3713.95,Fiber optic,Mailed check,No,Yes,No,0.4445202097583096,Medium
4695-VADHF,Month-to-month,18,57.45,990.85,DSL,Electronic check,No,No,Yes,0.4444757511565254,Medium
4132-POCZS,Month-to-month,52,39.9,2020.9,DSL,Electronic check,No,Yes,No,0.44437394088930277,Medium
0215-BQKGS,Month-to-month,30,84.3,2438.6,Fiber optic,Credit card (automatic),No,Yes,No,0.4442580682012237,Medium
1698-XFZCI,One year,61,107.75,6521.9,Fiber optic,Electronic check,No,Yes,No,0.4437058598279099,Medium
9481-IEBZY,Month-to-month,72,112.9,8061.5,Fiber optic,Credit card (automatic),Yes,Yes,No,0.44354285249260184,Medium
3807-BPOMJ,One year,55,94.75,5276.1,Fiber optic,Electronic check,No,Yes,No,0.4433539522037923,Medium
5309-TAIKL,Month-to-month,7,62.8,418.3,DSL,Bank transfer (automatic),Yes,No,No,0.4430299501045356,Medium
5201-FRKKS,Month-to-month,25,74.3,1952.25,Fiber optic,Bank transfer (automatic),No,Yes,No,0.4429428289459397,Medium
6728-WYQBC,Month-to-month,1,20.95,20.95,No,Bank transfer (automatic),No internet service,No internet service,No,0.44264341431096677,Medium
7310-EGVHZ,Month-to-month,1,20.2,20.2,No,Bank transfer (automatic),No internet service,No internet service,No,0.442093719748285,Medium
1867-TJHTS,Month-to-month,58,79.8,4526.85,Fiber optic,Bank transfer (automatic),No,Yes,No,0.44209317144803784,Medium
1349-WXNGG,Month-to-month,1,20.05,20.05,No,Bank transfer (automatic),No internet service,No internet service,Yes,0.4419837978151158,Medium
3717-OFRTN,Month-to-month,1,19.75,19.75,No,Bank transfer (automatic),No internet service,No internet service,No,0.44176397101197123,Medium
1848-LBZHY,Month-to-month,7,50.3,355.1,DSL,Bank transfer (automatic),No,Yes,No,0.44172701363850353,Medium
1194-SPVSP,Month-to-month,1,19.65,19.65,No,Bank transfer (automatic),No internet service,No internet service,No,0.4416907004780629,Medium
7957-RYHQD,Month-to-month,40,79.2,3233.85,Fiber optic,Credit card (automatic),No,Yes,Yes,0.44140177941108427,Medium
6777-TGHTM,One year,53,106.95,5785.5,Fiber optic,Credit card (automatic),No,Yes,Yes,0.44120212059978436,Medium
8190-ZTQFB,One year,41,51.35,2075.1,DSL,Electronic check,No,No,No,0.4409475157418839,Medium
6599-GZWCM,One year,13,74.65,966.25,Fiber optic,Mailed check,No,No,No,0.4408823171759053,Medium
8198-RKSZG,Month-to-month,14,80.45,1137.05,DSL,Credit card (automatic),Yes,No,No,0.4399705654149471,Medium
6728-VOIFY,One year,63,96.0,6109.75,Fiber optic,Electronic check,No,No,No,0.43987214309513634,Medium
7017-VFULY,Month-to-month,2,20.1,43.15,No,Bank transfer (automatic),No internet service,No internet service,No,0.4397079520134559,Medium
2303-PJYHN,Month-to-month,2,19.85,52.0,No,Bank transfer (automatic),No internet service,No internet service,No,0.43952496172745764,Medium
8812-ZRHFP,One year,30,86.45,2538.05,Fiber optic,Electronic check,No,No,No,0.43945792796296157,Medium
2826-UWHIS,Month-to-month,45,81.4,3775.85,Fiber optic,Bank transfer (automatic),No,No,No,0.43896656292738495,Medium
8189-HBVRW,Month-to-month,53,90.8,4921.2,Fiber optic,Electronic check,No,Yes,No,0.4389539395969199,Medium
3572-UOLYZ,Month-to-month,46,84.8,3958.85,Fiber optic,Bank transfer (automatic),Yes,No,No,0.4388629617594152,Medium
6008-NAIXK,One year,54,55.45,2966.95,DSL,Electronic check,No,No,No,0.438816180370547,Medium
8979-CAMGB,One year,64,102.1,6688.1,Fiber optic,Electronic check,Yes,No,No,0.4388148518979011,Medium
7319-VENRZ,Month-to-month,7,64.3,445.95,DSL,Bank transfer (automatic),Yes,No,No,0.4386147922587117,Medium
9314-QDMDW,One year,11,61.25,729.95,DSL,Electronic check,No,No,No,0.438424751736211,Medium
0959-WHOKV,One year,42,99.0,4298.45,Fiber optic,Electronic check,No,Yes,No,0.4384071343126809,Medium
1394-SUIUH,Month-to-month,44,85.15,3670.5,Fiber optic,Electronic check,Yes,Yes,No,0.4383320889754865,Medium
9254-RBFON,One year,17,98.6,1704.95,Fiber optic,Bank transfer (automatic),Yes,No,Yes,0.438037481006147,Medium
9795-VOWON,One year,7,24.35,150.85,DSL,Credit card (automatic),No,No,No,0.43803350387118506,Medium
9426-SXNHE,Month-to-month,2,18.75,53.15,No,Bank transfer (automatic),No internet service,No internet service,No,0.4375522763935896,Medium
2740-JFBOK,Month-to-month,10,24.0,226.55,No,Electronic check,No internet service,No internet service,No,0.43752135586958046,Medium
6773-LQTVT,Month-to-month,29,35.65,1025.15,DSL,Mailed check,No,No,No,0.43732349533010567,Medium
5133-VRSAB,Month-to-month,8,29.35,216.45,DSL,Mailed check,No,Yes,No,0.43701826363514346,Medium
8263-OKETD,Month-to-month,20,68.9,1370.35,DSL,Credit card (automatic),Yes,No,No,0.43685329929457695,Medium
6473-ULUHT,Month-to-month,16,84.9,1398.25,DSL,Electronic check,Yes,Yes,No,0.43659952661982365,Medium
7409-JURKQ,One year,53,111.8,5809.75,Fiber optic,Bank transfer (automatic),Yes,No,No,0.43655067944556913,Medium
7993-NQLJE,Month-to-month,15,75.1,1151.55,Fiber optic,Mailed check,No,Yes,No,0.43643265472115295,Medium
8597-CWYHH,One year,43,94.35,3921.3,Fiber optic,Mailed check,No,No,No,0.43642906708402585,Medium
4869-EPIUS,One year,56,80.9,4557.5,Fiber optic,Electronic check,No,No,No,0.43639003268650645,Medium
3170-GWYKC,Month-to-month,60,104.95,6236.75,Fiber optic,Bank transfer (automatic),Yes,Yes,No,0.4362423473084947,Medium
8421-WZOOW,Month-to-month,57,95.3,5567.45,Fiber optic,Credit card (automatic),Yes,No,No,0.4359266537250888,Medium
5780-INQIK,Month-to-month,8,49.4,408.25,DSL,Electronic check,Yes,No,No,0.4357595286672995,Medium
6050-IJRHS,One year,70,106.5,7397.0,Fiber optic,Electronic check,No,No,No,0.4357160077080307,Medium
7446-YPODE,Month-to-month,11,60.25,662.95,DSL,Bank transfer (automatic),No,Yes,No,0.43569480448776843,Medium
2153-MREFK,One year,37,99.2,3754.6,Fiber optic,Electronic check,Yes,Yes,Yes,0.43568712025023376,Medium
4908-XAXAY,One year,49,89.85,4287.2,Fiber optic,Bank transfer (automatic),No,No,No,0.43568314145507914,Medium
1208-NBVFH,Month-to-month,20,49.6,939.8,DSL,Electronic check,No,No,No,0.4353992505963126,Medium
4945-RVMTE,Month-to-month,28,59.55,1646.45,DSL,Bank transfer (automatic),No,No,No,0.43521967731893196,Medium
1110-KYLGQ,Month-to-month,63,108.25,6780.1,Fiber optic,Credit card (automatic),No,Yes,No,0.4351747021568686,Medium
4350-ZTLPI,One year,53,108.95,5718.2,Fiber optic,Bank transfer (automatic),Yes,No,No,0.43446893584980306,Medium
3016-KSVCP,Month-to-month,29,33.75,1009.25,DSL,Mailed check,No,No,No,0.43435652198092234,Medium
2305-MRGLV,Month-to-month,28,76.55,2065.4,Fiber optic,Bank transfer (automatic),Yes,No,No,0.434341088369126,Medium
8945-MUQUF,One year,51,94.8,4837.6,Fiber optic,Electronic check,No,Yes,Yes,0.43391350609432017,Medium
0956-ACVZC,One year,54,94.1,5060.9,Fiber optic,Credit card (automatic),No,No,No,0.43382928901791906,Medium
6647-ZEDXT,One year,30,110.45,3327.05,Fiber optic,Credit card (automatic),Yes,No,No,0.4337958818325525,Medium
4360-QRAVE,Month-to-month,37,36.65,1315.0,DSL,Electronic check,No,No,No,0.4336963894235371,Medium
4012-ZTHBR,Month-to-month,21,44.95,926.25,DSL,Electronic check,No,No,No,0.4335776568650896,Medium
8652-YHIYU,One year,16,79.5,1264.2,Fiber optic,Credit card (automatic),Yes,No,No,0.4327135101972197,Medium
2995-UPRYS,One year,40,99.2,4062.2,Fiber optic,Credit card (automatic),Yes,No,Yes,0.43261616280623755,Medium
8049-WJCLQ,Month-to-month,10,60.2,563.5,DSL,Mailed check,No,No,No,0.4323754347232809,Medium
1641-BYBTK,Month-to-month,6,20.2,98.35,No,Mailed check,No internet service,No internet service,No,0.43223048450681134,Medium
4701-AHWMW,Month-to-month,55,54.55,2978.3,DSL,Bank transfer (automatic),Yes,No,Yes,0.4321572540112845,Medium
6576-FBXOJ,One year,17,54.6,934.8,DSL,Electronic check,Yes,No,No,0.43215014536924506,Medium
9360-AHGNL,One year,43,109.55,4830.25,Fiber optic,Mailed check,Yes,Yes,Yes,0.431500880688096,Medium
7673-LPRNY,One year,23,78.55,1843.05,DSL,Electronic check,No,Yes,No,0.43112030911813104,Medium
8920-NAVAY,One year,62,110.75,7053.35,Fiber optic,Bank transfer (automatic),Yes,No,No,0.43094472318229765,Medium
9833-TGFHX,One year,42,97.1,4016.75,Fiber optic,Electronic check,No,Yes,No,0.43076143784979015,Medium
6345-HOVES,Month-to-month,34,25.05,852.7,DSL,Bank transfer (automatic),No,No,No,0.4306338078649477,Medium
0701-TJSEF,Month-to-month,9,68.25,576.95,DSL,Bank transfer (automatic),Yes,Yes,No,0.430605501831859,Medium
7808-DVWEP,Month-to-month,3,20.0,49.65,No,Bank transfer (automatic),No internet service,No internet service,No,0.43019866096342546,Medium
7989-AWGEH,Month-to-month,49,39.2,1838.15,DSL,Electronic check,No,Yes,No,0.4300980891315795,Medium
5438-QMDDL,Month-to-month,19,59.8,1130.85,DSL,Mailed check,No,No,No,0.42980576338113746,Medium
4987-GQWPO,Month-to-month,17,25.1,382.8,DSL,Credit card (automatic),No,No,No,0.42976379712656354,Medium
3090-QFUVD,Month-to-month,1,20.3,20.3,No,Credit card (automatic),No internet service,No internet service,No,0.4297193440566675,Medium
6575-SUVOI,Month-to-month,25,69.5,1752.65,DSL,Credit card (automatic),Yes,Yes,No,0.4295359253626544,Medium
2542-HYGIQ,Month-to-month,1,19.95,19.95,No,Credit card (automatic),No internet service,No internet service,No,0.42946452111306493,Medium
8901-HJXTF,Month-to-month,12,29.2,309.1,DSL,Mailed check,No,No,Yes,0.4293866436430416,Medium
2533-TIBIX,Month-to-month,15,30.2,469.65,DSL,Bank transfer (automatic),No,Yes,No,0.42937435772178706,Medium
8562-GHPPI,Month-to-month,1,19.8,19.8,No,Credit card (automatic),No internet service,No internet service,No,0.42935532271544136,Medium
2576-HXMPA,Month-to-month,1,19.55,19.55,No,Credit card (automatic),No internet service,No internet service,No,0.42917334067096674,Medium
2220-IAHLS,Month-to-month,1,19.4,19.4,No,Credit card (automatic),No internet service,No internet service,No,0.42906416063183156,Medium
1222-LRYKO,Month-to-month,6,26.35,184.05,No,Mailed check,No internet service,No internet service,No,0.42875789637083656,Medium
1020-JPQOW,Month-to-month,56,90.55,5116.6,Fiber optic,Electronic check,Yes,No,No,0.4285497923272065,Medium
5811-IWXYM,One year,52,101.25,5301.1,Fiber optic,Bank transfer (automatic),No,No,No,0.4274809284161177,Medium
6713-OKOMC,Month-to-month,10,29.75,301.9,DSL,Mailed check,No,Yes,No,0.42739955808677554,Medium
8050-WYBND,One year,22,49.45,1031.4,DSL,Credit card (automatic),No,No,No,0.42708541339187706,Medium
2700-LUEVA,Month-to-month,1,20.75,20.75,No,Credit card (automatic),No internet service,No internet service,No,0.42707504196024754,Medium
9708-KFDBY,Month-to-month,1,20.55,20.55,No,Credit card (automatic),No internet service,No internet service,No,0.4269296495235691,Medium
4310-KEDTB,Month-to-month,26,29.8,786.5,DSL,Mailed check,No,No,No,0.4266156737728607,Medium
4767-HZZHQ,Month-to-month,30,82.05,2570.2,Fiber optic,Bank transfer (automatic),No,No,No,0.42659433652410184,Medium
4393-RYCRE,One year,44,106.05,4510.8,Fiber optic,Electronic check,No,Yes,No,0.4265343930444647,Medium
3927-NLNRY,One year,53,94.25,4867.95,Fiber optic,Bank transfer (automatic),No,No,Yes,0.4263242400638187,Medium
9986-BONCE,Month-to-month,4,20.95,85.5,No,Bank transfer (automatic),No internet service,No internet service,Yes,0.4262699240880825,Medium
7926-IJOOU,Month-to-month,1,19.3,19.3,No,Credit card (automatic),No internet service,No internet service,No,0.42602123379561385,Medium
4676-MQUEA,One year,50,101.9,5265.5,Fiber optic,Bank transfer (automatic),No,Yes,No,0.4252486205502105,Medium
1710-RCXUS,One year,51,90.35,4614.55,Fiber optic,Credit card (automatic),No,No,No,0.4250957178411162,Medium
4567-AKPIA,One year,41,109.1,4454.25,Fiber optic,Bank transfer (automatic),Yes,No,No,0.4248122389629169,Medium
3528-HFRIQ,Month-to-month,71,52.3,3765.05,DSL,Bank transfer (automatic),No,No,No,0.423955106152477,Medium
0853-NWIFK,One year,45,100.3,4483.95,Fiber optic,Electronic check,No,Yes,No,0.4239236316454733,Medium
5651-WYIPH,Month-to-month,18,49.85,865.75,DSL,Credit card (automatic),No,No,No,0.42388036349246877,Medium
8999-XXGNS,One year,72,105.75,7629.85,Fiber optic,Credit card (automatic),No,No,No,0.42353288118428606,Medium
3870-MQAMG,One year,54,110.35,5893.15,Fiber optic,Electronic check,Yes,No,Yes,0.4234281322902866,Medium
5562-YJQGT,Month-to-month,2,20.35,35.1,No,Credit card (automatic),No internet service,No internet service,No,0.42333243755668803,Medium
6425-YQLLO,One year,66,105.95,6975.25,Fiber optic,Credit card (automatic),Yes,No,Yes,0.42312418504881316,Medium
1448-CYWKC,One year,58,105.2,6225.4,Fiber optic,Credit card (automatic),No,No,No,0.42298863827823346,Medium
3763-GCZHZ,One year,66,104.05,6890.0,Fiber optic,Electronic check,Yes,No,Yes,0.42293373087680947,Medium
6281-FKEWS,One year,44,49.05,2265.0,DSL,Electronic check,No,No,No,0.42292026981149405,Medium
9154-QDGTH,One year,43,104.3,4451.85,Fiber optic,Credit card (automatic),Yes,No,No,0.42274696120498695,Medium
3347-YJZZE,Month-to-month,29,80.1,2211.8,DSL,Credit card (automatic),No,No,No,0.4226508281709198,Medium
9881-VCZEP,Month-to-month,25,54.1,1373.0,DSL,Electronic check,No,No,No,0.42259722686481044,Medium
3982-XWFZQ,Month-to-month,42,50.25,2203.65,DSL,Electronic check,No,No,Yes,0.4222998484609725,Medium
9844-FELAJ,One year,70,107.9,7475.85,Fiber optic,Electronic check,Yes,No,No,0.4221530979199657,Medium
7188-CBBBA,One year,65,95.5,6153.85,Fiber optic,Electronic check,No,No,No,0.4220438261320029,Medium
9821-BESNZ,One year,66,104.25,6860.6,Fiber optic,Electronic check,Yes,No,No,0.421921379724409,Medium
5624-BQSSA,Month-to-month,1,20.95,20.95,No,Mailed check,No internet service,No internet service,Yes,0.4217011630748634,Medium
7243-LCGGZ,Month-to-month,1,20.9,20.9,No,Mailed check,No internet service,No internet service,No,0.42166493453861453,Medium
7434-SHXLS,Month-to-month,1,20.9,20.9,No,Mailed check,No internet service,No internet service,Yes,0.42166493453861453,Medium
0426-TIRNE,Month-to-month,1,20.9,20.9,No,Mailed check,No internet service,No internet service,Yes,0.42166493453861453,Medium
2810-FTLEM,Month-to-month,16,50.15,762.25,DSL,Electronic check,No,Yes,Yes,0.42164912442624525,Medium
8111-BKVDS,Month-to-month,10,40.7,449.3,DSL,Bank transfer (automatic),No,Yes,No,0.42160376005900413,Medium
3604-WLABM,Month-to-month,10,54.25,583.0,DSL,Electronic check,Yes,No,No,0.4214003054163257,Medium
2002-MZHWP,Month-to-month,1,20.5,20.5,No,Mailed check,No internet service,No internet service,Yes,0.42137513663493104,Medium
9753-OYLBX,Month-to-month,1,20.5,20.5,No,Mailed check,No internet service,No internet service,No,0.42137513663493104,Medium
3727-JEZTU,Month-to-month,1,20.4,20.4,No,Mailed check,No internet service,No internet service,No,0.42130269561322414,Medium
1963-VAUKV,Month-to-month,1,20.4,20.4,No,Mailed check,No internet service,No internet service,Yes,0.42130269561322414,Medium
2592-YKDIF,Month-to-month,1,20.35,20.35,No,Mailed check,No internet service,No internet service,No,0.4212664763725383,Medium
9058-HRZSV,Month-to-month,65,94.4,6126.15,Fiber optic,Electronic check,No,Yes,No,0.4211279008339138,Medium
8974-OVACP,Month-to-month,1,20.15,20.15,No,Mailed check,No internet service,No internet service,No,0.4211216078862101,Medium
7629-WIXZF,One year,7,59.1,369.25,DSL,Electronic check,No,Yes,No,0.4209718613031897,Medium
6654-QGBZZ,Month-to-month,1,19.9,19.9,No,Mailed check,No internet service,No internet service,No,0.42094054137797177,Medium
3900-AQPHZ,Month-to-month,1,19.9,19.9,No,Mailed check,No internet service,No internet service,Yes,0.42094054137797177,Medium
7878-RTCZG,Month-to-month,1,19.9,19.9,No,Mailed check,No internet service,No internet service,No,0.42094054137797177,Medium
2346-DJQTB,Month-to-month,35,24.15,812.5,DSL,Electronic check,No,No,No,0.42090994309368324,Medium
1135-LMECX,Month-to-month,1,19.85,19.85,No,Mailed check,No internet service,No internet service,No,0.4209043306266444,Medium
6124-ACRHJ,Month-to-month,1,19.75,19.75,No,Mailed check,No internet service,No internet service,No,0.4208319116772668,Medium
3842-IYKUE,Month-to-month,35,85.3,2917.5,Fiber optic,Credit card (automatic),Yes,No,Yes,0.4207769333749246,Medium
0970-QXPXW,Month-to-month,1,19.65,19.65,No,Mailed check,No internet service,No internet service,No,0.4207594961347224,Medium
8329-IBCTI,Month-to-month,1,19.65,19.65,No,Mailed check,No internet service,No internet service,Yes,0.4207594961347224,Medium
7721-DVEKZ,Month-to-month,1,19.65,19.65,No,Mailed check,No internet service,No internet service,No,0.4207594961347224,Medium
8605-ITULD,Month-to-month,1,19.55,19.55,No,Mailed check,No internet service,No internet service,No,0.4206870840019671,Medium
2866-IKBTM,Month-to-month,1,19.55,19.55,No,Mailed check,No internet service,No internet service,No,0.4206870840019671,Medium
7551-JOHTI,Month-to-month,1,19.5,19.5,No,Mailed check,No internet service,No internet service,Yes,0.4206508792151838,Medium
1905-OEILC,Month-to-month,1,19.5,19.5,No,Mailed check,No internet service,No internet service,No,0.4206508792151838,Medium
7302-ZHMHP,Month-to-month,1,19.15,19.15,No,Mailed check,No internet service,No internet service,No,0.4203974696279304,Medium
0516-OOHAR,One year,28,100.35,2799.0,Fiber optic,Bank transfer (automatic),No,No,No,0.42039247832643317,Medium
6569-KTMDU,Month-to-month,1,19.1,19.1,No,Mailed check,No internet service,No internet service,No,0.4203612716799288,Medium
0668-OGMHD,Month-to-month,21,28.5,629.35,DSL,Electronic check,No,Yes,No,0.41991231390520073,Medium
6633-SYEUS,Month-to-month,23,83.2,2032.3,Fiber optic,Bank transfer (automatic),Yes,No,No,0.419848769779399,Medium
1041-RXHRA,Month-to-month,41,70.25,2868.05,Fiber optic,Bank transfer (automatic),No,No,Yes,0.41974474954825036,Medium
7134-MJPDY,One year,66,102.85,6976.75,Fiber optic,Credit card (automatic),Yes,No,No,0.4197218158366533,Medium
0292-WEGCH,Month-to-month,54,86.2,4524.05,DSL,Electronic check,Yes,No,No,0.41962617285250303,Medium
3339-EAQNV,One year,72,97.25,7133.1,Fiber optic,Credit card (automatic),No,No,No,0.41942095853713107,Medium
8663-UPDGF,Month-to-month,26,69.5,1800.05,DSL,Bank transfer (automatic),No,Yes,No,0.4192931541197109,Medium
3154-CFSZG,Month-to-month,47,90.05,4137.2,Fiber optic,Electronic check,No,Yes,No,0.4192642944492596,Medium
3179-GBRWV,Month-to-month,21,64.95,1339.8,DSL,Bank transfer (automatic),No,Yes,No,0.41910170346875886,Medium
0549-CYCQN,One year,51,79.6,3974.7,Fiber optic,Bank transfer (automatic),No,No,No,0.41903995472515126,Medium
2111-DWYHN,Month-to-month,1,21.1,21.1,No,Mailed check,No internet service,No internet service,No,0.4188529590025912,Medium
1986-PHGZF,Month-to-month,18,58.4,964.9,DSL,Credit card (automatic),No,Yes,No,0.41870871057766923,Medium
1732-FEKLD,One year,54,94.75,5121.75,Fiber optic,Bank transfer (automatic),No,No,No,0.41867749799060927,Medium
4013-GUXND,Month-to-month,1,20.8,20.8,No,Mailed check,No internet service,No internet service,No,0.41863600575726756,Medium
1170-SASML,Month-to-month,69,85.4,5869.4,Fiber optic,Bank transfer (automatic),No,No,No,0.4186223566069714,Medium
2272-JKMSI,One year,62,110.8,6840.95,Fiber optic,Electronic check,Yes,No,No,0.41854258987164017,Medium
3976-NLDEZ,Month-to-month,1,20.6,20.6,No,Mailed check,No internet service,No internet service,No,0.4184913877368136,Medium
5049-GLYVG,Month-to-month,1,20.6,20.6,No,Mailed check,No internet service,No internet service,Yes,0.4184913877368136,Medium
4745-LSPLO,Month-to-month,1,20.5,20.5,No,Mailed check,No internet service,No internet service,Yes,0.41841908397832905,Medium
0673-IGUQO,Month-to-month,1,20.45,20.45,No,Mailed check,No internet service,No internet service,No,0.41838293341330746,Medium
2668-TZSPS,Month-to-month,1,20.45,20.45,No,Mailed check,No internet service,No internet service,No,0.41838293341330746,Medium
6579-JPICP,Month-to-month,1,20.4,20.4,No,Mailed check,No internet service,No internet service,No,0.41834678372492223,Medium
3590-TCXTB,Month-to-month,1,20.35,20.35,No,Mailed check,No internet service,No internet service,No,0.4183106349135404,Medium
2676-ISHSF,Month-to-month,1,20.3,20.3,No,Mailed check,No internet service,No internet service,No,0.41827448697952907,Medium
9122-UMROB,Month-to-month,1,20.3,20.3,No,Mailed check,No internet service,No internet service,No,0.41827448697952907,Medium
8203-XJZRC,Month-to-month,1,20.25,20.25,No,Mailed check,No internet service,No internet service,No,0.4182383399232551,Medium
4211-MMAZN,Month-to-month,1,20.25,20.25,No,Mailed check,No internet service,No internet service,Yes,0.4182383399232551,Medium
4786-UKSNZ,Month-to-month,1,20.2,20.2,No,Mailed check,No internet service,No internet service,Yes,0.4182021937450853,Medium
3247-MHJKM,Month-to-month,1,20.2,20.2,No,Mailed check,No internet service,No internet service,No,0.4182021937450853,Medium
8048-DSDFQ,Month-to-month,1,20.2,20.2,No,Mailed check,No internet service,No internet service,No,0.4182021937450853,Medium
6380-ARCEH,Month-to-month,1,20.2,20.2,No,Mailed check,No internet service,No internet service,No,0.4182021937450853,Medium
1066-JKSGK,Month-to-month,1,20.15,20.15,No,Mailed check,No internet service,No internet service,Yes,0.4181660484453867,Medium
1934-SJVJK,Month-to-month,1,20.15,20.15,No,Mailed check,No internet service,No internet service,Yes,0.4181660484453867,Medium
3148-BLQJT,Month-to-month,1,20.1,20.1,No,Mailed check,No internet service,No internet service,Yes,0.418129904024526,Medium
8749-CLJXC,Month-to-month,1,20.05,20.05,No,Mailed check,No internet service,No internet service,No,0.41809376048287,Medium
3030-ZKIWL,Month-to-month,1,20.05,20.05,No,Mailed check,No internet service,No internet service,No,0.41809376048287,Medium
7096-UCLNH,Month-to-month,1,20.05,20.05,No,Mailed check,No internet service,No internet service,No,0.41809376048287,Medium
4877-EVATK,Month-to-month,1,20.0,20.0,No,Mailed check,No internet service,No internet service,Yes,0.41805761782078543,Medium
7698-YFGEZ,Month-to-month,1,20.0,20.0,No,Mailed check,No internet service,No internet service,No,0.41805761782078543,Medium
6286-SUUWT,Month-to-month,1,19.95,19.95,No,Mailed check,No internet service,No internet service,No,0.418021476038639,Medium
4892-VLANZ,Month-to-month,1,19.8,19.8,No,Mailed check,No internet service,No internet service,Yes,0.41791305597549533,Medium
7239-HZZCX,Month-to-month,1,19.75,19.75,No,Mailed check,No internet service,No internet service,Yes,0.4178769177167679,Medium
3930-ZGWVE,Month-to-month,1,19.75,19.75,No,Mailed check,No internet service,No internet service,No,0.4178769177167679,Medium
6615-ZGEDR,Month-to-month,1,19.7,19.7,No,Mailed check,No internet service,No internet service,Yes,0.4178407803398116,Medium
6141-OOXUQ,Month-to-month,1,19.65,19.65,No,Mailed check,No internet service,No internet service,Yes,0.417804643844993,Medium
3785-NRHYR,Month-to-month,1,19.65,19.65,No,Mailed check,No internet service,No internet service,No,0.417804643844993,Medium
1029-QFBEN,Month-to-month,1,19.55,19.55,No,Mailed check,No internet service,No internet service,Yes,0.4177323735032344,Medium
7601-WFVZV,Month-to-month,1,19.55,19.55,No,Mailed check,No internet service,No internet service,No,0.4177323735032344,Medium
8393-JMVMB,Month-to-month,1,19.45,19.45,No,Mailed check,No internet service,No internet service,No,0.4176601066944231,Medium
5766-ZJYBB,Month-to-month,1,19.4,19.4,No,Mailed check,No internet service,No internet service,Yes,0.41762397461578865,Medium
1663-MHLHE,Month-to-month,1,19.2,19.2,No,Mailed check,No internet service,No internet service,No,0.41747945514827006,Medium
9441-QHEVC,Month-to-month,1,19.1,19.1,No,Mailed check,No internet service,No internet service,No,0.41740720072784865,Medium
1015-OWJKI,Month-to-month,1,19.05,19.05,No,Mailed check,No internet service,No internet service,No,0.4173710748472538,Medium
9975-SKRNR,Month-to-month,1,18.9,18.9,No,Mailed check,No internet service,No internet service,No,0.417262702528324,Medium
1958-RNRKS,Month-to-month,30,49.9,1441.95,DSL,Electronic check,No,No,No,0.4170691084344361,Medium
2091-MJTFX,Month-to-month,30,51.2,1561.5,DSL,Credit card (automatic),Yes,No,Yes,0.4170242614393281,Medium
0130-SXOUN,Month-to-month,66,89.4,5976.9,Fiber optic,Credit card (automatic),No,No,No,0.41680975911963986,Medium
3675-EQOZA,Month-to-month,5,20.65,93.55,No,Bank transfer (automatic),No internet service,No internet service,No,0.4166906004466915,Medium
8739-QOTTN,Month-to-month,2,20.35,41.85,No,Mailed check,No internet service,No internet service,No,0.4160297050543435,Medium
7129-AZJDE,One year,34,78.95,2647.2,Fiber optic,Bank transfer (automatic),No,No,No,0.41597420227222226,Medium
5469-CTCWN,One year,61,106.0,6547.7,Fiber optic,Electronic check,No,Yes,Yes,0.4156181582360404,Medium
1976-AZZPJ,Month-to-month,7,34.2,256.6,DSL,Mailed check,No,Yes,No,0.41554747976931017,Medium
5180-UCIIQ,Month-to-month,22,40.05,880.2,DSL,Mailed check,No,Yes,Yes,0.41533881601176154,Medium
7611-YKYTC,Month-to-month,22,75.0,1573.95,Fiber optic,Bank transfer (automatic),No,Yes,No,0.415254771109082,Medium
0639-TSIQW,Month-to-month,67,102.95,6886.25,Fiber optic,Credit card (automatic),No,Yes,Yes,0.4151897204943163,Medium
2839-RFSQE,Month-to-month,2,20.65,38.7,No,Mailed check,No internet service,No internet service,Yes,0.41509413016324426,Medium
4472-VESGY,Month-to-month,52,98.15,4993.4,Fiber optic,Bank transfer (automatic),No,Yes,No,0.4150029824345642,Medium
4819-HJPIW,Month-to-month,18,25.15,476.8,DSL,Mailed check,No,No,No,0.4149217687646582,Medium
9818-XQCUV,Month-to-month,2,20.35,45.3,No,Mailed check,No internet service,No internet service,No,0.41487773395379973,Medium
2342-CKIAO,Month-to-month,2,20.3,41.2,No,Mailed check,No internet service,No internet service,No,0.414841671109085,Medium
8006-PYCSW,Month-to-month,2,20.1,39.8,No,Mailed check,No internet service,No internet service,No,0.4146974288583853,Medium
0365-TRTPY,Month-to-month,37,91.2,3382.3,Fiber optic,Bank transfer (automatic),No,Yes,No,0.41465335532503045,Medium
1796-JANOW,Month-to-month,2,19.95,38.15,No,Mailed check,No internet service,No internet service,No,0.41458925676509784,Medium
8904-OPDCK,Month-to-month,54,24.95,1364.75,DSL,Bank transfer (automatic),No,No,No,0.4142911332098155,Medium
1051-GEJLJ,Month-to-month,2,19.5,27.55,No,Mailed check,No internet service,No internet service,No,0.4142647899341578,Medium
0883-EIBTI,Month-to-month,2,19.5,31.55,No,Mailed check,No internet service,No internet service,Yes,0.4142647899341578,Medium
2207-OBZNX,Month-to-month,7,51.0,354.05,DSL,Mailed check,No,Yes,Yes,0.41424494579513793,Medium
2308-STERM,Month-to-month,2,19.4,61.05,No,Mailed check,No internet service,No internet service,No,0.4141926962855053,Medium
0396-HUJBP,Month-to-month,2,19.3,44.4,No,Mailed check,No internet service,No internet service,No,0.41412060631279696,Medium
9323-HGFWY,One year,27,101.9,2681.15,Fiber optic,Credit card (automatic),Yes,Yes,No,0.4139778738061878,Medium
4753-PADAS,One year,67,105.7,6816.95,Fiber optic,Bank transfer (automatic),No,No,No,0.41389381972688866,Medium
0909-SDHNU,Month-to-month,7,29.8,201.95,DSL,Mailed check,No,Yes,No,0.4138038625758553,Medium
4673-KKSLS,Month-to-month,31,87.6,2724.25,Fiber optic,Electronic check,Yes,Yes,No,0.4138035225975726,Medium
3629-WEAAM,Month-to-month,8,64.1,504.05,DSL,Mailed check,Yes,No,No,0.4136829481885608,Medium
8053-WWDRO,Month-to-month,6,19.5,146.3,No,Bank transfer (automatic),No internet service,No internet service,Yes,0.41358326971422976,Medium
9972-VAFJJ,One year,53,94.0,4871.45,Fiber optic,Electronic check,Yes,No,No,0.4135035413645265,Medium
0595-ITUDF,Month-to-month,64,91.8,5960.5,Fiber optic,Electronic check,No,Yes,No,0.41338466710767463,Medium
6344-SFJVH,Month-to-month,20,24.9,505.95,DSL,Credit card (automatic),No,No,No,0.4133691554216214,Medium
4237-CLSMM,Month-to-month,2,20.0,38.0,No,Mailed check,No internet service,No internet service,No,0.4128322812949031,Medium
8166-ORCHU,One year,33,93.55,3055.5,Fiber optic,Electronic check,Yes,Yes,No,0.4127202656397044,Medium
3313-QKNKB,One year,59,85.55,5084.65,Fiber optic,Electronic check,No,No,Yes,0.41259980591402345,Medium
6686-YPGHK,Month-to-month,47,85.5,4042.3,Fiber optic,Mailed check,No,Yes,Yes,0.4125995359415643,Medium
5268-DSMNQ,One year,62,97.95,5936.55,Fiber optic,Credit card (automatic),No,No,No,0.41258751020610696,Medium
0816-TSPHQ,Month-to-month,2,20.75,44.2,No,Mailed check,No internet service,No internet service,No,0.4122227430033002,Medium
8547-NSBBO,Month-to-month,35,96.75,3403.4,Fiber optic,Mailed check,Yes,Yes,No,0.41217051609653993,Medium
4195-SMMNX,Month-to-month,2,20.35,33.2,No,Mailed check,No internet service,No internet service,Yes,0.4119348122315916,Medium
5067-DGXLL,Month-to-month,2,20.25,36.8,No,Mailed check,No internet service,No internet service,No,0.4118628389478764,Medium
0872-JCPIB,Month-to-month,17,65.75,1111.2,DSL,Bank transfer (automatic),No,Yes,No,0.4118019528102031,Medium
5919-VCZYM,Month-to-month,2,20.05,42.7,No,Mailed check,No internet service,No internet service,No,0.411718903691669,Medium
0188-GWFLE,Month-to-month,2,20.05,33.7,No,Mailed check,No internet service,No internet service,No,0.411718903691669,Medium
9700-ZCLOT,Month-to-month,2,20.0,32.7,No,Mailed check,No internet service,No internet service,No,0.41168292223622205,Medium
8715-KKTFG,One year,61,103.3,6518.35,Fiber optic,Bank transfer (automatic),Yes,No,No,0.4116155651243956,Medium
8150-QUDFX,Month-to-month,2,19.85,51.6,No,Mailed check,No internet service,No internet service,No,0.4115749835362915,Medium
3936-QQFLL,Month-to-month,2,19.75,39.3,No,Mailed check,No internet service,No internet service,No,0.41150302912861136,Medium
4324-BZCKL,Month-to-month,10,55.55,551.3,DSL,Mailed check,No,No,No,0.4114854040442617,Medium
7776-QGYJC,Month-to-month,39,81.5,3107.3,Fiber optic,Bank transfer (automatic),Yes,No,No,0.41144227474472145,Medium
9101-NTIXF,Month-to-month,2,19.4,50.6,No,Mailed check,No internet service,No internet service,No,0.4112512185183733,Medium
0366-NQSHS,Month-to-month,2,19.35,46.35,No,Mailed check,No internet service,No internet service,No,0.41121524936508796,Medium
8878-RYUKI,Month-to-month,52,59.45,3043.7,DSL,Electronic check,No,No,No,0.41091297827740864,Medium
1352-VHKAJ,Month-to-month,27,71.6,1957.1,DSL,Bank transfer (automatic),Yes,No,No,0.41067422197801606,Medium
9618-LFJRU,Month-to-month,4,20.45,82.85,No,Credit card (automatic),No internet service,No internet service,No,0.41063718637700847,Medium
8433-WPJTV,One year,65,103.9,6767.1,Fiber optic,Bank transfer (automatic),Yes,No,No,0.41053478365391155,Medium
0442-ZXKVS,One year,54,115.6,6431.05,Fiber optic,Bank transfer (automatic),Yes,Yes,No,0.41045249472899187,Medium
2458-EOMRE,Month-to-month,11,64.05,733.95,DSL,Bank transfer (automatic),No,Yes,No,0.4103253711673171,Medium
3506-LCJDC,Month-to-month,1,19.95,19.95,No,Bank transfer (automatic),No internet service,No internet service,Yes,0.41013878094385725,Medium
2621-UDNLU,Month-to-month,3,20.85,72.0,No,Mailed check,No internet service,No internet service,No,0.41002348592551546,Medium
7787-BNTZM,Month-to-month,6,20.15,130.5,No,Bank transfer (automatic),No internet service,No internet service,No,0.4099626501503787,Medium
5481-NTDOH,One year,67,107.05,7142.5,Fiber optic,Credit card (automatic),No,Yes,No,0.40965976083889205,Medium
4452-QIIEB,Month-to-month,7,43.9,278.4,DSL,Mailed check,No,No,No,0.40962974223574145,Medium
7799-DSEWS,Month-to-month,18,68.35,1299.8,DSL,Electronic check,Yes,Yes,No,0.4095130461240963,Medium
7856-GANIL,One year,45,98.7,4525.8,Fiber optic,Bank transfer (automatic),Yes,No,No,0.40919202682412487,Medium
0103-CSITQ,One year,57,109.4,6252.7,Fiber optic,Bank transfer (automatic),Yes,No,No,0.40918261015909035,Medium
6954-OOYZZ,Month-to-month,18,44.35,768.05,DSL,Bank transfer (automatic),No,No,No,0.40899172999010525,Medium
9770-LXDBK,Month-to-month,3,20.4,63.15,No,Mailed check,No internet service,No internet service,No,0.40855338522822704,Medium
6734-CKRSM,Month-to-month,3,20.0,63.6,No,Mailed check,No internet service,No internet service,No,0.4082662372091346,Medium
0178-CIIKR,Month-to-month,3,19.95,58.0,No,Mailed check,No internet service,No internet service,No,0.40823034810489656,Medium
0030-FNXPP,Month-to-month,3,19.85,57.2,No,Mailed check,No internet service,No internet service,No,0.4081585728324365,Medium
0137-UDEUO,Month-to-month,3,19.85,63.75,No,Mailed check,No internet service,No internet service,Yes,0.4081585728324365,Medium
8627-ZYGSZ,One year,47,78.9,3650.35,Fiber optic,Electronic check,No,No,No,0.4079776341725356,Medium
4501-VCPFK,Month-to-month,26,35.75,1022.5,DSL,Electronic check,Yes,No,No,0.4075883765280618,Medium
3858-XHYJO,One year,40,105.75,4228.55,Fiber optic,Bank transfer (automatic),No,Yes,No,0.40741939592320114,Medium
3806-YAZOV,Month-to-month,3,18.8,56.0,No,Mailed check,No internet service,No internet service,No,0.4074051695082156,Medium
7241-AJHFS,Month-to-month,32,87.65,2766.4,Fiber optic,Bank transfer (automatic),Yes,Yes,No,0.40722560491267057,Medium
9974-JFBHQ,Month-to-month,64,99.15,6171.2,Fiber optic,Credit card (automatic),Yes,No,No,0.40720218678586223,Medium
2959-EEXWB,Month-to-month,45,50.9,2333.85,DSL,Bank transfer (automatic),No,Yes,No,0.4070846017957553,Medium
3566-VVORZ,Month-to-month,12,45.9,505.95,DSL,Bank transfer (automatic),No,No,No,0.40697425232170725,Medium
1732-VHUBQ,Month-to-month,47,70.55,3309.25,Fiber optic,Bank transfer (automatic),No,No,Yes,0.4068616845280292,Medium
8455-HIRAQ,Month-to-month,8,44.45,369.3,DSL,Mailed check,No,No,No,0.4066125565194978,Medium
1135-HIORI,One year,64,111.45,7266.95,Fiber optic,Electronic check,Yes,No,No,0.40628400203011344,Medium
9103-TCIHJ,Month-to-month,15,55.7,899.8,DSL,Mailed check,No,Yes,Yes,0.40607676983714175,Medium
6394-HHHZM,Month-to-month,3,20.7,57.5,No,Mailed check,No internet service,No internet service,No,0.40583914303757684,Medium
0567-GGCAC,Month-to-month,7,61.4,438.9,DSL,Electronic check,No,Yes,No,0.405489906169514,Medium
5186-EJEGL,Month-to-month,9,69.5,653.25,DSL,Mailed check,Yes,Yes,No,0.4053098378666957,Medium
6776-TLWOI,Month-to-month,3,19.85,64.55,No,Mailed check,No internet service,No internet service,Yes,0.40523030452258124,Medium
0471-LVHGK,One year,41,73.0,3001.2,DSL,Electronic check,No,No,Yes,0.40505566750513566,Medium
4184-VODJZ,One year,63,91.35,5764.7,Fiber optic,Electronic check,No,No,No,0.40478798899192725,Medium
1925-GMVBW,Month-to-month,5,20.55,96.1,No,Credit card (automatic),No internet service,No internet service,No,0.40436859128276004,Medium
2604-XVDAM,Month-to-month,12,43.8,540.95,DSL,Bank transfer (automatic),No,No,No,0.4043262815537753,Medium
7694-VLBWQ,One year,67,104.1,7040.85,Fiber optic,Electronic check,No,No,Yes,0.4042576745765871,Medium
7356-AYNJP,One year,4,23.9,97.5,No,Electronic check,No internet service,No internet service,No,0.404250832533246,Medium
9659-ZTWSM,One year,66,107.35,7051.95,Fiber optic,Bank transfer (automatic),Yes,No,No,0.4041030235314324,Medium
8706-HRADD,Month-to-month,21,43.55,1011.5,DSL,Mailed check,Yes,Yes,No,0.40403655559030305,Medium
4140-WJAWW,Month-to-month,5,19.85,108.05,No,Credit card (automatic),No internet service,No internet service,Yes,0.4038677556311671,Medium
5447-WZAFP,One year,53,100.3,5200.8,Fiber optic,Mailed check,No,No,No,0.40383473187770574,Medium
7530-HDYDS,Month-to-month,38,84.25,3264.5,Fiber optic,Credit card (automatic),Yes,No,Yes,0.4038193768746593,Medium
8091-TTVAX,One year,58,100.35,5681.1,Fiber optic,Credit card (automatic),No,No,No,0.40310468695429746,Medium
9327-QSDED,Month-to-month,8,43.55,335.4,DSL,Mailed check,No,No,No,0.4030442700658375,Medium
8967-SZQAS,Month-to-month,14,50.45,765.45,DSL,Electronic check,No,No,No,0.4028095418029016,Medium
5702-SKUOB,Month-to-month,4,19.6,93.45,No,Mailed check,No internet service,No internet service,No,0.40279259536374057,Medium
5687-DKDTV,Month-to-month,4,20.35,77.5,No,Mailed check,No internet service,No internet service,Yes,0.40218772699875127,Medium
6211-WHMYA,Month-to-month,64,43.85,2751.0,DSL,Electronic check,Yes,No,No,0.4020471510602891,Medium
4397-FRLTA,Month-to-month,4,20.15,84.5,No,Mailed check,No internet service,No internet service,No,0.4020448615863009,Medium
2828-SLQPF,Month-to-month,19,45.0,865.85,DSL,Bank transfer (automatic),No,No,No,0.40198339272612377,Medium
1336-EZFZY,Month-to-month,4,20.05,83.3,No,Mailed check,No internet service,No internet service,No,0.40197343511529693,Medium
9396-ZSFLL,Month-to-month,15,48.85,631.4,DSL,Mailed check,No,No,No,0.4016686973800115,Medium
0228-MAUWC,Month-to-month,19,59.55,1144.6,DSL,Electronic check,Yes,No,No,0.40142277046722463,Medium
2159-TURXX,Month-to-month,5,20.05,95.55,No,Credit card (automatic),No internet service,No internet service,No,0.4010921535512729,Medium
1794-SWWKL,Month-to-month,15,59.65,867.1,DSL,Bank transfer (automatic),Yes,No,No,0.4010224427455875,Medium
0961-ZWLVI,One year,49,109.2,5290.45,Fiber optic,Credit card (automatic),No,Yes,No,0.4001986302785218,Medium
1324-NLTJE,Month-to-month,15,55.0,757.1,DSL,Credit card (automatic),Yes,No,Yes,0.4000998574739332,Medium
1707-HABPF,One year,46,91.3,4126.35,Fiber optic,Bank transfer (automatic),No,No,No,0.3998476811104423,Medium
1625-JAIIY,One year,68,83.0,5685.8,Fiber optic,Electronic check,No,No,Yes,0.39974156406161077,Medium
9367-OIUXP,Month-to-month,4,20.7,73.05,No,Mailed check,No internet service,No internet service,No,0.39952284998230725,Medium
5846-QFDFI,Month-to-month,33,88.6,2888.7,Fiber optic,Credit card (automatic),Yes,No,No,0.3994479342029674,Medium
1984-FCOWB,One year,70,109.5,7674.55,Fiber optic,Electronic check,Yes,No,Yes,0.39939617258323973,Medium
0786-IVLAW,One year,66,108.1,7238.6,Fiber optic,Bank transfer (automatic),No,No,No,0.39911533012466094,Medium
4377-VDHYI,One year,32,90.8,3023.85,Fiber optic,Electronic check,No,Yes,No,0.398952581419233,Medium
4558-CGYCZ,Month-to-month,4,19.75,78.3,No,Mailed check,No internet service,No internet service,No,0.39884588377281455,Medium
1410-RSCMR,Month-to-month,7,71.35,515.75,DSL,Credit card (automatic),Yes,Yes,No,0.39881872832241777,Medium
2065-MMKGR,One year,29,71.0,2080.1,DSL,Credit card (automatic),No,No,No,0.3987793910965221,Medium
6959-GQEGV,Month-to-month,45,75.95,3273.8,DSL,Electronic check,No,Yes,No,0.3986678700370336,Medium
8410-BGQXN,Month-to-month,4,19.4,93.4,No,Mailed check,No internet service,No internet service,No,0.3985965724626431,Medium
3709-OIJEA,One year,26,85.2,2184.6,Fiber optic,Electronic check,Yes,No,No,0.39856287278812175,Medium
0096-FCPUF,Month-to-month,30,64.5,1888.45,DSL,Mailed check,No,Yes,No,0.39849387954106474,Medium
8495-PRWFH,Month-to-month,42,55.65,2421.75,DSL,Electronic check,No,No,No,0.39831896155517693,Medium
7234-KMNRQ,Month-to-month,4,19.0,73.45,No,Mailed check,No internet service,No internet service,No,0.39831170963490287,Medium
5222-JCXZT,Month-to-month,4,19.0,78.9,No,Mailed check,No internet service,No internet service,No,0.39831170963490287,Medium
2379-GYFLQ,One year,46,94.9,4422.95,Fiber optic,Credit card (automatic),No,No,No,0.3982343609470328,Medium
8409-WQJUX,One year,25,54.2,1423.15,DSL,Electronic check,Yes,No,No,0.3981868892152338,Medium
3030-YZADT,Month-to-month,9,44.95,431.0,DSL,Mailed check,No,No,Yes,0.3977384179408084,Medium
9571-EDEBV,One year,71,98.65,6962.85,Fiber optic,Credit card (automatic),No,No,No,0.39758084708346,Medium
5312-IRCFR,One year,64,92.85,5980.75,Fiber optic,Electronic check,No,No,No,0.397534380832118,Medium
9970-QBCDA,Month-to-month,6,19.7,129.55,No,Credit card (automatic),No internet service,No internet service,No,0.39745487717944833,Medium
3039-MJSLN,Month-to-month,3,20.2,50.6,No,Bank transfer (automatic),No internet service,No internet service,No,0.3965375051791794,Medium
2284-VFLKH,One year,49,99.25,4920.8,Fiber optic,Credit card (automatic),Yes,No,No,0.3964965056492457,Medium
7544-ZVIKX,One year,58,105.05,6004.85,Fiber optic,Bank transfer (automatic),Yes,No,No,0.39647632969419466,Medium
4608-LCIMN,Month-to-month,8,44.65,369.15,DSL,Bank transfer (automatic),No,No,No,0.39603367190556404,Medium
6849-OYAMU,One year,19,100.0,1888.65,Fiber optic,Bank transfer (automatic),Yes,No,Yes,0.39596144207171124,Medium
1193-RTSLK,Month-to-month,38,83.9,3233.6,Fiber optic,Credit card (automatic),No,Yes,Yes,0.3957908361063622,Medium
3977-QCRSL,Month-to-month,5,20.15,117.95,No,Mailed check,No internet service,No internet service,No,0.39574828835456466,Medium
2709-UQGNP,Month-to-month,10,51.65,524.5,DSL,Mailed check,No,Yes,No,0.39572873194230246,Medium
3363-EWLGO,Month-to-month,5,19.95,109.6,No,Mailed check,No internet service,No internet service,No,0.3956061966475901,Medium
9163-GHAYE,Month-to-month,15,48.85,736.8,DSL,Electronic check,No,No,No,0.3953719401872094,Medium
6839-ITVZJ,Month-to-month,26,60.05,1616.15,DSL,Electronic check,Yes,No,Yes,0.3953088412695916,Medium
9139-WQQDY,One year,49,100.45,4941.8,Fiber optic,Mailed check,No,No,Yes,0.39510233664909944,Medium
2252-JHJGE,One year,61,104.0,6363.45,Fiber optic,Electronic check,No,Yes,No,0.3947274265378086,Medium
8095-WANWK,Month-to-month,10,45.25,428.7,DSL,Mailed check,No,No,No,0.39457279792407063,Medium
0799-DDIHE,Month-to-month,15,46.3,639.45,DSL,Electronic check,No,No,No,0.3943359529335283,Medium
3410-MHHUM,One year,44,94.4,4295.35,Fiber optic,Electronic check,No,No,No,0.3942175329150938,Medium
4003-FUSHP,Month-to-month,19,61.55,1093.2,DSL,Credit card (automatic),Yes,No,No,0.3942079524219678,Medium
6469-MRVET,One year,1,20.2,20.2,No,Electronic check,No internet service,No internet service,No,0.3942039648955835,Medium
1502-XFCVR,One year,58,106.45,6145.85,Fiber optic,Electronic check,No,Yes,Yes,0.39410942827538653,Medium
1685-VAYJF,Month-to-month,11,45.2,492.0,DSL,Credit card (automatic),No,No,No,0.3936615996195689,Medium
0278-YXOOG,Month-to-month,5,21.05,113.85,No,Mailed check,No internet service,No internet service,Yes,0.3934879522802902,Medium
3920-HIHMQ,Month-to-month,26,49.5,1265.65,DSL,Mailed check,No,No,No,0.39345581824840253,Medium
4903-UYAVB,Month-to-month,5,19.35,126.05,No,Mailed check,No internet service,No internet service,Yes,0.3934145709755292,Medium
6621-YOBKI,Month-to-month,5,20.35,92.75,No,Mailed check,No internet service,No internet service,No,0.3929917014158801,Medium
2439-QKJUL,Month-to-month,5,20.25,109.8,No,Mailed check,No internet service,No internet service,No,0.39292082644145715,Medium
6377-KSLXC,Month-to-month,5,19.95,107.05,No,Mailed check,No internet service,No internet service,No,0.3927082285868767,Medium
6723-WSNTY,One year,66,108.1,7181.95,Fiber optic,Credit card (automatic),Yes,No,No,0.3925051860701634,Medium
6791-YBNAK,Month-to-month,18,25.55,467.85,DSL,Credit card (automatic),No,No,No,0.3922848306816662,Medium
1699-HPSBG,One year,12,59.8,727.8,DSL,Electronic check,Yes,No,Yes,0.3922278455627749,Medium
5651-CPDND,Month-to-month,10,46.0,492.1,DSL,Mailed check,No,No,No,0.39220857071689624,Medium
1768-HNVGJ,Month-to-month,45,70.05,3062.45,DSL,Electronic check,Yes,Yes,No,0.3920703797782317,Medium
4450-MDZFX,Month-to-month,60,74.35,4453.3,Fiber optic,Bank transfer (automatic),No,No,No,0.3913937990922865,Medium
0550-DCXLH,Month-to-month,13,73.35,931.55,DSL,Mailed check,Yes,No,No,0.3907903810428605,Medium
4177-JPDFU,Month-to-month,12,34.0,442.45,DSL,Mailed check,Yes,No,No,0.39047883890354884,Medium
3803-KMQFW,Month-to-month,1,20.55,20.55,No,Mailed check,No internet service,No internet service,Yes,0.3900832938727494,Medium
7395-XWZOY,Month-to-month,20,55.0,1165.55,DSL,Credit card (automatic),Yes,Yes,No,0.3899761638618871,Medium
2928-HLDBA,Month-to-month,6,20.7,112.75,No,Mailed check,No internet service,No internet service,No,0.3898747439527689,Medium
9962-BFPDU,Month-to-month,1,20.05,20.05,No,Mailed check,No internet service,No internet service,No,0.3897299027692025,Medium
5850-BDWCY,Month-to-month,6,20.2,123.65,No,Mailed check,No internet service,No internet service,No,0.38952142112081856,Medium
4925-LMHOK,Month-to-month,15,58.6,939.7,DSL,Credit card (automatic),Yes,No,Yes,0.38940824213496333,Medium
6972-SNKKW,Month-to-month,6,20.0,109.2,No,Mailed check,No internet service,No internet service,No,0.389380124438129,Medium
3256-EZDBI,Month-to-month,51,29.45,1459.35,DSL,Credit card (automatic),No,No,No,0.3893410311548325,Medium
4760-XOHVN,Month-to-month,1,19.45,19.45,No,Mailed check,No internet service,No internet service,Yes,0.3893059862817839,Medium
3736-BLEPA,One year,28,91.25,2483.65,Fiber optic,Bank transfer (automatic),Yes,No,No,0.3889473952974632,Medium
9138-EFSMO,One year,26,78.95,2034.25,Fiber optic,Bank transfer (automatic),No,No,No,0.388727249959635,Medium
4710-FDUIZ,One year,56,100.3,5614.45,Fiber optic,Credit card (automatic),No,No,Yes,0.3886793872761112,Medium
9402-CXWPL,One year,70,98.9,6838.6,Fiber optic,Electronic check,No,No,No,0.38839401850554134,Medium
1925-LFCZZ,One year,55,50.05,2743.45,DSL,Bank transfer (automatic),No,No,No,0.3880528813235965,Medium
0719-SYFRB,Month-to-month,12,61.65,713.75,DSL,Mailed check,Yes,Yes,Yes,0.38780309388803624,Medium
5533-RJFTJ,Month-to-month,49,30.2,1453.1,DSL,Bank transfer (automatic),No,No,No,0.3874267784195814,Medium
6490-FGZAT,Month-to-month,6,20.65,109.3,No,Mailed check,No internet service,No internet service,No,0.38695663612013637,Medium
6137-MFAJN,Month-to-month,48,44.8,2104.55,DSL,Electronic check,No,Yes,No,0.3869512681020108,Medium
1153-GNOLC,One year,33,39.1,1309.0,DSL,Electronic check,No,No,No,0.386808986978124,Medium
5515-IDEJJ,Month-to-month,1,19.9,19.9,No,Mailed check,No internet service,No internet service,Yes,0.3867417211605634,Medium
3886-CERTZ,One year,72,109.25,8109.8,Fiber optic,Electronic check,Yes,No,Yes,0.3866904373646646,Medium
1360-RCYRT,Month-to-month,23,30.35,678.75,DSL,Bank transfer (automatic),Yes,No,No,0.38660080738169356,Medium
0247-SLUJI,Month-to-month,1,19.7,19.7,No,Mailed check,No internet service,No internet service,No,0.38660079425420724,Medium
0423-UDIJQ,Month-to-month,9,49.2,447.9,DSL,Mailed check,Yes,No,No,0.3865580943607546,Medium
5843-TTHGI,Month-to-month,18,50.0,892.7,DSL,Mailed check,No,No,No,0.3865182144797869,Medium
9701-CDXHR,Month-to-month,51,69.15,3649.6,Fiber optic,Mailed check,No,No,No,0.3864680229074654,Medium
7622-NXQZR,Month-to-month,28,30.1,810.85,DSL,Credit card (automatic),Yes,No,No,0.38639047611594113,Medium
6366-XIVKZ,Month-to-month,13,63.15,816.8,DSL,Mailed check,No,Yes,No,0.38636266639462,Medium
3373-YZZYM,Month-to-month,1,19.2,19.2,No,Mailed check,No internet service,No internet service,No,0.38624856012292286,Medium
3645-DEYGF,Month-to-month,1,20.75,20.75,No,Mailed check,No internet service,No internet service,No,0.3862158016317596,Medium
1309-XGFSN,One year,52,80.85,4079.55,DSL,Electronic check,No,No,No,0.3860007733383282,Medium
6131-FOYAS,Month-to-month,35,59.6,2094.9,DSL,Electronic check,No,Yes,No,0.3858922190650479,Medium
6620-JDYNW,Month-to-month,18,60.6,1156.35,DSL,Mailed check,No,Yes,No,0.3858104595473256,Medium
5569-IDSEY,One year,71,105.7,7472.15,Fiber optic,Bank transfer (automatic),No,No,No,0.38578402476311907,Medium
7968-QUXNS,Month-to-month,6,18.95,110.15,No,Mailed check,No internet service,No internet service,No,0.3857591174105645,Medium
2812-SFXMJ,Month-to-month,1,20.05,20.05,No,Mailed check,No internet service,No internet service,No,0.3857228894182887,Medium
5473-KHBPS,One year,52,95.7,4976.15,Fiber optic,Credit card (automatic),No,No,No,0.3856579206295739,Medium
4338-EYCER,Month-to-month,21,54.6,1125.2,DSL,Bank transfer (automatic),No,No,No,0.3856343997862413,Medium
4291-HPAXL,Month-to-month,1,19.85,19.85,No,Mailed check,No internet service,No internet service,No,0.38558210034376605,Medium
4323-OHFOW,One year,70,105.55,7195.35,Fiber optic,Bank transfer (automatic),Yes,No,No,0.38553381057592984,Medium
6849-WLEYG,Month-to-month,1,19.75,19.75,No,Mailed check,No internet service,No internet service,Yes,0.3855117129840203,Medium
0699-NDKJM,Month-to-month,57,58.75,3437.45,DSL,Bank transfer (automatic),No,Yes,No,0.3854211883325287,Medium
0927-CNGRH,Month-to-month,1,19.55,19.55,No,Mailed check,No internet service,No internet service,No,0.3853709526326525,Medium
6483-OATDN,Month-to-month,8,51.3,411.6,DSL,Credit card (automatic),No,Yes,No,0.38531131084004216,Medium
5510-BOIUJ,Month-to-month,1,19.25,19.25,No,Mailed check,No internet service,No internet service,Yes,0.38515984806516357,Medium
6345-ULYRW,One year,44,88.4,3912.9,Fiber optic,Mailed check,No,No,Yes,0.38491129834334353,Medium
5198-HQAEN,One year,35,89.7,3165.6,Fiber optic,Electronic check,Yes,No,No,0.3846884625457519,Medium
9027-YFHQJ,Month-to-month,7,25.05,152.95,No,Bank transfer (automatic),No internet service,No internet service,No,0.3846685989248487,Medium
7410-KTVFV,Month-to-month,18,49.55,878.35,DSL,Mailed check,No,No,Yes,0.3844503823283989,Medium
1684-FLBGS,Month-to-month,23,69.5,1652.1,DSL,Credit card (automatic),Yes,No,No,0.38434319080418555,Medium
7078-NVFAM,Month-to-month,32,35.15,1051.05,DSL,Electronic check,No,Yes,No,0.38394931286797157,Medium
5445-GLVOT,Month-to-month,22,49.8,1049.05,DSL,Electronic check,No,Yes,No,0.3835257738044793,Medium
5734-EJKXG,One year,61,118.6,7365.7,Fiber optic,Electronic check,Yes,Yes,No,0.3834775001489737,Medium
4187-CINZD,One year,46,95.25,4424.2,Fiber optic,Credit card (automatic),No,No,Yes,0.38329103616386234,Medium
7016-NVRIC,One year,29,90.1,2656.7,Fiber optic,Bank transfer (automatic),No,Yes,No,0.38317964381080016,Medium
3865-ZYKAD,Month-to-month,69,84.9,5785.65,Fiber optic,Credit card (automatic),No,Yes,No,0.3831408832456961,Medium
6797-UCJHZ,One year,66,104.6,6819.45,Fiber optic,Credit card (automatic),No,No,No,0.3828265089816625,Medium
2186-QZEYA,Month-to-month,29,58.55,1718.95,DSL,Bank transfer (automatic),No,Yes,No,0.3828044569006691,Medium
5945-AZYHT,One year,71,109.6,7854.15,Fiber optic,Electronic check,No,Yes,No,0.3826065383628706,Medium
3230-WYKIR,One year,18,82.0,1425.45,DSL,Credit card (automatic),Yes,No,Yes,0.38256897822679026,Medium
0369-ZGOVK,One year,28,70.4,1992.2,Fiber optic,Bank transfer (automatic),No,No,No,0.38238246283214156,Medium
4826-TZEVA,Month-to-month,40,74.8,2971.7,Fiber optic,Credit card (automatic),No,No,No,0.3822467655369938,Medium
9142-KZXOP,Month-to-month,44,68.85,2958.95,Fiber optic,Credit card (automatic),No,No,No,0.3818606863973554,Medium
8734-FNWVH,Month-to-month,31,59.7,1825.5,DSL,Bank transfer (automatic),No,No,No,0.38161141044542257,Medium
6421-SZVEM,One year,28,82.85,2320.8,Fiber optic,Bank transfer (automatic),No,Yes,No,0.38142451686856377,Medium
0409-WTMPL,One year,58,110.65,6526.65,Fiber optic,Credit card (automatic),No,Yes,No,0.3810554911701698,Medium
1755-RMCXH,Month-to-month,2,20.3,40.25,No,Mailed check,No internet service,No internet service,No,0.3808124888988778,Medium
8992-VONJD,Month-to-month,13,56.0,764.55,DSL,Electronic check,No,Yes,No,0.38041467938832013,Medium
0440-MOGPM,One year,41,80.55,3263.9,DSL,Electronic check,No,No,No,0.38040269350433586,Medium
7746-AWNQW,Month-to-month,28,35.75,961.4,DSL,Mailed check,Yes,No,No,0.38016610582615695,Medium
3316-UWXUY,Month-to-month,50,93.5,4747.5,Fiber optic,Credit card (automatic),Yes,Yes,No,0.37998313505543935,Medium
2410-CIYFZ,Month-to-month,2,20.4,42.9,No,Mailed check,No internet service,No internet service,No,0.37976461074750517,Medium
1697-NVVGY,Month-to-month,19,66.4,1286.05,DSL,Bank transfer (automatic),No,Yes,No,0.37975248496273806,Medium
7989-VCQOH,Month-to-month,18,83.25,1611.15,DSL,Electronic check,Yes,Yes,No,0.379730099227969,Medium
8644-XYTSV,Month-to-month,42,40.15,1626.05,DSL,Bank transfer (automatic),No,Yes,No,0.37965263968966617,Medium
5174-RNGBH,Month-to-month,9,66.25,620.55,DSL,Mailed check,Yes,No,Yes,0.3795262526573027,Medium
7716-YTYHG,One year,48,82.05,4029.95,Fiber optic,Mailed check,No,No,Yes,0.3793941836916172,Medium
6439-LAJXL,Month-to-month,9,68.95,593.85,DSL,Mailed check,Yes,Yes,No,0.3791934656530614,Medium
2782-JEEBU,Month-to-month,21,36.0,780.15,DSL,Mailed check,Yes,No,No,0.37917652124559365,Medium
0048-LUMLS,One year,37,91.2,3247.55,Fiber optic,Credit card (automatic),No,No,No,0.37902116353737575,Medium
3156-QLHBO,Month-to-month,2,19.25,48.35,No,Mailed check,No internet service,No internet service,No,0.378960124199155,Medium
9069-LGEUL,Month-to-month,23,59.95,1406.0,DSL,Bank transfer (automatic),No,Yes,No,0.37891967721930975,Medium
3723-BFBGR,Month-to-month,24,54.8,1291.3,DSL,Credit card (automatic),No,No,No,0.37888302785214806,Medium
9929-PLVPA,Month-to-month,4,20.4,94.5,No,Credit card (automatic),No internet service,No internet service,No,0.37843320673418984,Medium
0187-WZNAB,Month-to-month,27,74.4,1972.35,Fiber optic,Mailed check,No,Yes,No,0.3782967785615715,Medium
2294-DMMUS,Month-to-month,62,70.45,4300.45,DSL,Credit card (automatic),No,No,No,0.3781046896902616,Medium
7025-IWFHT,One year,41,89.55,3729.75,Fiber optic,Electronic check,Yes,No,No,0.3780758483307053,Medium
7089-XXAYG,One year,25,38.1,970.4,DSL,Credit card (automatic),No,No,No,0.3776797106262417,Medium
6890-PFRQX,Month-to-month,18,69.5,1199.4,DSL,Mailed check,No,Yes,No,0.3775669302699396,Medium
7776-QWNFX,Month-to-month,30,50.4,1527.5,DSL,Bank transfer (automatic),No,No,Yes,0.3772941679464207,Medium
1465-WCZVT,Month-to-month,3,19.65,60.65,No,Mailed check,No internet service,No internet service,No,0.3770338949083853,Medium
2659-VXMWZ,One year,67,111.3,7482.1,Fiber optic,Electronic check,No,Yes,Yes,0.3768053919148436,Medium
7785-RDVIG,Month-to-month,3,19.3,54.7,No,Mailed check,No internet service,No internet service,No,0.3767896722219845,Medium
8952-WCVCD,One year,41,104.45,4162.05,Fiber optic,Bank transfer (automatic),No,Yes,No,0.3762371701126317,Medium
1297-VQDRP,One year,68,107.15,7379.8,Fiber optic,Credit card (automatic),Yes,No,No,0.3761843024234867,Medium
7607-QKKTJ,One year,45,95.0,4368.85,Fiber optic,Credit card (automatic),No,No,No,0.376127710058065,Medium
7175-NTIXE,Month-to-month,25,76.15,1992.95,DSL,Credit card (automatic),Yes,Yes,No,0.3754708798196241,Medium
0330-BGYZE,One year,60,102.5,6157.6,Fiber optic,Bank transfer (automatic),No,No,No,0.37539542609737964,Medium
1142-IHLOO,One year,51,87.55,4475.9,Fiber optic,Credit card (automatic),No,No,No,0.3752347255773874,Medium
7130-CTCUS,Month-to-month,16,54.55,825.1,DSL,Bank transfer (automatic),No,Yes,No,0.37508075940150076,Medium
5074-FBGHB,One year,64,104.65,6889.8,Fiber optic,Credit card (automatic),Yes,No,No,0.3747950446797089,Medium
4726-DLWQN,Month-to-month,50,70.35,3454.6,DSL,Bank transfer (automatic),No,Yes,No,0.37478050262287843,Medium
7721-JXEAW,Month-to-month,59,41.05,2452.7,DSL,Bank transfer (automatic),No,No,Yes,0.3747159409682362,Medium
5732-IKGQH,One year,52,104.45,5481.25,Fiber optic,Bank transfer (automatic),Yes,Yes,No,0.374582364488209,Medium
7054-ENNGU,Month-to-month,9,50.85,466.6,DSL,Mailed check,No,No,No,0.3743245099006823,Medium
9101-BWFSS,One year,50,108.55,5610.7,Fiber optic,Electronic check,Yes,Yes,Yes,0.37426431032490004,Medium
6505-OZNPG,Two year,6,63.4,348.8,DSL,Mailed check,Yes,Yes,No,0.3742061537974473,Medium
9342-VNIMQ,Month-to-month,33,54.65,1665.2,DSL,Bank transfer (automatic),No,No,No,0.37414521384905164,Medium
7764-BDPEE,Month-to-month,3,20.85,60.65,No,Mailed check,No internet service,No internet service,No,0.3739119098842339,Medium
5140-FOMCQ,One year,59,109.15,6557.75,Fiber optic,Credit card (automatic),No,Yes,No,0.37383771227500373,Medium
3199-NPKCN,One year,67,111.25,7511.65,Fiber optic,Electronic check,Yes,Yes,No,0.3737294223719979,Medium
7610-TVOPG,Month-to-month,15,26.35,378.6,No,Electronic check,No internet service,No internet service,No,0.3737136360506108,Medium
5624-RYAMH,Month-to-month,9,19.5,178.85,No,Electronic check,No internet service,No internet service,No,0.37350913303502126,Medium
9644-KVCNC,One year,66,92.15,6056.9,Fiber optic,Bank transfer (automatic),No,No,No,0.3733587862550836,Medium
7521-YXVZY,Month-to-month,3,19.95,58.3,No,Mailed check,No internet service,No internet service,No,0.37328611889637386,Medium
9099-FTUHS,Month-to-month,23,54.4,1249.25,DSL,Electronic check,No,Yes,No,0.37293651904975506,Medium
8847-GEOOQ,Month-to-month,60,60.2,3582.4,DSL,Bank transfer (automatic),Yes,No,No,0.37266738853681564,Medium
4868-AADLV,One year,66,116.25,7862.25,Fiber optic,Electronic check,Yes,Yes,No,0.37245578072624275,Medium
4456-RHSNB,Month-to-month,19,49.6,962.9,DSL,Bank transfer (automatic),No,No,No,0.3724053850979174,Medium
2758-RNWXS,One year,35,89.2,3251.3,Fiber optic,Electronic check,Yes,Yes,No,0.3721001690186559,Medium
7219-TLZHO,Month-to-month,4,20.85,62.9,No,Mailed check,No internet service,No internet service,No,0.37171836800697355,Medium
6680-NENYN,Two year,43,104.6,4759.85,Fiber optic,Electronic check,No,No,Yes,0.37170021325172975,Medium
0031-PVLZI,Month-to-month,4,20.35,76.35,No,Mailed check,No internet service,No internet service,Yes,0.371371484005716,Medium
2616-UUTFK,Month-to-month,33,72.75,2447.45,DSL,Bank transfer (automatic),No,Yes,No,0.3710391066119284,Medium
6476-YHMGA,Month-to-month,15,76.5,1155.6,DSL,Bank transfer (automatic),Yes,No,No,0.37097530900222453,Medium
6097-EQISJ,One year,66,102.45,6615.15,Fiber optic,Credit card (automatic),No,No,Yes,0.37080362958574703,Medium
9033-EOXWV,One year,12,74.05,872.65,DSL,Mailed check,Yes,No,Yes,0.37064770375515466,Medium
2750-BJLSB,One year,47,103.7,4730.6,Fiber optic,Electronic check,Yes,Yes,No,0.37064197580707553,Medium
2259-OUUSZ,One year,7,35.5,249.55,DSL,Credit card (automatic),Yes,No,No,0.3706109377692867,Medium
0733-VUNUW,Month-to-month,24,55.65,1400.55,DSL,Bank transfer (automatic),No,Yes,Yes,0.3702027526963879,Medium
8205-OTCHB,One year,22,43.75,903.6,DSL,Bank transfer (automatic),No,No,Yes,0.36987584779618266,Medium
7824-PANSQ,Month-to-month,58,80.65,4807.35,Fiber optic,Bank transfer (automatic),Yes,No,No,0.3697499461028144,Medium
2739-CCZMB,Month-to-month,5,20.35,122.0,No,Credit card (automatic),No internet service,No internet service,No,0.3694100595165814,Medium
4692-NNQRU,One year,21,79.2,1742.45,Fiber optic,Electronic check,Yes,No,No,0.36929399523159284,Medium
9828-QHFBK,Month-to-month,24,51.15,1275.7,DSL,Electronic check,No,Yes,No,0.36929203857984216,Medium
3086-RUCRN,Month-to-month,66,103.1,6595.0,Fiber optic,Bank transfer (automatic),Yes,Yes,No,0.36914078775663406,Medium
8003-EWNDZ,Month-to-month,10,21.2,222.65,No,Electronic check,No internet service,No internet service,No,0.3685595911550639,Medium
7109-MFBYV,Month-to-month,26,45.45,1233.15,DSL,Electronic check,No,No,No,0.3684830198571542,Medium
7789-CRUVC,Month-to-month,61,94.2,5895.45,Fiber optic,Credit card (automatic),Yes,Yes,No,0.36819563103901837,Medium
7136-RVDTZ,One year,70,45.25,3264.45,DSL,Electronic check,No,No,Yes,0.3675613239411031,Medium
0620-XEFWH,Month-to-month,4,18.85,84.2,No,Mailed check,No internet service,No internet service,No,0.36750622700330465,Medium
2270-CHBFN,Month-to-month,44,95.1,4060.55,Fiber optic,Credit card (automatic),Yes,Yes,No,0.3671093223897678,Medium
8148-BPLZQ,Month-to-month,34,49.8,1734.2,DSL,Electronic check,No,No,No,0.3668666140846252,Medium
4939-KYYPY,Month-to-month,27,59.45,1611.65,DSL,Electronic check,Yes,No,No,0.3667969369871826,Medium
3786-WOVKF,One year,72,106.85,7677.4,Fiber optic,Bank transfer (automatic),No,Yes,No,0.36651381335929467,Medium
6743-HHQPF,Month-to-month,42,25.1,1097.15,DSL,Credit card (automatic),No,No,No,0.366510306640521,Medium
5315-CKEQK,One year,28,51.0,1381.8,DSL,Electronic check,No,No,No,0.3663956211448001,Medium
1113-IUJYX,One year,14,105.95,1348.9,Fiber optic,Mailed check,Yes,Yes,Yes,0.36599420940843,Medium
8070-AAWZP,Month-to-month,24,34.25,828.2,DSL,Mailed check,Yes,No,No,0.36598100132692973,Medium
7797-EJMDP,Month-to-month,8,66.05,574.5,DSL,Bank transfer (automatic),Yes,Yes,No,0.3657666521651185,Medium
9057-MSWCO,Month-to-month,27,30.75,805.1,DSL,Credit card (automatic),No,Yes,Yes,0.3654231043317947,Medium
2716-GFZOR,Month-to-month,43,86.1,3551.65,Fiber optic,Credit card (automatic),No,Yes,No,0.36466059716315335,Medium
6769-DCQLI,One year,52,105.0,5426.85,Fiber optic,Bank transfer (automatic),Yes,No,Yes,0.36424520104854347,Medium
8992-OBVDG,Month-to-month,21,61.65,1393.6,DSL,Mailed check,No,No,No,0.36417697967552765,Medium
4020-KIUDI,Month-to-month,6,19.85,138.85,No,Credit card (automatic),No internet service,No internet service,No,0.36406799562893927,Medium
6402-SSEJG,One year,25,61.05,1540.2,DSL,Electronic check,No,Yes,No,0.36393807667087624,Medium
6158-DWPZT,One year,9,24.1,259.8,DSL,Bank transfer (automatic),No,No,Yes,0.3639330936174055,Medium
4923-ADWXJ,Month-to-month,25,65.8,1679.65,DSL,Bank transfer (automatic),Yes,No,No,0.36383737203049527,Medium
5740-YHGTW,Month-to-month,70,97.55,6669.05,Fiber optic,Credit card (automatic),No,Yes,No,0.36378672899320996,Medium
1229-RCALF,One year,64,115.0,7396.15,Fiber optic,Electronic check,Yes,Yes,No,0.3636520799740699,Medium
2446-ZKVAF,Month-to-month,18,56.8,1074.65,DSL,Credit card (automatic),No,No,No,0.36364893688695116,Medium
6778-JFCMK,One year,24,50.6,1288.75,DSL,Mailed check,No,Yes,No,0.36356111238604943,Medium
4075-JFPGR,One year,51,93.5,4619.55,Fiber optic,Electronic check,No,Yes,No,0.3625295535728947,Medium
3255-GRXMG,Month-to-month,18,45.65,747.2,DSL,Credit card (automatic),No,No,No,0.36204495427447253,Medium
9831-BPFRI,One year,39,89.55,3474.45,Fiber optic,Electronic check,Yes,No,Yes,0.3619820509520744,Medium
1257-SXUXQ,Month-to-month,5,19.45,86.05,No,Mailed check,No internet service,No internet service,No,0.3618351692198201,Medium
2748-MYRVK,One year,63,99.9,6137.0,Fiber optic,Bank transfer (automatic),No,No,Yes,0.3617617196833565,Medium
4402-FTBXC,Month-to-month,54,89.8,4667.0,Fiber optic,Mailed check,No,Yes,No,0.3616296411414883,Medium
6907-CQGPN,Month-to-month,29,34.3,1004.75,DSL,Electronic check,Yes,No,No,0.36129982091772256,Medium
9294-TDIPC,Month-to-month,5,20.2,83.75,No,Mailed check,No internet service,No internet service,No,0.36125460117567465,Medium
4083-BFNYK,One year,38,95.0,3591.25,Fiber optic,Credit card (automatic),No,Yes,No,0.3611936893108406,Medium
6898-MDLZW,Month-to-month,12,53.75,648.65,DSL,Mailed check,Yes,No,No,0.3611496994284151,Medium
2108-GLPQB,Month-to-month,25,55.55,1405.3,DSL,Credit card (automatic),No,No,No,0.3611291498237341,Medium
0953-LGOVU,Month-to-month,12,35.5,432.25,DSL,Mailed check,Yes,No,No,0.36104696084181964,Medium
6574-MCOEH,One year,33,79.15,2531.4,DSL,Electronic check,Yes,No,No,0.36083857655950435,Medium
4472-LVYGI,Two year,0,52.55,0.0,DSL,Bank transfer (automatic),Yes,Yes,No,0.3606417001150197,Medium
9978-HYCIN,One year,47,84.95,4018.05,Fiber optic,Bank transfer (automatic),No,No,No,0.3605873665009973,Medium
2560-PPCHE,One year,65,105.05,6744.25,Fiber optic,Bank transfer (automatic),Yes,No,No,0.3601829995454711,Medium
0895-LMRSF,One year,23,64.9,1509.8,DSL,Bank transfer (automatic),No,No,No,0.3599873718775605,Medium
9909-DFRJA,One year,26,95.85,2475.35,Fiber optic,Bank transfer (automatic),Yes,Yes,No,0.35986298738340994,Medium
9036-CSKBW,One year,51,107.45,5680.9,Fiber optic,Bank transfer (automatic),No,Yes,No,0.35981534877893184,Medium
2898-MRKPI,One year,68,101.05,6770.5,Fiber optic,Credit card (automatic),No,No,No,0.35960937286876843,Medium
6563-VNPMN,Month-to-month,45,85.7,3778.1,Fiber optic,Bank transfer (automatic),Yes,Yes,No,0.3594491214915154,Medium
4800-CZMPC,One year,48,103.25,5037.55,Fiber optic,Credit card (automatic),No,Yes,Yes,0.3591845226022769,Medium
5951-AOFIH,Month-to-month,33,66.4,2245.4,DSL,Credit card (automatic),No,No,No,0.3590126969467007,Medium
6164-HXUGH,Month-to-month,6,19.85,119.3,No,Mailed check,No internet service,No internet service,No,0.35885342909178414,Medium
4160-AMJTL,Month-to-month,8,19.65,164.3,No,Electronic check,No internet service,No internet service,Yes,0.3588418310095883,Medium
3733-ZEECP,Month-to-month,22,51.1,1232.9,DSL,Electronic check,Yes,No,No,0.35883042850340885,Medium
3077-RSNTJ,Month-to-month,6,19.7,113.5,No,Mailed check,No internet service,No internet service,No,0.3587508952864904,Medium
2851-STERV,One year,35,73.0,2471.25,DSL,Electronic check,Yes,No,No,0.35843853059176856,Medium
5593-SUAOO,One year,24,83.15,2033.05,Fiber optic,Bank transfer (automatic),No,No,No,0.3574046709516176,Medium
0584-BJQGZ,Month-to-month,25,78.35,1837.9,DSL,Bank transfer (automatic),Yes,Yes,No,0.35739262269971483,Medium
2229-VWQJH,Month-to-month,24,49.3,1233.25,DSL,Credit card (automatic),No,No,No,0.3573498604255632,Medium
4789-KWMXN,One year,47,110.85,5275.8,Fiber optic,Credit card (automatic),Yes,Yes,Yes,0.35713192276233663,Medium
7502-BNYGS,Month-to-month,46,69.1,3168.0,DSL,Credit card (automatic),No,No,No,0.3563622929464488,Medium
5150-LJNSR,One year,31,98.05,3082.1,Fiber optic,Bank transfer (automatic),No,Yes,No,0.35607108656564634,Medium
2155-AMQRX,Month-to-month,28,54.9,1505.15,DSL,Credit card (automatic),Yes,No,No,0.35597323777206696,Medium
3724-UCSHY,Month-to-month,6,19.55,122.9,No,Mailed check,No internet service,No internet service,No,0.35586173302395635,Medium
9651-GTSAQ,One year,53,106.1,5769.75,Fiber optic,Bank transfer (automatic),No,Yes,Yes,0.3553699498660923,Medium
7623-HKYRK,Month-to-month,6,19.7,111.65,No,Mailed check,No internet service,No internet service,No,0.3548771761578067,Medium
4719-UMSIY,Month-to-month,6,19.65,100.9,No,Mailed check,No internet service,No internet service,No,0.3548431659070259,Medium
1345-GKDZZ,Month-to-month,6,19.55,128.6,No,Mailed check,No internet service,No internet service,No,0.3547751498061018,Medium
5206-XZZQI,Month-to-month,53,80.6,4348.1,Fiber optic,Mailed check,Yes,No,No,0.35425018950577564,Medium
8731-WBBMB,Month-to-month,26,81.9,2078.55,DSL,Bank transfer (automatic),Yes,No,No,0.3538419333266283,Medium
8930-XOTDP,Month-to-month,18,55.95,1082.8,DSL,Mailed check,No,No,No,0.3536611853959835,Medium
9249-FXSCK,One year,52,111.25,5916.45,Fiber optic,Credit card (automatic),Yes,Yes,Yes,0.3536591498071052,Medium
1840-BIUOG,One year,20,68.7,1416.2,DSL,Electronic check,Yes,No,No,0.35329241757006685,Medium
3128-YOVTD,Month-to-month,51,79.15,4018.55,Fiber optic,Bank transfer (automatic),No,Yes,No,0.35320746759096255,Medium
3472-OAOOR,Month-to-month,19,34.95,610.2,DSL,Mailed check,No,Yes,No,0.3529625348060647,Medium
3097-IDVPU,Month-to-month,19,50.1,910.45,DSL,Credit card (automatic),No,No,No,0.3526909952200402,Medium
3413-CSSTH,Month-to-month,41,55.7,2237.55,DSL,Bank transfer (automatic),No,No,No,0.3523456595065557,Medium
5760-WRAHC,Month-to-month,22,69.75,1545.4,DSL,Mailed check,Yes,Yes,No,0.35230663968243936,Medium
3466-BYAVD,Month-to-month,15,69.5,1071.4,DSL,Mailed check,Yes,No,No,0.35223733586490397,Medium
1810-BOHSY,One year,51,96.4,4911.05,Fiber optic,Credit card (automatic),No,Yes,No,0.3521997780350309,Medium
5240-CAOYT,Month-to-month,57,87.55,4884.85,Fiber optic,Bank transfer (automatic),Yes,Yes,No,0.3521375719515436,Medium
1573-LGXBA,One year,57,97.55,5598.0,Fiber optic,Credit card (automatic),No,No,No,0.35203378919387657,Medium
3253-HKOKL,One year,52,100.3,5244.45,Fiber optic,Electronic check,No,Yes,No,0.3518386497396871,Medium
5701-ZIKJE,Month-to-month,13,50.55,610.75,DSL,Mailed check,Yes,No,No,0.35121665159275245,Medium
6227-FBDXH,One year,69,99.5,6841.45,Fiber optic,Bank transfer (automatic),No,No,No,0.34951413408126986,Medium
2722-VOJQL,One year,64,105.65,6903.1,Fiber optic,Credit card (automatic),Yes,No,Yes,0.3494579696413257,Medium
8259-NFJTV,Month-to-month,7,34.65,246.6,DSL,Mailed check,Yes,Yes,No,0.3492903143209783,Medium
7123-WQUHX,One year,38,95.0,3605.6,Fiber optic,Bank transfer (automatic),Yes,No,No,0.34911205446199334,Medium
6728-DKUCO,One year,72,104.15,7303.05,Fiber optic,Electronic check,No,Yes,No,0.3490964360179852,Medium
0487-RPVUM,Month-to-month,61,99.4,5943.65,Fiber optic,Bank transfer (automatic),Yes,Yes,No,0.3490024485293787,Medium
9565-JSNFM,One year,38,70.45,2597.6,Fiber optic,Bank transfer (automatic),No,No,Yes,0.34885870280669146,Medium
9817-APLHW,Month-to-month,12,25.0,316.2,No,Electronic check,No internet service,No internet service,No,0.34882589265394626,Medium
7854-EDSSA,Month-to-month,22,59.0,1254.7,DSL,Electronic check,No,Yes,Yes,0.34862967827951247,Medium
2237-ZFSMY,One year,39,95.55,3692.85,Fiber optic,Electronic check,Yes,Yes,Yes,0.34796047532746477,Medium
3059-NGMXB,Month-to-month,14,69.2,944.65,DSL,Mailed check,No,Yes,No,0.3479236493439914,Medium
8769-KKTPH,One year,63,99.65,6311.2,Fiber optic,Credit card (automatic),No,Yes,No,0.34750342484659297,Medium
4701-MLJPN,Month-to-month,31,55.25,1715.65,DSL,Electronic check,Yes,No,Yes,0.3472687392991513,Medium
3307-TLCUD,Month-to-month,17,34.4,592.75,DSL,Mailed check,No,Yes,No,0.34724631720157956,Medium
0447-BEMNG,Month-to-month,48,45.3,2145.0,DSL,Bank transfer (automatic),No,Yes,Yes,0.3471835426381178,Medium
0580-PIQHM,One year,41,101.6,3930.55,Fiber optic,Bank transfer (automatic),No,Yes,No,0.3470708017915093,Medium
8849-GYOKR,One year,54,106.55,5763.3,Fiber optic,Bank transfer (automatic),No,Yes,Yes,0.3469777676226517,Medium
3521-MNKLV,Month-to-month,24,49.7,1167.8,DSL,Mailed check,No,No,No,0.34693001845791493,Medium
6738-ISCBM,One year,44,54.0,2440.25,DSL,Electronic check,No,Yes,No,0.3466730971522967,Medium
5985-BEHZK,One year,72,105.0,7578.05,Fiber optic,Credit card (automatic),No,No,No,0.3466171620446888,Medium
4827-USJHP,Month-to-month,20,51.8,1023.85,DSL,Mailed check,No,No,No,0.34661007627972623,Medium
3126-WQMGH,Month-to-month,49,52.15,2583.75,DSL,Credit card (automatic),No,No,No,0.3464969025242461,Medium
5018-HEKFO,Month-to-month,10,24.5,270.15,No,Mailed check,No internet service,No internet service,No,0.34625375923531365,Medium
6383-ZTSIW,One year,39,99.1,3877.95,Fiber optic,Mailed check,No,Yes,No,0.3461974524926228,Medium
8970-ANWXO,One year,23,73.75,1756.6,DSL,Mailed check,Yes,No,No,0.3460293734016122,Medium
7143-BQIBA,Month-to-month,10,62.25,612.95,DSL,Bank transfer (automatic),Yes,Yes,No,0.3460152618856653,Medium
5968-XQIVE,One year,72,89.7,6588.95,Fiber optic,Electronic check,No,No,No,0.345917497976124,Medium
8404-VLQFB,Month-to-month,15,25.25,394.85,No,Electronic check,No internet service,No internet service,No,0.34582766166220297,Medium
1134-YWTYF,Month-to-month,27,53.8,1389.85,DSL,Electronic check,Yes,No,No,0.34563474049040765,Medium
4816-OKWNX,One year,50,103.4,5236.4,Fiber optic,Bank transfer (automatic),Yes,No,No,0.3454277372203847,Medium
4274-DRSQT,One year,66,88.9,6000.1,Fiber optic,Bank transfer (automatic),No,No,No,0.3452048965011091,Medium
1409-PHXTF,Two year,54,110.45,6077.75,Fiber optic,Electronic check,Yes,No,No,0.3445499749927611,Medium
3893-JRNFS,Month-to-month,68,39.9,2796.35,DSL,Bank transfer (automatic),No,No,No,0.34437712351882954,Medium
4277-UDIEF,Month-to-month,24,81.0,1923.85,DSL,Bank transfer (automatic),Yes,Yes,No,0.3443706920800307,Medium
2692-AQCPF,One year,65,108.05,7118.9,Fiber optic,Credit card (automatic),Yes,No,No,0.3442977423633742,Medium
3896-RCYYE,Month-to-month,67,53.4,3579.15,DSL,Credit card (automatic),Yes,No,No,0.34367383979371524,Medium
3639-XJHKQ,Month-to-month,19,60.6,1297.8,DSL,Electronic check,No,Yes,No,0.34249154447230923,Medium
8735-IJJEG,Month-to-month,14,50.2,668.85,DSL,Credit card (automatic),No,No,No,0.34244308109559873,Medium
4700-UBQMV,One year,21,75.9,1549.75,DSL,Bank transfer (automatic),No,Yes,No,0.34193676119684874,Medium
9578-FOMUK,Month-to-month,15,24.8,324.15,No,Electronic check,No internet service,No internet service,No,0.34171823368695964,Medium
4016-BJKTZ,Two year,25,108.9,2809.05,Fiber optic,Electronic check,Yes,No,No,0.34165122979903273,Medium
8849-PRIQJ,One year,67,109.4,7281.6,Fiber optic,Electronic check,Yes,Yes,No,0.3415329227602203,Medium
7740-BTPUX,Two year,55,113.6,6292.7,Fiber optic,Electronic check,Yes,No,No,0.34074317674766336,Medium
1666-JZPZT,Month-to-month,27,49.0,1291.35,DSL,Mailed check,No,No,No,0.340426534244507,Medium
9494-BDNNC,One year,66,95.3,6273.4,Fiber optic,Electronic check,No,No,No,0.3403286800284298,Medium
0820-FNRNX,Month-to-month,17,66.7,1077.05,DSL,Mailed check,Yes,No,No,0.33995601197390435,Medium
4712-AUQZO,Month-to-month,18,33.6,550.35,DSL,Mailed check,No,Yes,No,0.3397190763879224,Medium
8375-KVTHK,One year,68,100.3,6754.35,Fiber optic,Electronic check,Yes,No,No,0.3395288966228077,Medium
1543-LLLFT,One year,61,98.3,6066.55,Fiber optic,Mailed check,Yes,No,No,0.33941669757776044,Medium
4455-BFSPD,One year,61,101.15,6383.9,Fiber optic,Bank transfer (automatic),Yes,No,No,0.33926338775646264,Medium
8735-DCXNF,Month-to-month,10,54.95,568.85,DSL,Credit card (automatic),Yes,Yes,No,0.3391535348764522,Medium
3160-TYXLT,Month-to-month,53,46.3,2546.85,DSL,Bank transfer (automatic),No,Yes,No,0.3387005714762056,Medium
5343-SGUBI,One year,52,80.2,4297.6,Fiber optic,Mailed check,No,No,No,0.3384823919209314,Medium
3468-DRVQJ,One year,10,70.3,676.15,DSL,Electronic check,No,Yes,No,0.33846120304209054,Medium
7036-ZZKBD,Month-to-month,31,66.4,2019.8,DSL,Credit card (automatic),Yes,No,No,0.3380523382157851,Medium
0233-FTHAV,One year,60,79.2,4765.0,Fiber optic,Bank transfer (automatic),No,No,No,0.33783958413895293,Medium
8182-PNAGI,Month-to-month,12,50.25,593.75,DSL,Bank transfer (automatic),Yes,No,Yes,0.3377149025761318,Medium
2359-QWQUL,One year,39,104.7,4134.85,Fiber optic,Credit card (automatic),Yes,Yes,Yes,0.337405470822417,Medium
7964-ZRKKG,One year,67,88.4,5798.3,Fiber optic,Bank transfer (automatic),No,No,No,0.3373060821419091,Medium
0743-HRVFF,One year,51,56.15,2898.95,DSL,Electronic check,Yes,No,No,0.337087647213952,Medium
0239-OXEXL,Month-to-month,46,84.25,3847.6,Fiber optic,Mailed check,No,Yes,No,0.33654778647993816,Medium
2946-KIQSP,Month-to-month,35,33.45,1175.85,DSL,Mailed check,Yes,No,No,0.3363729203478896,Medium
9074-KGVOX,Month-to-month,50,39.45,2021.35,DSL,Credit card (automatic),No,Yes,No,0.3361690150482792,Medium
4747-LCAQL,Month-to-month,25,79.0,1902.0,DSL,Mailed check,Yes,Yes,No,0.3361643743642208,Medium
2087-QAREY,Month-to-month,22,54.7,1178.75,DSL,Mailed check,No,No,No,0.33592083381485527,Medium
7740-KKCXF,Month-to-month,51,30.05,1529.45,DSL,Credit card (automatic),No,No,No,0.33585560387288665,Medium
6549-YMFAW,Month-to-month,9,21.25,204.55,No,Mailed check,No internet service,No internet service,No,0.3354120550595366,Medium
2234-XADUH,One year,72,103.2,7362.9,Fiber optic,Credit card (automatic),No,No,No,0.3353457374459621,Medium
1017-FBQMM,One year,62,106.05,6703.5,Fiber optic,Credit card (automatic),Yes,No,No,0.335022085916381,Medium
2796-UUZZO,Month-to-month,63,80.3,4896.35,Fiber optic,Credit card (automatic),No,No,No,0.3347829846494032,Medium
0931-MHTEM,One year,54,100.05,5299.65,Fiber optic,Credit card (automatic),No,Yes,No,0.3347609340675916,Medium
9079-LWTFD,Month-to-month,47,100.75,4669.2,Fiber optic,Mailed check,Yes,Yes,No,0.3347115062951186,Medium
7619-ODSGN,Month-to-month,24,54.75,1338.15,DSL,Electronic check,No,Yes,Yes,0.3347062020217071,Medium
4833-QTJNO,Month-to-month,67,83.85,5588.8,Fiber optic,Bank transfer (automatic),No,Yes,No,0.3345886536040502,Medium
4283-IVYCI,Month-to-month,9,64.95,547.8,DSL,Mailed check,Yes,Yes,No,0.33412769735951586,Medium
7663-ZTEGJ,One year,29,100.55,2830.45,Fiber optic,Credit card (automatic),Yes,No,No,0.3339036207515892,Medium
5440-VHLUL,One year,69,105.2,7386.05,Fiber optic,Bank transfer (automatic),Yes,No,No,0.33374356347515055,Medium
4374-YMUSQ,One year,34,116.25,3899.05,Fiber optic,Credit card (automatic),Yes,Yes,No,0.33363380899257317,Medium
1360-XFJMR,One year,67,109.7,7344.45,Fiber optic,Credit card (automatic),Yes,No,No,0.33362868252107375,Medium
8268-YDIXR,One year,56,93.15,5253.95,Fiber optic,Electronic check,No,Yes,No,0.33357099259323286,Medium
2972-YDYUW,One year,57,94.7,5468.95,Fiber optic,Electronic check,Yes,No,No,0.33349915891959114,Medium
6261-LHRTG,Month-to-month,26,54.75,1406.9,DSL,Credit card (automatic),No,No,No,0.33347814914908785,Medium
5376-PCKNB,One year,72,104.45,7459.0,Fiber optic,Credit card (automatic),No,No,No,0.33347123242692883,Medium
8634-CILSZ,One year,69,104.7,7220.35,Fiber optic,Bank transfer (automatic),Yes,No,Yes,0.3334133112851832,Medium
3640-JQGJG,Month-to-month,13,44.8,559.2,DSL,Bank transfer (automatic),No,No,No,0.333222483736283,Medium
7088-FBAWU,Month-to-month,17,74.55,1215.8,DSL,Mailed check,No,Yes,No,0.33275959301062097,Medium
6198-PNNSZ,One year,56,109.8,6109.65,Fiber optic,Bank transfer (automatic),No,Yes,No,0.3327569531287372,Medium
3890-RTCMS,Month-to-month,16,49.45,799.0,DSL,Mailed check,Yes,No,No,0.33275626033409206,Medium
0206-TBWLC,One year,54,114.65,6049.5,Fiber optic,Mailed check,Yes,Yes,No,0.3327164268839413,Medium
6341-AEVKX,One year,62,104.3,6613.65,Fiber optic,Electronic check,Yes,Yes,No,0.3325691580949318,Medium
4250-ZBWLV,One year,68,108.45,7176.55,Fiber optic,Electronic check,Yes,No,Yes,0.33205912386246206,Medium
4355-CVPVS,One year,56,88.9,4968.0,Fiber optic,Bank transfer (automatic),No,No,No,0.330851796346509,Medium
1545-ACTAS,One year,48,99.7,4977.2,Fiber optic,Bank transfer (automatic),No,Yes,No,0.3307069721962169,Medium
0991-BRRFB,Month-to-month,18,49.4,874.8,DSL,Electronic check,No,Yes,Yes,0.33041271789001603,Medium
5766-XQXMQ,Month-to-month,29,68.85,1970.5,DSL,Bank transfer (automatic),No,Yes,Yes,0.330113328742421,Medium
7266-GSSJX,Month-to-month,11,20.45,250.8,No,Electronic check,No internet service,No internet service,No,0.3298186259980684,Medium
8319-QBEHW,One year,26,39.95,1023.75,DSL,Bank transfer (automatic),No,No,No,0.3296933084775918,Medium
7148-XZPHA,Month-to-month,55,79.4,4238.45,Fiber optic,Electronic check,Yes,No,No,0.3291657669726765,Medium
5448-VWNAM,Month-to-month,19,75.9,1375.6,DSL,Mailed check,Yes,Yes,No,0.3291484354246818,Medium
7108-DGVUU,One year,21,71.7,1497.05,DSL,Bank transfer (automatic),No,No,No,0.3290092342491842,Medium
5678-VFNEQ,One year,71,104.1,7412.25,Fiber optic,Credit card (automatic),No,Yes,No,0.329003234266362,Medium
2908-ZTPNF,Month-to-month,36,34.85,1267.2,DSL,Bank transfer (automatic),Yes,No,No,0.32809682933212525,Medium
7311-MQJCH,One year,5,19.55,99.6,No,Electronic check,No internet service,No internet service,No,0.32784255060263723,Medium
2586-CWXVV,Month-to-month,54,30.4,1621.35,DSL,Electronic check,No,No,No,0.32744270324489266,Medium
3794-NFNCH,Month-to-month,30,50.0,1474.9,DSL,Mailed check,No,No,No,0.3272717143359246,Medium
6447-GORXK,Month-to-month,31,25.0,789.2,DSL,Credit card (automatic),No,No,No,0.3270532570168282,Medium
8671-KKKOS,Month-to-month,46,45.55,2062.15,DSL,Electronic check,No,Yes,No,0.3264952327333496,Medium
0723-VSOBE,One year,45,34.2,1596.6,DSL,Electronic check,No,No,No,0.32634804549867985,Medium
2794-XIMMO,One year,53,60.45,3184.25,DSL,Electronic check,Yes,No,Yes,0.32592422454548475,Medium
3402-XRIUO,Month-to-month,22,63.55,1381.8,DSL,Mailed check,Yes,Yes,No,0.32547617008752183,Medium
5366-OBVMR,Month-to-month,18,50.3,908.75,DSL,Mailed check,Yes,No,No,0.32544466906005864,Medium
6981-TDRFT,One year,44,54.3,2317.1,DSL,Electronic check,Yes,No,No,0.3251145998013682,Medium
5197-PYEPU,One year,42,94.45,3923.8,Fiber optic,Credit card (automatic),No,Yes,No,0.32477573473503346,Medium
8044-BGWPI,Month-to-month,12,21.15,306.05,No,Electronic check,No internet service,No internet service,No,0.3244959498273564,Medium
7919-ZODZZ,One year,10,65.9,660.05,DSL,Mailed check,No,No,No,0.32441386577900794,Medium
2402-TAIRZ,One year,37,80.05,3019.1,Fiber optic,Electronic check,No,No,No,0.3243476981053789,Medium
9820-RMCQV,Month-to-month,11,48.55,501.0,DSL,Credit card (automatic),No,Yes,Yes,0.3240267056374206,Medium
9391-DXGGG,One year,44,89.15,3990.75,Fiber optic,Credit card (automatic),No,No,No,0.32389671820023275,Medium
9475-NNDGC,One year,71,113.15,7953.25,Fiber optic,Bank transfer (automatic),Yes,No,No,0.3238826916924465,Medium
5989-OMNJE,One year,24,57.6,1367.75,DSL,Electronic check,No,Yes,No,0.3238312193221298,Medium
5285-MVEHD,One year,56,105.6,6068.65,Fiber optic,Credit card (automatic),No,Yes,No,0.32332258040218054,Medium
9837-FWLCH,Month-to-month,12,19.2,239.0,No,Electronic check,No internet service,No internet service,No,0.3232272526545496,Medium
7868-BGSZA,One year,43,80.2,3581.6,DSL,Electronic check,No,Yes,No,0.322776347933559,Medium
0308-IVGOK,One year,11,40.4,422.6,DSL,Credit card (automatic),Yes,No,No,0.3227495294759089,Medium
5639-NTUPK,Month-to-month,13,52.1,670.65,DSL,Credit card (automatic),No,Yes,No,0.32267547481480446,Medium
8292-TYSPY,Month-to-month,19,55.0,1046.5,DSL,Credit card (automatic),Yes,No,Yes,0.3221661905167313,Medium
3570-YUEKJ,Month-to-month,42,49.55,2077.95,DSL,Electronic check,No,No,No,0.3220485734368654,Medium
2843-CQMEG,Month-to-month,24,49.7,1218.25,DSL,Mailed check,No,No,No,0.32185613311493516,Medium
7361-YPXFS,Month-to-month,28,64.45,1867.6,DSL,Bank transfer (automatic),Yes,No,No,0.32182304606706846,Medium
4525-VZCZG,One year,54,105.85,5826.65,Fiber optic,Electronic check,Yes,Yes,No,0.3216508754408262,Medium
4476-OSWTN,One year,69,110.55,7610.1,Fiber optic,Mailed check,Yes,Yes,No,0.32138593614901967,Medium
0484-FFVBJ,One year,32,64.85,2010.95,DSL,Bank transfer (automatic),No,No,No,0.32126308981222407,Medium
9060-HJJRW,One year,51,56.4,2928.5,DSL,Credit card (automatic),No,No,No,0.3210482819096098,Medium
9040-KZVWO,One year,26,75.5,2018.1,Fiber optic,Bank transfer (automatic),No,No,No,0.3206954653884866,Medium
1179-INLAT,One year,3,19.45,69.25,No,Mailed check,No internet service,No internet service,No,0.32030176822836365,Medium
9470-RTWDV,One year,26,82.0,2083.1,DSL,Credit card (automatic),Yes,No,No,0.31977990490280617,Medium
7080-TNUWP,One year,70,95.0,6602.9,Fiber optic,Bank transfer (automatic),No,No,No,0.31972824175267234,Medium
6465-GSRCL,One year,67,106.6,7244.7,Fiber optic,Bank transfer (automatic),Yes,No,No,0.3192525710040183,Medium
7879-CGSFV,One year,55,100.9,5552.05,Fiber optic,Mailed check,No,Yes,No,0.31922639260944247,Medium
0036-IHMOT,One year,55,103.7,5656.75,Fiber optic,Bank transfer (automatic),Yes,No,No,0.31919503268186306,Medium
8080-POTJR,One year,30,79.3,2427.1,DSL,Credit card (automatic),No,Yes,No,0.3190479555325046,Medium
1697-BCSHV,Month-to-month,58,66.8,3970.4,DSL,Bank transfer (automatic),No,No,No,0.3190186875281618,Medium
7163-OCEQI,One year,22,78.65,1663.75,DSL,Mailed check,Yes,No,No,0.3190019719329711,Medium
9554-DFKIC,Month-to-month,30,54.45,1588.7,DSL,Bank transfer (automatic),No,Yes,No,0.31896838581561787,Medium
1518-OMDIK,Month-to-month,33,44.55,1462.6,DSL,Credit card (automatic),No,No,No,0.318587836546039,Medium
0156-FVPTA,Month-to-month,22,54.2,1152.7,DSL,Electronic check,Yes,Yes,Yes,0.3182164819446358,Medium
8905-IAZPF,One year,69,95.65,6744.2,Fiber optic,Credit card (automatic),No,No,No,0.31788780203107053,Medium
5168-MQQCA,One year,72,108.5,8003.8,Fiber optic,Bank transfer (automatic),Yes,No,No,0.31779452117750673,Medium
1530-ZTDOZ,Month-to-month,49,40.65,2070.75,DSL,Bank transfer (automatic),No,Yes,No,0.31769274057436986,Medium
5730-RIITO,Month-to-month,43,33.45,1500.25,DSL,Credit card (automatic),No,Yes,No,0.3172477970601481,Medium
7632-MNYOY,One year,66,110.9,7432.05,Fiber optic,Credit card (automatic),Yes,No,Yes,0.3167429382095773,Medium
0440-QEXBZ,Month-to-month,44,50.15,2139.1,DSL,Mailed check,No,No,No,0.31672968858992356,Medium
7614-QVWQL,One year,49,51.8,2541.25,DSL,Bank transfer (automatic),No,No,Yes,0.31670985465815915,Medium
6322-PJJDJ,Two year,49,94.8,4690.65,Fiber optic,Electronic check,No,No,No,0.3166502279381777,Medium
4486-EFAEB,Month-to-month,13,20.4,251.65,No,Electronic check,No internet service,No internet service,No,0.3159460129166733,Medium
8563-IIOXK,One year,7,49.75,331.3,DSL,Electronic check,No,Yes,Yes,0.31580846587844064,Medium
2696-ECXKC,One year,55,100.9,5448.6,Fiber optic,Mailed check,No,Yes,No,0.3155303148952079,Medium
8033-ATFAS,Month-to-month,39,59.85,2341.5,DSL,Mailed check,No,No,No,0.3151765929730908,Medium
9763-GRSKD,Month-to-month,13,49.95,587.45,DSL,Mailed check,No,Yes,No,0.3147776800660975,Medium
3682-YEUWS,Month-to-month,10,24.4,253.9,No,Mailed check,No internet service,No internet service,No,0.3147597200729617,Medium
4332-MUOEZ,One year,20,94.3,1818.3,Fiber optic,Credit card (automatic),Yes,Yes,No,0.3139484013606008,Medium
9839-ETQOE,Month-to-month,43,40.45,1912.85,DSL,Electronic check,No,Yes,No,0.3135999708486349,Medium
3703-TTEPD,Month-to-month,21,65.35,1424.4,DSL,Bank transfer (automatic),No,Yes,No,0.3133506273751912,Medium
9746-MDMBK,One year,47,113.45,5317.8,Fiber optic,Bank transfer (automatic),Yes,Yes,No,0.31318022233630954,Medium
6303-KFWSL,One year,29,55.25,1620.2,DSL,Electronic check,No,No,No,0.3130352759522582,Medium
3523-QRQLL,One year,22,69.5,1498.2,DSL,Bank transfer (automatic),No,No,Yes,0.3129086816565631,Medium
2212-LYASK,One year,27,45.85,1246.4,DSL,Credit card (automatic),No,No,No,0.3128962058575403,Medium
6497-TILVL,Month-to-month,7,50.7,350.35,DSL,Mailed check,No,Yes,No,0.31246796087023393,Medium
3275-RHRNE,One year,28,60.0,1682.05,DSL,Credit card (automatic),Yes,No,No,0.3122340572653416,Medium
1346-PJWTK,Month-to-month,61,94.15,5731.85,Fiber optic,Credit card (automatic),Yes,No,No,0.3121056899888571,Medium
0744-GKNGE,Month-to-month,64,86.8,5327.25,Fiber optic,Bank transfer (automatic),Yes,Yes,No,0.3116392054981319,Medium
4929-ROART,Month-to-month,18,56.25,969.85,DSL,Mailed check,No,Yes,No,0.3115425694660181,Medium
2486-WYVVE,One year,31,79.3,2484.0,DSL,Mailed check,Yes,No,No,0.3112861618017711,Medium
6475-VHUIZ,Month-to-month,23,54.25,1221.55,DSL,Electronic check,Yes,No,No,0.3112161033923864,Medium
6794-HKIAJ,Month-to-month,62,90.7,5586.45,Fiber optic,Bank transfer (automatic),No,Yes,No,0.3111738074269226,Medium
0479-HMSWA,Two year,26,105.45,2715.3,Fiber optic,Electronic check,Yes,No,No,0.3111514095056351,Medium
2040-OBMLJ,One year,31,81.7,2548.65,Fiber optic,Credit card (automatic),Yes,No,No,0.3110833428025109,Medium
9496-IVVRP,Month-to-month,11,51.0,581.7,DSL,Bank transfer (automatic),No,Yes,No,0.311038649903048,Medium
4580-TMHJU,Month-to-month,43,56.15,2499.3,DSL,Electronic check,No,No,Yes,0.3106629579839501,Medium
7803-XOCCZ,Month-to-month,52,84.05,4326.8,Fiber optic,Bank transfer (automatic),Yes,Yes,No,0.31066127748256606,Medium
9938-EKRGF,Month-to-month,15,84.45,1287.85,DSL,Mailed check,Yes,Yes,No,0.3105833738115253,Medium
8082-GHXOP,Month-to-month,13,44.0,659.35,DSL,Mailed check,No,No,No,0.31039884030447484,Medium
4365-MSDYN,Month-to-month,8,19.55,161.15,No,Bank transfer (automatic),No internet service,No internet service,No,0.31031926507565,Medium
6617-WLBQC,One year,23,81.85,1810.85,Fiber optic,Credit card (automatic),No,Yes,No,0.31029698551356144,Medium
6733-LRIZX,Two year,35,108.95,4025.5,Fiber optic,Electronic check,Yes,Yes,No,0.31016273375138415,Medium
8317-BVKSO,Month-to-month,14,20.05,299.3,No,Electronic check,No internet service,No internet service,No,0.310075613017886,Medium
5307-UVGNB,Month-to-month,53,48.7,2495.2,DSL,Bank transfer (automatic),No,Yes,No,0.30995481300550054,Medium
4541-RMRLG,Month-to-month,7,19.25,112.3,No,Electronic check,No internet service,No internet service,Yes,0.3098167355758166,Medium
7883-ROJOC,Month-to-month,19,44.9,839.65,DSL,Mailed check,No,No,No,0.3096959201654302,Medium
3272-VUHPV,Month-to-month,8,56.3,401.5,DSL,Bank transfer (automatic),Yes,No,No,0.30969588659119984,Medium
9107-UKCKY,One year,61,79.8,4914.8,DSL,Electronic check,No,No,No,0.30950969488915303,Medium
5155-AZQPB,Month-to-month,28,49.9,1410.25,DSL,Mailed check,No,No,No,0.30942166331989135,Medium
2923-ARZLG,One year,0,19.7,0.0,No,Mailed check,No internet service,No internet service,No,0.30941811271724246,Medium
3981-QSVQI,Month-to-month,8,19.7,168.9,No,Bank transfer (automatic),No internet service,No internet service,No,0.30940018721838275,Medium
1120-BMWUB,Month-to-month,16,53.9,834.15,DSL,Mailed check,Yes,No,Yes,0.3092542004363191,Medium
0708-SJDIS,Month-to-month,34,65.0,2157.5,DSL,Mailed check,Yes,No,No,0.30908386159495305,Medium
0750-EBAIU,One year,52,91.25,4738.3,Fiber optic,Electronic check,No,Yes,No,0.30907807349247035,Medium
5921-NGYRH,Month-to-month,64,73.55,4764.0,Fiber optic,Mailed check,No,Yes,No,0.30902643843687433,Medium
4190-MFLUW,Month-to-month,10,55.2,528.35,DSL,Credit card (automatic),Yes,No,Yes,0.3084454463421221,Medium
5014-WUQMG,One year,47,96.1,4391.45,Fiber optic,Electronic check,No,Yes,No,0.30820651369147256,Medium
1265-XTECC,One year,68,96.55,6581.9,Fiber optic,Credit card (automatic),No,Yes,Yes,0.3079519477127658,Medium
0384-RVBPI,Month-to-month,20,64.4,1398.6,DSL,Credit card (automatic),No,Yes,No,0.30712589839697946,Medium
2931-VUVJN,One year,59,94.05,5483.9,Fiber optic,Electronic check,Yes,Yes,No,0.306702074337301,Medium
7516-GMHUV,Two year,50,105.05,5163.3,Fiber optic,Credit card (automatic),No,Yes,No,0.30650800271787554,Medium
3865-YIOTT,One year,72,106.1,7848.5,Fiber optic,Bank transfer (automatic),No,Yes,No,0.3063766653868581,Medium
2896-TBNBE,One year,40,80.8,3132.75,Fiber optic,Electronic check,No,No,No,0.30622924030179227,Medium
4742-DRORA,One year,60,95.4,5812.0,Fiber optic,Bank transfer (automatic),No,Yes,No,0.3061456371944249,Medium
8561-NMTBD,One year,67,112.35,7388.45,Fiber optic,Credit card (automatic),Yes,No,No,0.3060464585844542,Medium
8213-TAZPM,One year,69,108.75,7493.05,Fiber optic,Bank transfer (automatic),Yes,No,No,0.30594940095946244,Medium
5832-EXGTT,Month-to-month,29,60.2,1834.15,DSL,Mailed check,No,Yes,No,0.30592714386133113,Medium
6968-MHOMU,One year,58,45.0,2689.35,DSL,Credit card (automatic),No,No,No,0.3057005198558286,Medium
2055-SIFSS,Month-to-month,55,51.65,2838.55,DSL,Bank transfer (automatic),No,No,No,0.30562139006208194,Medium
6092-QZVPP,Month-to-month,36,79.2,2854.95,DSL,Credit card (automatic),Yes,Yes,No,0.3054915153927931,Medium
2242-MFOTG,One year,33,80.1,2603.3,Fiber optic,Bank transfer (automatic),No,Yes,No,0.30534081270936775,Medium
4023-RTIQM,One year,31,50.4,1580.1,DSL,Credit card (automatic),No,Yes,No,0.30507847764963525,Medium
6906-MPARY,One year,40,89.6,3488.15,Fiber optic,Credit card (automatic),Yes,No,No,0.3048529563874975,Medium
1492-QGCLU,Month-to-month,53,85.7,4616.1,DSL,Electronic check,Yes,Yes,No,0.3042066504273044,Medium
3680-CTHUH,One year,60,116.6,7049.5,Fiber optic,Credit card (automatic),Yes,Yes,No,0.3036781097528048,Medium
0193-ESZXP,One year,58,105.5,6205.5,Fiber optic,Credit card (automatic),Yes,Yes,Yes,0.3035671215709105,Medium
4785-QRJHC,One year,46,59.9,2816.65,DSL,Bank transfer (automatic),Yes,No,Yes,0.30329019016904574,Medium
0308-GIQJT,One year,71,105.75,7382.85,Fiber optic,Bank transfer (automatic),Yes,No,No,0.30320180089362886,Medium
5206-HPJKM,Month-to-month,17,55.5,934.15,DSL,Credit card (automatic),No,Yes,No,0.30260145946234246,Medium
5808-TOTXO,One year,3,20.55,57.4,No,Credit card (automatic),No internet service,No internet service,No,0.30217208607825025,Medium
0114-RSRRW,Month-to-month,10,19.95,187.75,No,Bank transfer (automatic),No internet service,No internet service,No,0.30199331729411427,Medium
8627-EHGIP,One year,44,53.95,2375.4,DSL,Mailed check,No,No,Yes,0.30163265376698056,Medium
3948-XHGNA,Month-to-month,24,49.55,1210.4,DSL,Bank transfer (automatic),No,Yes,Yes,0.30143765322663585,Medium
7639-SUPCW,Month-to-month,22,48.8,1054.6,DSL,Credit card (automatic),No,Yes,Yes,0.3013677758496361,Medium
2805-EDJPQ,One year,56,99.75,5608.4,Fiber optic,Credit card (automatic),Yes,No,No,0.30123402574694663,Medium
9575-IWCAZ,One year,6,25.1,171.0,No,Mailed check,No internet service,No internet service,No,0.3010984037142565,Medium
3863-QSTYI,Month-to-month,59,64.65,3735.45,DSL,Electronic check,Yes,No,No,0.30069609967952227,Medium
9378-FXTIZ,One year,54,70.15,3715.65,DSL,Credit card (automatic),No,No,Yes,0.30056890302607414,Medium
4139-JPIAM,Month-to-month,51,44.45,2181.55,DSL,Credit card (automatic),Yes,Yes,No,0.3005548509742323,Medium
0516-UXRMT,One year,62,92.05,5755.8,Fiber optic,Electronic check,No,Yes,No,0.3003742099712171,Medium
9762-YAQAA,One year,39,81.4,3213.75,Fiber optic,Credit card (automatic),No,No,No,0.3002299164653978,Medium
2978-XXSOG,Month-to-month,22,59.05,1253.5,DSL,Mailed check,Yes,Yes,No,0.3000354772540155,Medium
6333-YDVLT,One year,65,110.0,7138.65,Fiber optic,Credit card (automatic),Yes,Yes,No,0.29995019676482876,Low
9152-AMKAK,Two year,6,80.25,493.4,DSL,Mailed check,Yes,Yes,No,0.2993803790195254,Low
7299-GNVPL,Month-to-month,23,84.4,1936.85,Fiber optic,Mailed check,Yes,Yes,No,0.2989630393262449,Low
9480-BQJEI,One year,62,92.3,5731.45,Fiber optic,Bank transfer (automatic),No,Yes,No,0.2989267636069968,Low
2452-SNHFZ,Month-to-month,47,75.45,3545.1,Fiber optic,Credit card (automatic),No,Yes,No,0.2985600936897186,Low
5966-EMAZU,One year,64,108.5,6880.85,Fiber optic,Mailed check,Yes,Yes,No,0.29823503692132447,Low
6994-FGRHH,One year,70,106.15,7475.1,Fiber optic,Electronic check,Yes,No,No,0.29822091642529674,Low
6994-ORCWG,One year,14,54.25,773.2,DSL,Mailed check,No,No,No,0.2979851284754883,Low
2690-DVRVK,One year,5,20.55,99.45,No,Electronic check,No internet service,No internet service,No,0.2979448630542059,Low
1447-PJGGA,Two year,57,95.25,5464.65,Fiber optic,Electronic check,No,No,Yes,0.2977846343505325,Low
1004-NOZNR,One year,56,94.8,5264.3,Fiber optic,Credit card (automatic),No,Yes,No,0.2976744471747422,Low
9115-YQHGA,Month-to-month,40,51.1,2092.9,DSL,Electronic check,Yes,No,No,0.29750364315465994,Low
9114-VEPUF,One year,62,96.1,6001.45,Fiber optic,Electronic check,No,Yes,No,0.2974742480728482,Low
3733-UOCWF,One year,61,85.55,5251.75,Fiber optic,Bank transfer (automatic),Yes,No,No,0.29734989707407966,Low
7140-ADSMJ,Month-to-month,8,20.45,162.3,No,Credit card (automatic),No internet service,No internet service,No,0.29661766009914275,Low
3221-CJMSG,Month-to-month,24,51.1,1269.6,DSL,Credit card (automatic),Yes,No,No,0.29604617988703713,Low
9097-ZUBYC,Month-to-month,14,48.8,664.4,DSL,Bank transfer (automatic),Yes,No,No,0.2960143587173603,Low
8496-DMZUK,One year,30,90.4,2820.65,Fiber optic,Bank transfer (automatic),No,Yes,No,0.29601310556734367,Low
4827-LTQRJ,One year,66,110.6,7210.85,Fiber optic,Credit card (automatic),Yes,Yes,No,0.295455669320359,Low
0810-BDHAW,One year,24,78.4,1832.4,DSL,Electronic check,No,Yes,No,0.29523597250413863,Low
7083-YNSKY,Month-to-month,15,25.4,399.6,No,Credit card (automatic),No internet service,No internet service,Yes,0.29520914837974543,Low
9633-DENPU,Month-to-month,47,58.6,2723.4,DSL,Bank transfer (automatic),No,No,No,0.29519048485373817,Low
9863-JZAIC,Month-to-month,35,55.0,2010.55,DSL,Mailed check,No,No,Yes,0.29516023248284373,Low
8133-ANHHJ,One year,49,103.0,5166.2,Fiber optic,Bank transfer (automatic),Yes,Yes,No,0.2951319018650491,Low
4644-PIZRT,One year,17,70.35,1201.65,DSL,Bank transfer (automatic),No,Yes,No,0.29503140408314243,Low
7940-UQQUG,One year,64,104.4,6721.6,Fiber optic,Bank transfer (automatic),Yes,Yes,No,0.29474056474344684,Low
5397-TUPSH,One year,65,70.95,4555.2,Fiber optic,Bank transfer (automatic),No,No,No,0.29461212697402855,Low
9788-YTFGE,Month-to-month,7,19.95,147.5,No,Mailed check,No internet service,No internet service,No,0.29454512359577906,Low
8591-NXRCV,Month-to-month,41,74.65,3090.65,DSL,Bank transfer (automatic),Yes,Yes,No,0.2943383736490382,Low
8894-JVDCV,One year,62,115.05,7133.45,Fiber optic,Credit card (automatic),Yes,Yes,No,0.29424940183873743,Low
8295-FHIVV,Month-to-month,7,19.4,168.65,No,Mailed check,No internet service,No internet service,No,0.29420568079625564,Low
1386-ZIKUV,Month-to-month,7,18.95,130.55,No,Mailed check,No internet service,No internet service,No,0.2939281246181776,Low
4860-YZGZM,Month-to-month,10,20.0,185.4,No,Electronic check,No internet service,No internet service,No,0.29369007004386594,Low
1385-TQOZW,Month-to-month,9,20.45,147.55,No,Credit card (automatic),No internet service,No internet service,No,0.293679234341133,Low
7674-YTAFD,One year,33,79.95,2684.85,Fiber optic,Bank transfer (automatic),Yes,No,No,0.29345391446691454,Low
5640-CAXOA,One year,30,40.35,1187.05,DSL,Credit card (automatic),Yes,No,No,0.2934005991485695,Low
9039-RBEEE,Month-to-month,39,48.95,1880.85,DSL,Credit card (automatic),Yes,Yes,Yes,0.2932045203318663,Low
2925-MXLSX,One year,30,68.95,2038.7,DSL,Credit card (automatic),No,No,No,0.29295538735184007,Low
7811-JIVPF,Month-to-month,23,49.7,1081.25,DSL,Credit card (automatic),No,No,No,0.29258483024149345,Low
3642-GKTCT,One year,61,115.1,6993.65,Fiber optic,Mailed check,Yes,Yes,No,0.29252461773557475,Low
0128-MKWSG,Month-to-month,26,45.8,1147.0,DSL,Mailed check,Yes,Yes,No,0.2921149134464202,Low
1614-JBEBI,Month-to-month,8,20.7,137.6,No,Mailed check,No internet service,No internet service,No,0.2920792640928451,Low
5446-DKWYW,One year,61,65.2,3965.05,DSL,Electronic check,No,No,No,0.291923246930969,Low
5294-IMHHT,One year,53,97.75,5043.2,Fiber optic,Bank transfer (automatic),Yes,No,No,0.29190669860079976,Low
4316-XCSLJ,Month-to-month,17,50.3,846.8,DSL,Mailed check,No,Yes,No,0.29180741317607756,Low
4489-SNOJF,Month-to-month,35,72.25,2568.55,DSL,Electronic check,Yes,Yes,Yes,0.29169599749699704,Low
1629-DQQVB,Month-to-month,14,50.1,709.5,DSL,Bank transfer (automatic),No,Yes,No,0.29162313522856714,Low
0678-RLHVP,Two year,53,105.55,5682.25,Fiber optic,Electronic check,No,No,No,0.2915470438784663,Low
8401-EMUWF,Month-to-month,42,69.4,3058.3,DSL,Bank transfer (automatic),No,Yes,No,0.29147002768237884,Low
4544-RXFMG,One year,8,43.45,345.5,DSL,Mailed check,No,No,No,0.29099600150952554,Low
4116-IQRFR,One year,4,24.1,73.1,No,Credit card (automatic),No internet service,No internet service,No,0.29059054067285306,Low
6258-NGCNG,Month-to-month,7,23.5,173.0,No,Mailed check,No internet service,No internet service,No,0.29001734975479015,Low
6035-RIIOM,Two year,54,97.2,5129.45,Fiber optic,Bank transfer (automatic),No,No,No,0.28998634282100016,Low
6655-LHBYW,One year,50,114.35,5791.1,Fiber optic,Credit card (automatic),Yes,Yes,No,0.2895950779146087,Low
2495-TTHBQ,One year,4,20.4,84.75,No,Mailed check,No internet service,No internet service,No,0.2893771990137868,Low
8008-ESFLK,One year,53,110.5,5835.5,Fiber optic,Electronic check,Yes,Yes,No,0.28936496454727756,Low
0851-DFJKB,Month-to-month,15,58.95,955.15,DSL,Electronic check,Yes,Yes,No,0.28892601602048584,Low
4002-BQWPQ,Month-to-month,25,81.75,2028.8,DSL,Bank transfer (automatic),Yes,Yes,No,0.2886547028538605,Low
6873-UDNLD,Month-to-month,40,67.45,2731.0,DSL,Electronic check,No,Yes,No,0.28851923961445836,Low
5151-HQRDG,Month-to-month,37,55.05,2030.75,DSL,Mailed check,No,Yes,No,0.28836819495145694,Low
8100-HZZLJ,Month-to-month,43,63.95,2737.05,DSL,Electronic check,No,Yes,No,0.2883068704797361,Low
4797-MIWUM,Month-to-month,7,20.25,174.7,No,Bank transfer (automatic),No internet service,No internet service,No,0.28802198870569024,Low
2969-WGHQO,One year,7,69.45,477.05,DSL,Electronic check,No,Yes,No,0.2879378888093835,Low
5478-JJVZK,Month-to-month,33,60.9,2033.85,DSL,Mailed check,No,Yes,No,0.2876698867606898,Low
3571-DPYUH,One year,58,94.7,5430.35,Fiber optic,Credit card (automatic),Yes,No,No,0.2868371564018164,Low
4495-LHSSK,Month-to-month,18,57.65,992.7,DSL,Mailed check,No,Yes,No,0.286724596845086,Low
8034-RYTVV,One year,55,84.25,4589.85,Fiber optic,Credit card (automatic),No,Yes,No,0.286006287776694,Low
2931-XIQBR,One year,50,103.05,5153.5,Fiber optic,Mailed check,Yes,No,No,0.2858149063448926,Low
5996-NRVXR,One year,40,98.15,4116.8,Fiber optic,Credit card (automatic),Yes,Yes,No,0.2855983827439947,Low
8439-LTUGF,Month-to-month,10,20.0,198.6,No,Credit card (automatic),No internet service,No internet service,No,0.28550539442233014,Low
0218-QNVAS,One year,71,100.55,7113.75,Fiber optic,Bank transfer (automatic),No,No,No,0.2853668895329915,Low
6296-DDOOR,One year,19,58.2,1045.25,DSL,Electronic check,No,No,No,0.2852096925838234,Low
1397-XKKWR,One year,7,35.3,264.8,DSL,Mailed check,No,Yes,No,0.28480199144865337,Low
5149-CUZUJ,One year,28,92.9,2768.35,Fiber optic,Bank transfer (automatic),Yes,No,No,0.2848009986329071,Low
1131-SUEKT,One year,61,98.45,6145.2,Fiber optic,Bank transfer (automatic),Yes,No,No,0.284500985354981,Low
0689-DSXGL,Month-to-month,52,85.8,4433.3,Fiber optic,Bank transfer (automatic),Yes,No,No,0.28434554476882795,Low
0824-VWDPO,One year,45,96.75,4442.75,Fiber optic,Bank transfer (automatic),No,Yes,No,0.2840801519589909,Low
5202-IVJNU,Month-to-month,39,30.1,1131.3,DSL,Credit card (automatic),No,No,Yes,0.2839676825769827,Low
0257-KXZGU,Month-to-month,32,62.45,2045.55,DSL,Bank transfer (automatic),No,No,No,0.28356692462520006,Low
3621-CHYVB,Month-to-month,57,49.9,2782.4,DSL,Bank transfer (automatic),Yes,Yes,No,0.28355112124631393,Low
1116-DXXDF,Two year,39,100.45,3801.7,Fiber optic,Electronic check,No,Yes,No,0.28341315332881906,Low
0655-YDGFJ,Month-to-month,29,48.95,1323.7,DSL,Bank transfer (automatic),No,No,No,0.283312059145753,Low
9025-ZRPVR,Month-to-month,9,18.95,185.6,No,Mailed check,No internet service,No internet service,Yes,0.28314740096223645,Low
9609-BENEA,One year,35,69.0,2441.7,DSL,Electronic check,Yes,No,No,0.28314153743765585,Low
1163-ONYEY,Month-to-month,41,74.55,3023.55,DSL,Credit card (automatic),No,Yes,No,0.28292871697734634,Low
6804-GDMOI,Two year,61,106.6,6428.4,Fiber optic,Electronic check,Yes,No,Yes,0.28267117064504904,Low
9896-UYMIE,One year,66,114.3,7383.7,Fiber optic,Bank transfer (automatic),Yes,Yes,No,0.2826245605267815,Low
2577-GVSIL,One year,35,73.45,2661.1,DSL,Bank transfer (automatic),Yes,No,No,0.2822670871576434,Low
9512-PHSMG,Month-to-month,10,20.55,252.75,No,Mailed check,No internet service,No internet service,No,0.282209117901622,Low
8314-DPQHL,One year,9,50.8,463.6,DSL,Mailed check,Yes,Yes,No,0.2817366431012279,Low
9495-REDIY,One year,25,40.65,970.55,DSL,Credit card (automatic),No,Yes,No,0.28166008589461794,Low
5590-ZSKRV,Month-to-month,8,54.65,482.25,DSL,Mailed check,No,Yes,No,0.281637934754911,Low
3417-TSCIC,One year,29,24.85,788.05,DSL,Mailed check,No,No,No,0.28151650889131186,Low
3847-BAERP,Month-to-month,10,20.9,247.0,No,Mailed check,No internet service,No internet service,No,0.28145949531687114,Low
1347-KTTTA,One year,64,102.45,6654.1,Fiber optic,Credit card (automatic),Yes,No,No,0.28136439121746665,Low
1784-BXEFA,Month-to-month,10,20.55,187.35,No,Mailed check,No internet service,No internet service,No,0.28124923118491785,Low
0440-UEDAI,One year,53,94.45,5042.75,Fiber optic,Credit card (automatic),Yes,No,No,0.2810206401955697,Low
1389-WNUIB,One year,20,76.0,1588.75,DSL,Bank transfer (automatic),No,Yes,No,0.2810197848737333,Low
4936-YPJNK,Month-to-month,10,19.9,199.45,No,Mailed check,No internet service,No internet service,No,0.28085899443139745,Low
3638-DIMPH,One year,13,43.8,592.65,DSL,Electronic check,No,No,No,0.2808577254998486,Low
4531-AUZNK,One year,51,95.15,5000.05,Fiber optic,Mailed check,Yes,Yes,No,0.2808038428793728,Low
3948-FVVRP,Month-to-month,9,54.8,452.8,DSL,Mailed check,Yes,No,No,0.28052010147729217,Low
7706-DZNKK,Month-to-month,11,20.45,237.3,No,Credit card (automatic),No internet service,No internet service,No,0.28044851514777364,Low
1679-JRFBR,One year,70,108.15,7930.55,Fiber optic,Credit card (automatic),No,Yes,No,0.28042650783252954,Low
6732-FZUGP,One year,47,94.9,4615.25,Fiber optic,Credit card (automatic),No,Yes,No,0.28036970607175465,Low
7820-ZYGNY,One year,63,90.45,5825.5,Fiber optic,Credit card (automatic),No,No,No,0.279914147073539,Low
3038-PQIUY,Month-to-month,38,66.15,2522.4,DSL,Bank transfer (automatic),No,Yes,No,0.27979686031206014,Low
8199-ZLLSA,One year,67,118.35,7804.15,Fiber optic,Bank transfer (automatic),Yes,Yes,Yes,0.2797489765084803,Low
1337-BOZWO,One year,18,46.4,812.4,DSL,Credit card (automatic),No,No,No,0.27964292340640623,Low
9086-YJYXS,One year,34,77.2,2753.8,DSL,Bank transfer (automatic),No,No,No,0.27954016078816374,Low
1304-SEGFY,Two year,72,97.85,6841.3,Fiber optic,Electronic check,No,No,No,0.279223314852046,Low
6156-UZDLF,One year,26,87.15,2274.1,Fiber optic,Credit card (automatic),Yes,Yes,No,0.27908817993597806,Low
8474-UMLNT,Month-to-month,13,67.8,842.25,DSL,Bank transfer (automatic),Yes,Yes,No,0.27878127387970547,Low
5832-TRLPB,One year,29,75.35,2243.9,DSL,Bank transfer (automatic),Yes,No,No,0.27856856063557456,Low
2530-FMFXO,Two year,56,103.2,5873.75,Fiber optic,Electronic check,Yes,No,No,0.2784495348838792,Low
3675-YDUPJ,Month-to-month,10,19.85,193.05,No,Mailed check,No internet service,No internet service,No,0.27838454146730973,Low
9738-QLWTP,One year,39,81.9,3219.75,Fiber optic,Electronic check,Yes,No,No,0.2783113531271807,Low
2858-MOFSQ,One year,17,55.85,937.5,DSL,Mailed check,No,No,Yes,0.2782883008164696,Low
3104-OWCGK,One year,60,90.95,5453.4,Fiber optic,Electronic check,No,No,Yes,0.2782542054135454,Low
1096-ADRUX,One year,66,74.25,4859.25,Fiber optic,Bank transfer (automatic),No,No,No,0.27794875950735826,Low
4075-WKNIU,Two year,0,73.35,0.0,DSL,Mailed check,Yes,No,No,0.27775179095171065,Low
5688-KZTSN,Month-to-month,15,20.0,288.05,No,Electronic check,No internet service,No internet service,Yes,0.27764876529173316,Low
5566-SOEZD,One year,27,80.65,2209.75,Fiber optic,Credit card (automatic),No,Yes,No,0.27761565967317925,Low
1921-KYSAY,One year,41,68.6,2877.05,DSL,Electronic check,Yes,No,No,0.27740627064959467,Low
6583-SZVGP,Two year,48,108.1,5067.45,Fiber optic,Bank transfer (automatic),No,No,No,0.27719451590557154,Low
3428-MMGUB,Two year,60,89.55,5231.2,Fiber optic,Electronic check,No,No,No,0.2770477570385893,Low
4189-NAKJS,One year,26,51.55,1295.4,DSL,Credit card (automatic),No,No,No,0.2768168392237505,Low
5223-UZAVK,One year,64,100.3,6603.8,Fiber optic,Credit card (automatic),No,Yes,No,0.2767326594828027,Low
8851-RAGOV,Month-to-month,25,71.05,1837.7,DSL,Mailed check,Yes,Yes,No,0.2766051612751761,Low
3714-XPXBW,Month-to-month,37,78.9,2976.95,DSL,Credit card (automatic),Yes,Yes,No,0.27628794933936024,Low
7872-RDDLZ,Month-to-month,67,54.9,3725.5,DSL,Electronic check,No,No,No,0.27614778935398143,Low
9013-AQORL,Month-to-month,48,45.55,2108.35,DSL,Credit card (automatic),No,No,No,0.27605730981859433,Low
1264-FUHCX,One year,49,56.3,2780.6,DSL,Credit card (automatic),Yes,No,No,0.2759749720056292,Low
8785-EPNCG,Month-to-month,11,23.15,245.2,No,Credit card (automatic),No internet service,No internet service,Yes,0.27554821082073666,Low
3863-IUBJR,One year,12,53.65,696.35,DSL,Credit card (automatic),No,No,Yes,0.27496731984515044,Low
1202-KKGFU,Month-to-month,12,54.2,690.5,DSL,Bank transfer (automatic),Yes,Yes,No,0.27481096684134787,Low
5709-LVOEQ,Two year,0,80.85,0.0,DSL,Mailed check,No,Yes,No,0.2744133660414631,Low
4182-BGSIQ,Month-to-month,10,19.8,196.75,No,Bank transfer (automatic),No internet service,No internet service,No,0.2742843791558218,Low
3633-CDBUW,One year,17,80.85,1445.95,DSL,Electronic check,Yes,No,No,0.2738923224306796,Low
2250-IVBWA,Month-to-month,64,81.05,5135.35,Fiber optic,Electronic check,No,Yes,No,0.27372184993452686,Low
7055-VKGDA,One year,54,105.4,5643.4,Fiber optic,Credit card (automatic),Yes,Yes,Yes,0.27368195664744405,Low
2599-CZABP,One year,14,44.6,641.25,DSL,Electronic check,No,No,No,0.2736404351101653,Low
4163-KIUHY,Month-to-month,35,25.6,901.25,No,Electronic check,No internet service,No internet service,No,0.27292816724642227,Low
8189-DUKMV,One year,4,20.5,79.05,No,Bank transfer (automatic),No internet service,No internet service,No,0.2719830154770821,Low
5913-INRQV,One year,34,90.15,3128.8,Fiber optic,Mailed check,Yes,Yes,No,0.27141138726257397,Low
6368-NWMCE,Month-to-month,38,68.15,2656.3,DSL,Credit card (automatic),Yes,No,No,0.2712386140118452,Low
4423-JWZJN,One year,64,90.25,5629.15,Fiber optic,Credit card (automatic),No,No,No,0.2711040343286802,Low
4422-QVIJA,Month-to-month,35,50.15,1655.35,DSL,Mailed check,No,No,No,0.2707840730825557,Low
2202-OUTMO,Month-to-month,34,60.85,2003.6,DSL,Bank transfer (automatic),Yes,Yes,No,0.2707668447604753,Low
0002-ORFBO,One year,9,65.6,593.3,DSL,Mailed check,Yes,No,No,0.2707247201497754,Low
9200-NLNPD,One year,56,54.05,2959.8,DSL,Bank transfer (automatic),Yes,No,No,0.2705752463321661,Low
4198-VFOEA,One year,12,33.6,435.45,DSL,Mailed check,Yes,Yes,No,0.2701068766075718,Low
2639-UGMAZ,One year,71,56.45,3985.35,DSL,Electronic check,No,Yes,No,0.2700503470230008,Low
9677-AVKED,One year,53,84.6,4449.75,DSL,Electronic check,Yes,No,No,0.2692462539785786,Low
3096-WPXBT,One year,61,100.7,6018.65,Fiber optic,Credit card (automatic),No,Yes,No,0.26848423210972155,Low
3537-RYBHH,Month-to-month,47,67.45,3252.0,DSL,Credit card (automatic),No,Yes,No,0.26846012627044624,Low
3470-BTGQO,Month-to-month,21,45.65,985.05,DSL,Mailed check,No,No,No,0.26826633924467186,Low
5120-ZBLAI,One year,50,75.7,3876.2,DSL,Bank transfer (automatic),No,No,No,0.26810619007017744,Low
2558-BUOZZ,One year,47,94.8,4535.85,Fiber optic,Bank transfer (automatic),No,Yes,No,0.26796050464324017,Low
8582-KRHPJ,Month-to-month,50,35.0,1782.4,DSL,Mailed check,No,Yes,No,0.2678039677086416,Low
6305-YLBMM,One year,69,104.05,7262.0,Fiber optic,Bank transfer (automatic),Yes,No,Yes,0.2677172094822552,Low
5353-WILCI,Month-to-month,28,56.05,1522.65,DSL,Electronic check,No,Yes,No,0.26770228304652355,Low
1950-KSVVJ,One year,45,113.3,5032.25,Fiber optic,Mailed check,Yes,Yes,No,0.26751356453217556,Low
4759-PXTAN,One year,59,80.1,4693.2,DSL,Electronic check,Yes,No,No,0.26709941771186646,Low
4926-UMJZD,Month-to-month,31,49.2,1498.55,DSL,Mailed check,Yes,No,No,0.2670626539597653,Low
6214-EDAKZ,Month-to-month,22,55.15,1206.05,DSL,Electronic check,Yes,No,Yes,0.26640830932218773,Low
3285-UCQVC,Month-to-month,37,28.6,973.55,DSL,Credit card (automatic),Yes,No,Yes,0.26608019916499376,Low
8910-ICHIU,One year,46,95.65,4664.2,Fiber optic,Credit card (automatic),No,Yes,No,0.26601743377008846,Low
6598-RFFVI,One year,2,19.3,28.3,No,Credit card (automatic),No internet service,No internet service,Yes,0.2659500408767435,Low
5176-LDKUH,One year,48,75.15,3772.65,Fiber optic,Electronic check,No,No,No,0.26565920045798025,Low
7013-PSXHK,One year,40,80.75,3208.65,DSL,Mailed check,Yes,No,No,0.2652696625370045,Low
6933-VLYFX,One year,31,59.95,1848.8,DSL,Electronic check,Yes,Yes,No,0.26481523336794593,Low
1376-HHBDV,Month-to-month,30,48.8,1536.75,DSL,Mailed check,No,Yes,No,0.264702787661743,Low
2851-MMUTZ,Month-to-month,27,56.15,1439.35,DSL,Mailed check,Yes,No,No,0.2646672622441279,Low
0864-FVJNJ,One year,64,113.35,7222.75,Fiber optic,Electronic check,Yes,Yes,No,0.2645211754828631,Low
1428-IEDPR,Two year,52,109.3,5731.4,Fiber optic,Electronic check,Yes,Yes,No,0.2641537258100035,Low
2363-BJLSL,Month-to-month,62,80.4,4981.15,DSL,Bank transfer (automatic),Yes,No,No,0.26401138239558947,Low
1852-XEMDW,Month-to-month,22,65.05,1427.55,DSL,Mailed check,No,Yes,No,0.26394570297615305,Low
1099-BTKWT,One year,68,54.4,3723.65,DSL,Electronic check,No,Yes,No,0.26393376381753536,Low
8548-AWOFC,Month-to-month,66,63.85,4264.6,DSL,Electronic check,Yes,No,No,0.26364305855151043,Low
5056-FIMPT,One year,43,106.0,4532.3,Fiber optic,Credit card (automatic),Yes,Yes,No,0.2634298353823923,Low
1735-XMJVH,Month-to-month,8,19.35,152.6,No,Mailed check,No internet service,No internet service,No,0.2628062783031296,Low
9504-DSHWM,Month-to-month,20,59.2,1191.2,DSL,Bank transfer (automatic),Yes,Yes,No,0.2626508220665411,Low
0396-UKGAI,Month-to-month,23,55.3,1284.2,DSL,Bank transfer (automatic),Yes,No,No,0.26257225453324,Low
8402-EIVQS,One year,67,100.9,6733.15,Fiber optic,Credit card (automatic),No,Yes,No,0.26250637796819887,Low
2019-HDCZY,Two year,63,102.6,6296.75,Fiber optic,Electronic check,No,No,No,0.26242100420759146,Low
6870-ECSHE,One year,2,20.45,34.8,No,Mailed check,No internet service,No internet service,No,0.26222328971969466,Low
1322-AGOQM,Month-to-month,46,30.3,1380.1,DSL,Bank transfer (automatic),No,No,Yes,0.2620308940019326,Low
3209-ZPKFI,Month-to-month,47,54.25,2538.2,DSL,Electronic check,No,No,No,0.2618716462516291,Low
9770-KXGQU,One year,53,98.6,5311.85,Fiber optic,Mailed check,No,Yes,No,0.26175029180162873,Low
6865-JZNKO,Month-to-month,30,55.3,1530.6,DSL,Bank transfer (automatic),No,Yes,No,0.2615194194109548,Low
4282-MSACW,One year,68,117.2,8035.95,Fiber optic,Credit card (automatic),Yes,Yes,No,0.2615081835371984,Low
0136-IFMYD,Two year,69,109.95,7634.25,Fiber optic,Electronic check,Yes,No,No,0.26144437352819944,Low
5195-KPUNQ,One year,53,96.75,5206.55,Fiber optic,Mailed check,Yes,Yes,No,0.2613961151208555,Low
1585-MQSSU,Month-to-month,17,51.5,900.5,DSL,Mailed check,Yes,No,Yes,0.2612770810285963,Low
7382-DFJTU,Month-to-month,18,55.2,1058.1,DSL,Credit card (automatic),Yes,No,No,0.26107151798402256,Low
1114-CENIM,Month-to-month,54,55.0,3092.65,DSL,Credit card (automatic),No,No,Yes,0.2607390562454352,Low
0975-UYDTX,One year,26,90.1,2312.55,DSL,Credit card (automatic),Yes,Yes,No,0.26065851976434895,Low
1371-WEPDS,One year,40,55.8,2283.3,DSL,Electronic check,No,No,No,0.26040837973877984,Low
8756-RDDLT,Month-to-month,68,44.95,3085.35,DSL,Electronic check,Yes,No,No,0.26010401361726976,Low
6302-JGYRJ,One year,31,79.45,2587.7,DSL,Mailed check,Yes,No,Yes,0.2600270468820934,Low
5027-YOCXN,One year,51,110.05,5686.4,Fiber optic,Credit card (automatic),Yes,Yes,No,0.26002459519263393,Low
2165-VOEGB,One year,46,105.2,4822.85,Fiber optic,Bank transfer (automatic),Yes,Yes,Yes,0.25987552642024875,Low
7094-MSZAO,Month-to-month,10,20.05,218.5,No,Credit card (automatic),No internet service,No internet service,No,0.2597735681373787,Low
6242-SGYTS,One year,62,94.95,5791.85,Fiber optic,Credit card (automatic),No,Yes,No,0.2597030182841861,Low
5173-ZXXXL,One year,2,19.95,47.7,No,Mailed check,No internet service,No internet service,No,0.25959662796777044,Low
0142-GVYSN,Month-to-month,26,20.3,511.25,No,Electronic check,No internet service,No internet service,No,0.2591847774758984,Low
8224-IVVPA,Month-to-month,27,56.7,1652.95,DSL,Mailed check,No,Yes,No,0.2587195859917578,Low
7629-WFGLW,One year,56,95.65,5471.75,Fiber optic,Electronic check,Yes,Yes,No,0.25817520874175903,Low
3070-BDOQC,Two year,60,99.65,5941.05,Fiber optic,Electronic check,No,No,No,0.2579217720365312,Low
0186-CAERR,One year,71,116.3,8309.55,Fiber optic,Bank transfer (automatic),Yes,Yes,No,0.25791385084242613,Low
7964-YESJC,Month-to-month,24,66.3,1559.45,DSL,Mailed check,No,Yes,No,0.2577897714368581,Low
4504-YOULA,Month-to-month,35,59.45,2136.9,DSL,Credit card (automatic),No,Yes,No,0.25753732812290264,Low
5619-PTMIK,Month-to-month,46,53.1,2459.8,DSL,Electronic check,No,Yes,No,0.25753688768445154,Low
0696-UKTOX,Month-to-month,23,54.15,1312.45,DSL,Electronic check,Yes,No,No,0.25749423434524904,Low
0795-GMVQO,One year,67,109.9,7332.4,Fiber optic,Credit card (automatic),No,Yes,No,0.257461341841249,Low
4079-VTGLK,Two year,30,74.85,2181.75,DSL,Electronic check,No,No,No,0.25741195388849275,Low
4393-OBCRR,One year,3,20.25,71.2,No,Mailed check,No internet service,No internet service,No,0.25706119928757903,Low
8017-UVSZU,Month-to-month,40,56.6,2379.1,DSL,Credit card (automatic),No,No,No,0.25696348736277114,Low
1095-WGNGG,Two year,61,101.05,5971.25,Fiber optic,Bank transfer (automatic),No,No,No,0.25671924156896575,Low
4895-TMWIR,Month-to-month,11,19.95,214.75,No,Mailed check,No internet service,No internet service,Yes,0.25661873070431784,Low
9518-IMLHK,Month-to-month,31,72.45,2156.25,DSL,Bank transfer (automatic),Yes,Yes,No,0.2563709066690076,Low
3011-WQKSZ,Month-to-month,19,20.0,377.55,No,Electronic check,No internet service,No internet service,No,0.2561759827340341,Low
7605-SNLQG,Month-to-month,45,50.25,2221.55,DSL,Credit card (automatic),No,No,No,0.2560026218083487,Low
2371-KFUOG,One year,58,99.15,5720.95,Fiber optic,Bank transfer (automatic),No,Yes,No,0.25592677861512886,Low
9092-GDZKO,Month-to-month,22,24.85,493.4,No,Credit card (automatic),No internet service,No internet service,No,0.25581981131154746,Low
7105-MXJLL,One year,26,60.7,1597.4,DSL,Mailed check,No,No,No,0.25578843678839586,Low
6286-ZHAOK,Month-to-month,20,25.55,507.4,No,Bank transfer (automatic),No internet service,No internet service,No,0.25572780424904806,Low
0665-XHDJU,Two year,72,99.4,7285.7,Fiber optic,Electronic check,No,No,No,0.25568055340920587,Low
5555-RNPGT,Month-to-month,10,24.8,223.9,No,Credit card (automatic),No internet service,No internet service,No,0.25536256859135065,Low
8909-BOLNL,One year,3,21.2,52.05,No,Mailed check,No internet service,No internet service,No,0.2552866035877962,Low
1060-ENTOF,One year,67,105.4,7035.6,Fiber optic,Credit card (automatic),Yes,Yes,No,0.2552633577366319,Low
5013-SBUIH,Two year,50,109.65,5551.15,Fiber optic,Electronic check,Yes,Yes,Yes,0.25512037976714547,Low
5857-XRECV,One year,2,20.5,38.25,No,Bank transfer (automatic),No internet service,No internet service,No,0.25511208880051434,Low
0939-EREMR,Month-to-month,13,53.45,718.1,DSL,Mailed check,Yes,No,No,0.2550950177876894,Low
4510-PYUSH,Month-to-month,38,57.15,2250.65,DSL,Credit card (automatic),No,Yes,Yes,0.2550390621267417,Low
2889-FPWRM,One year,72,117.8,8684.8,Fiber optic,Bank transfer (automatic),Yes,Yes,Yes,0.25466214526847203,Low
2001-EWBQU,Two year,60,104.7,6333.8,Fiber optic,Electronic check,No,No,No,0.254599344057125,Low
9391-LMANN,One year,53,95.95,5036.9,Fiber optic,Electronic check,No,Yes,No,0.25455962795190884,Low
8624-GIOUT,Month-to-month,49,59.75,2934.3,DSL,Credit card (automatic),No,Yes,Yes,0.254391396957692,Low
6837-BJYDQ,One year,3,19.6,61.35,No,Mailed check,No internet service,No internet service,No,0.2543838688866293,Low
7997-EASSD,One year,63,81.2,4965.1,Fiber optic,Credit card (automatic),Yes,No,No,0.25420368716107067,Low
5995-OIGLP,Month-to-month,12,56.65,654.85,DSL,Mailed check,Yes,Yes,Yes,0.25399123588865435,Low
0098-BOWSO,Month-to-month,27,19.4,529.8,No,Electronic check,No internet service,No internet service,No,0.25366794932079395,Low
1125-SNVCK,Month-to-month,49,43.8,2106.05,DSL,Mailed check,No,No,No,0.2535715360316671,Low
6749-UTDVX,Two year,72,103.65,7634.8,Fiber optic,Electronic check,No,No,No,0.2532819241379404,Low
5756-JYOJT,One year,11,64.9,697.25,DSL,Credit card (automatic),Yes,No,No,0.2532522620776132,Low
1371-DWPAZ,Two year,0,56.05,0.0,DSL,Credit card (automatic),Yes,Yes,No,0.2532055380166297,Low
8318-LCNBW,One year,35,53.15,1930.9,DSL,Credit card (automatic),No,Yes,No,0.25317072253969614,Low
6728-CZFEI,One year,15,56.15,931.9,DSL,Mailed check,No,No,No,0.2526489287691722,Low
4119-ZYPZY,Two year,71,106.8,7623.2,Fiber optic,Electronic check,Yes,No,No,0.2526418906068469,Low
7470-DYNOE,One year,53,61.1,3357.9,DSL,Electronic check,No,No,No,0.2526381698646082,Low
1208-DNHLN,One year,23,48.35,1067.15,DSL,Credit card (automatic),No,No,Yes,0.25257024822431395,Low
5651-CRHKQ,One year,41,86.2,3339.05,Fiber optic,Bank transfer (automatic),Yes,No,No,0.2523788804192955,Low
1009-IRMNA,Month-to-month,7,20.0,137.6,No,Bank transfer (automatic),No internet service,No internet service,Yes,0.2521714973060054,Low
7777-UNYHB,Month-to-month,12,20.1,232.4,No,Credit card (automatic),No internet service,No internet service,No,0.25211152197077474,Low
1121-QSIVB,One year,44,77.55,3471.1,DSL,Mailed check,No,No,No,0.2520570098803227,Low
9411-TPQQV,One year,40,54.55,2236.2,DSL,Bank transfer (automatic),Yes,Yes,No,0.25202137495383986,Low
3758-CKOQL,One year,59,107.0,6152.3,Fiber optic,Credit card (automatic),Yes,Yes,No,0.25172834894998325,Low
4418-LZMSV,Month-to-month,13,61.8,750.1,DSL,Bank transfer (automatic),Yes,No,No,0.2516304770074564,Low
8216-AZUUZ,Two year,42,100.4,4303.65,Fiber optic,Electronic check,Yes,No,No,0.2512514521909681,Low
8405-IGQFX,One year,63,90.05,5817.0,Fiber optic,Credit card (automatic),Yes,No,No,0.25122416021757604,Low
1442-OKRJE,One year,66,103.15,7031.3,Fiber optic,Bank transfer (automatic),No,Yes,No,0.25114276920941825,Low
0076-LVEPS,Month-to-month,29,45.0,1242.45,DSL,Mailed check,Yes,Yes,No,0.2510217878254105,Low
0373-AIVNJ,One year,9,39.55,373.0,DSL,Mailed check,No,Yes,No,0.25088849790760764,Low
5616-PRTNT,Month-to-month,20,19.4,374.5,No,Electronic check,No internet service,No internet service,Yes,0.2508690028770397,Low
0305-SQECB,One year,11,36.05,402.6,DSL,Mailed check,Yes,Yes,No,0.25062834762714303,Low
3391-JSQEW,Month-to-month,40,50.15,2058.5,DSL,Mailed check,No,No,No,0.25060223819835264,Low
7107-UBYKY,Month-to-month,35,25.75,882.55,No,Electronic check,No internet service,No internet service,No,0.250262074527363,Low
4776-XSKYQ,One year,12,30.25,368.85,DSL,Credit card (automatic),Yes,No,No,0.2502571197187115,Low
4946-EDSEW,Month-to-month,11,19.25,180.3,No,Mailed check,No internet service,No internet service,Yes,0.250044268768851,Low
5619-XZZKR,One year,4,19.95,68.2,No,Mailed check,No internet service,No internet service,No,0.2496299263167865,Low
6260-XLACS,One year,4,19.7,117.8,No,Mailed check,No internet service,No internet service,No,0.24949081575625393,Low
6900-RBKER,Two year,52,89.45,4577.75,Fiber optic,Credit card (automatic),No,No,No,0.24930048858714884,Low
3450-WXOAT,Month-to-month,46,45.2,2065.15,DSL,Credit card (automatic),No,No,No,0.24890386541471962,Low
6661-EIPZC,Month-to-month,48,29.5,1423.05,DSL,Credit card (automatic),Yes,No,No,0.2483660804805278,Low
7845-URHJN,Month-to-month,8,20.15,156.25,No,Bank transfer (automatic),No internet service,No internet service,Yes,0.24821865050409112,Low
2277-BKJKN,Two year,71,99.2,7213.75,Fiber optic,Electronic check,No,No,No,0.2481061359014484,Low
0623-EJQEG,One year,65,93.55,6069.25,Fiber optic,Electronic check,Yes,Yes,No,0.24781745564179017,Low
8845-LWKGE,One year,30,64.5,1985.15,DSL,Electronic check,Yes,No,No,0.24751988915389367,Low
7572-KPVKK,Two year,62,104.05,6590.5,Fiber optic,Electronic check,Yes,No,No,0.24750826363538625,Low
6103-LIANB,Two year,59,99.5,5861.75,Fiber optic,Credit card (automatic),No,No,No,0.24747944540303995,Low
5084-OOVCJ,Month-to-month,17,55.35,920.5,DSL,Credit card (automatic),Yes,Yes,No,0.2473006433732438,Low
7217-JYHOQ,Month-to-month,24,70.3,1706.45,DSL,Credit card (automatic),Yes,Yes,No,0.24723748260210365,Low
1064-FBXNK,One year,1,19.85,19.85,No,Credit card (automatic),No internet service,No internet service,No,0.246502447765562,Low
2233-TXSIU,One year,17,44.45,792.15,DSL,Credit card (automatic),No,Yes,No,0.24637939195843614,Low
6840-RESVB,One year,24,84.8,1990.5,DSL,Mailed check,Yes,Yes,No,0.24636751521457625,Low
2812-ENYMO,One year,26,54.55,1362.85,DSL,Credit card (automatic),Yes,Yes,No,0.24628273133957063,Low
9076-AXYIK,Two year,64,102.1,6538.45,Fiber optic,Electronic check,Yes,No,No,0.24588096443161617,Low
8350-NYMVI,Month-to-month,39,41.1,1597.05,DSL,Bank transfer (automatic),Yes,No,No,0.24583127154112783,Low
4429-WYGFR,Month-to-month,26,49.15,1237.3,DSL,Bank transfer (automatic),Yes,No,No,0.24578124384591338,Low
9822-BIIGN,Month-to-month,53,71.85,3827.9,DSL,Electronic check,Yes,Yes,No,0.2456113243106806,Low
6705-LNMDD,Month-to-month,20,50.0,1003.05,DSL,Mailed check,Yes,No,No,0.24553312709286707,Low
2391-IPLOP,One year,50,69.65,3442.15,DSL,Electronic check,Yes,No,No,0.24551443195766395,Low
5872-OEQNH,One year,60,44.45,2773.9,DSL,Electronic check,No,Yes,No,0.2452638904615784,Low
4830-FAXFM,Month-to-month,19,24.1,439.2,No,Credit card (automatic),No internet service,No internet service,No,0.24490368745278476,Low
6837-HAEVO,Two year,69,105.0,7297.75,Fiber optic,Electronic check,No,No,No,0.24446167693242926,Low
3729-OWRVL,Two year,65,110.35,7246.15,Fiber optic,Electronic check,Yes,Yes,No,0.2443017864975801,Low
4829-ZLJTK,Two year,72,112.4,8046.85,Fiber optic,Electronic check,No,Yes,No,0.24411317706232594,Low
3092-IGHWF,One year,67,87.4,5918.8,Fiber optic,Electronic check,No,No,Yes,0.2440306925584439,Low
8963-MQVYN,Month-to-month,22,20.55,469.85,No,Electronic check,No internet service,No internet service,No,0.24398559682393622,Low
2307-FYNNL,Two year,65,109.05,7108.2,Fiber optic,Electronic check,Yes,Yes,No,0.24358939643415523,Low
8984-EYLLL,Two year,64,105.25,6823.4,Fiber optic,Electronic check,Yes,No,No,0.24340005304291812,Low
1984-GPTEH,Month-to-month,29,25.15,702.0,No,Electronic check,No internet service,No internet service,No,0.24326123280287068,Low
0533-UCAAU,One year,57,71.1,4140.1,DSL,Credit card (automatic),No,No,No,0.2428099610830563,Low
5837-LXSDN,One year,21,58.85,1215.45,DSL,Credit card (automatic),No,No,No,0.24248208526083387,Low
2791-SFVEW,Month-to-month,9,20.15,238.15,No,Bank transfer (automatic),No internet service,No internet service,No,0.24247839405766433,Low
5445-PZWGX,One year,62,102.0,6529.25,Fiber optic,Electronic check,Yes,Yes,Yes,0.24239022451691405,Low
8947-YRTDV,One year,32,94.8,3131.55,Fiber optic,Mailed check,No,Yes,No,0.24234948130658152,Low
2801-NISEI,Month-to-month,24,54.95,1348.5,DSL,Electronic check,Yes,Yes,No,0.2422390234120984,Low
7727-SHVZV,Month-to-month,9,19.5,150.35,No,Bank transfer (automatic),No internet service,No internet service,No,0.24212383052038972,Low
9259-PACGQ,Month-to-month,34,62.65,2274.9,DSL,Electronic check,Yes,Yes,Yes,0.2420299211823468,Low
0917-EZOLA,Two year,72,104.15,7689.95,Fiber optic,Bank transfer (automatic),No,No,Yes,0.24197359682751451,Low
5193-QLVZB,Two year,63,104.75,6536.5,Fiber optic,Bank transfer (automatic),No,No,No,0.2419488437182593,Low
2266-SJNAT,One year,72,109.15,7789.6,Fiber optic,Credit card (automatic),Yes,No,No,0.24082139886357004,Low
8815-LMFLX,Month-to-month,25,25.4,546.85,No,Bank transfer (automatic),No internet service,No internet service,No,0.24081095730344973,Low
3327-YBAKM,One year,64,96.9,6314.35,Fiber optic,Mailed check,Yes,Yes,No,0.24076143378020515,Low
8752-GHJFU,One year,71,92.0,6585.2,Fiber optic,Electronic check,Yes,Yes,No,0.24068371436608907,Low
8231-BSWXX,One year,71,79.05,5552.5,Fiber optic,Credit card (automatic),No,No,No,0.2405189672209953,Low
6035-BXTTY,Month-to-month,32,54.65,1830.1,DSL,Bank transfer (automatic),Yes,No,No,0.24048386673666916,Low
3915-ODIYG,One year,60,71.75,4374.55,DSL,Electronic check,No,Yes,No,0.24041110517097,Low
2239-CFOUJ,One year,1,20.4,20.4,No,Mailed check,No internet service,No internet service,No,0.24040717444621618,Low
9853-JFZDU,Month-to-month,35,56.85,1861.1,DSL,Electronic check,Yes,No,No,0.24038032310801627,Low
7435-ZNUYY,One year,6,20.6,116.6,No,Mailed check,No internet service,No internet service,No,0.24027424254179644,Low
1395-OFUWC,Month-to-month,43,29.3,1224.05,DSL,Credit card (automatic),No,No,No,0.24005658469280847,Low
5562-BETPV,One year,1,19.65,19.65,No,Mailed check,No internet service,No internet service,No,0.24000048123286682,Low
1400-WIVLL,Two year,57,107.95,5969.85,Fiber optic,Electronic check,Yes,No,No,0.23993857508394387,Low
0201-MIBOL,Two year,66,102.4,6471.85,Fiber optic,Bank transfer (automatic),No,Yes,No,0.23978529724192593,Low
8929-KSWIH,Two year,25,99.3,2513.5,Fiber optic,Bank transfer (automatic),Yes,No,No,0.23960889275055527,Low
2967-MXRAV,One year,1,18.8,18.8,No,Mailed check,No internet service,No internet service,No,0.23954013163730828,Low
2862-JVEOY,One year,6,19.15,124.4,No,Mailed check,No internet service,No internet service,No,0.239488691455521,Low
6778-EICRF,One year,24,74.8,1821.2,DSL,Mailed check,No,Yes,No,0.23909629214487477,Low
0723-FDLAY,One year,44,85.25,3704.15,DSL,Bank transfer (automatic),Yes,No,No,0.23897713265589562,Low
6131-JLWZM,Month-to-month,13,20.3,275.4,No,Mailed check,No internet service,No internet service,No,0.23892760302491095,Low
6112-KTHFQ,Month-to-month,13,19.3,279.3,No,Mailed check,No internet service,No internet service,No,0.2383877395479659,Low
5985-TBABQ,One year,32,74.75,2282.95,DSL,Mailed check,No,Yes,No,0.23833696666528037,Low
3594-UVONA,One year,35,85.95,3110.1,DSL,Credit card (automatic),Yes,Yes,Yes,0.23816871503090223,Low
2775-SEFEE,Two year,0,61.9,0.0,DSL,Bank transfer (automatic),Yes,Yes,No,0.23780418667062475,Low
8610-ZIKJJ,One year,2,20.3,31.9,No,Mailed check,No internet service,No internet service,No,0.23778345165339865,Low
0285-INHLN,Month-to-month,27,54.75,1510.3,DSL,Credit card (automatic),No,Yes,No,0.23761232630325502,Low
4626-OZDTJ,One year,51,78.65,3950.85,DSL,Credit card (automatic),Yes,No,No,0.23742915111964294,Low
5294-CDGWY,One year,51,59.3,3014.65,DSL,Electronic check,No,Yes,Yes,0.23719091788268565,Low
2324-EFHVG,Two year,64,104.4,6692.65,Fiber optic,Bank transfer (automatic),No,No,No,0.2369770343078365,Low
0297-RBCSG,One year,19,65.35,1231.85,DSL,Bank transfer (automatic),Yes,No,No,0.23694527156016867,Low
1353-GHZOS,One year,22,59.75,1374.35,DSL,Bank transfer (automatic),No,Yes,No,0.2369259088660898,Low
9134-WYRVP,One year,51,86.35,4267.15,Fiber optic,Mailed check,No,Yes,No,0.23682872923961903,Low
4903-CNOZC,One year,29,70.9,1964.6,DSL,Credit card (automatic),No,No,No,0.23606977566335602,Low
6386-SZZKH,Two year,49,107.95,5293.2,Fiber optic,Bank transfer (automatic),Yes,No,Yes,0.23581424926241362,Low
4697-LUPSU,One year,2,20.2,34.75,No,Mailed check,No internet service,No internet service,No,0.23553744370176663,Low
0725-CXOTM,One year,36,89.65,3348.1,DSL,Credit card (automatic),Yes,Yes,No,0.23540967440988317,Low
4464-JCOLN,One year,2,19.85,35.9,No,Mailed check,No internet service,No internet service,Yes,0.23535024903280122,Low
6784-XYJAE,One year,36,55.8,1941.5,DSL,Electronic check,No,No,No,0.23525199825873314,Low
3530-CRZSB,Month-to-month,7,20.65,155.9,No,Mailed check,No internet service,No internet service,No,0.23458110694596168,Low
3941-XTSKM,One year,42,45.1,2049.05,DSL,Credit card (automatic),No,No,No,0.2345583504606146,Low
6671-NGWON,Month-to-month,7,20.35,150.6,No,Mailed check,No internet service,No internet service,No,0.23442109978521405,Low
1383-EZRWL,Month-to-month,7,20.05,164.85,No,Mailed check,No internet service,No internet service,Yes,0.23426116836182082,Low
8944-AILEF,Month-to-month,15,19.45,340.85,No,Credit card (automatic),No internet service,No internet service,No,0.23392533265872287,Low
2320-YKQBO,Month-to-month,7,19.3,144.95,No,Mailed check,No internet service,No internet service,No,0.23386167121792772,Low
8224-UAXBZ,One year,58,45.35,2540.1,DSL,Electronic check,No,Yes,No,0.2337920965619907,Low
8065-QBYTO,One year,71,99.65,7181.25,Fiber optic,Credit card (automatic),Yes,Yes,No,0.23374037876916195,Low
1810-MVMAI,Month-to-month,30,67.6,2000.2,DSL,Electronic check,Yes,Yes,No,0.23339854119688005,Low
9256-JTBNZ,Month-to-month,11,20.3,246.3,No,Bank transfer (automatic),No internet service,No internet service,No,0.23304177169851986,Low
4837-QUSFT,One year,65,100.15,6643.5,Fiber optic,Bank transfer (automatic),Yes,Yes,No,0.23249499544731636,Low
0750-EKNGL,Month-to-month,7,20.75,141.1,No,Mailed check,No internet service,No internet service,No,0.2324621349106031,Low
0289-IVARM,Month-to-month,35,60.55,1982.6,DSL,Electronic check,No,Yes,No,0.23195741720437535,Low
3898-BSJYF,One year,10,73.55,693.3,DSL,Credit card (automatic),Yes,Yes,No,0.23172724110540135,Low
4353-HYOJD,Month-to-month,27,49.85,1336.15,DSL,Mailed check,No,No,No,0.2313110331213222,Low
9388-ZEYVT,One year,43,44.15,1931.3,DSL,Electronic check,Yes,No,No,0.23113785815849824,Low
9357-UJRUN,One year,24,58.35,1346.9,DSL,Electronic check,Yes,Yes,No,0.23110437675789156,Low
5081-NWSUP,One year,10,64.9,685.55,DSL,Mailed check,Yes,No,No,0.2310301904983643,Low
6266-QHOJZ,One year,65,89.85,5844.65,Fiber optic,Electronic check,Yes,Yes,No,0.2308782182202341,Low
9139-TWBAS,One year,26,47.85,1190.5,DSL,Bank transfer (automatic),No,Yes,No,0.23077830548206665,Low
8809-RIHDD,Two year,72,103.4,7372.65,Fiber optic,Electronic check,No,No,Yes,0.2293637836516742,Low
6979-TNDEU,Month-to-month,8,19.2,156.85,No,Mailed check,No internet service,No internet service,No,0.2291370173276859,Low
0787-LHDYT,Month-to-month,16,20.6,330.25,No,Credit card (automatic),No internet service,No internet service,No,0.22901794179704144,Low
0516-QREYC,Month-to-month,24,20.3,459.95,No,Mailed check,No internet service,No internet service,No,0.22900914067847117,Low
2530-ENDWQ,Two year,71,93.7,6585.35,Fiber optic,Bank transfer (automatic),No,No,Yes,0.2289388768892109,Low
5396-IZEPB,Month-to-month,9,19.7,180.7,No,Credit card (automatic),No internet service,No internet service,No,0.22875187197526567,Low
4501-UYKBC,One year,46,69.1,3255.35,DSL,Credit card (automatic),Yes,No,No,0.2284868927916184,Low
5345-BMKWB,Month-to-month,8,20.25,158.35,No,Mailed check,No internet service,No internet service,No,0.22838323022014662,Low
8646-JCOMS,One year,66,90.55,6130.95,Fiber optic,Bank transfer (automatic),Yes,No,No,0.22823487490559613,Low
8659-HDIYE,Month-to-month,64,74.65,4869.35,DSL,Credit card (automatic),Yes,No,No,0.22819014799097465,Low
6202-JVYEU,One year,9,19.9,164.6,No,Electronic check,No internet service,No internet service,No,0.22810473800540332,Low
3324-OIRTO,One year,71,104.65,7288.4,Fiber optic,Bank transfer (automatic),No,Yes,No,0.2280469626126134,Low
2882-DDZPG,Month-to-month,12,19.45,227.45,No,Bank transfer (automatic),No internet service,No internet service,No,0.22793635372537158,Low
2001-MCUUW,Two year,46,108.65,4903.2,Fiber optic,Electronic check,Yes,No,No,0.22788509210875807,Low
9691-HKOVS,One year,55,90.15,4916.95,DSL,Electronic check,Yes,Yes,No,0.22785123083671646,Low
8406-LNMHF,One year,59,82.95,4903.15,Fiber optic,Credit card (automatic),No,Yes,No,0.22761115693744155,Low
0997-YTLNY,Month-to-month,19,48.8,953.65,DSL,Mailed check,Yes,No,No,0.2275017031753623,Low
9798-DRYDS,One year,17,61.95,1070.7,DSL,Mailed check,Yes,No,No,0.22738223681500078,Low
9364-YKUVW,Month-to-month,15,19.8,309.4,No,Mailed check,No internet service,No internet service,No,0.22710862966931056,Low
2724-FJDYW,One year,39,54.85,2191.7,DSL,Bank transfer (automatic),Yes,No,No,0.22687327353047487,Low
2129-ALKBS,Month-to-month,40,26.2,1077.5,No,Electronic check,No internet service,No internet service,No,0.22667534795167169,Low
2205-LPVGL,One year,58,89.85,5125.75,Fiber optic,Bank transfer (automatic),Yes,Yes,No,0.226429059383548,Low
9513-DXHDA,One year,27,81.7,2212.55,DSL,Electronic check,Yes,Yes,No,0.2264212693468109,Low
4713-ZBURT,Two year,45,99.7,4634.35,Fiber optic,Bank transfer (automatic),No,No,No,0.22626425923188598,Low
2023-VQFDL,Month-to-month,18,19.0,348.8,No,Electronic check,No internet service,No internet service,No,0.22594451915180475,Low
9128-CPXKI,Two year,59,95.8,5655.45,Fiber optic,Electronic check,No,No,No,0.22579955456272546,Low
6408-OTUBZ,One year,66,104.55,6779.05,Fiber optic,Bank transfer (automatic),Yes,Yes,No,0.22570325576061087,Low
5681-LLOEI,One year,43,91.25,4013.8,Fiber optic,Credit card (automatic),Yes,Yes,No,0.22541923029530103,Low
3099-OONVS,Month-to-month,25,54.3,1296.8,DSL,Electronic check,Yes,Yes,No,0.22536399086773895,Low
6278-FEPBZ,Month-to-month,9,20.25,186.15,No,Mailed check,No internet service,No internet service,No,0.22507524280748376,Low
9546-KDTRB,Month-to-month,19,24.7,465.85,No,Bank transfer (automatic),No internet service,No internet service,No,0.22478338485317031,Low
0661-KQHNK,One year,6,19.0,105.5,No,Credit card (automatic),No internet service,No internet service,No,0.22460213048971484,Low
1991-VOPLL,Month-to-month,9,19.05,157.65,No,Mailed check,No internet service,No internet service,No,0.22445398584104484,Low
0380-ZCSBI,Month-to-month,10,20.0,198.7,No,Credit card (automatic),No internet service,No internet service,No,0.2243069725114599,Low
2428-ZMCTB,Month-to-month,10,19.75,208.25,No,Credit card (automatic),No internet service,No internet service,No,0.2241777576575525,Low
4139-SUGLD,Month-to-month,31,35.4,1077.5,DSL,Bank transfer (automatic),Yes,Yes,Yes,0.22414697675955939,Low
0345-XMMUG,Two year,46,108.9,4854.3,Fiber optic,Credit card (automatic),Yes,No,No,0.2240089037180901,Low
4000-VGMQP,One year,38,78.95,2862.55,DSL,Credit card (automatic),No,No,No,0.22398956175555992,Low
2294-SALNE,One year,23,86.8,1940.8,Fiber optic,Mailed check,Yes,No,No,0.223878194248644,Low
7432-FFVAR,One year,46,90.95,4236.6,Fiber optic,Bank transfer (automatic),Yes,No,No,0.22379911051726176,Low
4765-OXPPD,Month-to-month,9,65.0,663.05,DSL,Mailed check,Yes,Yes,Yes,0.22349072043114762,Low
0117-LFRMW,Month-to-month,37,40.2,1448.8,DSL,Bank transfer (automatic),No,Yes,Yes,0.2234526473132804,Low
0052-DCKON,One year,66,115.8,7942.15,Fiber optic,Bank transfer (automatic),Yes,Yes,No,0.22344425257758246,Low
1150-FTQGN,One year,60,94.15,5811.8,Fiber optic,Bank transfer (automatic),No,Yes,No,0.22341070793234163,Low
3318-ISQFQ,Month-to-month,20,19.5,413.0,No,Bank transfer (automatic),No internet service,No internet service,No,0.22317151748773753,Low
6265-SXWBU,One year,69,95.75,6511.25,Fiber optic,Credit card (automatic),No,No,No,0.22314319489647336,Low
5578-NKCXI,One year,58,99.25,5846.65,Fiber optic,Credit card (automatic),No,Yes,No,0.22312365282351357,Low
4568-TTZRT,Month-to-month,9,20.4,181.8,No,Mailed check,No internet service,No internet service,No,0.2230428621098777,Low
4083-EUGRJ,Month-to-month,9,20.25,178.5,No,Mailed check,No internet service,No internet service,Yes,0.2229656382052269,Low
0310-VQXAM,Month-to-month,9,19.85,178.8,No,Mailed check,No internet service,No internet service,No,0.22275980101077417,Low
8035-BUYVG,One year,40,42.35,1716.45,DSL,Electronic check,No,Yes,Yes,0.22263886146920145,Low
7159-NOKYQ,Two year,67,93.15,6368.2,Fiber optic,Electronic check,No,No,No,0.22260937522845975,Low
4389-UEFCZ,Two year,72,105.5,7544.0,Fiber optic,Electronic check,No,Yes,No,0.2225170155555135,Low
2332-EFBJY,Month-to-month,16,19.7,342.4,No,Mailed check,No internet service,No internet service,Yes,0.22248078764678209,Low
8752-IMQOS,One year,5,20.1,85.1,No,Mailed check,No internet service,No internet service,No,0.22159741845368278,Low
9143-CANJF,Month-to-month,24,55.15,1319.85,DSL,Electronic check,Yes,Yes,No,0.22137130108704234,Low
9402-ROUMJ,One year,67,100.25,6689.0,Fiber optic,Bank transfer (automatic),Yes,Yes,No,0.2212671845322554,Low
4801-KFYKL,Month-to-month,8,19.45,159.2,No,Bank transfer (automatic),No internet service,No internet service,No,0.22066111100524197,Low
8079-XRJRS,One year,65,89.75,5769.6,Fiber optic,Electronic check,No,Yes,Yes,0.2206382994055666,Low
7459-IMVYU,Month-to-month,38,69.95,2657.55,DSL,Electronic check,Yes,Yes,No,0.22057117995207734,Low
4683-WYDOU,Two year,62,107.6,6912.7,Fiber optic,Bank transfer (automatic),Yes,No,No,0.22056382498460053,Low
1744-JHKYS,Month-to-month,34,24.7,780.2,No,Electronic check,No internet service,No internet service,No,0.2204960718573214,Low
5539-HIVAK,Month-to-month,28,25.7,734.6,No,Mailed check,No internet service,No internet service,No,0.21982831355084337,Low
5863-OOKCL,Month-to-month,10,18.85,163.2,No,Mailed check,No internet service,No internet service,No,0.2198138911646296,Low
1708-PBBOA,One year,42,54.75,2348.45,DSL,Electronic check,Yes,Yes,No,0.2197248126132403,Low
7816-VGHTO,Two year,6,40.55,217.5,DSL,Mailed check,Yes,No,No,0.21948826863095225,Low
7762-ONLJY,One year,6,19.7,94.45,No,Mailed check,No internet service,No internet service,No,0.21896728289818648,Low
3552-CTCYF,Two year,63,104.8,6597.25,Fiber optic,Bank transfer (automatic),No,No,No,0.21893973483779786,Low
5236-PERKL,Two year,57,112.95,6465.0,Fiber optic,Bank transfer (automatic),No,Yes,Yes,0.21867017394213492,Low
4011-ARPHK,Month-to-month,27,50.35,1411.35,DSL,Mailed check,No,Yes,No,0.21860009041244702,Low
4654-DLAMQ,One year,64,97.0,6430.9,Fiber optic,Bank transfer (automatic),No,Yes,No,0.21831436041794072,Low
2636-SJDOU,One year,64,84.3,5289.05,Fiber optic,Credit card (automatic),No,Yes,No,0.21825151075767316,Low
6674-KVJHG,One year,11,25.2,245.15,No,Electronic check,No internet service,No internet service,No,0.21821162720622156,Low
9114-AAFQH,One year,48,65.65,3094.65,DSL,Electronic check,No,No,No,0.21816919578989738,Low
9972-NKTFD,Month-to-month,28,54.65,1517.5,DSL,Bank transfer (automatic),Yes,No,No,0.21780484156153224,Low
6075-QMNRR,Month-to-month,52,49.75,2535.55,DSL,Bank transfer (automatic),No,Yes,No,0.21774960162448606,Low
1136-XGEQU,One year,50,84.15,4164.4,DSL,Credit card (automatic),Yes,No,No,0.21763967300044887,Low
0112-QWPNC,One year,49,84.35,4059.35,DSL,Electronic check,Yes,Yes,Yes,0.21712556170773123,Low
1140-UKVZG,Month-to-month,17,24.8,475.25,No,Mailed check,No internet service,No internet service,No,0.21709502504791858,Low
6480-YAGIY,One year,45,112.2,5031.85,Fiber optic,Credit card (automatic),Yes,Yes,No,0.21692390852064103,Low
9754-CLVZW,Month-to-month,26,38.85,1025.15,DSL,Credit card (automatic),Yes,Yes,No,0.21687802247743065,Low
2911-IJORQ,One year,37,90.6,3358.65,DSL,Bank transfer (automatic),Yes,Yes,No,0.21686212700283466,Low
4419-UJMUS,Two year,69,99.35,6856.45,Fiber optic,Electronic check,Yes,No,No,0.21679147679132035,Low
6297-NOOPG,Two year,70,110.5,7752.05,Fiber optic,Electronic check,Yes,No,No,0.2167880143394665,Low
0895-LNKRC,One year,6,19.45,113.5,No,Mailed check,No internet service,No internet service,No,0.2167727637129075,Low
0661-KBKPA,One year,53,78.75,3942.45,DSL,Mailed check,Yes,No,No,0.21620099271986074,Low
3752-CQSJI,Month-to-month,13,20.45,254.5,No,Mailed check,No internet service,No internet service,No,0.21617423612775294,Low
6289-CPNLD,One year,33,73.9,2405.05,DSL,Mailed check,Yes,No,Yes,0.216125156594232,Low
5724-BIDBU,One year,49,55.35,2633.95,DSL,Electronic check,No,Yes,No,0.2158080765010696,Low
1237-WIYYZ,Month-to-month,18,19.55,389.25,No,Mailed check,No internet service,No internet service,No,0.21549784541378164,Low
1159-WFSGR,Month-to-month,16,20.4,321.4,No,Electronic check,No internet service,No internet service,No,0.2154269768229476,Low
2330-PQGDQ,One year,51,84.2,4299.75,Fiber optic,Bank transfer (automatic),Yes,No,No,0.21534133315851997,Low
7531-GQHME,Month-to-month,12,20.05,265.45,No,Credit card (automatic),No internet service,No internet service,No,0.21532626400795002,Low
1696-MZVAU,One year,39,25.25,947.75,DSL,Credit card (automatic),No,No,No,0.21524098361652966,Low
0489-WMEMG,One year,23,49.45,1119.35,DSL,Electronic check,Yes,No,No,0.214987514484187,Low
7184-LRUUR,One year,22,65.25,1441.8,DSL,Bank transfer (automatic),No,No,No,0.21457288190243415,Low
7228-PAQPD,One year,14,59.1,772.85,DSL,Credit card (automatic),Yes,No,No,0.21456940868519886,Low
7446-KQISO,Two year,45,109.75,4900.65,Fiber optic,Bank transfer (automatic),Yes,No,No,0.2145408470547252,Low
8089-UZWLX,Two year,71,104.05,7413.55,Fiber optic,Bank transfer (automatic),No,No,No,0.21437710348955952,Low
8016-ZMGMO,One year,66,70.85,4738.85,DSL,Bank transfer (automatic),No,No,No,0.21424479766388138,Low
4003-OCTMP,One year,31,64.0,1910.75,DSL,Electronic check,Yes,Yes,No,0.2142295150163033,Low
9932-WBWIK,Month-to-month,11,20.35,215.25,No,Mailed check,No internet service,No internet service,No,0.21404880719854952,Low
2371-JUNGC,Month-to-month,11,20.25,208.0,No,Mailed check,No internet service,No internet service,No,0.21399882674330375,Low
5944-UGLLK,One year,53,54.9,3045.75,DSL,Credit card (automatic),Yes,No,No,0.2139413354572786,Low
0594-UFTUL,Month-to-month,13,19.85,252.0,No,Mailed check,No internet service,No internet service,No,0.21382517401900258,Low
9350-ZXYJC,Two year,4,25.3,116.95,No,Credit card (automatic),No internet service,No internet service,No,0.21368024182013565,Low
1045-LTCYT,Month-to-month,8,21.05,139.75,No,Credit card (automatic),No internet service,No internet service,No,0.2136698250321055,Low
4623-ZKHLY,Month-to-month,22,20.45,471.55,No,Bank transfer (automatic),No internet service,No internet service,No,0.213430570789143,Low
0356-OBMAC,Two year,56,99.9,5706.3,Fiber optic,Bank transfer (automatic),Yes,No,No,0.21342031205547207,Low
5089-IFSDP,Two year,58,109.45,6144.55,Fiber optic,Bank transfer (automatic),No,Yes,Yes,0.2132661875435099,Low
6648-INWPS,Month-to-month,16,20.15,341.35,No,Electronic check,No internet service,No internet service,No,0.21325825097831932,Low
9786-IJYDL,Two year,35,113.2,3914.05,Fiber optic,Mailed check,Yes,Yes,No,0.21319771426024603,Low
6718-BDGHG,One year,43,64.85,2908.2,DSL,Bank transfer (automatic),Yes,No,No,0.21308298149967075,Low
3181-MIZBN,Month-to-month,16,19.75,313.4,No,Electronic check,No internet service,No internet service,No,0.21305891819882375,Low
3969-JQABI,Month-to-month,58,65.25,3791.6,DSL,Credit card (automatic),No,Yes,No,0.2129243556622378,Low
9592-ERDKV,One year,37,79.25,2911.8,DSL,Mailed check,No,Yes,No,0.2128770313579244,Low
3635-JBPSG,Two year,15,38.8,603.0,DSL,Mailed check,No,No,No,0.21283296444328656,Low
8465-SBRXP,Two year,38,94.9,3616.25,Fiber optic,Bank transfer (automatic),Yes,No,No,0.2126094320677959,Low
2930-UOTMB,Month-to-month,31,65.25,1994.3,DSL,Credit card (automatic),Yes,Yes,Yes,0.21243023043468598,Low
1488-SYSFC,Month-to-month,31,20.65,702.05,No,Electronic check,No internet service,No internet service,No,0.2124112154507047,Low
1730-VFMWO,Month-to-month,34,50.2,1815.3,DSL,Bank transfer (automatic),Yes,No,No,0.2122652095658993,Low
5025-GOOKI,Month-to-month,20,18.9,347.65,No,Credit card (automatic),No internet service,No internet service,No,0.21218216184495586,Low
7954-MLBUN,Two year,31,99.45,3109.9,Fiber optic,Bank transfer (automatic),Yes,No,No,0.21216209052800028,Low
3012-VFFMN,Month-to-month,7,20.65,158.95,No,Mailed check,No internet service,No internet service,No,0.2120518178572079,Low
2830-LEWOA,One year,61,103.9,6449.15,Fiber optic,Credit card (automatic),Yes,No,No,0.21202461530940497,Low
7336-RLLRH,One year,27,80.85,2204.35,DSL,Mailed check,Yes,Yes,No,0.21201263221752717,Low
5774-XZTQC,Month-to-month,7,20.45,150.75,No,Mailed check,No internet service,No internet service,No,0.21195254647856146,Low
0835-JKADZ,Two year,71,111.25,7984.15,Fiber optic,Electronic check,Yes,No,No,0.21194201199051588,Low
1539-LNKHM,Month-to-month,12,20.4,266.6,No,Mailed check,No internet service,No internet service,No,0.21170697124808027,Low
6838-HVLXG,Month-to-month,12,20.3,246.7,No,Mailed check,No internet service,No internet service,No,0.21165739035321368,Low
3115-JPJDD,One year,59,81.25,4639.45,Fiber optic,Credit card (automatic),No,Yes,No,0.21164101818047848,Low
9367-TCUYN,Month-to-month,12,20.1,223.6,No,Mailed check,No internet service,No internet service,No,0.2115582540473881,Low
1563-IWQEX,Month-to-month,12,19.7,220.35,No,Mailed check,No internet service,No internet service,No,0.21136008337147255,Low
3750-RNQKR,Month-to-month,12,19.45,246.25,No,Mailed check,No internet service,No internet service,No,0.21123629571805744,Low
3351-NQLDI,One year,67,94.35,6341.45,Fiber optic,Credit card (automatic),Yes,Yes,Yes,0.21114123430517315,Low
2466-NEJOJ,Month-to-month,8,19.65,169.75,No,Credit card (automatic),No internet service,No internet service,No,0.21094473253895507,Low
8457-XIGKN,Month-to-month,20,19.6,356.15,No,Credit card (automatic),No internet service,No internet service,No,0.21050607395979262,Low
3716-LRGXK,Two year,60,101.15,6067.4,Fiber optic,Credit card (automatic),No,No,No,0.21045877595667126,Low
8204-TIFGJ,Month-to-month,23,20.3,470.6,No,Bank transfer (automatic),No internet service,No internet service,No,0.2102061405426736,Low
5382-TEMLV,Month-to-month,45,50.9,2298.55,DSL,Bank transfer (automatic),No,Yes,No,0.21015673320133652,Low
0384-LPITE,One year,40,62.05,2511.55,DSL,Credit card (automatic),No,Yes,No,0.21005476530118342,Low
0815-MFZGM,Two year,42,99.0,4135.0,Fiber optic,Credit card (automatic),Yes,No,No,0.21005440184687804,Low
4732-RRJZC,Month-to-month,7,20.25,144.35,No,Mailed check,No internet service,No internet service,No,0.20983407502558069,Low
8942-DBMHZ,Month-to-month,12,20.45,255.35,No,Mailed check,No internet service,No internet service,No,0.2097133810493995,Low
5504-WSIUR,One year,70,90.25,6385.95,Fiber optic,Bank transfer (automatic),Yes,No,No,0.20932787391900848,Low
4186-ZBUEW,One year,36,70.7,2511.95,DSL,Mailed check,Yes,No,No,0.2090837759487459,Low
4826-DXMUP,One year,35,72.1,2495.15,DSL,Mailed check,Yes,No,No,0.2090804482460357,Low
9308-ANMVE,Month-to-month,47,55.3,2654.05,DSL,Electronic check,No,Yes,No,0.2090071666484047,Low
4063-EIKNQ,Month-to-month,11,20.95,267.35,No,Bank transfer (automatic),No internet service,No internet service,No,0.208928067339934,Low
9146-JRIOX,Month-to-month,14,25.55,372.45,No,Mailed check,No internet service,No internet service,No,0.2088871763541167,Low
5360-LJCNJ,Two year,71,105.15,7555.0,Fiber optic,Bank transfer (automatic),No,No,No,0.20849184590429107,Low
5018-LXQQG,Month-to-month,30,66.3,1923.5,DSL,Bank transfer (automatic),Yes,Yes,No,0.20846218645099152,Low
2450-ZKEED,One year,11,53.8,651.55,DSL,Bank transfer (automatic),Yes,No,No,0.20817155433170229,Low
0748-RDGGM,One year,70,109.5,7534.65,Fiber optic,Bank transfer (automatic),Yes,Yes,Yes,0.20799894238411396,Low
6500-JVEGC,One year,68,101.35,7110.75,Fiber optic,Bank transfer (automatic),No,Yes,No,0.20795875909135797,Low
4906-ZHGPK,One year,54,70.7,3770.0,DSL,Electronic check,Yes,No,No,0.20795508578187924,Low
6481-OGDOO,One year,67,90.6,6056.15,Fiber optic,Credit card (automatic),No,Yes,Yes,0.2078764675614836,Low
7566-DSRLQ,Two year,72,110.15,7998.8,Fiber optic,Electronic check,Yes,No,No,0.20783187747367152,Low
6941-KXRRV,One year,48,58.95,2789.7,DSL,Bank transfer (automatic),No,No,No,0.20706942836590256,Low
5440-FLBQG,Two year,69,108.4,7318.2,Fiber optic,Bank transfer (automatic),Yes,No,Yes,0.20692976060165189,Low
4129-LYCOI,Two year,67,104.0,7039.05,Fiber optic,Electronic check,Yes,No,No,0.20686047802361507,Low
2717-HVIZY,Month-to-month,8,20.05,163.6,No,Mailed check,No internet service,No internet service,No,0.20662534987058312,Low
4694-PHWFW,Month-to-month,8,19.95,170.9,No,Mailed check,No internet service,No internet service,No,0.2065766471993366,Low
8550-XSXUQ,One year,48,70.55,3420.5,DSL,Credit card (automatic),No,No,No,0.20649777561183613,Low
3696-XRIEN,One year,50,82.5,4179.1,DSL,Credit card (automatic),Yes,Yes,No,0.2064191157539482,Low
1282-IHQAC,One year,70,44.05,3011.65,DSL,Credit card (automatic),No,No,No,0.20625659548342062,Low
5032-USPKF,One year,38,84.1,3187.65,DSL,Bank transfer (automatic),No,Yes,No,0.20622052442100194,Low
7654-YWJUF,One year,43,84.25,3539.25,Fiber optic,Bank transfer (automatic),Yes,Yes,No,0.2060887403820319,Low
3597-YASZG,Two year,70,104.45,7349.35,Fiber optic,Bank transfer (automatic),Yes,No,No,0.20605579497514312,Low
9052-DHNKM,One year,26,61.55,1581.95,DSL,Electronic check,No,Yes,No,0.20595211092966415,Low
4598-ZADCK,One year,53,53.6,2879.2,DSL,Electronic check,Yes,Yes,No,0.20594737605533076,Low
7718-UPSKJ,One year,69,106.4,7251.9,Fiber optic,Credit card (automatic),Yes,Yes,No,0.2058577400373456,Low
0208-BPQEJ,Month-to-month,12,19.4,198.1,No,Bank transfer (automatic),No internet service,No internet service,No,0.20584929691516393,Low
8822-KNBHV,One year,48,83.45,3887.85,DSL,Credit card (automatic),No,Yes,No,0.2055879518735121,Low
5229-DTFYB,Two year,41,98.8,3959.15,Fiber optic,Bank transfer (automatic),Yes,No,No,0.20528107020420996,Low
9931-KGHOA,Month-to-month,46,55.0,2473.95,DSL,Bank transfer (automatic),No,Yes,No,0.20527964030075155,Low
0842-IWYCP,Month-to-month,46,44.95,2168.9,DSL,Bank transfer (automatic),No,No,No,0.20525948014631074,Low
2419-FSORS,Two year,72,108.4,7719.5,Fiber optic,Electronic check,Yes,No,No,0.2049922874560475,Low
9031-ZVQPT,Two year,72,108.2,7840.6,Fiber optic,Electronic check,Yes,No,No,0.20489546157946897,Low
6838-YAUVY,Two year,54,95.1,5064.85,Fiber optic,Bank transfer (automatic),Yes,No,No,0.20485273603784773,Low
2887-JPYLU,Month-to-month,41,45.2,1841.9,DSL,Bank transfer (automatic),No,No,No,0.2048229032995174,Low
1850-AKQEP,Month-to-month,8,20.35,178.7,No,Mailed check,No internet service,No internet service,No,0.20478812546972414,Low
2958-NHPPS,Month-to-month,23,20.85,473.9,No,Electronic check,No internet service,No internet service,No,0.20470234270398896,Low
9362-MWODR,Month-to-month,40,64.1,2460.35,DSL,Credit card (automatic),Yes,Yes,No,0.20461920066412698,Low
6993-YCOBK,Two year,60,110.6,6586.85,Fiber optic,Electronic check,Yes,Yes,No,0.2041280723840984,Low
4622-YNKIJ,Two year,33,88.95,3027.65,Fiber optic,Electronic check,Yes,Yes,No,0.2040542554912524,Low
3441-CGZJH,One year,43,60.4,2640.55,DSL,Credit card (automatic),Yes,Yes,No,0.20382986252673835,Low
8565-HBFNN,One year,69,107.2,7317.1,Fiber optic,Credit card (automatic),Yes,Yes,No,0.20366210794285655,Low
4806-DXQCE,Two year,70,113.65,7714.65,Fiber optic,Electronic check,Yes,Yes,No,0.20309260263604478,Low
2272-WUSPA,Two year,72,110.75,7751.7,Fiber optic,Electronic check,No,Yes,No,0.20283317643801357,Low
3282-ZISZV,One year,32,83.7,2633.3,DSL,Credit card (automatic),Yes,No,No,0.20283223467052433,Low
8107-RZLNV,Two year,72,106.3,7565.35,Fiber optic,Bank transfer (automatic),No,No,No,0.20277830015858597,Low
9695-IDRZR,Two year,34,116.15,3946.9,Fiber optic,Credit card (automatic),Yes,Yes,No,0.20250255167701534,Low
0536-ACXIP,Two year,72,109.55,8165.1,Fiber optic,Electronic check,No,Yes,No,0.20225728872718085,Low
2533-QVMSK,Two year,61,94.1,5638.3,Fiber optic,Electronic check,Yes,No,Yes,0.2021522812131792,Low
5286-YHCVC,Two year,72,104.8,7470.1,Fiber optic,Bank transfer (automatic),No,No,No,0.20205877672614575,Low
9715-WZCLW,Two year,71,97.2,6910.3,Fiber optic,Electronic check,No,Yes,No,0.20168590573664383,Low
1334-PDUKM,One year,68,86.45,5762.95,Fiber optic,Credit card (automatic),No,No,No,0.2016291657551676,Low
4822-LPTYJ,Two year,72,103.75,7346.2,Fiber optic,Bank transfer (automatic),No,No,No,0.2015562457948273,Low
8780-RSYYU,Month-to-month,25,19.2,532.1,No,Credit card (automatic),No internet service,No internet service,No,0.20128307117976557,Low
4091-TVOCN,One year,48,78.75,3682.45,DSL,Credit card (automatic),No,Yes,No,0.20111641643536718,Low
9351-LZYGF,Month-to-month,42,66.4,2727.8,DSL,Credit card (automatic),Yes,Yes,No,0.20095930528489642,Low
2519-TWKFS,One year,25,55.1,1466.1,DSL,Mailed check,Yes,No,No,0.2008069533296594,Low
8865-TNMNX,One year,10,49.55,475.7,DSL,Mailed check,No,No,No,0.2007528404877494,Low
3623-FQBOX,Month-to-month,21,19.95,416.4,No,Mailed check,No internet service,No internet service,No,0.20071574620121946,Low
3229-USWAR,One year,34,79.95,2727.3,DSL,Bank transfer (automatic),Yes,Yes,No,0.20060099974930495,Low
8735-NBLWT,Month-to-month,9,20.4,184.1,No,Mailed check,No internet service,No internet service,No,0.20056857566251585,Low
6295-OSINB,Two year,72,109.65,7880.25,Fiber optic,Electronic check,No,Yes,No,0.20035386970482666,Low
9330-VOFSZ,Two year,60,110.8,6640.7,Fiber optic,Credit card (automatic),Yes,No,No,0.20033530353472223,Low
1702-CCFNJ,Month-to-month,52,61.35,3169.55,DSL,Bank transfer (automatic),Yes,No,No,0.2002080613149825,Low
6861-OKBCE,Month-to-month,11,20.1,221.35,No,Credit card (automatic),No internet service,No internet service,Yes,0.19952077170321675,Low
9848-JQJTX,Two year,72,100.9,7459.05,Fiber optic,Bank transfer (automatic),No,No,No,0.19943850278464792,Low
6319-QSUSR,Month-to-month,11,19.7,216.2,No,Credit card (automatic),No internet service,No internet service,No,0.19933102607550085,Low
2150-WLKUW,One year,40,63.9,2635.0,DSL,Bank transfer (automatic),No,No,No,0.19875747075343936,Low
6568-POCUI,Two year,45,95.2,4285.8,Fiber optic,Credit card (automatic),Yes,No,No,0.19874729300267702,Low
9730-DRTMJ,One year,32,72.8,2333.05,DSL,Credit card (automatic),Yes,Yes,No,0.19871873783272928,Low
9867-NNXLC,Month-to-month,22,20.05,470.2,No,Mailed check,No internet service,No internet service,No,0.19850657927101775,Low
8261-GWDBQ,Two year,60,116.05,6925.9,Fiber optic,Bank transfer (automatic),Yes,Yes,No,0.19816647907525956,Low
2038-YSEZE,Month-to-month,29,67.45,1801.1,DSL,Mailed check,Yes,Yes,No,0.19802195903138864,Low
4712-UYOOI,Month-to-month,20,20.0,417.65,No,Electronic check,No internet service,No internet service,No,0.1980148879066769,Low
9555-SAHUZ,Month-to-month,38,54.5,2076.05,DSL,Electronic check,No,Yes,No,0.19726113514839805,Low
9488-FYQAU,Two year,63,109.25,6841.4,Fiber optic,Bank transfer (automatic),Yes,No,No,0.19705132372791298,Low
2868-LLSKM,One year,68,83.65,5733.4,Fiber optic,Bank transfer (automatic),Yes,No,No,0.19694111251812801,Low
4654-GGUII,One year,18,40.2,711.95,DSL,Mailed check,Yes,Yes,No,0.19686190524830843,Low
0201-OAMXR,One year,70,115.55,8127.6,Fiber optic,Credit card (automatic),Yes,Yes,Yes,0.19672997538922177,Low
0303-UNCIP,One year,41,65.0,2531.8,DSL,Mailed check,No,No,No,0.19646881846146996,Low
5153-LXKDT,Two year,68,110.2,7467.5,Fiber optic,Electronic check,No,Yes,No,0.19589806310090255,Low
1877-HKBQX,One year,11,54.6,617.85,DSL,Mailed check,Yes,Yes,No,0.1958226350717519,Low
5304-EFJLP,Two year,72,111.65,8022.85,Fiber optic,Bank transfer (automatic),Yes,No,No,0.19581526505299107,Low
1444-VVSGW,One year,70,115.65,7968.85,Fiber optic,Credit card (automatic),Yes,Yes,Yes,0.1956111693793708,Low
7233-IOQNP,Month-to-month,43,34.0,1505.35,DSL,Bank transfer (automatic),Yes,Yes,No,0.19559025676411293,Low
2316-ESMLS,One year,12,33.15,444.75,DSL,Credit card (automatic),Yes,Yes,No,0.1955889314652217,Low
6933-FHBZC,One year,26,56.05,1553.2,DSL,Mailed check,No,No,No,0.19556193973918098,Low
7812-FZHPE,Month-to-month,17,24.1,409.9,No,Mailed check,No internet service,No internet service,Yes,0.19548817145430544,Low
7134-HBPBS,Two year,72,108.1,7774.05,Fiber optic,Bank transfer (automatic),Yes,No,No,0.19531884428248927,Low
6502-KUGLL,Month-to-month,14,59.45,780.85,DSL,Bank transfer (automatic),Yes,Yes,No,0.19529172127965938,Low
7182-OVLBJ,Two year,62,101.15,6638.35,Fiber optic,Bank transfer (automatic),No,Yes,No,0.19528517720750616,Low
0377-JBKKT,Month-to-month,22,57.95,1271.8,DSL,Mailed check,Yes,Yes,No,0.19517577939980016,Low
2338-BQEZT,Month-to-month,55,50.55,2832.75,DSL,Credit card (automatic),No,Yes,No,0.19497633302630651,Low
4795-WRNVT,Month-to-month,40,65.1,2586.0,DSL,Mailed check,No,Yes,No,0.19492815567937305,Low
1162-ECVII,Two year,72,109.75,7932.5,Fiber optic,Bank transfer (automatic),Yes,No,No,0.1949278262617328,Low
1898-JSNDC,One year,39,58.6,2224.5,DSL,Credit card (automatic),No,No,No,0.19487615402004102,Low
4054-CUMIA,Month-to-month,18,20.25,401.95,No,Mailed check,No internet service,No internet service,No,0.19466183660830116,Low
8707-HOEDG,Two year,70,110.2,7689.8,Fiber optic,Electronic check,Yes,No,No,0.19464620776190816,Low
5297-MDOIR,One year,63,81.15,5224.5,Fiber optic,Credit card (automatic),No,Yes,No,0.19459875277024857,Low
8220-OCUFY,One year,21,60.25,1258.35,DSL,Electronic check,Yes,Yes,No,0.19438205891835578,Low
9586-JGQKH,Two year,64,105.4,6794.75,Fiber optic,Bank transfer (automatic),Yes,No,No,0.19434839298897588,Low
5915-DGNVC,One year,49,71.8,3472.05,DSL,Electronic check,No,Yes,No,0.1943472520394209,Low
2120-SMPEX,Month-to-month,25,20.15,536.35,No,Mailed check,No internet service,No internet service,No,0.19429559236242017,Low
9391-TTOYH,Month-to-month,23,19.5,470.2,No,Mailed check,No internet service,No internet service,No,0.1941058007951242,Low
8152-VETUR,Two year,72,97.7,6869.7,Fiber optic,Credit card (automatic),No,No,No,0.1939306776709792,Low
0134-XWXCE,One year,44,74.85,3268.05,DSL,Bank transfer (automatic),Yes,No,No,0.19391985505523235,Low
0547-HURJB,Month-to-month,12,21.05,235.8,No,Credit card (automatic),No internet service,No internet service,No,0.19389991847524735,Low
3648-GZPHF,One year,32,36.25,1151.05,DSL,Mailed check,Yes,No,No,0.1938133251416768,Low
5693-PIPCS,Two year,41,99.65,4220.35,Fiber optic,Credit card (automatic),Yes,No,No,0.19372602755252338,Low
0607-MVMGC,One year,45,78.75,3600.65,DSL,Credit card (automatic),No,No,No,0.19356908882337379,Low
4808-YNLEU,One year,35,62.15,2215.45,DSL,Bank transfer (automatic),No,Yes,No,0.19344349554790827,Low
2469-DTSGX,Two year,72,111.65,7943.45,Fiber optic,Electronic check,Yes,No,No,0.19337309910827968,Low
6766-HFKLA,Two year,56,103.2,5744.35,Fiber optic,Bank transfer (automatic),Yes,No,No,0.19322563775874893,Low
1301-LOPVR,One year,29,55.35,1636.95,DSL,Credit card (automatic),Yes,Yes,No,0.19318747064725286,Low
0068-FIGTF,One year,27,78.2,2078.95,DSL,Mailed check,Yes,No,No,0.19269623316990134,Low
6598-KELSS,One year,50,43.05,2208.05,DSL,Bank transfer (automatic),No,Yes,No,0.19219249640187727,Low
5577-OTWWW,Month-to-month,15,19.75,297.3,No,Bank transfer (automatic),No internet service,No internet service,Yes,0.19175280804255304,Low
0484-JPBRU,Month-to-month,41,25.25,996.45,No,Bank transfer (automatic),No internet service,No internet service,No,0.19172019903496318,Low
6968-URWQU,One year,43,56.35,2391.15,DSL,Mailed check,No,No,No,0.19166010864275215,Low
7641-TQFHN,Two year,39,100.55,3895.35,Fiber optic,Mailed check,Yes,No,No,0.191630205788446,Low
2223-KAGMX,Month-to-month,15,19.4,289.3,No,Bank transfer (automatic),No internet service,No internet service,Yes,0.1915916902625257,Low
2634-HCZGT,One year,53,60.05,3229.65,DSL,Electronic check,Yes,Yes,Yes,0.19140987719044458,Low
7956-XQWGU,Month-to-month,27,19.4,460.25,No,Credit card (automatic),No internet service,No internet service,No,0.1911806640823145,Low
1527-SXDPN,Two year,52,96.25,4990.25,Fiber optic,Bank transfer (automatic),Yes,No,Yes,0.19117183653543457,Low
6250-CGGUN,One year,54,84.4,4484.05,Fiber optic,Electronic check,Yes,Yes,No,0.19084235187467335,Low
3301-VKTGC,One year,68,85.5,5696.6,Fiber optic,Bank transfer (automatic),No,Yes,No,0.19083695961365027,Low
5701-GUXDC,One year,26,35.4,978.6,DSL,Credit card (automatic),No,Yes,No,0.19082777689026956,Low
0080-EMYVY,One year,14,51.45,727.85,DSL,Credit card (automatic),No,No,No,0.19078488273963293,Low
2150-UWTFY,Month-to-month,22,61.15,1422.05,DSL,Mailed check,No,Yes,Yes,0.1906206966293641,Low
1218-VKFPE,Month-to-month,12,19.0,233.55,No,Mailed check,No internet service,No internet service,Yes,0.19018535629076058,Low
4770-QAZXN,Month-to-month,13,19.45,232.1,No,Credit card (automatic),No internet service,No internet service,No,0.19003366915457728,Low
7657-DYEPJ,One year,38,70.15,2497.35,DSL,Credit card (automatic),Yes,No,Yes,0.18996299196706387,Low
3518-FSTWG,Two year,72,109.55,7920.7,Fiber optic,Bank transfer (automatic),No,Yes,No,0.18979919924698824,Low
7691-XVTZH,Two year,68,89.95,5974.3,Fiber optic,Bank transfer (automatic),No,No,No,0.18975219848387662,Low
7244-QWYHG,One year,50,44.45,2188.45,DSL,Bank transfer (automatic),Yes,Yes,No,0.1896892219609196,Low
5269-NRGDP,One year,42,73.15,3088.25,DSL,Electronic check,Yes,No,No,0.1896248403311139,Low
3374-TTZTK,Two year,52,106.3,5487.0,Fiber optic,Electronic check,Yes,Yes,No,0.18956017399095385,Low
5748-RNCJT,Two year,69,106.5,7348.8,Fiber optic,Bank transfer (automatic),Yes,No,Yes,0.18935318605808846,Low
4159-NAAIX,Two year,63,97.45,6253.0,Fiber optic,Bank transfer (automatic),No,No,No,0.18931332058900097,Low
0323-XWWTN,Two year,3,26.4,121.25,No,Mailed check,No internet service,No internet service,No,0.18924216204880137,Low
6476-EPYZR,Month-to-month,12,20.5,255.5,No,Mailed check,No internet service,No internet service,No,0.18900549544294046,Low
5829-NVSQN,One year,23,68.75,1689.45,DSL,Bank transfer (automatic),Yes,Yes,No,0.18841568981878198,Low
2746-DIJLO,One year,41,56.3,2364.0,DSL,Credit card (automatic),No,No,No,0.18828620361733883,Low
5663-QBGIS,Two year,72,98.35,6929.4,Fiber optic,Bank transfer (automatic),No,No,No,0.18815822710586128,Low
2292-XQWSV,One year,40,60.3,2448.5,DSL,Mailed check,Yes,No,No,0.18814866185840834,Low
3096-YXENJ,Two year,65,107.65,7082.85,Fiber optic,Bank transfer (automatic),Yes,No,No,0.18814614550408287,Low
4366-CTOUZ,Two year,50,100.2,5038.45,Fiber optic,Mailed check,Yes,No,No,0.18800502149837792,Low
8741-LQOBK,Month-to-month,46,35.05,1620.25,DSL,Bank transfer (automatic),No,Yes,No,0.18775856130881094,Low
9522-ZSINC,One year,13,19.95,253.8,No,Electronic check,No internet service,No internet service,No,0.18774838158154053,Low
2499-AJYUA,Two year,72,110.8,7882.25,Fiber optic,Credit card (automatic),Yes,No,No,0.18758074209854633,Low
7762-URZQH,Two year,66,106.05,6981.35,Fiber optic,Credit card (automatic),No,Yes,Yes,0.18736713671201735,Low
9845-PEEKO,Two year,59,79.2,4590.35,Fiber optic,Credit card (automatic),No,No,No,0.18723388685241507,Low
7208-PSIHR,Two year,70,104.3,7188.5,Fiber optic,Bank transfer (automatic),Yes,No,No,0.186921903523923,Low
4682-BLBUC,One year,44,70.95,3250.45,DSL,Electronic check,Yes,No,No,0.18679089342626695,Low
7036-TYDEC,Two year,69,104.0,7028.5,Fiber optic,Electronic check,Yes,No,No,0.18656514745478997,Low
6967-PEJLL,One year,37,40.2,1525.35,DSL,Electronic check,Yes,Yes,No,0.18656064146323226,Low
2522-WLNSF,One year,34,64.2,2106.3,DSL,Bank transfer (automatic),Yes,No,No,0.1864181354206236,Low
1183-CANVH,One year,23,60.0,1347.15,DSL,Bank transfer (automatic),Yes,No,No,0.1863357404193258,Low
1036-GUDCL,Month-to-month,60,79.05,4663.4,DSL,Credit card (automatic),Yes,Yes,No,0.18627540488832486,Low
4488-PSYCG,Month-to-month,16,20.25,327.45,No,Bank transfer (automatic),No internet service,No internet service,Yes,0.1860972625316167,Low
8707-RMEZH,One year,69,87.3,6055.55,Fiber optic,Credit card (automatic),No,Yes,No,0.18574902518630346,Low
3259-FDWOY,Two year,71,106.0,7723.7,Fiber optic,Bank transfer (automatic),No,No,Yes,0.18567317437918668,Low
2926-JEJJC,One year,8,20.2,140.95,No,Bank transfer (automatic),No internet service,No internet service,No,0.18539590832826267,Low
7839-NUIAA,Month-to-month,61,59.8,3641.5,DSL,Electronic check,No,Yes,No,0.18535225359913166,Low
0020-JDNXP,One year,34,61.25,1993.2,DSL,Mailed check,Yes,Yes,No,0.1851536518350834,Low
5386-THSLQ,One year,66,45.55,3027.25,DSL,Bank transfer (automatic),No,No,No,0.18513634016926186,Low
5815-HGGHV,One year,20,64.15,1274.45,DSL,Mailed check,Yes,Yes,No,0.1847755955492981,Low
1474-JUWSM,One year,58,68.4,3972.25,DSL,Electronic check,Yes,Yes,No,0.18477440441692441,Low
5012-YSPJJ,Month-to-month,31,54.35,1647.0,DSL,Mailed check,Yes,No,No,0.18466010044887204,Low
8467-WYNSR,Month-to-month,22,55.1,1253.15,DSL,Mailed check,Yes,Yes,No,0.1846105245255714,Low
0960-HUWBM,Two year,65,104.1,6700.05,Fiber optic,Bank transfer (automatic),Yes,No,No,0.1844796201121584,Low
6419-ZTTLE,One year,23,20.75,485.2,No,Electronic check,No internet service,No internet service,No,0.18442156960372336,Low
5092-STPKP,Month-to-month,24,56.35,1381.2,DSL,Credit card (automatic),Yes,Yes,No,0.18431832062950354,Low
4881-GQJTW,Month-to-month,14,19.6,300.4,No,Credit card (automatic),No internet service,No internet service,No,0.18426089934659423,Low
6603-QWSPR,Two year,46,104.4,4904.2,Fiber optic,Bank transfer (automatic),Yes,No,No,0.1841020677824933,Low
7136-IHZJA,Month-to-month,40,71.35,2847.2,DSL,Mailed check,Yes,Yes,No,0.18405648317321874,Low
2056-EVGZL,One year,68,105.75,7322.5,Fiber optic,Credit card (automatic),Yes,No,No,0.18375806522310875,Low
1696-HXOWK,One year,71,95.65,6856.95,Fiber optic,Mailed check,No,Yes,No,0.1834608975283142,Low
5756-OZRIO,One year,61,64.05,3902.6,DSL,Bank transfer (automatic),No,No,No,0.18343731069278535,Low
7998-ZLXWN,Month-to-month,15,20.45,330.8,No,Credit card (automatic),No internet service,No internet service,No,0.18323265918207085,Low
9405-GPBBG,Two year,64,110.5,7069.25,Fiber optic,Credit card (automatic),Yes,No,No,0.18319090454606946,Low
6893-ODYYE,One year,50,90.1,4549.45,Fiber optic,Credit card (automatic),Yes,Yes,No,0.1830864720773053,Low
2710-WYVXG,Two year,3,71.1,213.35,DSL,Mailed check,Yes,Yes,No,0.18289908910361471,Low
7049-GKVZY,One year,17,79.85,1387.35,DSL,Credit card (automatic),Yes,Yes,No,0.18254027196275352,Low
9309-BZGNT,One year,69,29.8,2134.3,DSL,Credit card (automatic),No,No,No,0.1824341554547685,Low
7666-WKRON,Two year,39,80.45,3201.55,Fiber optic,Electronic check,Yes,No,Yes,0.18226570484356863,Low
5049-MUBWG,One year,26,75.0,1908.35,DSL,Bank transfer (automatic),Yes,Yes,No,0.18209736670433296,Low
1090-PYKCI,One year,69,105.1,7234.8,Fiber optic,Credit card (automatic),Yes,Yes,No,0.18203492598162432,Low
9711-FJTBX,One year,56,85.85,4793.8,Fiber optic,Mailed check,Yes,No,No,0.18168051128422982,Low
1832-PEUTS,Two year,62,89.1,5411.65,Fiber optic,Credit card (automatic),No,No,No,0.18150216417019485,Low
7156-MXBJE,One year,43,85.1,3662.25,DSL,Credit card (automatic),Yes,No,No,0.1814533296736708,Low
2877-VDUER,One year,35,40.9,1383.6,DSL,Mailed check,Yes,No,No,0.18138960023292627,Low
0621-JFHOL,Two year,10,29.6,299.05,DSL,Mailed check,Yes,No,No,0.18131746389093914,Low
9170-GYZJC,Month-to-month,41,79.9,3326.2,DSL,Credit card (automatic),Yes,Yes,Yes,0.18120653610545326,Low
9955-QOPOY,One year,69,60.8,4263.4,DSL,Credit card (automatic),Yes,No,No,0.18108455916002317,Low
5514-YQENT,Two year,41,111.15,4507.15,Fiber optic,Electronic check,Yes,Yes,No,0.18103982051050746,Low
7032-LMBHI,One year,37,64.65,2347.85,DSL,Bank transfer (automatic),No,Yes,No,0.18092963605436962,Low
0496-AHOOK,One year,24,74.4,1712.9,DSL,Bank transfer (automatic),Yes,Yes,No,0.18084126075887688,Low
5393-HJZSM,Month-to-month,32,76.3,2404.15,DSL,Bank transfer (automatic),Yes,Yes,No,0.18082371437431077,Low
9199-PWQVC,One year,63,79.7,4786.15,DSL,Credit card (automatic),No,Yes,No,0.18075359159993226,Low
1729-VLAZJ,One year,10,40.25,411.45,DSL,Mailed check,Yes,Yes,No,0.1804691846572016,Low
4730-AWNAU,One year,36,60.7,2234.55,DSL,Credit card (automatic),Yes,Yes,No,0.180439087742318,Low
5414-OFQCB,Two year,57,90.45,5229.8,Fiber optic,Credit card (automatic),Yes,No,No,0.18043033033428005,Low
6196-HBOBZ,Two year,65,99.35,6347.55,Fiber optic,Electronic check,No,Yes,No,0.1801568523853428,Low
2773-OVBPK,Two year,67,111.3,7567.2,Fiber optic,Bank transfer (automatic),Yes,No,No,0.18006412704930788,Low
7901-IIDQV,One year,24,54.6,1242.25,DSL,Bank transfer (automatic),Yes,No,No,0.1799952058565322,Low
4385-ZKVNW,Month-to-month,44,54.9,2549.1,DSL,Bank transfer (automatic),Yes,No,No,0.17996014090918042,Low
8200-KLNYW,One year,21,80.9,1714.95,DSL,Mailed check,Yes,Yes,No,0.17969069395266388,Low
3061-BCKYI,Month-to-month,14,19.9,283.75,No,Mailed check,No internet service,No internet service,No,0.17922907332597246,Low
0266-CLZKZ,Two year,67,105.65,6717.9,Fiber optic,Bank transfer (automatic),Yes,No,No,0.1791573131394408,Low
6506-EYCNH,Month-to-month,28,19.55,543.8,No,Bank transfer (automatic),No internet service,No internet service,No,0.17898263357337063,Low
9933-QRGTX,Two year,60,97.2,5611.75,Fiber optic,Electronic check,Yes,Yes,No,0.17885734295630992,Low
4328-VUFWD,One year,39,59.3,2209.15,DSL,Electronic check,Yes,No,No,0.17852617360923365,Low
2834-JRTUA,Two year,71,108.05,7532.15,Fiber optic,Electronic check,Yes,Yes,Yes,0.1784107565526263,Low
6341-JVQGF,One year,31,81.15,2545.75,DSL,Mailed check,Yes,Yes,No,0.178335684114107,Low
0557-ASKVU,One year,18,54.4,957.1,DSL,Credit card (automatic),Yes,No,No,0.17827097755498,Low
1891-QRQSA,Two year,64,111.6,7099.0,Fiber optic,Bank transfer (automatic),Yes,Yes,No,0.17803825813336469,Low
9386-LDCZR,One year,43,90.65,3882.3,Fiber optic,Credit card (automatic),Yes,Yes,No,0.17793904661218315,Low
5260-UMPWX,Month-to-month,26,20.25,493.95,No,Credit card (automatic),No internet service,No internet service,No,0.1777867690201919,Low
0667-NSRGI,One year,48,69.55,3435.6,DSL,Mailed check,Yes,No,No,0.17776527834740669,Low
6937-GCDGQ,One year,19,48.95,955.6,DSL,Bank transfer (automatic),No,Yes,No,0.1777265912705046,Low
8097-VBQTZ,Month-to-month,54,69.9,3883.3,DSL,Mailed check,Yes,Yes,No,0.17752753171072586,Low
7753-USQYQ,One year,55,64.2,3627.3,DSL,Electronic check,Yes,No,No,0.1774607869699752,Low
3486-KHMLI,Month-to-month,21,24.7,467.15,No,Mailed check,No internet service,No internet service,No,0.1772816761913401,Low
0347-UBKUZ,Month-to-month,15,19.9,320.45,No,Mailed check,No internet service,No internet service,No,0.17716065082027724,Low
6040-CGACY,Month-to-month,15,19.6,299.4,No,Mailed check,No internet service,No internet service,No,0.177030751371957,Low
8226-BXGES,One year,64,89.45,5692.65,Fiber optic,Bank transfer (automatic),No,Yes,No,0.17696690977602456,Low
4104-PVRPS,Month-to-month,24,53.6,1315.35,DSL,Mailed check,Yes,Yes,No,0.17687691464845545,Low
7102-JJVTX,One year,9,48.6,422.3,DSL,Mailed check,No,Yes,No,0.176786645521971,Low
1536-YHDOE,One year,17,62.1,1096.65,DSL,Mailed check,Yes,Yes,No,0.1765665008636085,Low
8573-CGOCC,Month-to-month,16,19.75,294.9,No,Credit card (automatic),No internet service,No internet service,No,0.17656186995751863,Low
7105-BENQF,One year,15,64.85,950.75,DSL,Mailed check,No,Yes,No,0.17634514017127123,Low
8788-DOXSU,One year,59,61.35,3645.5,DSL,Bank transfer (automatic),No,No,No,0.17626460333050895,Low
2683-JXWQQ,Month-to-month,61,33.6,2117.2,DSL,Bank transfer (automatic),No,Yes,No,0.1762386923695291,Low
6682-QJDGB,Month-to-month,40,55.25,2139.2,DSL,Mailed check,No,Yes,Yes,0.17578250770291737,Low
0716-BQNDX,Two year,57,93.75,5625.55,Fiber optic,Electronic check,Yes,Yes,No,0.1757279000858041,Low
5203-XEHAX,One year,34,64.35,2053.05,DSL,Electronic check,No,Yes,No,0.17570854394024005,Low
3192-NQECA,Two year,68,110.0,7611.85,Fiber optic,Bank transfer (automatic),Yes,No,Yes,0.17565952446741112,Low
8138-EALND,Month-to-month,15,19.75,311.6,No,Mailed check,No internet service,No internet service,No,0.17533404358693347,Low
4403-BWPAY,One year,14,24.8,321.7,No,Credit card (automatic),No internet service,No internet service,No,0.17526254471436462,Low
3224-DFQNQ,One year,66,89.0,5898.6,Fiber optic,Electronic check,Yes,Yes,No,0.174966687820192,Low
8348-JLBUG,One year,64,80.3,5017.7,Fiber optic,Credit card (automatic),No,Yes,No,0.17490849841041453,Low
4369-NYSCF,One year,56,75.75,4284.65,DSL,Bank transfer (automatic),Yes,No,No,0.17481868094593414,Low
0565-JUPYD,One year,63,104.5,6590.8,Fiber optic,Credit card (automatic),Yes,Yes,No,0.17473644964999305,Low
2483-XSSMZ,One year,39,47.85,1886.4,DSL,Electronic check,No,Yes,No,0.17453845964768433,Low
3824-RHKVR,Month-to-month,17,19.7,340.35,No,Credit card (automatic),No internet service,No internet service,No,0.1744962832785948,Low
0487-VVUVK,Month-to-month,25,19.15,477.6,No,Mailed check,No internet service,No internet service,No,0.17432393698004878,Low
6663-JOCQO,One year,31,75.25,2344.5,DSL,Bank transfer (automatic),Yes,Yes,No,0.17425979462563498,Low
8996-ZROXE,One year,57,53.5,3035.8,DSL,Electronic check,Yes,No,No,0.17419716702242422,Low
2651-ZCBXV,Two year,54,108.0,5760.65,Fiber optic,Credit card (automatic),Yes,Yes,No,0.17410929620806204,Low
5447-VYTKW,Month-to-month,27,53.45,1461.45,DSL,Mailed check,Yes,Yes,No,0.17397923150282274,Low
6620-HVDUJ,Month-to-month,24,60.45,1440.75,DSL,Bank transfer (automatic),Yes,Yes,No,0.1739662422051546,Low
6036-TTFYU,Month-to-month,16,19.6,314.45,No,Mailed check,No internet service,No internet service,No,0.17391768780439695,Low
4137-JOPHL,Two year,50,89.7,4304.5,Fiber optic,Bank transfer (automatic),Yes,No,No,0.17390098209033047,Low
4611-ANLQC,One year,60,50.05,2911.5,DSL,Electronic check,No,Yes,No,0.17374729544228934,Low
3354-OADJP,One year,8,54.25,447.75,DSL,Bank transfer (automatic),Yes,Yes,No,0.17353086100487658,Low
8246-SHFGA,Month-to-month,17,21.1,385.55,No,Credit card (automatic),No internet service,No internet service,No,0.1733503323208354,Low
7519-JTWQH,Two year,69,110.5,7455.45,Fiber optic,Bank transfer (automatic),Yes,No,No,0.17315663752153382,Low
5795-KTGUD,Two year,68,110.8,7553.6,Fiber optic,Bank transfer (automatic),No,Yes,No,0.17308171896992938,Low
8879-ZKJOF,One year,41,79.85,3320.75,DSL,Bank transfer (automatic),Yes,Yes,No,0.17269270930259856,Low
5537-UXXVS,Month-to-month,20,19.25,375.25,No,Bank transfer (automatic),No internet service,No internet service,No,0.1726866191511635,Low
3137-NYQQI,One year,17,64.8,1175.6,DSL,Mailed check,No,Yes,No,0.17261525537082198,Low
0106-UGRDO,Two year,69,116.0,8182.85,Fiber optic,Electronic check,Yes,Yes,No,0.17259425302313927,Low
6616-AALSR,Two year,65,104.3,6725.3,Fiber optic,Credit card (automatic),No,Yes,No,0.17239663587246276,Low
7445-WMRBW,One year,48,73.85,3581.4,DSL,Bank transfer (automatic),Yes,No,No,0.17228856485318955,Low
3205-MXZRA,One year,26,59.45,1507.0,DSL,Credit card (automatic),Yes,No,No,0.1722000975606276,Low
5161-XEUVX,Two year,37,94.3,3460.95,Fiber optic,Mailed check,Yes,No,No,0.17207641823479897,Low
6992-TKNYO,One year,38,69.0,2669.45,DSL,Credit card (automatic),Yes,No,No,0.1720132671063302,Low
2546-KZAAT,One year,52,75.4,3865.45,DSL,Mailed check,No,Yes,No,0.17178686027317672,Low
4079-ULGFR,Month-to-month,16,20.0,275.7,No,Mailed check,No internet service,No internet service,No,0.17167491130094395,Low
1338-CECEE,One year,41,68.5,2839.95,DSL,Bank transfer (automatic),No,No,No,0.17163874401329954,Low
3197-NNYNB,Two year,65,105.1,6631.85,Fiber optic,Credit card (automatic),No,No,No,0.17083905573223038,Low
5954-BDFSG,Two year,72,107.5,7853.7,Fiber optic,Credit card (automatic),Yes,No,No,0.17070303335887002,Low
9498-FIMXL,One year,8,19.2,161.95,No,Mailed check,No internet service,No internet service,No,0.17070080441145596,Low
7771-ZONAT,Two year,22,56.75,1304.85,DSL,Bank transfer (automatic),Yes,No,No,0.17041815348732342,Low
4815-YOSUK,One year,72,104.9,7537.5,Fiber optic,Credit card (automatic),Yes,Yes,No,0.17024391229897018,Low
2144-ESWKO,One year,43,35.2,1463.7,DSL,Credit card (automatic),No,Yes,No,0.17007238537005473,Low
7520-HQWJU,Month-to-month,66,67.45,4508.65,DSL,Bank transfer (automatic),No,Yes,No,0.16985958774904084,Low
8777-MBMTS,Two year,65,105.85,6725.5,Fiber optic,Credit card (automatic),Yes,No,No,0.1697103507284519,Low
5961-VUSRV,One year,12,19.35,219.35,No,Bank transfer (automatic),No internet service,No internet service,No,0.1696970512297075,Low
1621-YNCJH,Two year,36,106.05,3834.4,Fiber optic,Credit card (automatic),Yes,Yes,No,0.16966867746513245,Low
2790-XUYMV,One year,71,85.45,6028.95,Fiber optic,Credit card (automatic),No,Yes,No,0.16924122770568248,Low
4072-IPYLT,Month-to-month,36,51.05,1815.0,DSL,Credit card (automatic),No,Yes,No,0.16921198763014642,Low
5020-ZSTTY,One year,54,82.45,4350.1,DSL,Bank transfer (automatic),Yes,Yes,Yes,0.16914774048645675,Low
5160-UXJED,One year,17,44.6,681.4,DSL,Mailed check,No,No,No,0.16904378781144777,Low
7696-AMHOD,One year,49,78.0,3824.2,DSL,Credit card (automatic),No,No,No,0.16898300487811962,Low
5791-KAJFD,One year,56,68.75,3808.0,DSL,Bank transfer (automatic),No,Yes,No,0.16890335154556635,Low
6174-NRBTZ,One year,46,30.75,1489.3,DSL,Bank transfer (automatic),No,Yes,No,0.16884568567230915,Low
0628-CNQRM,One year,22,67.5,1544.05,DSL,Bank transfer (automatic),Yes,Yes,Yes,0.16869801129313744,Low
5327-CNLUQ,Two year,48,96.9,4473.45,Fiber optic,Bank transfer (automatic),No,Yes,No,0.16842297254210045,Low
9917-KWRBE,One year,41,78.35,3211.2,DSL,Credit card (automatic),No,Yes,No,0.16833704772740707,Low
7472-EQOAV,One year,71,86.7,6179.35,Fiber optic,Bank transfer (automatic),No,Yes,No,0.16828990343247546,Low
7931-PXHFC,One year,38,62.3,2354.8,DSL,Mailed check,Yes,No,Yes,0.16820985384007286,Low
0895-UADGO,Two year,8,44.55,343.45,DSL,Mailed check,Yes,Yes,No,0.1682032050819951,Low
6734-FQAJX,Two year,67,105.05,7171.7,Fiber optic,Electronic check,Yes,Yes,No,0.16781543923371678,Low
8221-EQDGL,Month-to-month,35,61.0,2130.45,DSL,Mailed check,No,Yes,No,0.16780173710946336,Low
4578-PHJYZ,One year,52,68.75,3482.85,DSL,Electronic check,Yes,No,No,0.16769028514346174,Low
8821-KVZKQ,One year,70,58.4,4113.15,DSL,Bank transfer (automatic),Yes,No,No,0.167669401536603,Low
8041-TMEID,Two year,63,108.5,6991.9,Fiber optic,Credit card (automatic),No,Yes,No,0.1673845226892807,Low
5524-KHNJP,One year,33,74.75,2453.3,DSL,Credit card (automatic),No,Yes,No,0.16700792365662895,Low
5777-ZPQNC,One year,12,20.15,260.7,No,Electronic check,No internet service,No internet service,No,0.16681454938936674,Low
4199-QHJNM,Two year,67,102.9,6989.7,Fiber optic,Bank transfer (automatic),Yes,No,No,0.1665535200405904,Low
5278-PNYOX,Two year,49,100.65,4917.75,Fiber optic,Credit card (automatic),Yes,No,No,0.16638983154782833,Low
2325-ZUSFD,One year,57,70.1,3913.3,DSL,Bank transfer (automatic),No,Yes,Yes,0.16631895754986287,Low
2054-PJOCK,One year,60,80.55,4847.05,DSL,Credit card (automatic),Yes,No,No,0.16617231606683355,Low
2408-PSJVE,Month-to-month,44,61.9,2924.05,DSL,Mailed check,Yes,No,No,0.16605682922328655,Low
1171-TYKUR,Month-to-month,47,25.4,1139.2,No,Electronic check,No internet service,No internet service,No,0.16600364660717346,Low
7691-KGKGP,Month-to-month,53,65.0,3363.8,DSL,Credit card (automatic),Yes,No,No,0.16593775841077688,Low
1057-FOGLZ,Month-to-month,18,19.65,391.7,No,Mailed check,No internet service,No internet service,No,0.1658640256699363,Low
0392-BZIUW,Two year,72,105.0,7589.8,Fiber optic,Credit card (automatic),No,Yes,No,0.16579100168282998,Low
8631-XVRZL,One year,9,20.15,163.7,No,Mailed check,No internet service,No internet service,No,0.16572377048077044,Low
3387-PLKUI,Month-to-month,13,18.8,251.25,No,Mailed check,No internet service,No internet service,No,0.16569762893874,Low
8984-HPEMB,Two year,71,118.65,8477.6,Fiber optic,Electronic check,Yes,Yes,No,0.1656546147571905,Low
3090-HAWSU,Two year,61,111.6,6876.05,Fiber optic,Credit card (automatic),Yes,Yes,Yes,0.16558968106470204,Low
2197-OMWGI,Two year,68,53.0,3656.25,DSL,Electronic check,No,No,No,0.1654518489060211,Low
7876-AEHIG,One year,51,60.15,3077.0,DSL,Bank transfer (automatic),Yes,Yes,No,0.1654107660052322,Low
0670-ANMUU,One year,71,97.65,6687.85,Fiber optic,Credit card (automatic),Yes,Yes,No,0.16535944847045958,Low
1247-QBVSH,Month-to-month,43,50.2,2169.4,DSL,Mailed check,No,No,No,0.1651979684430424,Low
4576-CSAJH,One year,22,55.15,1193.05,DSL,Credit card (automatic),Yes,No,Yes,0.1644108209673329,Low
9894-QMIMJ,One year,23,55.8,1327.85,DSL,Bank transfer (automatic),No,No,No,0.16436471396972244,Low
8400-WZICQ,Month-to-month,55,55.7,3131.8,DSL,Electronic check,No,Yes,No,0.16436437023592107,Low
7542-CYDDM,Month-to-month,18,20.05,358.5,No,Mailed check,No internet service,No internet service,No,0.16435497377689,Low
9000-PLFUZ,Two year,60,49.45,2907.55,DSL,Credit card (automatic),No,No,No,0.1642916627030648,Low
6082-GLJIX,Month-to-month,18,19.25,331.35,No,Mailed check,No internet service,No internet service,No,0.1640287791231819,Low
1097-FSPVW,Month-to-month,42,54.55,2455.05,DSL,Credit card (automatic),No,Yes,No,0.16397657936756743,Low
4043-MKDTV,Two year,71,105.25,7291.75,Fiber optic,Electronic check,Yes,No,No,0.16390322785055095,Low
5671-RQRLP,Two year,70,75.65,5411.4,Fiber optic,Credit card (automatic),No,No,No,0.16389433993338864,Low
8879-XUAHX,Two year,71,116.25,8564.75,Fiber optic,Electronic check,Yes,Yes,No,0.16365707444021702,Low
4318-RAJVY,One year,10,19.8,198.25,No,Mailed check,No internet service,No internet service,No,0.16363773449642258,Low
7781-EWARA,One year,70,60.35,4138.7,DSL,Electronic check,Yes,No,No,0.16361785144963528,Low
4815-TUMEQ,One year,10,19.3,185.2,No,Mailed check,No internet service,No internet service,No,0.16343451771440223,Low
1226-JZNKR,One year,8,19.8,160.05,No,Electronic check,No internet service,No internet service,No,0.16323511422766343,Low
9750-BOOHV,One year,32,30.15,927.65,DSL,Mailed check,No,Yes,No,0.16290818983382402,Low
8309-PPCED,Two year,72,110.45,7982.5,Fiber optic,Bank transfer (automatic),Yes,No,No,0.1627912157264463,Low
4135-FRWKJ,One year,55,76.25,4154.55,DSL,Electronic check,Yes,Yes,No,0.16278970264284878,Low
6308-CQRBU,Two year,71,109.25,7707.7,Fiber optic,Electronic check,Yes,No,No,0.16275310862326187,Low
8853-TZDGH,Two year,72,111.6,8012.75,Fiber optic,Bank transfer (automatic),Yes,No,No,0.16261048584879406,Low
9967-ATRFS,Month-to-month,19,19.9,367.55,No,Mailed check,No internet service,No internet service,No,0.16236361675737587,Low
3612-YUNGG,Two year,64,109.2,6741.15,Fiber optic,Credit card (automatic),Yes,No,No,0.16234880262967988,Low
6481-LXPWL,One year,56,36.1,1971.5,DSL,Credit card (automatic),No,No,No,0.1622882365395742,Low
8819-ZBYNA,Two year,58,109.1,6393.65,Fiber optic,Credit card (automatic),Yes,Yes,No,0.16223749546596006,Low
4922-CVPDX,Two year,26,73.5,1905.7,DSL,Credit card (automatic),No,No,No,0.16194712190177002,Low
6435-VWCCY,Two year,65,92.7,5968.4,Fiber optic,Credit card (automatic),No,Yes,No,0.1618929226865099,Low
7663-CUXZB,Two year,59,113.75,6561.25,Fiber optic,Electronic check,Yes,Yes,No,0.16151547734616153,Low
3259-KNMRR,Two year,57,79.75,4438.2,DSL,Bank transfer (automatic),No,No,No,0.16128878643366024,Low
7541-YLXCL,One year,36,65.4,2498.4,DSL,Mailed check,Yes,No,Yes,0.16119953026193523,Low
4616-ULAOA,Two year,65,110.8,7245.9,Fiber optic,Credit card (automatic),Yes,No,No,0.16107847841009826,Low
5998-DZLYR,Two year,61,94.35,5703.0,Fiber optic,Bank transfer (automatic),Yes,No,No,0.16107686476736757,Low
3022-BEXHZ,Two year,67,111.2,7530.8,Fiber optic,Bank transfer (automatic),Yes,No,No,0.1609828214755134,Low
2578-JQPHZ,Two year,44,100.1,4378.35,Fiber optic,Bank transfer (automatic),Yes,No,No,0.1609203558344289,Low
4049-ZPALD,Two year,64,99.0,6375.8,Fiber optic,Bank transfer (automatic),No,Yes,No,0.16087533318348665,Low
3315-IKYZQ,One year,28,50.8,1386.8,DSL,Mailed check,Yes,Yes,No,0.16085821172055065,Low
7758-UJWYS,Two year,34,40.55,1325.85,DSL,Electronic check,Yes,No,No,0.16084134418074972,Low
1599-MMYRQ,One year,62,81.45,4983.05,Fiber optic,Credit card (automatic),No,Yes,No,0.16073065188997024,Low
7925-PNRGI,Month-to-month,45,81.3,3541.1,DSL,Mailed check,Yes,Yes,No,0.16056395535584145,Low
0164-APGRB,Two year,72,114.9,8496.7,Fiber optic,Electronic check,Yes,Yes,No,0.16054955393537448,Low
2834-JKOOW,One year,15,45.9,693.45,DSL,Mailed check,Yes,Yes,No,0.16053389170843807,Low
5753-QQWPW,One year,28,59.9,1654.7,DSL,Electronic check,Yes,Yes,No,0.16038014116576227,Low
6440-DKQGE,One year,30,64.5,1929.95,DSL,Credit card (automatic),No,No,No,0.1603574391451704,Low
8681-ICONS,Month-to-month,29,20.65,654.85,No,Mailed check,No internet service,No internet service,No,0.16031688629393304,Low
3190-FZATL,Month-to-month,14,19.95,268.4,No,Mailed check,No internet service,No internet service,No,0.1602789409852328,Low
9924-JPRMC,Two year,72,118.2,8547.15,Fiber optic,Electronic check,Yes,Yes,No,0.16023566782482132,Low
8263-QMNTJ,Two year,72,115.55,8425.3,Fiber optic,Electronic check,Yes,Yes,No,0.15981492769238742,Low
4057-FKCZK,Two year,58,82.5,4828.05,Fiber optic,Bank transfer (automatic),No,No,No,0.15963974700256203,Low
7923-IYJWY,Two year,67,116.1,7839.85,Fiber optic,Credit card (automatic),Yes,Yes,No,0.15961341941219961,Low
6924-TDGMT,One year,11,20.55,184.95,No,Mailed check,No internet service,No internet service,No,0.15938232769482388,Low
7746-QYVCO,One year,16,55.85,857.8,DSL,Mailed check,No,Yes,No,0.15932571647630672,Low
9758-MFWGD,One year,48,29.9,1388.75,DSL,Bank transfer (automatic),No,No,No,0.15917491624866095,Low
8387-UGUSU,Month-to-month,15,20.05,284.3,No,Mailed check,No internet service,No internet service,No,0.1590600896020704,Low
5777-KJIRB,One year,40,50.25,2023.55,DSL,Mailed check,No,No,No,0.15896824122948702,Low
5384-ZTTWP,Month-to-month,15,19.8,272.95,No,Mailed check,No internet service,No internet service,No,0.15896075857563702,Low
8075-GXIUB,One year,9,19.85,183.15,No,Credit card (automatic),No internet service,No internet service,No,0.1587484204322506,Low
1866-ZSLJM,Month-to-month,21,20.5,402.85,No,Credit card (automatic),No internet service,No internet service,No,0.1585721192921981,Low
5975-BAICR,One year,36,63.7,2188.5,DSL,Credit card (automatic),No,Yes,No,0.15850992373569814,Low
1452-XRSJV,Month-to-month,39,51.05,2066.0,DSL,Credit card (automatic),No,Yes,No,0.15842369288489,Low
9938-ZREHM,One year,37,72.1,2658.4,DSL,Mailed check,Yes,No,No,0.15825877730152418,Low
2988-QRAJY,Two year,69,110.05,7430.75,Fiber optic,Credit card (automatic),No,Yes,No,0.15814837146216076,Low
0197-PNKNK,One year,69,84.45,5848.6,Fiber optic,Bank transfer (automatic),No,Yes,No,0.15808334475888397,Low
5442-BXVND,Month-to-month,33,24.25,838.5,No,Bank transfer (automatic),No internet service,No internet service,No,0.1580206272494987,Low
4522-XRWWI,One year,42,80.45,3375.9,DSL,Credit card (automatic),Yes,Yes,No,0.15799770138976243,Low
1545-JFUML,Two year,71,99.0,6994.6,Fiber optic,Electronic check,No,Yes,No,0.15790654507258547,Low
3823-KYNQY,One year,12,24.95,280.4,No,Credit card (automatic),No internet service,No internet service,No,0.15729818698341919,Low
2453-SAFNS,One year,54,72.1,3886.05,DSL,Mailed check,Yes,No,No,0.15724507166068002,Low
6171-ZTVYB,Month-to-month,43,66.25,2907.35,DSL,Bank transfer (automatic),Yes,Yes,No,0.1571195664880773,Low
0221-NAUXK,One year,10,19.95,219.5,No,Bank transfer (automatic),No internet service,No internet service,No,0.1570516013908047,Low
9746-YKGXB,One year,52,44.25,2276.1,DSL,Bank transfer (automatic),No,Yes,No,0.1570241403576485,Low
2243-FNMMI,Month-to-month,20,19.4,415.4,No,Mailed check,No internet service,No internet service,No,0.15701239986150867,Low
2680-XKKNJ,One year,8,58.2,469.25,DSL,Bank transfer (automatic),Yes,Yes,No,0.15679226332478247,Low
9473-CBZOP,One year,28,59.0,1654.45,DSL,Mailed check,No,Yes,No,0.1567370655526227,Low
7707-PYBBH,Month-to-month,40,61.9,2647.1,DSL,Mailed check,Yes,Yes,No,0.15659863831679868,Low
5236-XMZJY,Month-to-month,42,59.65,2536.55,DSL,Bank transfer (automatic),No,Yes,No,0.15653476308554704,Low
6257-DTAYD,Two year,71,104.15,7365.3,Fiber optic,Credit card (automatic),Yes,No,No,0.15650952479039107,Low
4223-BKEOR,One year,21,64.85,1336.8,DSL,Mailed check,No,Yes,No,0.15620566105676614,Low
6551-ZCOTS,One year,33,24.9,847.8,No,Bank transfer (automatic),No internet service,No internet service,No,0.15614247395305192,Low
8383-SGHJU,One year,33,59.4,1952.8,DSL,Electronic check,Yes,Yes,No,0.15611723810379738,Low
0742-LAFQK,Two year,72,99.15,7422.1,Fiber optic,Electronic check,No,Yes,No,0.15584559601099568,Low
4134-BSXLX,Month-to-month,28,60.9,1785.65,DSL,Mailed check,Yes,Yes,No,0.1557382008593549,Low
7317-GGVPB,Two year,71,108.6,7690.9,Fiber optic,Credit card (automatic),Yes,No,Yes,0.15554754123477227,Low
2096-XOTMO,Month-to-month,16,19.35,275.9,No,Mailed check,No internet service,No internet service,No,0.1553058245888392,Low
3363-DTIVD,Two year,71,105.55,7405.5,Fiber optic,Electronic check,No,Yes,No,0.15512793470998845,Low
5090-EMGTC,Two year,59,100.05,6034.85,Fiber optic,Mailed check,Yes,No,No,0.15511005589716084,Low
9866-OCCKE,Two year,72,109.75,8075.35,Fiber optic,Mailed check,Yes,Yes,No,0.15500081654171466,Low
3850-OKINF,One year,71,66.2,4692.55,DSL,Electronic check,No,Yes,No,0.15495023202746694,Low
5271-YNWVR,Two year,68,113.15,7856.0,Fiber optic,Electronic check,Yes,Yes,Yes,0.15493364878109916,Low
4367-NUYAO,Two year,0,25.75,0.0,No,Mailed check,No internet service,No internet service,No,0.15488690922287196,Low
8680-CGLTP,One year,29,58.75,1696.2,DSL,Electronic check,Yes,Yes,No,0.15482930446189075,Low
3213-VVOLG,Two year,0,25.35,0.0,No,Mailed check,No internet service,No internet service,No,0.15473140574441238,Low
0401-WDBXM,Two year,72,105.55,7542.25,Fiber optic,Bank transfer (automatic),No,Yes,No,0.15469777684836486,Low
3280-MRDOF,Two year,30,69.1,2093.9,DSL,Credit card (automatic),Yes,No,No,0.15465482485606383,Low
2484-DGXPZ,Month-to-month,31,19.55,658.95,No,Mailed check,No internet service,No internet service,Yes,0.1545272343656602,Low
8029-XYPWT,Two year,71,115.05,8016.6,Fiber optic,Bank transfer (automatic),Yes,Yes,No,0.15423487281902318,Low
0813-TAXXS,Two year,55,77.8,4323.35,DSL,Bank transfer (automatic),No,No,No,0.15417289778324184,Low
2171-UDMFD,Month-to-month,32,19.45,674.55,No,Credit card (automatic),No internet service,No internet service,No,0.15400999022980524,Low
6869-FGJJC,One year,68,79.6,5461.45,Fiber optic,Credit card (automatic),No,No,No,0.15389606381239224,Low
7047-YXDMZ,Month-to-month,21,20.0,417.7,No,Mailed check,No internet service,No internet service,No,0.15379967419011678,Low
6048-UWKAL,Two year,69,105.4,6998.95,Fiber optic,Credit card (automatic),Yes,No,No,0.15368715275300565,Low
7868-TMWMZ,Two year,60,110.0,6668.35,Fiber optic,Bank transfer (automatic),Yes,Yes,No,0.15358454918977643,Low
1137-DGOWI,One year,30,70.25,2198.9,DSL,Bank transfer (automatic),Yes,No,No,0.15356065278759679,Low
9906-NHHVC,Two year,65,53.5,3517.9,DSL,Bank transfer (automatic),No,No,No,0.15336931548722385,Low
2667-WYLWJ,One year,8,19.75,145.0,No,Mailed check,No internet service,No internet service,Yes,0.153291607367645,Low
1291-CUOCY,Two year,72,110.6,7962.2,Fiber optic,Credit card (automatic),Yes,No,No,0.15289735087866171,Low
9861-PDSZP,Two year,72,108.05,7806.6,Fiber optic,Credit card (automatic),Yes,No,No,0.15287348248984634,Low
3214-IYUUQ,One year,61,93.7,5860.7,Fiber optic,Bank transfer (automatic),Yes,Yes,No,0.15282902243689878,Low
4670-TABXH,Two year,72,109.75,7758.9,Fiber optic,Credit card (automatic),Yes,No,No,0.1525705352066471,Low
3244-CQPHU,Two year,72,110.1,7746.7,Fiber optic,Bank transfer (automatic),Yes,Yes,No,0.1525404080320626,Low
7672-VFMXZ,Month-to-month,57,55.7,3171.6,DSL,Electronic check,Yes,Yes,No,0.15240375310783044,Low
2388-LAESQ,Two year,72,114.85,8317.95,Fiber optic,Bank transfer (automatic),Yes,Yes,No,0.15232459579877397,Low
1779-PWPMG,Two year,72,114.65,8333.95,Fiber optic,Bank transfer (automatic),Yes,Yes,No,0.15224788286345425,Low
8498-XXGWA,Month-to-month,65,55.15,3673.15,DSL,Mailed check,No,Yes,No,0.1522008626771091,Low
8071-SBTRN,Two year,70,111.15,7737.55,Fiber optic,Mailed check,No,Yes,No,0.152173418739998,Low
6635-MYYYZ,One year,30,85.35,2530.4,DSL,Bank transfer (automatic),Yes,Yes,Yes,0.15211558004696552,Low
2434-EEVDB,Two year,64,94.6,5948.7,Fiber optic,Credit card (automatic),No,Yes,No,0.1517432110464755,Low
8690-UPCZI,One year,29,69.05,1958.45,DSL,Bank transfer (automatic),Yes,Yes,No,0.15160443209060903,Low
9558-IHEZX,Two year,71,106.75,7283.25,Fiber optic,Credit card (automatic),No,Yes,No,0.15158027129431326,Low
9742-XOKTS,One year,67,89.55,6038.55,Fiber optic,Electronic check,Yes,Yes,No,0.15157341240422556,Low
6682-VCIXC,One year,43,51.25,2151.6,DSL,Bank transfer (automatic),Yes,Yes,No,0.1513479278609349,Low
7508-KBIMB,One year,24,56.25,1454.25,DSL,Credit card (automatic),No,Yes,No,0.15126340097219831,Low
1480-BKXGA,Two year,72,116.05,8404.9,Fiber optic,Bank transfer (automatic),Yes,Yes,No,0.15122127614485906,Low
0862-PRCBS,Two year,68,103.75,7039.45,Fiber optic,Credit card (automatic),Yes,No,No,0.15066094744091754,Low
8823-RLPWL,Two year,72,110.65,8065.65,Fiber optic,Credit card (automatic),No,Yes,No,0.15030773759162466,Low
0907-HQNTS,Two year,70,113.0,7987.6,Fiber optic,Credit card (automatic),Yes,Yes,No,0.15030384685763523,Low
3551-GAEGL,One year,34,30.4,938.65,DSL,Bank transfer (automatic),No,Yes,No,0.15018488636944133,Low
9467-ROOLM,Month-to-month,25,19.05,461.3,No,Mailed check,No internet service,No internet service,No,0.14970767479255834,Low
2364-UFROM,One year,30,70.4,2044.75,DSL,Electronic check,Yes,Yes,No,0.14955440379359783,Low
4445-KWOKW,One year,42,60.15,2421.6,DSL,Bank transfer (automatic),No,Yes,No,0.1494760755272244,Low
7089-RKVSZ,One year,8,24.4,203.95,No,Mailed check,No internet service,No internet service,No,0.14934203289009274,Low
0679-TDGAK,One year,50,75.5,4025.6,DSL,Electronic check,Yes,Yes,No,0.1492826946871803,Low
7833-PKIHD,One year,51,76.4,3966.3,DSL,Bank transfer (automatic),Yes,Yes,No,0.14920502394463056,Low
4942-VZZOM,One year,64,66.15,4392.5,DSL,Credit card (automatic),No,Yes,No,0.14917250270414198,Low
8461-EFQYM,One year,38,24.25,914.4,No,Electronic check,No internet service,No internet service,No,0.1491379542066631,Low
0074-HDKDG,One year,25,61.6,1611.0,DSL,Bank transfer (automatic),No,Yes,No,0.1491081383448699,Low
0635-WKOLD,One year,40,70.75,2921.75,DSL,Credit card (automatic),Yes,No,No,0.1491005430778652,Low
7010-ZMVBF,Month-to-month,18,20.45,357.0,No,Mailed check,No internet service,No internet service,No,0.14895370705381783,Low
8869-LIHMK,Two year,64,115.1,7334.05,Fiber optic,Bank transfer (automatic),Yes,Yes,No,0.14881579002425027,Low
7407-SUJIZ,Month-to-month,25,20.6,541.5,No,Mailed check,No internet service,No internet service,No,0.1487516171311575,Low
0983-TATYJ,One year,33,51.45,1758.9,DSL,Mailed check,Yes,No,No,0.14851225742349816,Low
9702-AIUJO,One year,50,44.8,2230.85,DSL,Bank transfer (automatic),No,No,No,0.1482281738850867,Low
3026-ATZYV,One year,37,75.1,2658.8,DSL,Bank transfer (automatic),No,Yes,No,0.14820082933844572,Low
0530-IJVDB,Two year,70,114.6,7882.5,Fiber optic,Electronic check,Yes,Yes,No,0.14812612815118636,Low
7971-HLVXI,Two year,72,84.5,6130.85,Fiber optic,Credit card (automatic),No,No,No,0.14783100217258305,Low
1661-CZBAU,One year,48,70.95,3629.2,DSL,Bank transfer (automatic),Yes,Yes,No,0.14782839484073476,Low
5214-NLTIT,Two year,72,90.8,6511.8,Fiber optic,Credit card (automatic),No,No,No,0.14760330491271764,Low
7576-ASEJU,One year,41,74.7,3187.65,DSL,Credit card (automatic),Yes,Yes,No,0.14752115144475333,Low
3739-YBWAB,One year,36,35.35,1317.95,DSL,Mailed check,No,Yes,No,0.1475109727405451,Low
1431-CYWMH,Month-to-month,22,19.05,454.05,No,Bank transfer (automatic),No internet service,No internet service,No,0.1474750504887633,Low
5546-BYZSM,Month-to-month,41,20.45,775.6,No,Electronic check,No internet service,No internet service,No,0.14742246438918727,Low
0946-FKYTX,One year,52,30.1,1623.4,DSL,Mailed check,No,No,No,0.14657327290062486,Low
0980-FEXWF,One year,26,50.35,1285.8,DSL,Mailed check,No,No,No,0.146349502083817,Low
1577-HKTFG,Month-to-month,30,19.65,655.85,No,Bank transfer (automatic),No internet service,No internet service,Yes,0.1462672594175002,Low
6050-FFXES,Two year,69,105.35,7240.65,Fiber optic,Bank transfer (automatic),Yes,No,No,0.1462672336244276,Low
1042-HFUCW,One year,25,54.75,1266.35,DSL,Credit card (automatic),Yes,No,No,0.14624162722630896,Low
8777-PVYGU,One year,52,64.3,3410.6,DSL,Mailed check,No,Yes,No,0.14609190807587571,Low
8595-SIZNC,One year,22,25.6,548.8,No,Bank transfer (automatic),No internet service,No internet service,No,0.14594621710822211,Low
9313-QOLTZ,Month-to-month,26,20.9,518.3,No,Mailed check,No internet service,No internet service,No,0.1455678104102685,Low
6131-IUNXN,Month-to-month,19,20.2,382.2,No,Mailed check,No internet service,No internet service,No,0.14556295168345246,Low
2511-MORQY,One year,50,54.9,2614.1,DSL,Bank transfer (automatic),No,No,No,0.14535329511840783,Low
5789-LDFXO,One year,24,24.6,592.65,No,Electronic check,No internet service,No internet service,No,0.14526981174285658,Low
8628-MFKAX,Two year,72,116.75,8277.05,Fiber optic,Credit card (automatic),Yes,Yes,No,0.14509534632134305,Low
3181-VTHOE,One year,70,51.05,3635.15,DSL,Bank transfer (automatic),Yes,No,No,0.14483809900122346,Low
8901-UPRHR,Two year,72,109.2,7711.45,Fiber optic,Bank transfer (automatic),Yes,No,No,0.14479252066986037,Low
6904-JLBGY,Two year,72,117.35,8436.25,Fiber optic,Credit card (automatic),Yes,Yes,No,0.14472846556439473,Low
5451-YHYPW,Two year,72,115.75,8443.7,Fiber optic,Credit card (automatic),Yes,Yes,No,0.14472718187390596,Low
0956-SYCWG,One year,13,19.65,244.8,No,Electronic check,No internet service,No internet service,No,0.14468758917194277,Low
6797-LNAQX,Two year,70,98.3,6859.5,Fiber optic,Bank transfer (automatic),No,No,Yes,0.1445637210819141,Low
7255-SSFBC,Two year,72,112.25,8041.65,Fiber optic,Bank transfer (automatic),Yes,No,No,0.1444123356780481,Low
1038-RQOST,Month-to-month,19,20.6,414.95,No,Mailed check,No internet service,No internet service,No,0.14420667001833642,Low
8559-CIZFV,One year,21,77.5,1625.0,DSL,Mailed check,Yes,Yes,Yes,0.14411430840995607,Low
7994-XIRTR,One year,54,65.25,3529.95,DSL,Bank transfer (automatic),Yes,No,No,0.1440645212598686,Low
8015-IHCGW,Two year,72,115.5,8425.15,Fiber optic,Electronic check,Yes,Yes,No,0.14401419753843686,Low
3407-JMJQQ,Two year,71,109.0,7661.8,Fiber optic,Bank transfer (automatic),No,Yes,No,0.14395838271801858,Low
5917-HBSDW,Month-to-month,37,19.35,683.75,No,Electronic check,No internet service,No internet service,No,0.14391236842058958,Low
1094-BKOSX,One year,45,51.0,2264.5,DSL,Bank transfer (automatic),Yes,No,No,0.14361517491879922,Low
2809-ILCYT,One year,25,26.8,733.55,No,Mailed check,No internet service,No internet service,No,0.14361133539131224,Low
0967-BMLBD,One year,11,20.0,196.35,No,Mailed check,No internet service,No internet service,No,0.14343443955511362,Low
6586-PSJOX,One year,15,55.2,864.55,DSL,Credit card (automatic),Yes,No,No,0.1434097488960964,Low
4115-UMJFQ,One year,69,35.75,2492.25,DSL,Bank transfer (automatic),No,No,No,0.1429519198077064,Low
6416-JNVRK,One year,46,55.65,2688.85,DSL,Credit card (automatic),No,No,No,0.14292648402182562,Low
1834-ABKHQ,One year,52,50.95,2610.65,DSL,Bank transfer (automatic),No,No,No,0.14292501554363105,Low
3705-RHRFR,Two year,69,99.15,6875.35,Fiber optic,Bank transfer (automatic),No,Yes,No,0.14252240406670327,Low
4508-OEBEY,One year,31,75.5,2424.45,DSL,Credit card (automatic),Yes,Yes,No,0.14251653709396955,Low
0519-DRGTI,Month-to-month,20,20.35,442.6,No,Mailed check,No internet service,No internet service,No,0.1423815439914871,Low
7325-ENZFI,One year,39,40.3,1630.4,DSL,Bank transfer (automatic),Yes,Yes,No,0.14236688177890344,Low
2164-SOQXL,Month-to-month,20,20.05,406.05,No,Mailed check,No internet service,No internet service,No,0.14227273636294854,Low
4174-LPGTI,One year,41,66.5,2728.6,DSL,Bank transfer (automatic),Yes,No,Yes,0.14212895565626815,Low
6848-YLDFR,One year,58,75.2,4300.8,DSL,Credit card (automatic),Yes,No,No,0.14200345633508188,Low
9127-FHJBZ,Two year,72,114.0,8093.15,Fiber optic,Electronic check,Yes,Yes,No,0.1419808300835961,Low
1557-EMYVT,Two year,43,115.05,4895.1,Fiber optic,Credit card (automatic),Yes,Yes,No,0.14196775080731455,Low
9432-RUVSL,Two year,48,102.5,4904.25,Fiber optic,Credit card (automatic),Yes,Yes,No,0.14161085819338715,Low
2030-BTZRO,Two year,6,20.4,107.6,No,Credit card (automatic),No internet service,No internet service,No,0.14147801984842212,Low
4909-JOUPP,Two year,72,109.7,7898.45,Fiber optic,Credit card (automatic),Yes,No,No,0.14128742326636706,Low
8898-KASCD,One year,39,35.55,1309.15,DSL,Mailed check,Yes,No,No,0.14127144690525864,Low
9142-XMYJH,Month-to-month,29,19.35,601.6,No,Credit card (automatic),No internet service,No internet service,No,0.14108381455013186,Low
0536-BGFMZ,Month-to-month,28,20.5,563.05,No,Mailed check,No internet service,No internet service,No,0.1410464961036127,Low
6194-HBGQN,One year,51,81.15,4126.2,DSL,Credit card (automatic),Yes,Yes,No,0.14103797301313287,Low
1163-VIPRI,Two year,65,109.3,7337.55,Fiber optic,Electronic check,Yes,Yes,No,0.14098336078800844,Low
2878-RMWXY,Two year,72,102.65,7550.3,Fiber optic,Credit card (automatic),No,Yes,No,0.14078747731425595,Low
3658-QQJYD,One year,62,74.3,4698.05,DSL,Credit card (automatic),No,Yes,No,0.14077072586950645,Low
0661-WCQNQ,One year,22,56.25,1292.2,DSL,Credit card (automatic),Yes,Yes,No,0.14063733299829617,Low
7100-FQPRV,One year,43,71.9,3173.35,DSL,Credit card (automatic),Yes,Yes,No,0.14059571813857139,Low
7765-LWVVH,Two year,72,95.1,6843.15,Fiber optic,Electronic check,No,Yes,No,0.14017994413232532,Low
4526-RMTLL,Two year,8,76.15,645.8,DSL,Credit card (automatic),Yes,Yes,No,0.14009877589956118,Low
5499-ECUTN,One year,47,66.05,3021.45,DSL,Credit card (automatic),No,Yes,No,0.14008151596673854,Low
9577-WJVCQ,Month-to-month,68,54.45,3687.75,DSL,Mailed check,No,Yes,No,0.1400400833619239,Low
0254-KCJGT,One year,52,81.4,4354.45,DSL,Credit card (automatic),Yes,Yes,No,0.1397657461914489,Low
3580-HYCSP,Two year,72,110.3,7966.9,Fiber optic,Bank transfer (automatic),No,Yes,No,0.13975475729340878,Low
6878-GGDWG,Month-to-month,32,19.4,641.15,No,Bank transfer (automatic),No internet service,No internet service,No,0.13974057325236747,Low
6034-ZRYCV,Two year,72,54.2,3937.45,DSL,Electronic check,No,No,Yes,0.13961621960293688,Low
9500-IWPXQ,One year,61,79.4,4820.55,DSL,Electronic check,Yes,Yes,No,0.1395660950371963,Low
2055-BFOCC,One year,63,84.0,5329.55,DSL,Bank transfer (automatic),Yes,Yes,No,0.1395658781886326,Low
5061-PBXFW,Month-to-month,32,61.4,1864.65,DSL,Bank transfer (automatic),Yes,Yes,No,0.1395609814382188,Low
7619-PLRLP,One year,53,74.1,3833.95,DSL,Bank transfer (automatic),No,Yes,No,0.13935392266955549,Low
3043-SUDUA,Month-to-month,32,19.9,601.55,No,Bank transfer (automatic),No internet service,No internet service,No,0.13934938725428925,Low
9313-CDOGY,Month-to-month,38,19.6,717.3,No,Electronic check,No internet service,No internet service,No,0.139335324232161,Low
5372-FBKBN,Month-to-month,21,20.75,452.2,No,Mailed check,No internet service,No internet service,No,0.13877947981841254,Low
5135-GRQJV,Two year,72,114.5,8331.95,Fiber optic,Mailed check,Yes,Yes,No,0.13857831558946074,Low
5073-RZGBK,One year,50,80.05,4042.2,DSL,Bank transfer (automatic),Yes,Yes,No,0.1384105348976022,Low
4018-KJYUY,Month-to-month,22,20.15,432.5,No,Credit card (automatic),No internet service,No internet service,No,0.13812937081652926,Low
2323-ARSVR,Two year,67,111.05,7321.05,Fiber optic,Electronic check,Yes,Yes,No,0.13792123721637434,Low
0020-INWCK,Two year,71,95.75,6849.4,Fiber optic,Credit card (automatic),No,No,No,0.13780511417909566,Low
0357-NVCRI,Month-to-month,25,20.05,471.7,No,Credit card (automatic),No internet service,No internet service,No,0.13777207096154834,Low
1498-DQNRX,Month-to-month,29,19.85,573.05,No,Mailed check,No internet service,No internet service,No,0.13766544407771447,Low
7841-FCRQD,One year,33,53.75,1857.3,DSL,Credit card (automatic),Yes,No,No,0.13729087537127402,Low
8332-OSJDW,One year,12,26.4,314.95,No,Mailed check,No internet service,No internet service,No,0.13718495793977895,Low
8591-TKMZH,Two year,59,111.1,6555.2,Fiber optic,Mailed check,Yes,Yes,No,0.13662852822906474,Low
0234-TEVTT,One year,48,45.0,2196.3,DSL,Credit card (automatic),No,Yes,No,0.13656134256226427,Low
7338-ERIVA,One year,39,45.05,1790.6,DSL,Bank transfer (automatic),Yes,Yes,No,0.13651606661600407,Low
7838-LAZFO,One year,45,78.8,3597.5,DSL,Bank transfer (automatic),No,Yes,No,0.13636537253102893,Low
1430-SFQSA,One year,29,35.6,1072.6,DSL,Mailed check,Yes,Yes,No,0.13623021722024733,Low
1222-KJNZD,Month-to-month,40,20.4,745.3,No,Bank transfer (automatic),No internet service,No internet service,No,0.13610897219517604,Low
0840-DCNZE,One year,47,86.95,4138.9,DSL,Bank transfer (automatic),Yes,Yes,No,0.1360507605645382,Low
3530-VWVGU,Month-to-month,22,19.9,400.3,No,Mailed check,No internet service,No internet service,No,0.1359308138609069,Low
9220-ZNKJI,Two year,55,88.8,4805.3,Fiber optic,Credit card (automatic),Yes,No,No,0.13583030117051767,Low
2682-KEVRP,One year,22,20.05,417.0,No,Mailed check,No internet service,No internet service,No,0.1355161829719884,Low
7471-MQPOS,One year,71,72.9,5139.65,DSL,Bank transfer (automatic),Yes,No,No,0.1353553432373897,Low
9289-LBQVU,One year,64,70.15,4480.7,DSL,Mailed check,Yes,No,No,0.13534314395510053,Low
0121-SNYRK,One year,50,35.4,1748.9,DSL,Mailed check,Yes,Yes,No,0.1352470824207971,Low
3283-WCWXT,Two year,6,25.4,153.3,No,Mailed check,No internet service,No internet service,No,0.13524273074530332,Low
4853-RULSV,Two year,70,104.0,7250.15,Fiber optic,Credit card (automatic),Yes,Yes,Yes,0.13521555172011396,Low
2200-DSAAL,Two year,68,80.65,5330.2,DSL,Electronic check,No,No,No,0.13519443719281796,Low
9931-DCEZH,One year,28,54.4,1516.6,DSL,Credit card (automatic),Yes,No,No,0.13512965331271873,Low
6352-GIGGQ,One year,67,88.8,5903.15,DSL,Bank transfer (automatic),Yes,Yes,No,0.13505872651140283,Low
5149-QYTTU,One year,71,95.15,6770.85,Fiber optic,Credit card (automatic),Yes,Yes,No,0.13483209859345258,Low
5062-CJJKH,One year,25,53.65,1355.45,DSL,Mailed check,No,No,No,0.13462386407472574,Low
7021-XSNYE,Two year,7,49.65,305.55,DSL,Credit card (automatic),Yes,Yes,No,0.13453023550550364,Low
5546-QUERU,One year,13,19.95,257.0,No,Mailed check,No internet service,No internet service,No,0.1343946450132405,Low
6919-ELBGL,Two year,72,114.95,8196.4,Fiber optic,Bank transfer (automatic),Yes,Yes,No,0.1343484146596529,Low
3766-EJLFL,Two year,68,109.05,7508.55,Fiber optic,Bank transfer (automatic),Yes,Yes,No,0.1342728521474433,Low
7029-IJEJK,One year,54,44.1,2369.7,DSL,Bank transfer (automatic),Yes,Yes,No,0.1342474604619015,Low
3146-JTQHR,One year,10,19.6,189.45,No,Bank transfer (automatic),No internet service,No internet service,No,0.13408286536377556,Low
8166-ZZTFS,Two year,66,80.55,5265.1,DSL,Bank transfer (automatic),No,No,Yes,0.1340333640540352,Low
3034-ZBEQN,One year,48,34.7,1604.5,DSL,Mailed check,No,No,Yes,0.13389748308305957,Low
0022-TCJCI,One year,45,62.7,2791.5,DSL,Credit card (automatic),No,Yes,Yes,0.13370367530067828,Low
6509-TSGWN,Month-to-month,37,26.45,911.6,No,Mailed check,No internet service,No internet service,No,0.1336547065328349,Low
8573-JGCZW,One year,17,19.65,351.55,No,Bank transfer (automatic),No internet service,No internet service,No,0.13341533647934703,Low
8630-QSGXK,Two year,51,75.2,3901.25,DSL,Bank transfer (automatic),Yes,No,No,0.13322908053327612,Low
9938-TKDGL,Two year,68,99.55,6668.0,Fiber optic,Electronic check,Yes,Yes,No,0.1330716637618683,Low
7951-VRDVK,One year,36,85.85,3003.55,DSL,Bank transfer (automatic),Yes,Yes,No,0.1330587255169507,Low
7353-YOWFP,One year,7,20.25,129.15,No,Mailed check,No internet service,No internet service,No,0.13299706461215619,Low
2673-ZALNP,One year,7,19.9,173.15,No,Mailed check,No internet service,No internet service,No,0.1328771992699805,Low
1760-CAZHT,Month-to-month,25,20.8,460.2,No,Mailed check,No internet service,No internet service,No,0.13255492307090572,Low
6999-CHVCF,Two year,68,102.1,7149.35,Fiber optic,Bank transfer (automatic),No,Yes,No,0.1322902750307624,Low
8109-YUOHE,One year,17,56.1,946.95,DSL,Mailed check,No,Yes,No,0.13213428443084307,Low
7690-KPNCU,One year,64,73.05,4688.65,DSL,Credit card (automatic),No,Yes,No,0.1321106595748143,Low
2798-NYLMZ,Two year,71,108.55,7616.0,Fiber optic,Credit card (automatic),Yes,Yes,No,0.13191462054709263,Low
9928-BZVLZ,Two year,12,49.85,552.1,DSL,Mailed check,Yes,Yes,No,0.13183797912422066,Low
1320-GVNHT,Two year,72,108.4,7767.25,Fiber optic,Credit card (automatic),No,Yes,No,0.13173168091663676,Low
8570-KLJYJ,One year,36,54.45,1893.5,DSL,Mailed check,No,Yes,No,0.13172587828643118,Low
2550-QHZGP,One year,7,19.5,128.6,No,Mailed check,No internet service,No internet service,No,0.1313494698512842,Low
6993-YGFJV,Two year,69,112.55,7806.5,Fiber optic,Bank transfer (automatic),Yes,Yes,No,0.13122278728037692,Low
9640-ZSLDC,One year,53,60.6,3297.0,DSL,Credit card (automatic),No,No,No,0.13118064993217188,Low
2927-CVULT,Two year,53,104.05,5566.4,Fiber optic,Bank transfer (automatic),Yes,Yes,No,0.13101043481769625,Low
9070-BCKQP,Two year,72,110.15,7881.2,Fiber optic,Credit card (automatic),Yes,Yes,No,0.13084523527058675,Low
8883-GRDWQ,One year,20,54.0,1055.9,DSL,Mailed check,Yes,Yes,No,0.13084000312813082,Low
4884-TVUQF,Two year,57,101.3,5779.6,Fiber optic,Credit card (automatic),Yes,Yes,No,0.13070552437920616,Low
9541-PWTWO,Two year,52,80.95,4233.95,DSL,Bank transfer (automatic),Yes,No,No,0.13067364746513443,Low
5204-HMGYF,One year,49,87.2,4345.0,DSL,Mailed check,Yes,Yes,No,0.13063668911398774,Low
5468-BPMMO,Month-to-month,46,19.6,851.2,No,Electronic check,No internet service,No internet service,No,0.13054125030463948,Low
8760-ZRHKE,One year,71,69.2,4982.5,DSL,Electronic check,No,Yes,No,0.13029287264189882,Low
8559-WNQZS,Two year,1,20.45,20.45,No,Mailed check,No internet service,No internet service,No,0.13013190171427216,Low
0619-OLYUR,Two year,72,111.9,8071.05,Fiber optic,Credit card (automatic),Yes,Yes,No,0.13005843969378456,Low
1150-WFARN,Two year,67,108.75,7156.2,Fiber optic,Credit card (automatic),Yes,Yes,Yes,0.1299855158707583,Low
5186-PEIZU,Month-to-month,35,19.25,617.65,No,Bank transfer (automatic),No internet service,No internet service,No,0.12994820296105664,Low
3585-YNADK,One year,57,74.6,4368.95,DSL,Bank transfer (automatic),Yes,No,No,0.12987814302163095,Low
9351-HXDMR,Two year,72,110.9,8240.85,Fiber optic,Credit card (automatic),Yes,Yes,No,0.1297226402909459,Low
3340-QBBFM,One year,36,54.1,1992.85,DSL,Credit card (automatic),Yes,No,No,0.12953594510797703,Low
2368-GAKKQ,Two year,70,113.65,7939.25,Fiber optic,Bank transfer (automatic),Yes,Yes,No,0.12945455221367272,Low
1936-CZAKF,Two year,49,49.65,2409.9,DSL,Credit card (automatic),No,No,No,0.1294018316347774,Low
4686-GEFRM,Two year,70,98.7,6858.9,Fiber optic,Bank transfer (automatic),Yes,No,No,0.12939491710465734,Low
0866-QLSIR,One year,34,64.4,2088.75,DSL,Mailed check,Yes,Yes,Yes,0.1293694238260937,Low
2361-FJWNO,One year,40,36.0,1382.9,DSL,Credit card (automatic),Yes,No,No,0.12924420654256322,Low
8328-SKJNO,One year,23,40.65,947.4,DSL,Bank transfer (automatic),Yes,Yes,No,0.12911726887129102,Low
4627-MIHJH,Two year,69,110.25,7467.55,Fiber optic,Credit card (automatic),Yes,Yes,No,0.12908425088690512,Low
9046-DQMTP,Month-to-month,35,20.75,739.9,No,Bank transfer (automatic),No internet service,No internet service,No,0.1290824716730673,Low
4702-HDRKD,One year,67,49.35,3321.35,DSL,Bank transfer (automatic),Yes,Yes,No,0.12907415098848826,Low
3259-QMXUN,Two year,58,86.1,4890.5,DSL,Electronic check,No,Yes,No,0.1289970385561092,Low
5762-TJXGK,Two year,52,58.75,3038.55,DSL,Bank transfer (automatic),No,Yes,No,0.12893370758689596,Low
5170-PTRKA,One year,49,35.8,1782.0,DSL,Credit card (automatic),Yes,Yes,No,0.1288677778716504,Low
1544-JJMYL,One year,27,69.35,1927.3,DSL,Credit card (automatic),Yes,Yes,No,0.12864897902102365,Low
3372-CDXFJ,One year,13,24.5,343.6,No,Bank transfer (automatic),No internet service,No internet service,No,0.1285257013918312,Low
7176-WRTNX,Two year,70,114.95,7711.25,Fiber optic,Bank transfer (automatic),Yes,Yes,No,0.12852505074896156,Low
1303-SRDOK,Two year,55,69.05,3842.6,Fiber optic,Credit card (automatic),No,No,No,0.12847976405473086,Low
5127-BZENZ,One year,56,65.2,3512.15,DSL,Bank transfer (automatic),No,Yes,No,0.12818534851334787,Low
1680-VDCWW,One year,12,19.8,202.25,No,Bank transfer (automatic),No internet service,No internet service,No,0.12816766671050847,Low
0872-CASZJ,One year,59,69.1,4096.9,DSL,Mailed check,Yes,Yes,No,0.12801926475705402,Low
0023-UYUPN,One year,50,25.2,1306.3,No,Electronic check,No internet service,No internet service,No,0.12801886727043443,Low
6752-APNJL,Month-to-month,42,54.5,2301.15,DSL,Mailed check,No,Yes,No,0.12801559015802547,Low
8259-DZLIZ,One year,64,53.85,3399.85,DSL,Bank transfer (automatic),No,No,No,0.12792652233598767,Low
6114-TCFID,One year,29,39.5,1082.75,DSL,Credit card (automatic),Yes,Yes,No,0.12766893315980843,Low
8434-PNQZX,Two year,42,78.45,3373.4,DSL,Credit card (automatic),Yes,No,No,0.12754350027984768,Low
8606-CIQUL,Two year,72,115.75,8399.15,Fiber optic,Credit card (automatic),Yes,Yes,No,0.12747966708334496,Low
9987-LUTYD,One year,13,55.15,742.9,DSL,Mailed check,Yes,Yes,No,0.1270059928908545,Low
5887-IKKYO,Two year,58,94.35,5563.65,Fiber optic,Bank transfer (automatic),Yes,No,No,0.12685594578374507,Low
7801-CEDNV,One year,27,48.7,1421.75,DSL,Credit card (automatic),No,Yes,No,0.12673085802644196,Low
9782-LGXMC,Month-to-month,49,61.75,3024.15,DSL,Bank transfer (automatic),Yes,Yes,No,0.12659803669491237,Low
4854-SSLTN,Two year,2,59.5,130.5,DSL,Mailed check,Yes,Yes,No,0.12657694421416427,Low
8975-SKGRX,Two year,71,116.1,8310.55,Fiber optic,Bank transfer (automatic),Yes,Yes,No,0.12651132409482913,Low
9207-ZPANB,One year,37,67.45,2443.3,DSL,Electronic check,Yes,Yes,No,0.12626288627228757,Low
9046-JBFWA,Month-to-month,27,19.15,537.35,No,Mailed check,No internet service,No internet service,No,0.12609033482649687,Low
7191-ADRGF,Two year,44,54.3,2390.45,DSL,Bank transfer (automatic),No,No,No,0.12573986234369497,Low
6147-CBCRA,Month-to-month,33,20.05,669.45,No,Mailed check,No internet service,No internet service,No,0.1257286973106756,Low
5245-VDBUR,One year,52,35.45,1958.95,DSL,Mailed check,No,Yes,No,0.12545728411164753,Low
9442-JTWDL,One year,11,20.05,237.7,No,Credit card (automatic),No internet service,No internet service,No,0.12503147030755846,Low
4203-QGNZA,Month-to-month,28,20.25,535.35,No,Mailed check,No internet service,No internet service,No,0.12489889869746441,Low
9298-WGMRW,Two year,72,115.5,8312.75,Fiber optic,Bank transfer (automatic),Yes,Yes,No,0.12476387556221434,Low
2061-VVFST,Month-to-month,37,19.5,805.2,No,Bank transfer (automatic),No internet service,No internet service,No,0.1247223203112458,Low
1952-DVVSW,One year,10,20.1,184.4,No,Mailed check,No internet service,No internet service,No,0.12464075342836561,Low
3963-RYFNS,Two year,72,116.45,8013.55,Fiber optic,Bank transfer (automatic),Yes,Yes,No,0.12455426906925056,Low
6244-BESBM,Two year,69,95.2,6671.7,Fiber optic,Credit card (automatic),Yes,No,No,0.12444484200111218,Low
4877-TSOFF,One year,55,75.75,4264.25,DSL,Bank transfer (automatic),Yes,Yes,No,0.124323912114383,Low
3800-LYTRK,One year,14,55.7,795.15,DSL,Mailed check,Yes,Yes,No,0.12430053045233909,Low
6229-UOLQL,One year,56,52.0,2884.9,DSL,Mailed check,Yes,Yes,No,0.12427081336850858,Low
4981-FLTMF,Month-to-month,57,65.2,3687.85,DSL,Bank transfer (automatic),Yes,Yes,No,0.12423581325874843,Low
1866-NXPSP,One year,36,75.55,2680.15,DSL,Mailed check,Yes,Yes,No,0.12422290819386073,Low
2073-QBVBI,One year,41,35.45,1391.65,DSL,Mailed check,Yes,No,No,0.12418287844536233,Low
5038-ETMLM,Two year,72,113.65,8182.75,Fiber optic,Bank transfer (automatic),Yes,Yes,No,0.12416488688410794,Low
4636-OLWOE,One year,54,61.0,3283.05,DSL,Electronic check,Yes,No,No,0.123839269590835,Low
2085-JVGAD,Month-to-month,37,20.35,697.65,No,Bank transfer (automatic),No internet service,No internet service,No,0.12367698246908176,Low
5914-XRFQB,Two year,72,115.8,8424.9,Fiber optic,Bank transfer (automatic),Yes,Yes,No,0.12354118625030748,Low
0756-MPZRL,One year,46,33.7,1537.85,DSL,Credit card (automatic),Yes,No,No,0.1235362684713456,Low
0254-FNMCI,Two year,72,109.9,7624.2,Fiber optic,Electronic check,Yes,Yes,No,0.12346806128450485,Low
0930-EHUZA,One year,36,76.35,2606.35,DSL,Mailed check,Yes,Yes,No,0.12337078738878537,Low
0727-BNRLG,Two year,69,97.65,6743.55,Fiber optic,Credit card (automatic),Yes,No,No,0.12336806269460163,Low
3442-ZHHCC,One year,68,76.9,5023.0,DSL,Credit card (automatic),No,Yes,No,0.12320041515491051,Low
9705-ZJBCG,One year,13,54.15,701.05,DSL,Bank transfer (automatic),Yes,Yes,No,0.12312584191402119,Low
7602-MVRMB,Two year,72,110.45,8058.85,Fiber optic,Bank transfer (automatic),Yes,Yes,No,0.12297246733433954,Low
7665-VIGUD,One year,10,20.35,176.3,No,Mailed check,No internet service,No internet service,No,0.1228908169416104,Low
4378-BZYFP,One year,17,20.5,365.8,No,Mailed check,No internet service,No internet service,No,0.12281313570690916,Low
4513-CXYIX,Two year,71,80.7,5676.0,Fiber optic,Credit card (automatic),No,Yes,No,0.12279125033663144,Low
2387-KDZQY,One year,17,20.1,279.5,No,Mailed check,No internet service,No internet service,No,0.1226851589920415,Low
8076-FEZKJ,One year,10,19.5,225.85,No,Mailed check,No internet service,No internet service,No,0.12261885565851334,Low
2405-LBMUW,One year,61,50.7,3088.75,DSL,Bank transfer (automatic),Yes,Yes,No,0.12261450634839355,Low
1915-OAKWD,One year,16,19.3,360.35,No,Bank transfer (automatic),No internet service,No internet service,No,0.12255441564311016,Low
9860-LISIZ,Month-to-month,34,20.35,673.2,No,Mailed check,No internet service,No internet service,No,0.12245582542156712,Low
2380-DAMQP,Two year,72,115.15,8349.7,Fiber optic,Electronic check,Yes,Yes,No,0.12216508099229556,Low
1763-KUAAW,One year,18,20.35,369.6,No,Bank transfer (automatic),No internet service,No internet service,No,0.12206204664222027,Low
4032-RMHCI,One year,41,35.4,1412.4,DSL,Credit card (automatic),No,Yes,No,0.12203807456125297,Low
7055-JCGNI,Two year,70,111.95,7795.95,Fiber optic,Credit card (automatic),Yes,Yes,No,0.12200261302440545,Low
3617-XLSGQ,Two year,66,109.25,7082.5,Fiber optic,Bank transfer (automatic),No,Yes,No,0.12194098246843878,Low
3082-WQRVY,One year,14,19.65,228.65,No,Mailed check,No internet service,No internet service,No,0.12185653092566154,Low
1402-PTHGN,One year,18,61.5,1087.45,DSL,Mailed check,Yes,Yes,No,0.12132915953731414,Low
8084-OIVBS,One year,11,20.0,211.95,No,Mailed check,No internet service,No internet service,No,0.12126556896289904,Low
1752-OZXFY,One year,60,59.8,3561.15,DSL,Mailed check,No,Yes,No,0.12124956053329576,Low
6614-FHDBO,Two year,72,109.2,7878.3,Fiber optic,Bank transfer (automatic),Yes,No,No,0.12114571766560778,Low
3374-PZLXD,Month-to-month,34,19.7,675.6,No,Mailed check,No internet service,No internet service,No,0.12095219158427874,Low
5993-BQHEA,One year,12,20.05,267.0,No,Credit card (automatic),No internet service,No internet service,No,0.12089110423076795,Low
1623-NLDOT,One year,42,33.55,1445.3,DSL,Mailed check,Yes,No,Yes,0.12075417425311467,Low
2039-JONDJ,One year,27,55.45,1477.65,DSL,Bank transfer (automatic),No,Yes,No,0.12075214022493318,Low
3669-WHAFY,Two year,71,115.15,8078.1,Fiber optic,Credit card (automatic),Yes,Yes,No,0.12072204670101955,Low
9589-ABEPT,Two year,69,92.45,6460.55,Fiber optic,Mailed check,Yes,No,No,0.1206994352016789,Low
5327-XOKKY,Two year,72,73.45,5329.0,DSL,Credit card (automatic),No,No,No,0.12067106151687143,Low
6746-WAUWT,One year,19,19.7,386.5,No,Credit card (automatic),No internet service,No internet service,No,0.12065680494798281,Low
0019-EFAEP,Two year,72,101.3,7261.25,Fiber optic,Bank transfer (automatic),No,Yes,No,0.12064097211035434,Low
9150-KPBJQ,Two year,6,19.65,116.85,No,Credit card (automatic),No internet service,No internet service,No,0.12061622674332237,Low
9209-NWPGU,One year,44,65.4,2774.55,DSL,Electronic check,Yes,Yes,No,0.1205341696228838,Low
6161-ERDGD,One year,71,85.45,6300.85,DSL,Electronic check,Yes,Yes,No,0.12007914613056442,Low
6445-TNRXS,Two year,68,114.7,7849.85,Fiber optic,Bank transfer (automatic),Yes,Yes,No,0.12001743876632738,Low
2520-SGTTA,Two year,0,20.0,0.0,No,Mailed check,No internet service,No internet service,No,0.11997006092527145,Low
7247-XOZPB,One year,53,77.4,4155.95,DSL,Bank transfer (automatic),Yes,Yes,No,0.11993340677941232,Low
6670-MFRPK,Two year,69,79.2,5420.65,Fiber optic,Credit card (automatic),No,No,No,0.1198734631196825,Low
7649-PHJVR,One year,11,19.5,226.8,No,Mailed check,No internet service,No internet service,No,0.11982155051889445,Low
1455-HFBXA,Two year,52,91.6,4627.8,Fiber optic,Credit card (automatic),Yes,Yes,No,0.11981770348487764,Low
3186-AJIEK,Two year,66,105.65,6844.5,Fiber optic,Bank transfer (automatic),Yes,Yes,No,0.11978973063287704,Low
8745-PVESG,One year,57,41.1,2258.25,DSL,Credit card (automatic),Yes,Yes,No,0.1196350953232371,Low
1043-UXOVO,Two year,71,113.15,7993.3,Fiber optic,Credit card (automatic),Yes,Yes,No,0.11959234964207018,Low
0013-SMEOE,Two year,71,109.7,7904.25,Fiber optic,Bank transfer (automatic),Yes,Yes,No,0.11956929769826062,Low
9959-WOFKT,Two year,71,106.7,7382.25,Fiber optic,Bank transfer (automatic),No,Yes,No,0.11954837552443698,Low
7710-JSYOA,Two year,69,93.3,6398.05,Fiber optic,Bank transfer (automatic),Yes,No,No,0.11939583844118429,Low
9621-OUPYD,One year,25,20.2,507.9,No,Bank transfer (automatic),No internet service,No internet service,No,0.11933689618202921,Low
6427-FEFIG,Two year,24,78.6,1846.65,DSL,Credit card (automatic),No,Yes,No,0.1192569640678533,Low
5820-PTRYM,One year,56,68.45,4014.0,DSL,Credit card (automatic),Yes,Yes,No,0.11925305662580894,Low
4322-RCYMT,One year,68,75.8,5293.95,DSL,Bank transfer (automatic),Yes,No,Yes,0.1191467187591012,Low
4425-OWHWB,One year,20,19.35,433.75,No,Credit card (automatic),No internet service,No internet service,No,0.11905709168903407,Low
4404-HIBDJ,One year,25,74.3,1863.8,DSL,Mailed check,Yes,Yes,Yes,0.11904103236168913,Low
2351-RRBUE,One year,7,20.65,134.05,No,Mailed check,No internet service,No internet service,No,0.1188352389379558,Low
7644-OMVMY,Two year,0,19.85,0.0,No,Mailed check,No internet service,No internet service,No,0.11864808949593224,Low
1032-MAELW,One year,68,78.45,5333.35,DSL,Electronic check,Yes,Yes,No,0.11862205386226651,Low
6650-BWFRT,Two year,72,117.15,8529.5,Fiber optic,Credit card (automatic),Yes,Yes,No,0.11858188572803673,Low
1429-UYJSV,One year,12,19.7,260.9,No,Mailed check,No internet service,No internet service,No,0.11840189316424496,Low
3423-HHXAO,One year,14,19.5,272.0,No,Mailed check,No internet service,No internet service,No,0.11835613236945475,Low
8727-XDPUD,Two year,37,35.8,1316.9,DSL,Credit card (automatic),No,No,No,0.1183150935793488,Low
3452-FLHYD,One year,25,20.95,495.15,No,Bank transfer (automatic),No internet service,No internet service,No,0.11829959881790943,Low
5602-BVFMK,One year,12,19.3,228.75,No,Mailed check,No internet service,No internet service,No,0.11827789334911332,Low
3115-CZMZD,Two year,0,20.25,0.0,No,Mailed check,No internet service,No internet service,No,0.11827683975078734,Low
7677-SJJJK,One year,8,19.9,153.95,No,Credit card (automatic),No internet service,No internet service,No,0.11821926154696108,Low
1325-USMEC,Two year,70,99.35,6944.5,Fiber optic,Credit card (automatic),No,Yes,No,0.1181778690870487,Low
4291-YZODP,One year,7,20.05,96.8,No,Mailed check,No internet service,No internet service,No,0.11815355406635149,Low
2121-JAFOM,Two year,72,115.55,8312.4,Fiber optic,Credit card (automatic),Yes,Yes,No,0.11808590882711274,Low
7005-CYUIL,Two year,71,99.4,7168.25,Fiber optic,Electronic check,Yes,Yes,No,0.11804376865113998,Low
7995-ZHHNZ,One year,42,56.1,2386.85,DSL,Credit card (automatic),No,Yes,No,0.11804158635431085,Low
8668-KNZTI,One year,52,53.75,2790.65,DSL,Electronic check,No,Yes,No,0.11779415515428837,Low
5256-SKJGO,Two year,64,54.6,3423.5,DSL,Electronic check,Yes,No,No,0.11769335039556236,Low
9229-RQABD,One year,18,23.75,424.5,No,Mailed check,No internet service,No internet service,No,0.11762692085906794,Low
3750-YHRYO,One year,7,20.65,150.0,No,Mailed check,No internet service,No internet service,No,0.11757033234269232,Low
6103-QCKFX,Month-to-month,44,56.25,2419.55,DSL,Bank transfer (automatic),Yes,Yes,No,0.11751797225294791,Low
9239-GZHZE,Two year,72,113.65,8124.2,Fiber optic,Credit card (automatic),Yes,Yes,No,0.1174992708196958,Low
8024-XNAFQ,Two year,72,107.4,7748.75,Fiber optic,Bank transfer (automatic),Yes,Yes,No,0.1173724607967401,Low
0428-AXXLJ,One year,25,19.5,516.3,No,Bank transfer (automatic),No internet service,No internet service,No,0.1173587178089365,Low
1099-GODLO,Two year,1,20.35,20.35,No,Mailed check,No internet service,No internet service,No,0.1173327657374605,Low
4378-MYPGO,Two year,68,105.25,7173.15,Fiber optic,Bank transfer (automatic),No,Yes,No,0.11729685117627889,Low
9788-HNGUT,Two year,72,116.95,8594.4,Fiber optic,Credit card (automatic),Yes,Yes,No,0.11725779445248656,Low
1841-YSJGV,Two year,72,109.95,7852.4,Fiber optic,Credit card (automatic),Yes,Yes,No,0.11722972360801047,Low
5995-WWKKG,One year,37,19.8,695.05,No,Electronic check,No internet service,No internet service,No,0.11718833800053381,Low
5375-XLDOF,Two year,69,114.35,7665.8,Fiber optic,Bank transfer (automatic),Yes,Yes,No,0.11716393973217482,Low
3605-JISKB,One year,55,60.0,3316.1,DSL,Credit card (automatic),No,Yes,No,0.11708253995268705,Low
3474-BAFSJ,Two year,57,57.5,3265.95,DSL,Bank transfer (automatic),Yes,No,No,0.11707666873441391,Low
7196-LIWRH,Two year,6,19.55,124.45,No,Mailed check,No internet service,No internet service,No,0.11695019045535775,Low
6211-WWLTF,Two year,63,99.7,6330.4,Fiber optic,Credit card (automatic),No,Yes,No,0.11694209413376772,Low
5172-RKOCB,Two year,72,108.95,7875.0,Fiber optic,Credit card (automatic),Yes,Yes,No,0.11692259504463191,Low
5965-GGPRW,Two year,72,105.25,7609.75,Fiber optic,Bank transfer (automatic),No,Yes,No,0.11685670808514594,Low
5183-KLYEM,Two year,72,112.75,8192.6,Fiber optic,Credit card (automatic),Yes,Yes,No,0.11673229836058008,Low
1015-JPFYW,One year,7,19.45,136.75,No,Mailed check,No internet service,No internet service,No,0.1167110367772323,Low
5110-CHOPY,Two year,60,53.6,3237.05,DSL,Electronic check,No,Yes,No,0.11654543208403406,Low
9637-CDTKZ,Two year,72,114.1,8086.4,Fiber optic,Credit card (automatic),Yes,Yes,No,0.11638413671296412,Low
5906-DVAPM,One year,55,75.0,4213.9,DSL,Credit card (automatic),Yes,Yes,No,0.11636348118983622,Low
7581-EBBOU,One year,60,70.15,4224.7,DSL,Credit card (automatic),Yes,No,No,0.11618065438266534,Low
3055-VTCGS,One year,63,58.55,3503.5,DSL,Credit card (automatic),No,No,No,0.11616331568447108,Low
3556-BVQGL,One year,20,20.0,416.45,No,Mailed check,No internet service,No internet service,No,0.11614601853279354,Low
4114-QMKVN,One year,56,68.75,3815.4,DSL,Bank transfer (automatic),No,Yes,No,0.11613614967460895,Low
5855-EIBDE,Two year,49,106.65,5174.35,Fiber optic,Credit card (automatic),Yes,Yes,No,0.11601189025087501,Low
6727-IOTLZ,Two year,14,81.95,1181.75,DSL,Mailed check,Yes,No,No,0.11600062431128152,Low
0810-DHDBD,One year,52,74.0,3877.65,DSL,Credit card (automatic),Yes,Yes,No,0.11585615804176756,Low
0203-HHYIJ,One year,25,25.3,676.35,No,Bank transfer (automatic),No internet service,No internet service,Yes,0.11579293713945776,Low
2190-PHBHR,Two year,72,94.45,6921.7,Fiber optic,Credit card (automatic),No,Yes,No,0.11568077176059972,Low
1555-DJEQW,Two year,70,114.2,7723.9,Fiber optic,Bank transfer (automatic),Yes,Yes,Yes,0.11566521657032809,Low
3397-AVTKU,Two year,43,60.0,2548.55,DSL,Electronic check,No,No,No,0.11530342430192107,Low
5982-PSMKW,Two year,23,91.1,2198.3,DSL,Credit card (automatic),Yes,Yes,No,0.11517566988444769,Low
8106-GWQOK,Two year,38,60.0,2193.2,DSL,Bank transfer (automatic),Yes,Yes,No,0.11514491159855726,Low
1038-ZAGBI,One year,12,19.8,229.6,No,Bank transfer (automatic),No internet service,No internet service,Yes,0.11508247343939333,Low
4106-HADHQ,One year,39,80.0,3182.95,DSL,Credit card (automatic),Yes,Yes,Yes,0.1148634093144447,Low
6736-DHUQI,One year,67,84.8,5598.3,Fiber optic,Bank transfer (automatic),No,Yes,No,0.11474043269939886,Low
4933-IKULF,One year,17,20.65,330.6,No,Mailed check,No internet service,No internet service,No,0.11472265135708125,Low
0042-JVWOJ,One year,26,19.6,471.85,No,Bank transfer (automatic),No internet service,No internet service,No,0.11469589550567119,Low
7636-PEPNS,One year,58,44.1,2413.05,DSL,Mailed check,No,No,No,0.11444884931530588,Low
5844-QVTAT,One year,33,58.45,1955.4,DSL,Mailed check,No,Yes,No,0.11441573700604456,Low
4451-RWASJ,One year,15,19.5,239.75,No,Mailed check,No internet service,No internet service,No,0.11440791349252162,Low
1964-SVLEA,One year,20,19.7,415.9,No,Mailed check,No internet service,No internet service,No,0.11433416538017276,Low
0657-DOGUM,One year,48,60.6,2985.25,DSL,Bank transfer (automatic),Yes,Yes,No,0.11404943739094922,Low
5825-XJOCM,One year,48,64.4,3035.35,DSL,Bank transfer (automatic),No,Yes,No,0.11394760953810605,Low
0458-HEUZG,Two year,13,35.4,450.4,DSL,Mailed check,Yes,No,No,0.1136770748842733,Low
7492-TAFJD,Two year,7,38.55,280.0,DSL,Mailed check,No,Yes,No,0.11367076226625045,Low
5199-FPUSP,One year,33,34.05,1113.95,DSL,Credit card (automatic),Yes,Yes,No,0.11338702343974807,Low
4717-GHADL,Two year,50,79.6,4024.2,DSL,Mailed check,Yes,No,No,0.11337830709944091,Low
4537-CIBHB,One year,9,20.25,172.35,No,Mailed check,No internet service,No internet service,No,0.11332527689098826,Low
7168-HDQHG,Month-to-month,36,19.2,702.9,No,Bank transfer (automatic),No internet service,No internet service,No,0.11326604149546558,Low
1929-ZCBHE,One year,47,40.3,1794.8,DSL,Electronic check,Yes,Yes,No,0.11322151758561556,Low
3258-SYSWS,Two year,72,113.8,7845.8,Fiber optic,Bank transfer (automatic),Yes,Yes,No,0.11305487182260082,Low
7269-JISCY,One year,55,45.05,2462.6,DSL,Bank transfer (automatic),No,No,No,0.11300207201959934,Low
9619-GSATL,One year,43,55.45,2444.25,DSL,Electronic check,Yes,No,No,0.11299700176743083,Low
1131-ALZWV,One year,24,24.6,605.25,No,Bank transfer (automatic),No internet service,No internet service,No,0.11299475336581896,Low
6434-TTGJP,Two year,10,53.7,521.0,DSL,Credit card (automatic),Yes,Yes,No,0.11290031576160726,Low
9830-ECLEN,One year,58,50.0,2919.85,DSL,Mailed check,No,Yes,No,0.11284953537598302,Low
7375-WMVMT,Two year,71,95.5,6707.15,Fiber optic,Credit card (automatic),Yes,No,No,0.11281346259058093,Low
5641-DMBFJ,Two year,58,84.3,4916.4,DSL,Electronic check,Yes,Yes,No,0.11275545703622325,Low
8746-BFOAJ,One year,21,20.5,429.55,No,Bank transfer (automatic),No internet service,No internet service,No,0.11269359740182919,Low
4086-ATNFV,One year,34,60.8,2042.05,DSL,Mailed check,No,Yes,No,0.11247685459849542,Low
6176-YJWAS,Two year,72,97.95,7114.25,Fiber optic,Credit card (automatic),No,Yes,No,0.11239772916125682,Low
2223-GDSHL,Two year,71,116.05,8297.5,Fiber optic,Bank transfer (automatic),Yes,Yes,No,0.11234235137608817,Low
1930-BZLHI,One year,21,20.35,422.7,No,Mailed check,No internet service,No internet service,No,0.1118935696723544,Low
1298-PHBTI,Two year,71,84.8,6152.4,Fiber optic,Electronic check,Yes,No,No,0.11184382138224018,Low
8883-ANODQ,Two year,68,84.4,5746.75,Fiber optic,Credit card (automatic),No,No,No,0.1117485785451992,Low
3726-TBHQT,Two year,71,114.0,8175.9,Fiber optic,Bank transfer (automatic),Yes,Yes,No,0.11173638851754675,Low
7569-NMZYQ,Two year,72,118.75,8672.45,Fiber optic,Bank transfer (automatic),Yes,Yes,No,0.11173523678211017,Low
1407-DIGZV,Two year,3,19.1,52.0,No,Mailed check,No internet service,No internet service,No,0.11163292021423203,Low
9483-GCPWE,One year,9,20.1,190.25,No,Mailed check,No internet service,No internet service,No,0.11159605086166224,Low
3308-JSGML,Two year,59,64.05,3886.85,DSL,Credit card (automatic),Yes,Yes,No,0.11155443849910843,Low
1354-YZFNB,Two year,4,19.55,68.8,No,Credit card (automatic),No internet service,No internet service,No,0.11140202820769453,Low
3810-DVDQQ,Two year,72,117.6,8308.9,Fiber optic,Bank transfer (automatic),Yes,Yes,No,0.11139656192847273,Low
6368-TZZDT,Two year,4,19.5,96.85,No,Credit card (automatic),No internet service,No internet service,No,0.11138732296942078,Low
1488-PBLJN,Two year,72,116.85,8477.7,Fiber optic,Bank transfer (automatic),Yes,Yes,No,0.11117617102746506,Low
3178-CIFOT,One year,23,19.65,478.1,No,Credit card (automatic),No internet service,No internet service,No,0.11112710611397557,Low
7730-CLDSV,Two year,72,98.65,7129.45,Fiber optic,Bank transfer (automatic),Yes,No,No,0.11090043880384073,Low
6007-TCTST,Two year,72,115.8,8476.5,Fiber optic,Bank transfer (automatic),Yes,Yes,No,0.11086826472749817,Low
8099-MZPUJ,Two year,48,111.8,5443.65,Fiber optic,Credit card (automatic),Yes,Yes,No,0.11084726696086558,Low
1352-HNSAW,Two year,72,115.6,8220.4,Fiber optic,Bank transfer (automatic),Yes,Yes,No,0.11080970060375077,Low
9412-ARGBX,Two year,48,95.5,4627.85,Fiber optic,Mailed check,Yes,No,Yes,0.1106226934163198,Low
9625-QNLUX,Two year,68,103.25,7074.4,Fiber optic,Credit card (automatic),No,Yes,No,0.11036841200761739,Low
8608-OZTLB,One year,38,74.05,2802.3,DSL,Electronic check,Yes,Yes,No,0.11028378530751339,Low
1576-PFZIW,Two year,70,105.35,7511.9,Fiber optic,Credit card (automatic),No,Yes,No,0.11022446438281563,Low
9617-UDPEU,One year,22,19.25,412.55,No,Mailed check,No internet service,No internet service,No,0.11017680044441636,Low
6859-QNXIQ,Two year,72,113.1,8248.5,Fiber optic,Bank transfer (automatic),Yes,Yes,No,0.11007993137138743,Low
7670-ZBPOQ,One year,58,61.05,3478.75,DSL,Bank transfer (automatic),Yes,Yes,No,0.1099706990815343,Low
3021-VLNRJ,One year,50,70.8,3478.15,DSL,Credit card (automatic),Yes,Yes,No,0.10992144691780248,Low
3258-ZKPAI,Two year,72,116.6,8337.45,Fiber optic,Bank transfer (automatic),Yes,Yes,No,0.10990992515665611,Low
0454-OKRCT,Two year,33,80.6,2651.1,Fiber optic,Bank transfer (automatic),Yes,No,No,0.1098991161707444,Low
9715-SBVSU,Two year,14,61.4,815.55,DSL,Bank transfer (automatic),No,Yes,No,0.10989579423038161,Low
4778-IZARL,Two year,63,110.1,6705.7,Fiber optic,Credit card (automatic),Yes,Yes,No,0.10971485713708343,Low
3396-DKDEL,Two year,70,115.15,8250.0,Fiber optic,Credit card (automatic),Yes,Yes,No,0.10967421196981193,Low
1741-WTPON,Two year,56,115.85,6567.9,Fiber optic,Mailed check,Yes,Yes,No,0.10961900112013577,Low
3724-BSCVH,One year,10,20.45,242.4,No,Mailed check,No internet service,No internet service,No,0.10958200150467617,Low
6510-UPNKS,One year,23,24.8,615.35,No,Credit card (automatic),No internet service,No internet service,No,0.10944576203079187,Low
4973-RLZVI,One year,30,74.65,2308.6,DSL,Credit card (automatic),Yes,Yes,No,0.10938132108689981,Low
6016-LVTJQ,Month-to-month,34,20.65,716.4,No,Mailed check,No internet service,No internet service,No,0.10924606671044414,Low
6726-NNFWD,Two year,71,89.45,6435.25,Fiber optic,Credit card (automatic),No,No,No,0.10923931881077156,Low
4111-BNXIF,Two year,67,59.55,4103.9,DSL,Electronic check,Yes,No,No,0.10918840031262896,Low
5306-BVTKJ,One year,48,55.8,2651.2,DSL,Credit card (automatic),No,No,No,0.10908460425611496,Low
3870-SPZSI,Two year,70,113.05,7869.05,Fiber optic,Credit card (automatic),Yes,Yes,No,0.10906643578931258,Low
3795-CAWEX,Two year,70,116.55,8152.3,Fiber optic,Credit card (automatic),Yes,Yes,No,0.10889780327149237,Low
4227-OJHAL,One year,68,73.0,5163.0,DSL,Credit card (automatic),No,Yes,No,0.10888992986765572,Low
9534-NSXEM,One year,26,20.65,595.5,No,Credit card (automatic),No internet service,No internet service,No,0.10877772462644114,Low
4859-ZSRDZ,Two year,58,55.5,3166.9,DSL,Credit card (automatic),Yes,No,No,0.10863705138299597,Low
9174-IHETN,Two year,50,70.35,3533.6,Fiber optic,Credit card (automatic),No,No,No,0.10837257168697527,Low
4664-NJCMS,Two year,33,59.55,2016.3,DSL,Bank transfer (automatic),Yes,Yes,No,0.10833474654242752,Low
0083-PIVIK,One year,64,81.25,5567.55,DSL,Electronic check,Yes,Yes,No,0.10832183250994276,Low
2907-ILJBN,One year,11,20.6,233.9,No,Mailed check,No internet service,No internet service,No,0.10825439809960187,Low
4803-LBYPN,Month-to-month,34,20.8,635.9,No,Mailed check,No internet service,No internet service,No,0.10811367785472606,Low
0754-EEBDC,Two year,4,19.9,76.65,No,Mailed check,No internet service,No internet service,No,0.10811051370146457,Low
9553-DLCLU,Two year,13,88.95,1161.75,DSL,Credit card (automatic),Yes,Yes,No,0.10804337810016032,Low
8085-MSNLK,Two year,62,113.95,6891.4,Fiber optic,Mailed check,Yes,Yes,No,0.10803347413070981,Low
8639-NHQEI,Two year,72,95.9,6954.15,Fiber optic,Bank transfer (automatic),No,Yes,No,0.10794832300014766,Low
8738-JOKAR,One year,42,67.7,2882.25,DSL,Mailed check,Yes,Yes,No,0.10780186500822315,Low
7817-OMJNA,One year,14,20.4,275.7,No,Bank transfer (automatic),No internet service,No internet service,No,0.10779065139797654,Low
2321-OMBXY,One year,38,80.3,3058.65,DSL,Credit card (automatic),Yes,Yes,Yes,0.10760858724965708,Low
6374-NTQLP,Two year,72,104.1,7447.7,Fiber optic,Credit card (automatic),Yes,Yes,No,0.10756939117687002,Low
8292-FRFZQ,One year,39,41.15,1700.9,DSL,Bank transfer (automatic),Yes,Yes,No,0.10748708211282418,Low
0868-VJRDR,Two year,64,104.05,6605.55,Fiber optic,Credit card (automatic),Yes,Yes,No,0.107420357532481,Low
9330-DHBFL,One year,23,66.25,1533.8,DSL,Mailed check,Yes,Yes,No,0.10739608270568021,Low
1866-DIOQZ,One year,71,66.8,4689.15,DSL,Bank transfer (automatic),Yes,Yes,No,0.10738721383190002,Low
1725-IQNIY,Two year,54,109.75,6110.2,Fiber optic,Bank transfer (automatic),Yes,Yes,Yes,0.10726189114494021,Low
6990-YNRIO,Two year,65,108.65,6937.95,Fiber optic,Bank transfer (automatic),Yes,Yes,Yes,0.10700880736205694,Low
6559-ILWKJ,Two year,71,49.35,3515.25,DSL,Electronic check,No,No,Yes,0.10700872170410677,Low
9777-IQHWP,Two year,64,93.4,5822.3,Fiber optic,Bank transfer (automatic),No,Yes,No,0.10699097327680211,Low
6543-JXSOO,One year,23,57.75,1282.85,DSL,Mailed check,Yes,Yes,No,0.106943687989716,Low
6322-HRPFA,Month-to-month,49,59.6,2970.3,DSL,Credit card (automatic),Yes,Yes,No,0.10665664093645577,Low
4707-YNOQA,One year,34,25.6,917.15,No,Credit card (automatic),No internet service,No internet service,No,0.1066412823444294,Low
0487-CRLZF,Two year,49,74.45,3721.9,DSL,Bank transfer (automatic),Yes,No,No,0.10654419924242294,Low
2245-ADZFJ,Two year,31,80.55,2471.6,DSL,Bank transfer (automatic),Yes,No,No,0.10611143446217586,Low
6121-TNHBO,One year,63,83.0,5243.05,DSL,Bank transfer (automatic),Yes,Yes,No,0.10608813029905177,Low
2676-SSLTO,Two year,49,66.15,3199.0,DSL,Bank transfer (automatic),Yes,No,No,0.10562431130368824,Low
6047-SUHPR,One year,39,59.8,2343.85,DSL,Electronic check,No,Yes,No,0.10549735684871213,Low
6765-MBQNU,One year,26,26.0,684.05,No,Mailed check,No internet service,No internet service,No,0.10548830289139834,Low
4560-WQAQW,One year,59,68.7,4070.95,DSL,Bank transfer (automatic),Yes,Yes,No,0.10542765476189062,Low
5862-BRIXZ,Two year,46,60.75,2893.4,DSL,Bank transfer (automatic),Yes,Yes,No,0.10535066438841806,Low
3717-FDJFU,Two year,5,20.45,106.9,No,Mailed check,No internet service,No internet service,No,0.10531102367132204,Low
1552-TKMXS,Month-to-month,42,20.35,869.9,No,Credit card (automatic),No internet service,No internet service,No,0.10527051637031995,Low
0017-IUDMW,Two year,72,116.8,8456.75,Fiber optic,Credit card (automatic),Yes,Yes,No,0.10511016845437542,Low
0675-NCDYU,Two year,72,116.4,8543.25,Fiber optic,Credit card (automatic),Yes,Yes,No,0.10499843089260208,Low
6252-DFGTK,One year,37,68.1,2479.25,DSL,Credit card (automatic),Yes,Yes,No,0.10474361757003549,Low
3134-DSHVC,Two year,63,98.0,6218.45,Fiber optic,Credit card (automatic),No,Yes,No,0.10470351624633387,Low
8311-UEUAB,Two year,67,75.5,5229.45,DSL,Electronic check,No,Yes,No,0.10465553404077589,Low
5575-GNVDE,One year,34,56.95,1889.5,DSL,Mailed check,No,Yes,No,0.10437905107390107,Low
2587-YNLES,Two year,6,20.1,100.35,No,Mailed check,No internet service,No internet service,No,0.10433317218848615,Low
1937-OTUKY,Two year,72,98.2,7015.9,Fiber optic,Bank transfer (automatic),Yes,Yes,No,0.10426840863995462,Low
6461-PPAXN,One year,35,54.95,1916.0,DSL,Bank transfer (automatic),Yes,Yes,No,0.10422436714148231,Low
7605-BDWDC,Two year,31,49.85,1520.1,DSL,Bank transfer (automatic),Yes,Yes,No,0.10411062653141212,Low
2592-HODOV,One year,13,19.3,259.65,No,Credit card (automatic),No internet service,No internet service,No,0.1040253225623091,Low
3882-IYOIJ,Two year,60,115.25,6758.45,Fiber optic,Credit card (automatic),Yes,Yes,No,0.10390228010697379,Low
4616-EWBNJ,One year,16,20.1,318.6,No,Bank transfer (automatic),No internet service,No internet service,No,0.10388480330023324,Low
8480-PPONV,Two year,62,115.55,7159.05,Fiber optic,Bank transfer (automatic),Yes,Yes,No,0.10380872992410281,Low
9796-MVYXX,Two year,14,39.7,692.35,DSL,Mailed check,Yes,Yes,No,0.1034787049760288,Low
3230-JCNZS,Two year,71,99.0,7061.65,Fiber optic,Credit card (automatic),No,Yes,No,0.10342943141868924,Low
3239-TPHPZ,Two year,12,20.05,264.55,No,Electronic check,No internet service,No internet service,No,0.10340293344274853,Low
8915-NNTRC,Two year,72,107.7,7919.8,Fiber optic,Credit card (automatic),Yes,Yes,No,0.1033691187551288,Low
0266-GMEAO,Two year,72,114.3,8058.55,Fiber optic,Credit card (automatic),Yes,Yes,No,0.1032841353953402,Low
3892-NXAZG,Two year,72,114.05,8289.2,Fiber optic,Credit card (automatic),Yes,Yes,No,0.10321536061373604,Low
4376-KFVRS,Two year,72,114.05,8468.2,Fiber optic,Credit card (automatic),Yes,Yes,No,0.10321536061373604,Low
8165-CBKXO,Two year,66,56.75,3708.4,DSL,Credit card (automatic),No,No,No,0.10308442857742073,Low
8097-OMULG,One year,59,76.75,4541.9,DSL,Credit card (automatic),Yes,No,No,0.10299716059412808,Low
9720-JJJOR,One year,41,60.3,2511.3,DSL,Bank transfer (automatic),No,Yes,No,0.10287850408332572,Low
8466-PZBLH,Two year,67,104.6,6885.75,Fiber optic,Bank transfer (automatic),Yes,Yes,No,0.1028738809786469,Low
3520-FJGCV,Two year,72,112.6,8126.65,Fiber optic,Credit card (automatic),Yes,Yes,No,0.1028172655595957,Low
4355-HBJHH,Two year,67,79.7,5293.4,DSL,Electronic check,No,Yes,Yes,0.10277929157552848,Low
8313-AFGBW,Two year,47,73.6,3522.65,DSL,Electronic check,No,No,No,0.10272255137189305,Low
4304-TSPVK,Two year,68,114.9,7843.55,Fiber optic,Bank transfer (automatic),Yes,Yes,No,0.10263915572192242,Low
3082-YVEKW,Two year,23,77.15,1759.4,DSL,Bank transfer (automatic),Yes,Yes,No,0.10258573286415607,Low
7030-FZTFM,Two year,72,110.9,7922.75,Fiber optic,Credit card (automatic),Yes,No,No,0.10254015827096578,Low
1069-QJOEE,One year,25,19.9,505.45,No,Electronic check,No internet service,No internet service,No,0.10252766478226541,Low
7795-CFOCW,One year,45,42.3,1840.75,DSL,Bank transfer (automatic),Yes,Yes,No,0.1024532934979793,Low
7319-ZNRTR,One year,25,19.6,411.15,No,Electronic check,No internet service,No internet service,No,0.10244567528155361,Low
9297-FVVDH,Two year,57,84.5,4845.4,DSL,Electronic check,Yes,Yes,No,0.10240642500885372,Low
6100-FJZDG,One year,26,20.05,505.9,No,Bank transfer (automatic),No internet service,No internet service,No,0.10226662496337696,Low
5039-LZRQT,One year,13,20.2,273.25,No,Mailed check,No internet service,No internet service,No,0.1021833795592472,Low
6478-HRRCZ,One year,32,70.5,2201.75,DSL,Mailed check,Yes,Yes,No,0.1021749452129332,Low
5313-FPXWG,One year,51,24.6,1266.4,No,Bank transfer (automatic),No internet service,No internet service,No,0.10210459664623797,Low
4872-VXRIL,One year,56,64.65,3665.55,DSL,Bank transfer (automatic),Yes,Yes,No,0.10175058564781012,Low
7570-WELNY,Two year,68,84.7,5711.05,Fiber optic,Bank transfer (automatic),No,Yes,No,0.10160000800870701,Low
1839-UMACK,One year,42,25.05,949.85,No,Electronic check,No internet service,No internet service,No,0.10159692542755457,Low
7945-HLKEA,One year,60,64.75,4039.5,DSL,Electronic check,Yes,Yes,No,0.1014867597464739,Low
7017-VFHAY,Two year,61,115.1,7008.15,Fiber optic,Credit card (automatic),Yes,Yes,No,0.1014419381366233,Low
7279-NMVJC,One year,17,19.9,323.15,No,Bank transfer (automatic),No internet service,No internet service,No,0.10141128979345722,Low
0230-UBYPQ,One year,63,36.1,2298.9,DSL,Bank transfer (automatic),Yes,Yes,No,0.10134919063950117,Low
2788-CJQAQ,One year,13,19.45,270.2,No,Mailed check,No internet service,No internet service,No,0.10087309835385867,Low
6339-TBELP,Two year,71,86.4,6172.0,Fiber optic,Credit card (automatic),Yes,No,No,0.1008487767286377,Low
8571-ZCMCX,Two year,47,60.0,2768.65,DSL,Credit card (automatic),No,Yes,No,0.1007970746476901,Low
2789-CZANW,Two year,64,110.3,6997.3,Fiber optic,Bank transfer (automatic),Yes,Yes,No,0.10055612944323278,Low
3926-YZVVX,One year,41,50.05,2029.05,DSL,Bank transfer (automatic),Yes,No,No,0.10053970959045877,Low
0829-DDVLK,One year,15,20.1,302.45,No,Credit card (automatic),No internet service,No internet service,No,0.10053574490941648,Low
2348-KCJLT,One year,44,61.5,2722.2,DSL,Mailed check,No,Yes,No,0.10051745577081385,Low
9891-NQDBD,One year,28,25.55,672.2,No,Mailed check,No internet service,No internet service,No,0.10051315749076767,Low
9680-NIAUV,Two year,72,109.7,8129.3,Fiber optic,Credit card (automatic),No,Yes,No,0.10036620768502866,Low
0334-ZFJSR,One year,55,66.05,3462.1,DSL,Credit card (automatic),Yes,Yes,No,0.100346189052416,Low
9802-CAQUT,Two year,72,109.55,7887.25,Fiber optic,Credit card (automatic),No,Yes,No,0.10032597343592005,Low
9027-TMATR,Two year,43,78.8,3460.3,DSL,Electronic check,Yes,Yes,No,0.1000580058122368,Low
3523-BRGUW,One year,26,19.3,504.2,No,Credit card (automatic),No internet service,No internet service,No,0.10000156298323977,Low
7037-MTYVW,Two year,38,85.4,3297.0,DSL,Bank transfer (automatic),Yes,Yes,No,0.0995719641533404,Low
4957-TIALW,One year,15,65.6,1010.0,DSL,Credit card (automatic),Yes,Yes,No,0.09948959703307426,Low
9184-GALIL,Month-to-month,38,20.45,781.25,No,Mailed check,No internet service,No internet service,No,0.09938279281045927,Low
4304-XUMGI,Two year,50,75.15,3822.45,DSL,Bank transfer (automatic),No,Yes,No,0.09902076797170069,Low
5055-BRMNE,Two year,67,106.7,7009.5,Fiber optic,Credit card (automatic),Yes,Yes,No,0.09884916677824679,Low
0248-PGHBZ,Two year,67,92.45,6140.85,Fiber optic,Bank transfer (automatic),Yes,Yes,No,0.09873466535521211,Low
1345-ZUKID,One year,14,19.35,324.8,No,Mailed check,No internet service,No internet service,No,0.09848979256268077,Low
0104-PPXDV,One year,58,50.3,2878.55,DSL,Credit card (automatic),No,No,No,0.09847381859941837,Low
8792-AOROI,Two year,8,65.5,564.35,DSL,Mailed check,Yes,Yes,No,0.09839569084020909,Low
6584-VQMYT,One year,27,56.2,1567.55,DSL,Mailed check,No,Yes,No,0.09838399275060496,Low
1022-RKXDR,One year,41,24.85,962.25,No,Mailed check,No internet service,No internet service,No,0.09829468173314333,Low
9053-JZFKV,Two year,67,116.2,7752.3,Fiber optic,Credit card (automatic),Yes,Yes,Yes,0.09816738469415442,Low
2580-ASVVY,Two year,37,45.4,1593.1,DSL,Electronic check,Yes,Yes,No,0.09811113905064624,Low
8819-WFGGJ,Two year,68,54.1,3794.5,DSL,Bank transfer (automatic),No,Yes,No,0.09809488667960306,Low
0743-HNPFG,One year,51,69.75,3562.5,DSL,Credit card (automatic),Yes,Yes,No,0.09808894230285435,Low
2829-HYVZP,One year,29,19.8,572.2,No,Mailed check,No internet service,No internet service,No,0.09802866058915768,Low
4311-QTTAI,One year,16,19.35,295.55,No,Credit card (automatic),No internet service,No internet service,No,0.09798870830076617,Low
1401-FTHFQ,One year,23,20.0,445.3,No,Credit card (automatic),No internet service,No internet service,No,0.09793741787389414,Low
4667-QONEA,One year,60,74.85,4456.35,DSL,Credit card (automatic),Yes,Yes,No,0.09736590732952932,Low
9880-TDQAC,Two year,72,60.0,4264.0,DSL,Electronic check,Yes,No,No,0.09717430167458176,Low
1936-UAFEH,Two year,68,110.25,7279.35,Fiber optic,Credit card (automatic),Yes,Yes,No,0.09717361120140888,Low
0572-ZJKLT,Two year,46,99.65,4630.2,Fiber optic,Mailed check,Yes,Yes,No,0.09715394157440516,Low
3249-VHRIP,Two year,62,43.6,2748.7,DSL,Credit card (automatic),No,No,No,0.09713113811168521,Low
6950-TWMYB,Two year,54,79.95,4362.05,Fiber optic,Bank transfer (automatic),Yes,No,No,0.09695991920487809,Low
6522-OIQSX,Two year,69,54.95,3772.5,DSL,Credit card (automatic),No,No,No,0.09661567649907775,Low
4891-NLUBA,Two year,61,61.45,3751.15,DSL,Bank transfer (automatic),Yes,No,No,0.09653754957149652,Low
6508-NJYRO,One year,15,18.8,294.95,No,Mailed check,No internet service,No internet service,No,0.0964532419003355,Low
3721-CNZHX,One year,15,19.8,304.6,No,Mailed check,No internet service,No internet service,No,0.09629889319265357,Low
3705-PSNGL,One year,45,20.4,930.45,No,Electronic check,No internet service,No internet service,Yes,0.0962358974101972,Low
0993-OSGPT,One year,68,60.65,3975.9,DSL,Bank transfer (automatic),Yes,No,No,0.0961648965632139,Low
2632-IVXVF,Two year,68,111.75,7511.3,Fiber optic,Credit card (automatic),Yes,Yes,No,0.09605387498927205,Low
4359-INNWN,One year,17,20.05,337.9,No,Credit card (automatic),No internet service,No internet service,No,0.09587213752611398,Low
6527-PZFPV,One year,24,20.8,469.65,No,Credit card (automatic),No internet service,No internet service,No,0.0958475826728375,Low
4163-NCJAK,One year,46,24.45,1066.15,No,Bank transfer (automatic),No internet service,No internet service,No,0.09564521453590712,Low
7110-BDTWG,Two year,71,47.05,3263.6,DSL,Electronic check,Yes,No,No,0.09556673056652899,Low
0310-SUCIN,One year,71,84.8,6046.1,DSL,Bank transfer (automatic),Yes,Yes,No,0.095523068255283,Low
3243-ZHOHY,One year,16,20.1,296.15,No,Mailed check,No internet service,No internet service,No,0.09515339193669921,Low
5989-AXPUC,Two year,68,118.6,7990.05,Fiber optic,Mailed check,Yes,Yes,No,0.09494189681792682,Low
0307-BCOPK,One year,16,19.05,326.65,No,Mailed check,No internet service,No internet service,No,0.09488512402547662,Low
2188-SXWVT,One year,34,55.0,1885.15,DSL,Mailed check,No,Yes,No,0.09484691190212217,Low
4999-IEZLT,One year,66,29.45,1983.15,DSL,Credit card (automatic),Yes,No,No,0.09479767530377946,Low
8809-XKHMD,Two year,72,100.55,7325.1,Fiber optic,Bank transfer (automatic),Yes,Yes,No,0.09463706202863904,Low
7173-TETGO,Two year,72,78.5,5602.25,Fiber optic,Bank transfer (automatic),No,Yes,No,0.09451407239065483,Low
5387-ASZNZ,One year,66,63.85,4174.35,DSL,Credit card (automatic),Yes,Yes,No,0.09448944951646071,Low
3482-ABPKK,One year,28,54.3,1546.3,DSL,Mailed check,Yes,Yes,No,0.09447427079523477,Low
2282-YGNOR,One year,29,58.0,1734.5,DSL,Credit card (automatic),Yes,Yes,No,0.09438317478632702,Low
4709-LKHYG,One year,29,20.0,540.05,No,Electronic check,No internet service,No internet service,No,0.09431438732720233,Low
6814-ZPWFQ,One year,51,25.0,1260.7,No,Bank transfer (automatic),No internet service,No internet service,No,0.09425309908991206,Low
4547-FZJWE,One year,55,59.45,3157.0,DSL,Credit card (automatic),No,Yes,No,0.09418480382681954,Low
6901-GOGZG,Two year,60,84.95,4984.85,DSL,Electronic check,Yes,Yes,No,0.0940556368895284,Low
8659-IOOPU,Two year,71,100.45,7159.7,Fiber optic,Electronic check,Yes,Yes,No,0.09404706089411244,Low
7663-YJHSN,Two year,72,103.95,7556.9,Fiber optic,Bank transfer (automatic),Yes,Yes,No,0.09390940758400987,Low
3422-WJOYD,One year,28,54.35,1426.45,DSL,Mailed check,Yes,Yes,No,0.09385640229053142,Low
9063-ZGTUY,Month-to-month,61,19.4,1182.55,No,Mailed check,No internet service,No internet service,Yes,0.09384821313157819,Low
9926-PJHDQ,Two year,72,76.8,5468.45,DSL,Bank transfer (automatic),No,No,No,0.09368211894050503,Low
8208-EUMTE,Two year,16,54.85,916.15,DSL,Mailed check,Yes,Yes,No,0.09352371202402494,Low
6867-ACCZI,Two year,24,52.5,1208.15,DSL,Mailed check,Yes,Yes,No,0.0934177743971915,Low
6013-BHCAW,Two year,61,81.0,4976.15,DSL,Bank transfer (automatic),Yes,No,No,0.09335627954267102,Low
9581-GVBXT,One year,59,34.8,1980.3,DSL,Mailed check,No,Yes,No,0.09326975639729278,Low
5716-EZXZN,Two year,65,99.05,6416.7,Fiber optic,Credit card (automatic),Yes,Yes,No,0.09325692096673704,Low
3957-HHLMR,One year,70,65.2,4543.15,DSL,Bank transfer (automatic),No,Yes,No,0.09325590858098363,Low
0269-XFESX,One year,23,24.35,538.5,No,Mailed check,No internet service,No internet service,No,0.09324885567623416,Low
6872-HXFNF,One year,64,58.35,3756.45,DSL,Bank transfer (automatic),Yes,No,No,0.0932055287744012,Low
9766-HGEDE,One year,17,19.35,307.0,No,Mailed check,No internet service,No internet service,No,0.09312850135604354,Low
3569-VLDHH,One year,66,75.1,5013.0,DSL,Electronic check,Yes,Yes,No,0.09310193645564796,Low
0565-IYCGT,One year,69,78.6,5356.45,DSL,Credit card (automatic),Yes,Yes,Yes,0.0930688494044681,Low
5505-OVWQW,One year,17,20.15,353.65,No,Mailed check,No internet service,No internet service,No,0.09292882349300711,Low
7639-LIAYI,Two year,52,79.75,4217.8,DSL,Credit card (automatic),Yes,Yes,No,0.09292604598740042,Low
6691-CCIHA,Two year,62,84.95,5150.55,DSL,Electronic check,Yes,Yes,No,0.09290217058644613,Low
0253-ZTEOB,Two year,48,79.65,3870.3,DSL,Electronic check,Yes,No,No,0.09281480661058249,Low
9225-BZLNZ,Two year,72,85.25,6083.1,DSL,Electronic check,No,Yes,No,0.09279064789471916,Low
7609-NRNCA,One year,17,19.55,280.85,No,Mailed check,No internet service,No internet service,No,0.09277866268005527,Low
8782-NUUOL,One year,60,79.0,4801.1,DSL,Mailed check,Yes,Yes,No,0.09271457040186636,Low
8763-KIAFH,One year,27,20.55,583.3,No,Mailed check,No internet service,No internet service,No,0.0925896255672561,Low
8331-ZXFOE,One year,58,71.1,4299.2,DSL,Credit card (automatic),Yes,Yes,No,0.09258848269219737,Low
9251-WNSOD,One year,67,75.1,5064.45,DSL,Mailed check,No,Yes,No,0.09255498476585748,Low
4530-NDRKU,One year,42,19.05,761.85,No,Electronic check,No internet service,No internet service,No,0.0925541655774037,Low
0014-BMAQU,Two year,63,84.65,5377.8,Fiber optic,Credit card (automatic),Yes,Yes,No,0.09252854402131813,Low
0906-QVPMS,Two year,72,115.15,8349.45,Fiber optic,Bank transfer (automatic),Yes,Yes,No,0.09240030011579631,Low
8932-CZHRQ,One year,68,76.75,5233.25,DSL,Credit card (automatic),No,Yes,No,0.09226073774087507,Low
2904-GGUAZ,Two year,72,84.05,6052.25,Fiber optic,Bank transfer (automatic),No,Yes,No,0.09224346683170545,Low
5906-CVLHP,One year,45,54.15,2319.8,DSL,Credit card (automatic),Yes,No,Yes,0.09223585295679843,Low
6061-GWWAV,One year,41,70.2,2894.55,DSL,Mailed check,No,Yes,No,0.09214686775257812,Low
3547-LQRIK,One year,47,26.9,1250.85,No,Electronic check,No internet service,No internet service,No,0.09207721984150197,Low
5696-CEIQJ,Two year,67,103.15,6895.5,Fiber optic,Bank transfer (automatic),Yes,No,No,0.09201566838818685,Low
1139-WUOAH,Two year,57,53.35,3090.05,DSL,Credit card (automatic),Yes,No,No,0.09191702333258407,Low
9847-HNVGP,One year,17,19.95,310.6,No,Mailed check,No internet service,No internet service,No,0.09186132249028996,Low
6064-PUPMC,One year,23,57.2,1423.35,DSL,Credit card (automatic),Yes,Yes,No,0.09182149821348921,Low
3506-OVLKD,One year,35,26.2,954.9,No,Bank transfer (automatic),No internet service,No internet service,No,0.09171952963802549,Low
6556-DBKZF,Two year,71,76.05,5436.45,Fiber optic,Electronic check,No,No,No,0.0915730190116947,Low
8670-ERCJH,Two year,72,113.4,8164.1,Fiber optic,Bank transfer (automatic),Yes,Yes,No,0.09156982159317188,Low
9531-NSBMR,One year,36,19.25,679.8,No,Bank transfer (automatic),No internet service,No internet service,No,0.0915249835479022,Low
1897-RCFUM,One year,39,24.2,914.6,No,Mailed check,No internet service,No internet service,No,0.09147904158787162,Low
1178-PZGAB,One year,19,20.25,383.65,No,Credit card (automatic),No internet service,No internet service,No,0.09146458647676849,Low
3727-OWVYD,One year,35,61.2,2021.2,DSL,Mailed check,No,Yes,No,0.09142638348055349,Low
6195-MELTI,One year,57,54.65,3134.7,DSL,Mailed check,Yes,No,No,0.09137969749862783,Low
7929-SKFGK,Two year,70,114.3,8244.3,Fiber optic,Credit card (automatic),Yes,Yes,No,0.09133537517359953,Low
6754-WKSHP,One year,30,25.35,723.3,No,Bank transfer (automatic),No internet service,No internet service,No,0.09122532939213321,Low
8612-GXIDD,Two year,12,25.4,313.0,No,Bank transfer (automatic),No internet service,No internet service,No,0.09108994640248444,Low
6754-LZUKA,Two year,61,80.9,4932.5,DSL,Bank transfer (automatic),No,No,No,0.0909164463317062,Low
0804-YGEQV,One year,43,24.45,993.15,No,Bank transfer (automatic),No internet service,No internet service,No,0.0909146256576731,Low
3549-ZTMNH,Two year,12,24.0,269.65,No,Bank transfer (automatic),No internet service,No internet service,No,0.09074614360315261,Low
1133-KXCGE,One year,18,20.1,407.05,No,Mailed check,No internet service,No internet service,No,0.0907265328432402,Low
5781-BKHOP,Two year,72,100.65,7334.05,Fiber optic,Bank transfer (automatic),No,Yes,No,0.09054579813608592,Low
9746-UGFAC,One year,22,20.85,450.65,No,Bank transfer (automatic),No internet service,No internet service,No,0.09028824554451975,Low
8670-MEFCP,Two year,36,92.9,3379.25,DSL,Credit card (automatic),Yes,Yes,No,0.0902135822483652,Low
8958-JPTRR,One year,56,24.3,1261.7,No,Electronic check,No internet service,No internet service,No,0.0901057240419461,Low
3401-URHDA,One year,51,59.9,3043.6,DSL,Credit card (automatic),Yes,Yes,No,0.08999463741522613,Low
7446-SFAOA,One year,37,19.85,717.5,No,Bank transfer (automatic),No internet service,No internet service,No,0.08989729433180496,Low
4323-ELYYB,One year,13,20.0,218.55,No,Mailed check,No internet service,No internet service,No,0.08981412631552055,Low
8499-BRXTD,One year,18,20.1,401.85,No,Mailed check,No internet service,No internet service,No,0.0897303536009222,Low
8969-PRHFK,One year,18,19.65,411.25,No,Mailed check,No internet service,No internet service,No,0.08962120644001575,Low
2137-DQMEV,One year,68,44.8,2983.65,DSL,Mailed check,No,Yes,No,0.0895218991941003,Low
5003-OKNNK,One year,15,20.35,335.95,No,Credit card (automatic),No internet service,No internet service,No,0.08943745887762372,Low
0731-EBJQB,One year,52,20.4,1090.65,No,Electronic check,No internet service,No internet service,No,0.08938420647224064,Low
2890-WFBHU,One year,59,79.85,4786.1,DSL,Credit card (automatic),Yes,Yes,No,0.08934166240891447,Low
2027-DNKIV,One year,37,58.75,2203.1,DSL,Mailed check,Yes,Yes,No,0.08927447175001088,Low
8884-MRNSU,One year,17,19.9,329.75,No,Bank transfer (automatic),No internet service,No internet service,No,0.08917447325210855,Low
9066-QRSDU,One year,69,26.3,1763.55,No,Electronic check,No internet service,No internet service,No,0.0891253827447377,Low
9359-UGBTK,One year,67,72.35,4991.5,DSL,Bank transfer (automatic),Yes,Yes,No,0.08902083751057031,Low
4597-ELFTS,One year,56,24.9,1334.0,No,Electronic check,No internet service,No internet service,Yes,0.0888756445697479,Low
2057-BOYKM,Two year,72,96.6,6827.5,Fiber optic,Bank transfer (automatic),Yes,Yes,No,0.0887238640144695,Low
9570-KYEUA,Two year,64,99.25,6549.45,Fiber optic,Credit card (automatic),Yes,Yes,No,0.08864421112389446,Low
3131-NWVFJ,One year,14,19.55,294.5,No,Mailed check,No internet service,No internet service,No,0.08855815825845001,Low
9470-YFUYI,One year,71,71.0,5012.1,DSL,Bank transfer (automatic),Yes,Yes,No,0.08854729604116585,Low
2239-CGBUZ,One year,51,60.5,3145.15,DSL,Bank transfer (automatic),Yes,Yes,No,0.0884215325004277,Low
9530-GRMJG,Two year,70,84.1,5979.7,DSL,Electronic check,Yes,No,No,0.08840816162991903,Low
0056-EPFBG,Two year,20,39.4,825.4,DSL,Credit card (automatic),Yes,Yes,No,0.08825837813567433,Low
1534-OULXE,One year,61,49.7,2961.4,DSL,Bank transfer (automatic),No,Yes,No,0.08816843455018834,Low
0979-MOZQI,Two year,62,39.0,2337.45,DSL,Bank transfer (automatic),Yes,No,No,0.08807640750812014,Low
9885-MFVSU,Two year,35,46.35,1662.05,DSL,Credit card (automatic),Yes,Yes,No,0.08806001147695454,Low
0654-PQKDW,One year,62,70.75,4263.45,DSL,Bank transfer (automatic),Yes,Yes,No,0.08791892356120506,Low
3392-EHMNK,Two year,67,94.1,6302.8,Fiber optic,Credit card (automatic),Yes,No,No,0.08788911145596535,Low
8454-AATJP,Two year,72,115.05,8405.0,Fiber optic,Credit card (automatic),Yes,Yes,No,0.08783681711416538,Low
0516-VRYBW,One year,18,20.15,390.85,No,Bank transfer (automatic),No internet service,No internet service,Yes,0.08771320444142752,Low
9845-QOMAD,One year,14,19.75,309.35,No,Mailed check,No internet service,No internet service,No,0.08763099306334851,Low
0378-CJKPV,Two year,72,112.1,7965.95,Fiber optic,Credit card (automatic),Yes,Yes,No,0.08751514516088119,Low
8513-OLYGY,Two year,72,115.8,8332.15,Fiber optic,Credit card (automatic),Yes,Yes,No,0.0874239632312421,Low
1154-HYWWO,One year,38,70.6,2708.2,DSL,Mailed check,Yes,Yes,No,0.08742169703591694,Low
2664-XJZNO,Two year,72,104.9,7559.55,Fiber optic,Credit card (automatic),Yes,Yes,No,0.0873082169347923,Low
7369-TRPFD,One year,19,18.8,279.2,No,Mailed check,No internet service,No internet service,No,0.08730016344890408,Low
7359-WWYJV,Two year,72,114.45,8375.05,Fiber optic,Credit card (automatic),Yes,Yes,No,0.08710448347448134,Low
0859-YGKFW,One year,18,20.05,345.9,No,Bank transfer (automatic),No internet service,No internet service,No,0.0870998550522823,Low
0687-ZVTHB,One year,65,72.45,4653.85,DSL,Credit card (automatic),No,Yes,Yes,0.08704088866493873,Low
4685-TFLLS,One year,18,19.8,342.3,No,Bank transfer (automatic),No internet service,No internet service,No,0.08704081098896815,Low
7137-NAXML,One year,23,20.15,405.6,No,Bank transfer (automatic),No internet service,No internet service,No,0.08701837198880653,Low
5125-CNDSP,One year,63,40.6,2588.95,DSL,Bank transfer (automatic),Yes,Yes,No,0.08692828405818236,Low
7813-TKCVO,One year,20,20.35,393.15,No,Mailed check,No internet service,No internet service,No,0.08692037770317454,Low
7322-OCWHC,Two year,72,93.05,6735.05,Fiber optic,Bank transfer (automatic),Yes,Yes,No,0.08690689523049956,Low
5917-RYRMG,One year,32,19.8,587.7,No,Credit card (automatic),No internet service,No internet service,No,0.08680508265799873,Low
0422-OHQHQ,One year,15,20.55,295.95,No,Mailed check,No internet service,No internet service,No,0.08669627748484388,Low
2650-GYRYL,One year,33,19.45,600.25,No,Bank transfer (automatic),No internet service,No internet service,No,0.08644024470064066,Low
2320-TZRRH,One year,20,19.5,403.15,No,Mailed check,No internet service,No internet service,No,0.08634520019315133,Low
3508-CFVZL,Two year,71,111.3,7985.9,Fiber optic,Mailed check,Yes,Yes,No,0.08627825878761769,Low
4648-YPBTM,Two year,53,73.9,3958.25,DSL,Bank transfer (automatic),Yes,No,No,0.08613497306676145,Low
5312-TSZVC,One year,15,19.65,270.6,No,Mailed check,No internet service,No internet service,No,0.08611075137428795,Low
3378-AJRAO,One year,44,24.85,1013.6,No,Electronic check,No internet service,No internet service,No,0.08606155374594159,Low
4092-OFQZS,One year,20,20.65,417.5,No,Mailed check,No internet service,No internet service,No,0.0860321009559229,Low
9995-HOTOH,Two year,63,59.0,3707.6,DSL,Electronic check,No,Yes,No,0.08598832943295083,Low
1051-EQPZR,Month-to-month,44,19.6,780.25,No,Mailed check,No internet service,No internet service,No,0.08594451366751417,Low
3841-NFECX,Two year,71,96.35,6766.95,Fiber optic,Credit card (automatic),Yes,Yes,No,0.08575850455870536,Low
3982-JGSFD,One year,36,20.35,695.85,No,Credit card (automatic),No internet service,No internet service,No,0.08574099093442449,Low
2091-GPPIQ,Two year,72,78.95,5730.15,DSL,Electronic check,Yes,No,No,0.08561527285048268,Low
1272-ILHFG,One year,15,19.65,332.65,No,Mailed check,No internet service,No internet service,No,0.0855307934295606,Low
1776-SPBWV,One year,34,20.1,682.1,No,Bank transfer (automatic),No internet service,No internet service,No,0.08548219253784979,Low
1333-PBMXB,One year,54,24.75,1342.15,No,Bank transfer (automatic),No internet service,No internet service,No,0.08547072828839827,Low
1904-WAJAA,Two year,24,64.35,1558.65,DSL,Electronic check,No,Yes,No,0.08545458248967422,Low
2550-AEVRU,One year,57,53.45,3053.0,DSL,Electronic check,No,Yes,No,0.0850042695298382,Low
5161-UBZXI,Two year,69,106.35,7261.75,Fiber optic,Credit card (automatic),Yes,Yes,No,0.08497784005046027,Low
1265-HVPZB,One year,59,66.4,3958.2,DSL,Credit card (automatic),No,Yes,No,0.0849259335909447,Low
6016-NXBNJ,One year,35,19.15,638.0,No,Mailed check,No internet service,No internet service,No,0.08480235985556299,Low
1206-EHBDD,Two year,56,80.3,4513.65,Fiber optic,Bank transfer (automatic),No,Yes,No,0.08476927695803266,Low
6693-DJWTY,One year,35,55.6,2016.45,DSL,Credit card (automatic),No,Yes,No,0.08468636284790211,Low
4115-BNPJY,Two year,29,75.55,2054.4,DSL,Mailed check,Yes,No,No,0.08460616455622796,Low
1023-BQXZE,Two year,57,74.35,4317.35,DSL,Bank transfer (automatic),No,Yes,No,0.08459651619428547,Low
5322-TEUJK,Two year,71,114.6,8100.25,Fiber optic,Bank transfer (automatic),Yes,Yes,No,0.0845065229520385,Low
9127-QRZMH,One year,44,59.85,2603.95,DSL,Bank transfer (automatic),Yes,Yes,No,0.08443478767557806,Low
4584-LBNMK,One year,45,24.7,1174.35,No,Credit card (automatic),No internet service,No internet service,No,0.08437177600448785,Low
4890-VMUAV,One year,63,71.5,4576.3,DSL,Electronic check,Yes,Yes,No,0.08433178368655798,Low
3125-RAHBV,One year,22,20.3,467.15,No,Credit card (automatic),No internet service,No internet service,No,0.08419634777685393,Low
6898-RBTLU,Two year,49,79.3,3902.45,DSL,Bank transfer (automatic),Yes,No,No,0.08415113054850644,Low
2606-PKWJB,One year,40,40.25,1564.05,DSL,Mailed check,Yes,Yes,No,0.0839420699484824,Low
6061-PQHMK,One year,25,19.9,527.5,No,Credit card (automatic),No internet service,No internet service,No,0.08389643261588785,Low
1265-BCFEO,Two year,71,80.45,5662.25,DSL,Bank transfer (automatic),Yes,No,No,0.083884178207586,Low
2466-FCCPT,One year,20,19.7,395.6,No,Bank transfer (automatic),No internet service,No internet service,No,0.08386185356799775,Low
2150-OEGBV,One year,27,20.1,562.6,No,Bank transfer (automatic),No internet service,No internet service,No,0.08379639626224576,Low
2773-MADBQ,Two year,36,53.1,1901.25,DSL,Mailed check,Yes,Yes,No,0.08378288919450205,Low
6810-VCAEX,One year,47,39.65,1798.65,DSL,Credit card (automatic),Yes,Yes,No,0.08363363009679807,Low
1053-MXTTK,Two year,72,108.65,7726.35,Fiber optic,Bank transfer (automatic),Yes,Yes,No,0.0836209059078468,Low
4056-QHXHZ,Two year,72,107.45,7576.7,Fiber optic,Mailed check,Yes,Yes,No,0.083600179460731,Low
6519-ZHPXP,Two year,72,108.3,7679.65,Fiber optic,Bank transfer (automatic),Yes,Yes,No,0.08354125352797095,Low
1552-CZCLL,Month-to-month,55,20.0,1087.25,No,Credit card (automatic),No internet service,No internet service,No,0.08341085564294662,Low
3655-SNQYZ,Two year,69,113.25,7895.15,Fiber optic,Credit card (automatic),Yes,Yes,No,0.08341055399258329,Low
6437-UDQJM,Two year,72,84.1,6129.65,DSL,Credit card (automatic),No,Yes,No,0.08309626264327842,Low
1194-BHJYC,Two year,61,62.15,3778.85,DSL,Mailed check,Yes,Yes,No,0.08306801864334291,Low
6479-OAUSD,One year,25,19.9,510.8,No,Credit card (automatic),No internet service,No internet service,No,0.08296840498752615,Low
6188-UXBBR,One year,38,20.25,814.75,No,Credit card (automatic),No internet service,No internet service,No,0.08296539450304141,Low
6546-OPBBH,One year,51,23.95,1216.35,No,Mailed check,No internet service,No internet service,No,0.08290955721224688,Low
6261-RCVNS,One year,42,73.9,3160.55,DSL,Credit card (automatic),Yes,Yes,Yes,0.08285321270471394,Low
9867-JCZSP,One year,17,20.75,418.25,No,Mailed check,No internet service,No internet service,No,0.08267199756188355,Low
2812-REYAT,One year,49,20.05,923.1,No,Bank transfer (automatic),No internet service,No internet service,No,0.0824765181779243,Low
0536-ESJEP,Two year,54,74.55,4191.45,DSL,Bank transfer (automatic),No,Yes,No,0.08240980806199809,Low
9347-AERRL,One year,23,19.3,486.2,No,Credit card (automatic),No internet service,No internet service,No,0.08232726168775213,Low
1063-DHQJF,Two year,69,92.15,6480.9,Fiber optic,Mailed check,Yes,No,No,0.08222990015100315,Low
3908-MKIMJ,Two year,68,41.95,2965.75,DSL,Electronic check,No,Yes,No,0.08222194190621909,Low
9919-FZDED,Two year,72,84.1,5981.65,DSL,Credit card (automatic),No,Yes,No,0.08217629219861602,Low
3887-PBQAO,One year,45,25.9,1216.6,No,Credit card (automatic),No internet service,No internet service,No,0.08214972188743841,Low
3410-YOQBQ,Two year,31,79.2,2497.2,DSL,Mailed check,Yes,No,No,0.08210166014853855,Low
5512-IDZEI,One year,46,24.9,1174.8,No,Electronic check,No internet service,No internet service,No,0.08203052278703328,Low
0942-KOWSM,Two year,30,80.8,2369.3,DSL,Bank transfer (automatic),Yes,No,No,0.08199044724292205,Low
6463-HHXJR,Two year,71,100.5,7030.65,Fiber optic,Bank transfer (automatic),No,Yes,No,0.0819684431671582,Low
2933-XEUJM,Two year,46,79.2,3593.8,DSL,Mailed check,No,Yes,No,0.08194245206852287,Low
2404-JIBFC,Two year,55,85.1,4657.95,DSL,Bank transfer (automatic),Yes,Yes,No,0.08189178889136353,Low
6166-YIPFO,Two year,72,64.7,4746.05,DSL,Electronic check,Yes,Yes,No,0.08181477423154054,Low
3489-VSFRD,One year,56,60.25,3282.75,DSL,Credit card (automatic),Yes,Yes,No,0.0816664760568096,Low
8207-DMRVL,Two year,72,114.55,8306.05,Fiber optic,Bank transfer (automatic),Yes,Yes,No,0.08157186710332545,Low
5847-MXBEO,One year,22,20.3,475.1,No,Mailed check,No internet service,No internet service,No,0.08155688384566344,Low
2040-XBAVJ,Two year,72,114.45,8100.55,Fiber optic,Bank transfer (automatic),Yes,Yes,No,0.08154961042715628,Low
3594-BDSOA,One year,24,20.4,482.8,No,Credit card (automatic),No internet service,No internet service,No,0.08151077619456433,Low
2541-YGPKE,One year,42,63.7,2763.35,DSL,Credit card (automatic),Yes,Yes,No,0.0814452189142375,Low
8022-BECSI,One year,22,19.6,422.5,No,Mailed check,No internet service,No internet service,No,0.0814012293417587,Low
5574-NXZIU,Two year,63,109.2,7049.75,Fiber optic,Credit card (automatic),Yes,Yes,No,0.0813233230799063,Low
7244-KXYZN,One year,24,20.45,527.35,No,Credit card (automatic),No internet service,No internet service,No,0.08116742754038307,Low
8277-RVRSV,One year,33,24.15,800.3,No,Credit card (automatic),No internet service,No internet service,No,0.08113743700858335,Low
3911-RSNHI,Two year,71,61.4,4310.35,DSL,Credit card (automatic),Yes,No,No,0.08112998489741806,Low
4795-UXVCJ,One year,26,19.8,457.3,No,Credit card (automatic),No internet service,No internet service,No,0.08097003373821664,Low
8869-TORSS,One year,48,60.35,2896.4,DSL,Credit card (automatic),Yes,Yes,Yes,0.08092890230989763,Low
5317-FLPJF,Two year,66,61.35,4193.4,DSL,Bank transfer (automatic),Yes,Yes,No,0.08090071178355052,Low
4393-GEADV,Two year,70,114.75,7842.3,Fiber optic,Credit card (automatic),Yes,Yes,No,0.08085219618024013,Low
2878-DHMIN,One year,35,19.9,666.0,No,Electronic check,No internet service,No internet service,No,0.08076085843130452,Low
2192-CKRLV,Two year,72,49.2,3580.95,DSL,Electronic check,No,Yes,No,0.08069098630399925,Low
1088-CNNKB,One year,63,80.0,5040.2,DSL,Credit card (automatic),Yes,Yes,No,0.0806396201117905,Low
9447-YPTBX,One year,50,19.85,943.1,No,Bank transfer (automatic),No internet service,No internet service,No,0.0804669675130065,Low
1642-HMARX,Two year,68,91.7,6424.7,DSL,Electronic check,Yes,Yes,No,0.0804138417716801,Low
7109-CQYUZ,Two year,52,89.25,4652.4,DSL,Mailed check,Yes,Yes,No,0.08027102927240443,Low
8966-OIQHG,One year,22,20.75,452.35,No,Bank transfer (automatic),No internet service,No internet service,No,0.080143608007133,Low
7554-NEWDD,Two year,10,25.7,251.6,No,Bank transfer (automatic),No internet service,No internet service,No,0.08014094953629164,Low
1682-VCOIO,One year,23,20.45,481.1,No,Mailed check,No internet service,No internet service,No,0.07964399017104873,Low
9258-CNWAC,Two year,71,113.65,8166.8,Fiber optic,Credit card (automatic),Yes,Yes,No,0.07956902051383813,Low
1525-LNLOJ,Two year,66,63.3,4189.7,DSL,Bank transfer (automatic),No,No,No,0.0795418884158111,Low
1439-LCGVL,One year,26,19.2,459.6,No,Mailed check,No internet service,No internet service,No,0.07952108738027926,Low
8398-TBIYD,Two year,72,84.7,6185.15,Fiber optic,Bank transfer (automatic),Yes,Yes,No,0.0794979543190901,Low
8672-OAUPW,One year,51,47.85,2356.75,DSL,Credit card (automatic),Yes,No,No,0.07945711480996918,Low
2088-IEBAU,Two year,68,88.15,6148.45,DSL,Electronic check,Yes,Yes,No,0.07929032693527928,Low
6072-NUQCB,One year,22,20.25,488.25,No,Bank transfer (automatic),No internet service,No internet service,No,0.07914516204510916,Low
6371-NZYEG,Two year,16,64.25,1024.0,DSL,Mailed check,No,Yes,No,0.0791236680342806,Low
3831-YCPUO,Two year,72,109.5,7854.9,Fiber optic,Credit card (automatic),Yes,Yes,No,0.07911948377225665,Low
2703-AMTUL,One year,36,53.65,1939.35,DSL,Mailed check,No,Yes,No,0.07911101167173516,Low
7711-YIJWC,One year,61,84.9,5264.5,DSL,Bank transfer (automatic),Yes,Yes,No,0.07904648171287333,Low
7996-BPXHY,Two year,13,25.0,332.5,No,Bank transfer (automatic),No internet service,No internet service,No,0.07896580477108378,Low
9670-BPNXF,One year,45,62.55,2796.45,DSL,Credit card (automatic),Yes,Yes,No,0.07891593100070457,Low
3778-FOAQW,One year,24,20.15,456.85,No,Mailed check,No internet service,No internet service,No,0.07889424857730433,Low
5519-TEEUH,One year,33,20.15,682.15,No,Mailed check,No internet service,No internet service,No,0.078852005784476,Low
6094-ZIVKX,One year,68,54.45,3674.95,DSL,Credit card (automatic),No,Yes,No,0.07876666857331678,Low
9739-JLPQJ,Two year,72,117.5,8670.1,Fiber optic,Credit card (automatic),Yes,Yes,No,0.07849027654405644,Low
2984-TBYKU,Two year,72,104.9,7732.65,Fiber optic,Credit card (automatic),Yes,Yes,No,0.07846612750805919,Low
6549-BTYPG,Two year,60,60.8,3603.45,DSL,Credit card (automatic),Yes,No,No,0.07846147171049324,Low
5627-TVBPP,One year,35,20.1,644.5,No,Credit card (automatic),No internet service,No internet service,No,0.07843140031820248,Low
3133-PZNSR,Two year,72,97.75,6991.6,Fiber optic,Credit card (automatic),Yes,Yes,No,0.07841430479844867,Low
3985-HOYPM,One year,26,19.4,525.55,No,Mailed check,No internet service,No internet service,No,0.07833719897865608,Low
7297-DVYGA,One year,51,19.85,996.95,No,Bank transfer (automatic),No internet service,No internet service,No,0.07820255787857246,Low
1271-UODNO,Two year,39,53.85,2200.7,DSL,Credit card (automatic),Yes,No,No,0.07817663980995186,Low
5474-LAMUQ,One year,24,20.1,533.9,No,Mailed check,No internet service,No internet service,No,0.07800615566555963,Low
1452-UZOSF,Two year,72,106.1,7548.6,Fiber optic,Credit card (automatic),Yes,Yes,No,0.07798537407587608,Low
8748-HFWBO,One year,19,19.9,357.7,No,Mailed check,No internet service,No internet service,No,0.0777178501933196,Low
1561-BWHIN,One year,19,19.8,344.5,No,Mailed check,No internet service,No internet service,No,0.07769655611680315,Low
1998-VHJHK,One year,27,19.15,501.35,No,Mailed check,No internet service,No internet service,No,0.07727046568039234,Low
6827-IEAUQ,One year,27,66.15,1874.45,DSL,Mailed check,Yes,Yes,No,0.07709792812256894,Low
4293-ETKAP,Two year,65,79.4,5071.9,DSL,Bank transfer (automatic),Yes,No,No,0.07701022985578271,Low
2126-GSEGL,Two year,70,84.8,5917.55,DSL,Bank transfer (automatic),Yes,No,No,0.07693481474216579,Low
7138-GIRSH,Two year,50,69.5,3418.2,DSL,Bank transfer (automatic),Yes,No,No,0.07682664857777353,Low
6823-SIDFQ,One year,28,18.25,534.7,No,Credit card (automatic),No internet service,No internet service,No,0.0768195344289927,Low
1813-JYWTO,Two year,72,80.45,5737.6,Fiber optic,Bank transfer (automatic),No,Yes,No,0.07674287831353371,Low
0320-DWVTU,Two year,53,99.5,5424.25,Fiber optic,Mailed check,Yes,Yes,No,0.07673922127690795,Low
5214-CHIWJ,One year,27,20.3,595.05,No,Mailed check,No internet service,No internet service,No,0.07665109933118032,Low
2274-XUATA,Two year,72,63.1,4685.55,DSL,Bank transfer (automatic),Yes,Yes,No,0.0765884045855175,Low
7973-DZRKH,Two year,66,90.95,5930.05,Fiber optic,Credit card (automatic),Yes,Yes,No,0.07648687043944548,Low
0788-DXBFY,One year,58,19.55,1108.8,No,Electronic check,No internet service,No internet service,No,0.07632210261340172,Low
5893-PYOLZ,Two year,56,81.8,4534.45,DSL,Credit card (automatic),Yes,No,No,0.07609419326330201,Low
0835-DUUIQ,One year,24,21.05,531.55,No,Bank transfer (automatic),No internet service,No internet service,No,0.07608489395107554,Low
5498-IBWPI,One year,66,49.4,3251.85,DSL,Credit card (automatic),Yes,No,No,0.07594647697511568,Low
2040-LDIWQ,Two year,65,84.2,5324.5,DSL,Bank transfer (automatic),Yes,No,No,0.07571242449746794,Low
8169-SAEJD,Two year,69,56.55,3952.65,DSL,Credit card (automatic),No,Yes,No,0.07565389835681052,Low
4750-UKWJK,One year,37,19.6,727.8,No,Mailed check,No internet service,No internet service,No,0.07564603254964371,Low
9361-YNQWJ,One year,64,24.4,1601.2,No,Bank transfer (automatic),No internet service,No internet service,No,0.07558523588410891,Low
4163-HFTUK,One year,51,19.1,1007.8,No,Electronic check,No internet service,No internet service,No,0.07555296000973427,Low
0757-WCUUZ,Two year,54,63.35,3409.1,DSL,Credit card (automatic),No,No,No,0.0752109926832596,Low
7622-FWGEW,Two year,56,85.65,4824.45,DSL,Bank transfer (automatic),Yes,Yes,No,0.07518459505923969,Low
5918-VUKWP,One year,32,20.55,654.55,No,Bank transfer (automatic),No internet service,No internet service,No,0.07518249621391662,Low
0739-UUAJR,Two year,72,53.8,3952.45,DSL,Credit card (automatic),No,Yes,No,0.07517020435545858,Low
2277-AXSDC,One year,32,19.75,624.15,No,Bank transfer (automatic),No internet service,No internet service,No,0.07501739397306093,Low
9253-VIFJQ,One year,65,67.05,4309.55,DSL,Credit card (automatic),No,Yes,No,0.07474030048992947,Low
4342-HFXWS,One year,48,69.7,3023.65,DSL,Bank transfer (automatic),Yes,Yes,No,0.07457344160541071,Low
2123-VSCOT,Two year,59,72.1,4194.85,DSL,Bank transfer (automatic),Yes,No,No,0.07450005549248957,Low
9150-HEPMB,One year,56,52.7,3019.7,DSL,Mailed check,No,Yes,No,0.07449626263903476,Low
9560-BBZXK,Two year,36,31.05,1126.35,DSL,Bank transfer (automatic),No,Yes,No,0.07439225836554582,Low
1960-UOTYM,Two year,52,79.2,4016.3,DSL,Electronic check,No,Yes,No,0.07433471937080716,Low
8510-BBWMU,One year,41,19.75,806.95,No,Mailed check,No internet service,No internet service,No,0.07429851883763697,Low
0784-GTUUK,One year,62,23.75,1446.8,No,Credit card (automatic),No internet service,No internet service,No,0.0742296483772987,Low
9888-ZCUMM,Two year,64,60.05,3845.45,DSL,Bank transfer (automatic),Yes,Yes,No,0.07421822913544739,Low
9018-PCIOK,Two year,55,64.75,3617.1,DSL,Mailed check,No,No,No,0.07414012616364897,Low
8779-YIQQA,One year,21,19.8,350.1,No,Mailed check,No internet service,No internet service,No,0.07401541529180683,Low
7305-ZWMAJ,One year,30,20.7,587.1,No,Credit card (automatic),No internet service,No internet service,No,0.07399625997660181,Low
2361-UPSND,One year,46,70.6,3231.05,DSL,Mailed check,Yes,Yes,No,0.07388409240996396,Low
1872-EBWSC,One year,29,20.35,617.35,No,Mailed check,No internet service,No internet service,No,0.0738513959190571,Low
0219-QAERP,One year,30,19.8,576.65,No,Credit card (automatic),No internet service,No internet service,No,0.07381323977476081,Low
4716-MRVEN,One year,29,20.0,599.3,No,Mailed check,No internet service,No internet service,No,0.07378030016084364,Low
9867-XOBQA,Two year,21,53.15,1183.2,DSL,Mailed check,Yes,Yes,No,0.07376179095107924,Low
3740-RLMVT,One year,67,60.95,4119.4,DSL,Bank transfer (automatic),Yes,Yes,No,0.07374682384995594,Low
5451-MHQOF,One year,56,24.45,1431.65,No,Mailed check,No internet service,No internet service,No,0.07355833666552118,Low
7452-FOLON,One year,39,25.45,958.45,No,Bank transfer (automatic),No internet service,No internet service,No,0.07345352642546381,Low
8871-JLMHM,Two year,68,90.2,6297.65,Fiber optic,Credit card (automatic),Yes,No,No,0.0732690138418063,Low
4121-AGSIN,One year,58,24.5,1497.9,No,Credit card (automatic),No internet service,No internet service,No,0.07318387580409448,Low
8510-TMWYB,Two year,54,59.8,3246.45,DSL,Bank transfer (automatic),No,No,No,0.07315981936546567,Low
2167-FQSTQ,Two year,72,92.4,6786.1,DSL,Electronic check,Yes,Yes,No,0.0731215510887195,Low
4893-GYUJU,One year,50,19.35,1033.0,No,Mailed check,No internet service,No internet service,No,0.07311898482888787,Low
3649-JPUGY,Two year,72,88.6,6201.95,DSL,Bank transfer (automatic),Yes,No,No,0.07290823441653382,Low
6772-WFQRD,One year,40,20.4,854.9,No,Bank transfer (automatic),No internet service,No internet service,No,0.07285496697215928,Low
1837-YQUCE,Two year,70,58.35,4214.25,DSL,Bank transfer (automatic),Yes,Yes,No,0.07282204643428873,Low
8873-TMKGR,One year,29,19.1,529.5,No,Mailed check,No internet service,No internet service,No,0.07277461386671963,Low
6223-DHJGV,One year,42,20.65,958.1,No,Mailed check,No internet service,No internet service,No,0.07269249016226476,Low
4334-HOWRP,Two year,72,64.95,4546.0,DSL,Credit card (automatic),Yes,Yes,No,0.0726355104073692,Low
0078-XZMHT,Two year,72,85.15,6316.2,DSL,Bank transfer (automatic),Yes,No,No,0.07253687281097844,Low
5456-ITGIC,Two year,72,64.45,4641.1,DSL,Credit card (automatic),Yes,Yes,No,0.07253550523650444,Low
9194-GFVOI,Two year,42,84.35,3571.6,DSL,Credit card (automatic),Yes,Yes,No,0.07246150344886744,Low
4825-XJGDM,One year,61,43.7,2696.55,DSL,Credit card (automatic),Yes,Yes,No,0.07243627321097582,Low
3251-YMVWZ,One year,53,24.05,1301.9,No,Bank transfer (automatic),No internet service,No internet service,No,0.07231654387321851,Low
2749-CTKAJ,One year,22,20.15,419.9,No,Mailed check,No internet service,No internet service,No,0.07230533659756558,Low
4632-PAOYU,One year,22,19.95,433.5,No,Mailed check,No internet service,No internet service,No,0.07226548701753392,Low
1177-XZBJL,One year,53,64.15,3491.55,DSL,Bank transfer (automatic),Yes,Yes,No,0.07215593665931627,Low
2000-DHJUY,Two year,70,92.2,6474.45,DSL,Bank transfer (automatic),Yes,Yes,No,0.07211090918227293,Low
7632-YUTXB,One year,25,20.05,520.1,No,Mailed check,No internet service,No internet service,No,0.07210405950662165,Low
4565-EVZMJ,One year,47,58.9,2813.05,DSL,Mailed check,Yes,Yes,No,0.07207373162236899,Low
8404-VIOMB,Two year,66,62.5,4136.4,DSL,Bank transfer (automatic),Yes,Yes,No,0.07175918751013959,Low
8717-VCTXJ,One year,42,19.55,839.4,No,Mailed check,No internet service,No internet service,No,0.07166094179173976,Low
6719-FGEDO,Two year,72,97.0,7104.2,Fiber optic,Bank transfer (automatic),Yes,Yes,No,0.0716479439715737,Low
4254-QPEDE,Two year,52,66.25,3330.1,DSL,Credit card (automatic),Yes,Yes,No,0.07158250762222812,Low
2252-NKNSI,Two year,52,85.15,4461.85,DSL,Mailed check,Yes,Yes,No,0.07142200400587626,Low
2430-RRYUW,One year,66,54.8,3465.7,DSL,Mailed check,No,Yes,No,0.07141057124610574,Low
1431-AIDJQ,Two year,33,82.1,2603.1,DSL,Credit card (automatic),Yes,No,No,0.0713973896725021,Low
0181-RITDD,Two year,62,108.15,6825.65,Fiber optic,Mailed check,Yes,Yes,No,0.07135432560769486,Low
5876-QMYLD,One year,23,20.05,415.1,No,Mailed check,No internet service,No internet service,No,0.07134390716056346,Low
8469-SNFFH,One year,70,79.4,5528.9,DSL,Bank transfer (automatic),Yes,Yes,No,0.07130814535595578,Low
0707-HOVVN,Two year,70,75.5,5212.65,DSL,Bank transfer (automatic),Yes,No,No,0.07122519302594693,Low
7026-YMSBE,One year,30,19.7,625.05,No,Mailed check,No internet service,No internet service,No,0.07114006976836164,Low
9236-NDUCW,Two year,21,35.1,770.4,DSL,Mailed check,Yes,Yes,No,0.07111824401901795,Low
4024-CSNBY,Two year,72,94.25,6849.75,Fiber optic,Bank transfer (automatic),Yes,Yes,No,0.0711063696264463,Low
5321-NTRKC,Two year,66,79.85,5234.95,DSL,Bank transfer (automatic),No,No,No,0.07098599056750757,Low
7501-IWUNG,Two year,61,73.8,4616.05,DSL,Bank transfer (automatic),Yes,No,No,0.07085869675783038,Low
0916-KNFAJ,Two year,61,69.9,4226.7,DSL,Mailed check,No,Yes,No,0.07072018584076094,Low
5197-LQXXH,Two year,71,83.3,5894.5,DSL,Credit card (automatic),Yes,No,No,0.07055345787779076,Low
6082-OQFBA,One year,23,19.65,436.9,No,Mailed check,No internet service,No internet service,No,0.07046615282106468,Low
6447-EGDIV,One year,31,20.95,683.25,No,Mailed check,No internet service,No internet service,No,0.07045520152469022,Low
4295-YURET,Two year,56,72.6,4084.35,DSL,Credit card (automatic),Yes,Yes,No,0.07043531149003572,Low
4737-HOBAX,Two year,63,79.8,5034.05,DSL,Credit card (automatic),Yes,No,No,0.07037938058095304,Low
9795-NREXC,Two year,64,85.0,5484.4,DSL,Credit card (automatic),Yes,Yes,No,0.07033242048060506,Low
0277-ORXQS,Two year,66,50.55,3364.55,DSL,Bank transfer (automatic),Yes,No,No,0.07031861613884034,Low
9801-NOSHQ,One year,23,19.8,465.45,No,Mailed check,No internet service,No internet service,No,0.07018516069969528,Low
8512-WIWYV,One year,32,20.35,707.5,No,Credit card (automatic),No internet service,No internet service,No,0.07009910431491817,Low
6203-HBZPA,Two year,52,63.9,3334.95,DSL,Credit card (automatic),Yes,Yes,No,0.07001282956078916,Low
2863-IMQDR,Two year,61,89.65,5308.7,DSL,Electronic check,Yes,Yes,No,0.06996834613251202,Low
0853-TWRVK,Two year,72,105.6,7581.5,Fiber optic,Bank transfer (automatic),Yes,Yes,No,0.06996441402723509,Low
2302-OUZXB,Two year,72,82.15,5784.3,DSL,Bank transfer (automatic),No,No,No,0.06993769528944968,Low
8144-DGHXP,Two year,54,80.6,4299.95,DSL,Electronic check,Yes,Yes,No,0.06991399717450246,Low
5726-CVNYA,Two year,8,19.85,146.6,No,Mailed check,No internet service,No internet service,No,0.06990236406998296,Low
4676-WLUHT,Two year,54,46.2,2431.95,DSL,Bank transfer (automatic),No,Yes,No,0.06982033143419998,Low
5849-ASHZJ,One year,27,20.05,552.9,No,Credit card (automatic),No internet service,No internet service,No,0.06981851070592482,Low
7061-OVMIM,One year,30,19.55,608.5,No,Bank transfer (automatic),No internet service,No internet service,No,0.06977776488594191,Low
3745-HRPHI,Two year,66,54.65,3632.0,DSL,Bank transfer (automatic),Yes,No,No,0.06977501052032634,Low
4178-EGMON,Two year,70,88.0,5986.45,Fiber optic,Credit card (automatic),Yes,Yes,No,0.06976952412569985,Low
7609-YBPXG,Two year,54,87.1,4735.2,DSL,Bank transfer (automatic),Yes,Yes,No,0.06976553942277335,Low
6974-DAFLI,One year,55,19.7,1140.05,No,Electronic check,No internet service,No internet service,No,0.06973665400082038,Low
8194-PEEBY,One year,24,19.9,533.5,No,Mailed check,No internet service,No internet service,No,0.06959465128920388,Low
8884-FEEWR,One year,35,20.6,754.0,No,Bank transfer (automatic),No internet service,No internet service,No,0.06910969473973297,Low
6120-RJKLU,Two year,62,79.95,4819.75,DSL,Credit card (automatic),Yes,Yes,No,0.06903874591254162,Low
0945-TSONX,Two year,47,85.3,4107.25,DSL,Credit card (automatic),Yes,Yes,No,0.06901312488542247,Low
8390-FESFV,Two year,62,84.5,5193.2,DSL,Bank transfer (automatic),Yes,No,No,0.06889941468557331,Low
1834-WULEG,One year,24,20.25,439.75,No,Mailed check,No internet service,No internet service,No,0.0688796059605713,Low
1821-BUCWY,Two year,30,55.65,1653.85,DSL,Mailed check,No,Yes,No,0.06885865236187254,Low
5914-GXMDA,One year,32,19.3,593.2,No,Mailed check,No internet service,No internet service,No,0.06874447783812998,Low
1122-YJBCS,One year,69,53.65,3804.4,DSL,Credit card (automatic),No,Yes,No,0.06862873830362658,Low
6631-HMANX,Two year,72,85.45,6227.5,DSL,Credit card (automatic),Yes,No,No,0.06848313921610708,Low
7153-CHRBV,One year,57,59.3,3274.35,DSL,Mailed check,Yes,Yes,No,0.06826134653400988,Low
8645-KOMJQ,Two year,69,81.95,5601.4,DSL,Bank transfer (automatic),Yes,No,No,0.06825504144046683,Low
7503-MIOGA,Two year,72,89.85,6697.35,DSL,Bank transfer (automatic),Yes,Yes,No,0.06822946982267937,Low
2995-YWTCD,Two year,19,24.9,467.7,No,Bank transfer (automatic),No internet service,No internet service,No,0.0682210827397328,Low
7321-ZNSLA,Two year,13,40.55,590.35,DSL,Mailed check,Yes,Yes,No,0.06794474013707175,Low
8204-YJCLA,Two year,72,64.8,4732.35,DSL,Bank transfer (automatic),Yes,Yes,No,0.06790647969027093,Low
9108-EQPNQ,Two year,10,26.1,225.55,No,Credit card (automatic),No internet service,No internet service,No,0.06787183566398959,Low
5924-SNGKP,One year,41,20.25,865.0,No,Credit card (automatic),No internet service,No internet service,No,0.06780097701367907,Low
4980-URKXC,One year,36,20.85,720.05,No,Bank transfer (automatic),No internet service,No internet service,No,0.06778512655301377,Low
5871-DGTXZ,One year,32,19.8,607.7,No,Mailed check,No internet service,No internet service,No,0.06776551507450834,Low
7564-GHCVB,Two year,72,79.05,5730.7,Fiber optic,Bank transfer (automatic),No,Yes,No,0.06746296134525025,Low
2324-AALNO,One year,48,24.55,1203.95,No,Bank transfer (automatic),No internet service,No internet service,No,0.0674227094315206,Low
1371-OJCEK,One year,48,24.35,1133.7,No,Bank transfer (automatic),No internet service,No internet service,No,0.06738535534544958,Low
3654-ARMGP,Two year,61,88.65,5321.25,DSL,Credit card (automatic),Yes,No,No,0.06736496533012427,Low
2819-GWENI,One year,28,19.9,543.0,No,Mailed check,No internet service,No internet service,No,0.06697977316663839,Low
2996-XAUVF,Two year,70,40.05,2799.75,DSL,Mailed check,Yes,No,No,0.06683751446508847,Low
8626-PTQGE,Two year,69,60.05,4176.7,DSL,Bank transfer (automatic),Yes,Yes,No,0.06675461993150283,Low
5126-RCXYW,Two year,54,46.0,2424.05,DSL,Credit card (automatic),Yes,No,No,0.06675276988246201,Low
5792-JALQC,Two year,52,59.85,3103.25,DSL,Bank transfer (automatic),No,Yes,No,0.0666923893558968,Low
9385-NXKDA,Two year,72,82.65,5919.35,DSL,Credit card (automatic),No,Yes,No,0.06668087847498987,Low
6963-EZQEE,Two year,70,88.55,6306.5,DSL,Credit card (automatic),Yes,Yes,No,0.06658022216129908,Low
0378-XSZPU,One year,58,60.3,3563.8,DSL,Credit card (automatic),No,Yes,Yes,0.06640456271962467,Low
0129-QMPDR,One year,44,20.5,865.05,No,Bank transfer (automatic),No internet service,No internet service,No,0.06638206575617174,Low
4549-ZDQYY,One year,52,57.95,3042.25,DSL,Credit card (automatic),Yes,Yes,No,0.06628944114806153,Low
3566-CAAYU,Two year,64,49.85,3210.35,DSL,Electronic check,Yes,No,No,0.06619193784381022,Low
0191-EQUUH,Two year,25,35.05,844.45,DSL,Bank transfer (automatic),Yes,Yes,No,0.06610472100118842,Low
5642-MHDQT,One year,53,19.85,1039.45,No,Bank transfer (automatic),No internet service,No internet service,No,0.0660183657027111,Low
2612-PHGOX,Two year,64,76.1,4818.8,DSL,Bank transfer (automatic),Yes,No,No,0.0660146145095824,Low
9648-BCHKM,Two year,18,24.65,471.35,No,Credit card (automatic),No internet service,No internet service,No,0.06589142600124077,Low
1498-NHTLT,Two year,59,86.75,5186.0,DSL,Electronic check,Yes,Yes,No,0.06580742641334841,Low
9224-VTYID,Two year,47,90.5,4318.35,DSL,Mailed check,Yes,Yes,No,0.06574966259708197,Low
5394-MEITZ,Two year,60,80.6,4946.7,DSL,Bank transfer (automatic),Yes,No,No,0.06535521525022396,Low
0336-KXKFK,Two year,72,61.2,4390.25,DSL,Credit card (automatic),Yes,Yes,No,0.06518766453069699,Low
6332-FBZRI,One year,67,69.35,4653.25,DSL,Credit card (automatic),Yes,Yes,No,0.06500419604511336,Low
0263-FJTQO,Two year,50,70.5,3486.65,DSL,Credit card (automatic),Yes,Yes,No,0.06490137302192005,Low
7527-QNRUS,Two year,17,25.15,412.6,No,Mailed check,No internet service,No internet service,No,0.06472440843139521,Low
0214-JHPFW,Two year,70,57.8,4039.3,DSL,Bank transfer (automatic),Yes,No,No,0.06463416258721029,Low
2351-BKRZW,Two year,43,75.2,3254.35,DSL,Bank transfer (automatic),No,Yes,No,0.064595928703835,Low
5197-YPYBZ,Two year,12,25.25,274.7,No,Credit card (automatic),No internet service,No internet service,No,0.064471067489201,Low
4962-CHQPW,One year,29,19.85,535.05,No,Mailed check,No internet service,No internet service,No,0.06432472397621748,Low
5774-QPLTF,One year,50,20.35,938.95,No,Mailed check,No internet service,No internet service,No,0.06423107107692455,Low
3720-DBRWL,Two year,51,83.85,4307.1,DSL,Credit card (automatic),Yes,Yes,No,0.06416556825762822,Low
6418-HNFED,Two year,51,83.25,4089.45,DSL,Credit card (automatic),Yes,Yes,No,0.06405860278424741,Low
5129-HHMZC,Two year,43,86.45,3574.5,DSL,Credit card (automatic),Yes,Yes,No,0.06403229475281134,Low
7328-OWMOM,One year,31,20.1,589.25,No,Credit card (automatic),No internet service,No internet service,No,0.06402962467437434,Low
1734-ZMNTZ,Two year,11,25.0,300.7,No,Mailed check,No internet service,No internet service,No,0.063917724343728,Low
1293-HHSHJ,One year,35,21.1,741.0,No,Mailed check,No internet service,No internet service,No,0.06390532325143652,Low
0254-WWRKD,One year,67,50.55,3431.75,DSL,Credit card (automatic),No,No,No,0.06385349940664482,Low
9509-MPYOD,One year,35,20.75,700.45,No,Mailed check,No internet service,No internet service,No,0.06384314240541351,Low
6152-ONASV,One year,68,58.25,3975.7,DSL,Bank transfer (automatic),Yes,Yes,No,0.06384093610953856,Low
2332-TODQS,One year,48,25.05,1171.5,No,Credit card (automatic),No internet service,No internet service,No,0.06367058902030222,Low
4994-OBRSZ,Two year,14,76.1,1054.8,DSL,Bank transfer (automatic),Yes,Yes,No,0.06357324889615269,Low
0604-THJFP,Two year,59,75.95,4542.35,DSL,Credit card (automatic),Yes,No,No,0.0635590012444677,Low
6732-VAILE,Two year,70,85.95,5931.75,DSL,Credit card (automatic),Yes,No,No,0.06350987347507157,Low
9968-FFVVH,One year,63,68.8,4111.35,DSL,Bank transfer (automatic),Yes,Yes,No,0.06336573546795271,Low
1492-KGETH,One year,70,78.35,5445.95,DSL,Bank transfer (automatic),Yes,Yes,No,0.06330598607256366,Low
5266-PFRQK,One year,52,20.85,1071.6,No,Credit card (automatic),No internet service,No internet service,No,0.06325790020868437,Low
5684-FJVYR,Two year,72,90.35,6563.4,Fiber optic,Bank transfer (automatic),Yes,Yes,No,0.06323341863822941,Low
9805-FILKB,One year,46,20.2,845.6,No,Bank transfer (automatic),No internet service,No internet service,No,0.06314750144092181,Low
0114-IGABW,Two year,71,58.25,4145.9,DSL,Bank transfer (automatic),Yes,No,No,0.0631436297985072,Low
0436-TWFFZ,Two year,67,85.25,5714.2,DSL,Mailed check,Yes,Yes,No,0.06302618857831274,Low
7073-QETQY,One year,66,20.35,1359.5,No,Electronic check,No internet service,No internet service,No,0.06290804859824654,Low
5397-NSKQG,Two year,67,50.9,3281.65,DSL,Credit card (automatic),No,Yes,No,0.06284339414856546,Low
8007-YYPWD,Two year,15,25.05,369.1,No,Bank transfer (automatic),No internet service,No internet service,No,0.06283768325101353,Low
5318-YKDPV,Two year,43,79.15,3566.6,DSL,Credit card (automatic),Yes,Yes,No,0.0626430399838378,Low
5583-EJXRD,Two year,44,54.05,2375.2,DSL,Credit card (automatic),Yes,Yes,No,0.06258079819454052,Low
4835-YSJMR,Two year,39,49.8,1971.15,DSL,Bank transfer (automatic),Yes,No,No,0.0625236939854459,Low
7779-ORAEL,Two year,45,75.15,3480.35,DSL,Credit card (automatic),Yes,Yes,No,0.062479454980090006,Low
8565-WUXZU,Two year,72,84.8,6141.65,Fiber optic,Credit card (automatic),Yes,Yes,No,0.06240131518069775,Low
4751-ERMAN,Two year,72,75.4,5480.25,DSL,Bank transfer (automatic),No,No,No,0.062386512339581444,Low
0617-AQNWT,Two year,64,47.85,3147.5,DSL,Electronic check,Yes,Yes,Yes,0.06237527210590994,Low
4849-PYRLQ,Two year,56,73.25,4054.2,DSL,Bank transfer (automatic),Yes,Yes,No,0.062239624291302316,Low
5702-KVQRD,Two year,71,82.55,5832.65,DSL,Electronic check,Yes,Yes,No,0.06223335582640034,Low
8050-DVOJX,Two year,49,81.35,4060.9,DSL,Credit card (automatic),Yes,Yes,No,0.06222638350723354,Low
4500-HKANN,Two year,23,59.7,1414.2,DSL,Mailed check,Yes,No,No,0.062086526033885606,Low
3486-NPGST,One year,36,19.55,620.75,No,Mailed check,No internet service,No internet service,No,0.062083556089809276,Low
5232-NXPAY,Two year,47,74.45,3510.3,DSL,Mailed check,Yes,No,No,0.06208309168748,Low
7508-DQAKK,Two year,64,86.4,5442.05,DSL,Credit card (automatic),Yes,Yes,No,0.0620708055759369,Low
2516-XSJKX,Two year,41,78.45,3126.45,DSL,Electronic check,Yes,Yes,No,0.06203912408962935,Low
6234-RAAPL,Two year,72,99.9,7251.7,Fiber optic,Bank transfer (automatic),Yes,Yes,No,0.06200875114396059,Low
0383-CLDDA,Two year,69,85.35,5897.4,DSL,Credit card (automatic),Yes,Yes,No,0.06200090843848991,Low
8327-WKMIE,One year,37,20.15,785.75,No,Credit card (automatic),No internet service,No internet service,No,0.061973904854999706,Low
0455-ENTCR,Two year,66,85.25,5538.35,DSL,Electronic check,Yes,Yes,No,0.06189536628340315,Low
1090-ESELR,Two year,72,105.5,7611.55,Fiber optic,Bank transfer (automatic),Yes,Yes,No,0.061888682165848106,Low
3653-NCRDJ,One year,43,19.2,776.25,No,Mailed check,No internet service,No internet service,No,0.061877070202676195,Low
2193-SFWQW,Two year,72,111.95,8033.1,Fiber optic,Bank transfer (automatic),Yes,Yes,No,0.06180959999323199,Low
8908-NMQTX,Two year,72,65.6,4566.5,DSL,Bank transfer (automatic),Yes,Yes,No,0.061776629721322036,Low
4079-WWQQQ,Two year,72,65.55,4807.45,DSL,Bank transfer (automatic),Yes,Yes,No,0.06176801976582129,Low
3161-ONRWK,One year,60,65.85,3928.3,DSL,Bank transfer (automatic),Yes,Yes,No,0.0617515188395406,Low
9824-QCJPK,One year,36,20.0,666.75,No,Mailed check,No internet service,No internet service,No,0.061731901481319296,Low
7103-ZGVNT,One year,69,73.7,4885.85,DSL,Credit card (automatic),Yes,Yes,No,0.06167241703106327,Low
5453-YBTWV,Two year,70,101.1,6994.8,Fiber optic,Credit card (automatic),Yes,Yes,No,0.06160865169232431,Low
8060-HIWJJ,Two year,64,86.55,5632.55,DSL,Credit card (automatic),Yes,No,No,0.06151156404615486,Low
2990-OGYTD,Two year,67,86.15,5883.85,DSL,Bank transfer (automatic),Yes,No,No,0.061492490514983414,Low
8184-WMOFI,One year,62,71.4,4487.3,DSL,Credit card (automatic),Yes,Yes,No,0.06148691342673461,Low
5996-EBTKM,Two year,67,69.9,4615.9,DSL,Bank transfer (automatic),Yes,No,No,0.06146100529718032,Low
9548-ZMVTX,Two year,72,90.45,6565.85,Fiber optic,Bank transfer (automatic),Yes,No,No,0.06146089358190986,Low
4967-WPNCF,Two year,72,63.7,4464.8,DSL,Bank transfer (automatic),Yes,Yes,No,0.061450238429982595,Low
7054-DMVAS,Two year,54,65.3,3512.9,DSL,Bank transfer (automatic),No,Yes,No,0.06141644813038696,Low
5840-NVDCG,Two year,16,68.25,1114.85,DSL,Bank transfer (automatic),Yes,Yes,No,0.06132297634086,Low
1790-NESIO,Two year,13,20.4,261.3,No,Mailed check,No internet service,No internet service,No,0.061303880800772446,Low
8125-QPFJD,Two year,72,84.9,6065.3,DSL,Bank transfer (automatic),Yes,Yes,No,0.061271316731506875,Low
7471-WNSUF,One year,60,24.15,1505.9,No,Bank transfer (automatic),No internet service,No internet service,No,0.061202027313833944,Low
0048-PIHNL,One year,49,20.45,900.9,No,Bank transfer (automatic),No internet service,No internet service,No,0.06114557808073426,Low
3891-NLXJB,Two year,37,40.55,1390.85,DSL,Mailed check,Yes,Yes,No,0.06113410083393852,Low
1757-TCATG,One year,35,20.05,746.75,No,Bank transfer (automatic),No internet service,No internet service,No,0.06110784450229174,Low
0567-XRHCU,Two year,69,43.95,2960.1,DSL,Credit card (automatic),No,Yes,No,0.060966434118687185,Low
3108-PCCGG,Two year,72,84.45,5899.85,DSL,Credit card (automatic),No,Yes,No,0.060909346334687836,Low
2753-JMMCV,Two year,65,74.2,4805.65,DSL,Credit card (automatic),Yes,No,No,0.06072452394808806,Low
6685-GBWJZ,One year,63,70.8,4448.8,DSL,Credit card (automatic),Yes,Yes,No,0.06055606277660578,Low
1934-MKPXS,One year,33,20.1,620.55,No,Credit card (automatic),No internet service,No internet service,No,0.06053146449755684,Low
8232-CTLKO,Two year,66,59.75,3996.8,DSL,Electronic check,No,Yes,No,0.060512723501212874,Low
4568-KNYWR,Two year,52,63.25,3342.45,DSL,Credit card (automatic),No,Yes,No,0.06048182164149401,Low
8200-LGKSR,Two year,71,83.2,6126.1,DSL,Electronic check,Yes,Yes,No,0.060476633634142754,Low
5248-RPYWW,Two year,72,90.15,6716.45,DSL,Bank transfer (automatic),Yes,Yes,No,0.06019732840855186,Low
3057-VJJQE,Two year,35,55.25,1924.1,DSL,Mailed check,No,Yes,No,0.06015696517104241,Low
0298-XACET,Two year,52,50.2,2554.0,DSL,Mailed check,Yes,No,No,0.060038286729749785,Low
3174-AKMAS,Two year,46,64.2,3009.5,DSL,Credit card (automatic),Yes,No,No,0.059883815959014465,Low
3298-QEICA,Two year,23,34.6,813.45,DSL,Mailed check,Yes,Yes,No,0.05988231794546244,Low
8050-XGRVL,One year,62,54.75,3425.35,DSL,Credit card (automatic),No,Yes,No,0.059851230453923966,Low
6586-MYGKD,Two year,70,76.95,5289.8,DSL,Credit card (automatic),Yes,Yes,No,0.0598226908624374,Low
2977-CEBSX,Two year,66,90.05,5965.95,DSL,Credit card (automatic),Yes,Yes,No,0.05968833612418054,Low
3727-OVPRY,One year,66,25.7,1714.55,No,Credit card (automatic),No internet service,No internet service,No,0.05966818854392376,Low
9803-FTJCG,One year,71,66.85,4748.7,DSL,Credit card (automatic),Yes,Yes,No,0.05963458548094613,Low
3935-TBRZZ,One year,44,25.7,1110.5,No,Mailed check,No internet service,No internet service,No,0.05962992467335876,Low
9178-JHUVJ,Two year,24,24.1,587.4,No,Bank transfer (automatic),No internet service,No internet service,No,0.05951559333866975,Low
3078-ZKNTS,Two year,13,19.75,246.7,No,Bank transfer (automatic),No internet service,No internet service,No,0.059352686784142336,Low
2599-CIPQE,Two year,71,109.3,7782.85,Fiber optic,Credit card (automatic),Yes,Yes,No,0.05928591611213112,Low
2589-AYCRP,One year,50,19.75,989.05,No,Bank transfer (automatic),No internet service,No internet service,No,0.05927369367788299,Low
1403-LKLIK,One year,33,20.1,579.4,No,Mailed check,No internet service,No internet service,No,0.05925934038928436,Low
5380-XPJNZ,One year,38,20.05,678.2,No,Mailed check,No internet service,No internet service,No,0.059177395326520846,Low
8265-HKSOW,Two year,72,107.45,7658.3,Fiber optic,Credit card (automatic),Yes,Yes,No,0.0591288589746467,Low
7190-XHTWJ,One year,38,19.3,755.5,No,Mailed check,No internet service,No internet service,No,0.05905345090537234,Low
3546-GHEAE,Two year,7,19.45,165.35,No,Mailed check,No internet service,No internet service,No,0.059039143344393724,Low
3280-NMUVX,One year,34,19.6,678.8,No,Credit card (automatic),No internet service,No internet service,No,0.058972727088277055,Low
3544-FBCAS,Two year,72,83.6,5959.3,DSL,Credit card (automatic),No,Yes,No,0.058926538441096334,Low
2256-YLYLP,Two year,68,72.95,4953.25,DSL,Bank transfer (automatic),Yes,No,No,0.05885295627791147,Low
4039-PIMHX,Two year,49,49.8,2398.4,DSL,Mailed check,No,No,No,0.058810867892629036,Low
2335-GSODA,Two year,23,40.1,857.75,DSL,Mailed check,Yes,Yes,No,0.05870738214629291,Low
3230-IUALN,Two year,45,81.0,3533.6,DSL,Mailed check,Yes,Yes,No,0.05867753467371105,Low
6563-VRERX,One year,33,20.6,690.25,No,Mailed check,No internet service,No internet service,No,0.05866839961410176,Low
6762-QVYJO,Two year,58,59.75,3624.35,DSL,Mailed check,Yes,Yes,No,0.058649445940649754,Low
5177-RVZNU,One year,37,20.3,755.4,No,Bank transfer (automatic),No internet service,No internet service,No,0.058610328453026946,Low
0902-RFHOF,One year,38,20.1,730.1,No,Mailed check,No internet service,No internet service,No,0.05851352075276468,Low
9030-QGZNL,Two year,8,20.85,161.65,No,Mailed check,No internet service,No internet service,No,0.05848797611745678,Low
1982-FEBTD,Two year,23,25.6,514.75,No,Credit card (automatic),No internet service,No internet service,No,0.058411043336487715,Low
8388-DMKAE,Two year,8,20.25,174.65,No,Mailed check,No internet service,No internet service,No,0.05838988478708247,Low
2017-CCBLH,Two year,8,20.0,141.6,No,Mailed check,No internet service,No internet service,No,0.05834905895886369,Low
5668-MEISB,Two year,72,106.1,7657.4,Fiber optic,Credit card (automatic),Yes,Yes,No,0.058341397434182096,Low
3812-LRZIR,Two year,27,24.5,761.95,No,Electronic check,No internet service,No internet service,No,0.05815930290033445,Low
1686-STUHN,One year,42,19.8,849.9,No,Bank transfer (automatic),No internet service,No internet service,No,0.05805006249172626,Low
9958-MEKUC,Two year,72,103.95,7517.7,Fiber optic,Credit card (automatic),Yes,Yes,No,0.05788757063928222,Low
2581-VKIRT,One year,59,65.5,3801.3,DSL,Mailed check,Yes,Yes,No,0.057706950026963535,Low
7131-ZQZNK,Two year,60,59.85,3590.2,DSL,Credit card (automatic),Yes,Yes,No,0.05769098075129647,Low
6122-EFVKN,Two year,24,35.75,830.8,DSL,Mailed check,Yes,Yes,No,0.05768477376685895,Low
8430-TWCBX,One year,49,20.7,1032.05,No,Credit card (automatic),No internet service,No internet service,No,0.05768077615549165,Low
8661-BOYNW,Two year,72,84.4,6096.45,DSL,Credit card (automatic),Yes,Yes,No,0.057678592439455535,Low
8316-BBQAY,Two year,65,59.95,3921.1,DSL,Credit card (automatic),Yes,Yes,No,0.057635273103392955,Low
2999-AANRQ,Two year,21,71.05,1524.85,DSL,Credit card (automatic),Yes,Yes,No,0.05763228418656667,Low
2706-QZIHY,Two year,15,25.2,387.9,No,Mailed check,No internet service,No internet service,No,0.05761661468759751,Low
0771-CHWSK,Two year,66,74.6,4798.4,DSL,Credit card (automatic),No,Yes,No,0.057527058999437594,Low
3712-PKXZA,One year,61,20.55,1252.0,No,Credit card (automatic),No internet service,No internet service,No,0.05744859876208434,Low
9732-OUYRN,One year,49,19.0,918.7,No,Credit card (automatic),No internet service,No internet service,No,0.05740684800484791,Low
9227-YBAXE,Two year,65,82.5,5215.1,DSL,Bank transfer (automatic),Yes,Yes,No,0.0573274483533148,Low
4538-WNTMJ,One year,46,24.95,1165.9,No,Mailed check,No internet service,No internet service,No,0.05728476969654329,Low
6248-TKCQV,Two year,70,80.6,5460.2,DSL,Bank transfer (automatic),Yes,Yes,No,0.05712638330873611,Low
1755-FZQEC,One year,39,19.9,791.15,No,Mailed check,No internet service,No internet service,No,0.05705152706201659,Low
9055-MOJJJ,One year,64,65.8,4068.0,DSL,Mailed check,Yes,Yes,No,0.05695080470134367,Low
9610-WCESF,Two year,67,43.9,3097.2,DSL,Electronic check,Yes,Yes,No,0.056931870888501955,Low
8181-YHCMF,Two year,68,60.3,4109.0,DSL,Credit card (automatic),Yes,No,No,0.056800687132950375,Low
3398-GCPMU,Two year,72,89.55,6448.85,DSL,Credit card (automatic),Yes,Yes,No,0.0566478977935543,Low
6258-PVZWJ,Two year,68,90.8,6302.85,DSL,Credit card (automatic),Yes,Yes,No,0.056531795805221455,Low
7337-CINUD,Two year,8,19.5,159.35,No,Bank transfer (automatic),No internet service,No internet service,No,0.05651000969238042,Low
6388-TABGU,One year,62,56.15,3487.95,DSL,Bank transfer (automatic),No,Yes,No,0.05642150028681631,Low
3146-MSEGF,Two year,72,88.05,6425.65,DSL,Credit card (automatic),Yes,Yes,No,0.05641020304017521,Low
8008-OTEZX,One year,35,19.65,708.8,No,Mailed check,No internet service,No internet service,No,0.0563271990012157,Low
7233-PAHHL,Two year,66,84.0,5714.25,DSL,Mailed check,Yes,Yes,No,0.05632336637513234,Low
7025-WCBNE,Two year,47,59.6,2754.0,DSL,Bank transfer (automatic),Yes,No,No,0.05621306319549527,Low
1187-WILMM,Two year,63,89.4,5597.65,DSL,Credit card (automatic),Yes,Yes,No,0.056128821051755186,Low
9102-OXKFY,Two year,59,54.15,3116.15,DSL,Credit card (automatic),No,No,No,0.05612850481998024,Low
0674-GCDXG,Two year,63,71.9,4479.2,DSL,Bank transfer (automatic),Yes,Yes,No,0.05611699221842319,Low
0017-DINOC,Two year,54,45.2,2460.55,DSL,Credit card (automatic),Yes,Yes,No,0.055975005251459396,Low
3166-PNEOF,Two year,61,86.45,5175.3,DSL,Credit card (automatic),Yes,Yes,No,0.05589961256054664,Low
3933-DQPWX,Two year,50,39.7,1932.75,DSL,Credit card (automatic),Yes,No,No,0.05588895388438617,Low
6532-YLWSI,One year,53,20.8,1021.8,No,Bank transfer (automatic),No internet service,No internet service,Yes,0.05544069031206778,Low
9717-IOAAF,Two year,27,25.85,788.55,No,Credit card (automatic),No internet service,No internet service,No,0.05534131920255593,Low
8218-FFJDS,Two year,72,86.4,6058.95,DSL,Bank transfer (automatic),Yes,Yes,No,0.05533360128094032,Low
9602-WCXPI,One year,50,20.15,989.05,No,Credit card (automatic),No internet service,No internet service,No,0.05529480474683036,Low
6242-FEGFD,Two year,66,96.6,6424.25,Fiber optic,Mailed check,Yes,Yes,No,0.055288018836279235,Low
6922-NCEDI,One year,56,21.2,1238.65,No,Mailed check,No internet service,No internet service,No,0.055270356831951854,Low
1093-YSWCA,Two year,11,19.55,223.15,No,Credit card (automatic),No internet service,No internet service,No,0.0552675064026663,Low
4312-GVYNH,Two year,70,49.85,3370.2,DSL,Bank transfer (automatic),Yes,Yes,No,0.055261775456394095,Low
6339-RZCBJ,Two year,48,78.9,3771.5,DSL,Credit card (automatic),Yes,No,No,0.055260340172812256,Low
1172-VIYBP,Two year,53,69.7,3686.05,DSL,Bank transfer (automatic),No,Yes,No,0.05522429554826638,Low
6023-GSSXW,Two year,69,61.45,4131.2,DSL,Credit card (automatic),No,No,No,0.055085001024885276,Low
8039-EQPIM,Two year,69,60.25,4055.5,DSL,Bank transfer (automatic),Yes,Yes,No,0.0550421991645716,Low
8174-TBVCF,Two year,70,94.8,6859.05,DSL,Credit card (automatic),Yes,Yes,No,0.055030772217777926,Low
0301-FIDRB,Two year,72,63.8,4684.3,DSL,Bank transfer (automatic),Yes,Yes,No,0.05501022018184816,Low
2400-XIWIO,Two year,71,90.1,6310.9,DSL,Electronic check,Yes,Yes,No,0.0550079191884896,Low
1227-UDMZR,Two year,72,91.15,6637.9,DSL,Bank transfer (automatic),Yes,Yes,No,0.054999288322046244,Low
5986-WWXDV,One year,39,19.35,779.2,No,Bank transfer (automatic),No internet service,No internet service,No,0.054996170897835844,Low
3638-WEABW,Two year,58,59.9,3505.1,DSL,Credit card (automatic),Yes,No,No,0.054969399804746424,Low
1971-DTCZB,Two year,72,90.95,6468.6,DSL,Bank transfer (automatic),Yes,Yes,No,0.05496841146560021,Low
4615-PIVVU,Two year,42,66.5,2762.75,DSL,Credit card (automatic),Yes,No,No,0.05483837115111411,Low
2560-QTSBS,One year,72,23.3,1623.15,No,Bank transfer (automatic),No internet service,No internet service,No,0.05482460729544874,Low
9297-EONCV,Two year,72,91.35,6697.2,DSL,Bank transfer (automatic),Yes,Yes,No,0.054784029940321596,Low
0969-RGKCU,One year,37,19.8,677.05,No,Credit card (automatic),No internet service,No internet service,No,0.05478043821464518,Low
5360-XGYAZ,Two year,72,65.65,4664.5,DSL,Bank transfer (automatic),Yes,Yes,No,0.05466611334443612,Low
6681-ZSEXG,Two year,56,59.5,3389.25,DSL,Credit card (automatic),No,No,No,0.05436447715859504,Low
7301-ABVAD,Two year,72,86.6,6350.5,DSL,Bank transfer (automatic),Yes,No,No,0.05416237629485097,Low
6064-ZATLR,Two year,27,52.85,1498.65,DSL,Bank transfer (automatic),No,Yes,No,0.05414677139483444,Low
5997-OPVFA,Two year,72,89.05,6254.45,DSL,Bank transfer (automatic),Yes,Yes,No,0.0540520214584997,Low
4487-ZYJZK,One year,38,19.6,763.1,No,Credit card (automatic),No internet service,No internet service,No,0.05402327388969434,Low
0513-RBGPE,Two year,37,62.8,2278.75,DSL,Credit card (automatic),Yes,Yes,No,0.05394953251252279,Low
2725-TTRIQ,Two year,72,84.2,5986.55,DSL,Bank transfer (automatic),Yes,Yes,No,0.05385921732156156,Low
1897-OKVMW,Two year,64,90.6,5817.45,DSL,Mailed check,Yes,Yes,No,0.053777206488558646,Low
5980-BDHPY,Two year,72,87.1,6230.1,DSL,Bank transfer (automatic),Yes,Yes,No,0.05375654651523095,Low
3572-UUHRS,One year,45,18.85,867.3,No,Bank transfer (automatic),No internet service,No internet service,No,0.05374557014168446,Low
4827-DPADN,Two year,72,83.3,6042.7,DSL,Bank transfer (automatic),Yes,Yes,No,0.053723113925474374,Low
8345-MVDYC,Two year,45,81.65,3618.7,DSL,Bank transfer (automatic),Yes,Yes,No,0.053694457450035545,Low
0230-WEQUW,Two year,66,56.6,3789.2,DSL,Bank transfer (automatic),Yes,Yes,No,0.053691276383650406,Low
9339-FIIJL,Two year,72,85.95,6151.9,DSL,Bank transfer (automatic),Yes,No,No,0.05368672633770086,Low
0459-SPZHJ,Two year,63,83.5,5435.0,DSL,Credit card (automatic),No,Yes,No,0.05364418897202598,Low
6698-OXETB,Two year,11,20.4,231.45,No,Mailed check,No internet service,No internet service,No,0.05360995821286676,Low
0909-SELIE,Two year,61,80.8,4860.85,DSL,Bank transfer (automatic),Yes,Yes,No,0.05355131821894857,Low
5656-MJEFC,Two year,42,48.15,2032.3,DSL,Credit card (automatic),Yes,Yes,No,0.053549101776099096,Low
9479-HYNYL,Two year,71,80.7,5705.05,DSL,Credit card (automatic),Yes,No,No,0.05330566779063855,Low
9675-ICXCT,Two year,72,80.8,5728.55,DSL,Electronic check,Yes,Yes,No,0.05321189663318195,Low
6980-CDGFC,One year,67,20.85,1327.4,No,Bank transfer (automatic),No internet service,No internet service,No,0.05317755075820005,Low
6369-MCAKO,Two year,68,89.05,6185.8,DSL,Bank transfer (automatic),Yes,Yes,No,0.053161880677336265,Low
3813-DHBBB,Two year,67,50.95,3521.7,DSL,Bank transfer (automatic),Yes,Yes,No,0.05307036176054314,Low
4782-OSFXZ,Two year,71,82.7,5831.2,DSL,Bank transfer (automatic),Yes,Yes,No,0.05298120804522783,Low
3638-VBZTA,Two year,68,86.5,5882.75,DSL,Bank transfer (automatic),Yes,Yes,No,0.05296447277609764,Low
2580-ATZSQ,One year,65,61.35,3874.1,DSL,Bank transfer (automatic),No,Yes,No,0.05295981031840686,Low
0057-QBUQH,Two year,43,25.1,1070.15,No,Electronic check,No internet service,No internet service,No,0.05293258759053026,Low
8314-HTWVE,Two year,7,19.85,144.15,No,Mailed check,No internet service,No internet service,No,0.05288221005770683,Low
2138-VFAPZ,Two year,14,19.7,263.65,No,Mailed check,No internet service,No internet service,No,0.05280151858443776,Low
2725-IWWBA,One year,46,56.9,2560.1,DSL,Mailed check,Yes,Yes,No,0.052760292911382414,Low
8042-RNLKO,One year,66,25.45,1699.15,No,Bank transfer (automatic),No internet service,No internet service,No,0.05270683253137614,Low
2211-RMNHO,Two year,68,85.3,5560.0,DSL,Bank transfer (automatic),Yes,No,No,0.052705758208288905,Low
8148-WOCMK,Two year,8,19.6,125.0,No,Credit card (automatic),No internet service,No internet service,No,0.052661759555476445,Low
7216-KAOID,One year,41,19.5,798.2,No,Bank transfer (automatic),No internet service,No internet service,No,0.052587453162262876,Low
7401-JIXNM,Two year,54,91.3,4965.0,DSL,Credit card (automatic),Yes,Yes,No,0.052568264419225415,Low
6516-NKQBO,Two year,38,81.0,3084.9,DSL,Credit card (automatic),Yes,Yes,No,0.05253852377564235,Low
8766-PAFNE,Two year,71,79.1,5564.85,DSL,Credit card (automatic),Yes,No,No,0.0524597497519883,Low
0016-QLJIS,Two year,65,90.45,5957.9,DSL,Mailed check,Yes,Yes,No,0.052434343195638666,Low
2824-DXNKN,Two year,72,71.45,5025.85,DSL,Bank transfer (automatic),No,Yes,No,0.05238789717948793,Low
8590-OHDIW,One year,38,20.3,749.35,No,Mailed check,No internet service,No internet service,No,0.052378846422842136,Low
5469-NUJUR,Two year,19,19.95,373.5,No,Mailed check,No internet service,No internet service,No,0.05216918822086429,Low
8414-OOEEL,Two year,66,79.5,5196.1,DSL,Credit card (automatic),Yes,No,No,0.05211405764740878,Low
2521-NPUZR,Two year,70,101.0,7085.5,Fiber optic,Credit card (automatic),Yes,Yes,No,0.05204823816681204,Low
7781-HVGMK,Two year,72,65.2,4784.45,DSL,Credit card (automatic),Yes,Yes,No,0.05204217675933091,Low
8908-SLFCJ,Two year,21,20.85,435.25,No,Credit card (automatic),No internet service,No internet service,No,0.052021918728482094,Low
2122-SZZZD,One year,44,19.5,835.5,No,Credit card (automatic),No internet service,No internet service,No,0.052014405182976974,Low
9451-WLYRI,One year,53,19.05,990.45,No,Credit card (automatic),No internet service,No internet service,No,0.05198750447965247,Low
9541-ZPSEA,Two year,68,80.35,5375.15,Fiber optic,Credit card (automatic),No,Yes,No,0.05196413056977125,Low
0052-YNYOT,One year,67,20.55,1343.4,No,Electronic check,No internet service,No internet service,No,0.0517553481751767,Low
8999-YPYBV,Two year,45,84.35,3858.05,DSL,Mailed check,Yes,Yes,No,0.05163049451343064,Low
5003-XZWWO,Two year,71,84.2,5956.85,DSL,Credit card (automatic),Yes,No,No,0.05160722400281209,Low
8191-XWSZG,One year,52,20.65,1022.95,No,Mailed check,No internet service,No internet service,No,0.051572229967939434,Low
1972-XMUWV,Two year,65,59.8,3808.2,DSL,Credit card (automatic),Yes,No,No,0.051556599330442814,Low
2229-DPMBI,Two year,8,19.5,162.15,No,Mailed check,No internet service,No internet service,No,0.05153142622489018,Low
3079-BCHLN,One year,47,19.9,942.95,No,Bank transfer (automatic),No internet service,No internet service,No,0.05151915875533872,Low
2005-DWQZJ,Two year,8,19.05,201.7,No,Mailed check,No internet service,No internet service,No,0.051466116787374845,Low
3704-IEAXF,Two year,72,53.65,3784.0,DSL,Credit card (automatic),Yes,No,No,0.05146570862628458,Low
9443-JUBUO,Two year,72,65.25,4478.85,DSL,Credit card (automatic),Yes,Yes,No,0.051453970060337945,Low
9242-TKFSV,Two year,72,65.1,4754.3,DSL,Credit card (automatic),Yes,Yes,No,0.05143222250421272,Low
5275-PMFUT,Two year,72,64.8,4719.75,DSL,Credit card (automatic),Yes,Yes,No,0.05138875346983003,Low
5201-CBWYG,One year,62,24.8,1476.25,No,Bank transfer (automatic),No internet service,No internet service,No,0.0513812873822082,Low
9778-OGKQZ,Two year,72,92.0,6782.15,DSL,Credit card (automatic),Yes,Yes,No,0.05135678476895949,Low
4632-XJMEX,One year,53,62.85,3419.5,DSL,Credit card (automatic),Yes,Yes,No,0.051349260822255556,Low
0064-SUDOG,Two year,12,20.3,224.5,No,Bank transfer (automatic),No internet service,No internet service,No,0.05127903509949248,Low
1830-GGFNM,Two year,65,94.55,6078.75,Fiber optic,Credit card (automatic),Yes,Yes,No,0.051263656160898015,Low
1930-QPBVZ,Two year,68,95.1,6683.4,Fiber optic,Bank transfer (automatic),Yes,Yes,No,0.0512427897198139,Low
5248-YGIJN,Two year,72,90.25,6369.45,DSL,Credit card (automatic),Yes,Yes,No,0.051104056046443413,Low
0164-XAIRP,Two year,24,19.55,470.2,No,Bank transfer (automatic),No internet service,No internet service,No,0.05105002796861866,Low
0224-NIJLP,Two year,8,20.15,165.5,No,Mailed check,No internet service,No internet service,No,0.05103495013746058,Low
5816-JMLGY,Two year,70,80.4,5717.85,DSL,Bank transfer (automatic),Yes,No,No,0.051002680033588245,Low
2226-ICFDO,Two year,72,85.9,6110.75,DSL,Credit card (automatic),Yes,Yes,No,0.05099304509476168,Low
8592-PLTMQ,One year,64,24.7,1642.75,No,Mailed check,No internet service,No internet service,No,0.05098349781976773,Low
5647-URDKA,Two year,8,19.7,130.25,No,Mailed check,No internet service,No internet service,No,0.050970236105420084,Low
0412-UCCNP,Two year,55,59.2,3175.85,DSL,Electronic check,Yes,Yes,No,0.050923119968269925,Low
6701-YVNQG,Two year,72,88.7,6301.7,DSL,Credit card (automatic),Yes,Yes,No,0.05088119369138292,Low
8221-HVAYI,Two year,35,69.15,2490.15,DSL,Credit card (automatic),Yes,Yes,No,0.050879306653284335,Low
5495-GPSRW,Two year,20,19.7,419.4,No,Mailed check,No internet service,No internet service,No,0.05084997798556833,Low
2662-NNTDK,One year,65,24.8,1600.95,No,Credit card (automatic),No internet service,No internet service,No,0.050820678003272925,Low
6828-HMKWP,Two year,12,21.05,262.05,No,Bank transfer (automatic),No internet service,No internet service,No,0.05079918515959668,Low
1599-EAHXY,One year,60,23.95,1506.4,No,Credit card (automatic),No internet service,No internet service,No,0.050762670473136665,Low
4006-HKYHO,Two year,63,86.7,5309.5,DSL,Bank transfer (automatic),Yes,Yes,No,0.050757132889997454,Low
9565-FLVCG,Two year,65,69.55,4459.15,DSL,Mailed check,No,Yes,No,0.050729925029478186,Low
8295-KMENE,Two year,59,76.45,4519.5,DSL,Mailed check,Yes,Yes,No,0.05071108655938344,Low
5788-YPOEG,Two year,34,84.75,2839.45,DSL,Mailed check,Yes,Yes,No,0.050600430951409654,Low
1088-AUUZZ,Two year,56,75.85,4261.2,DSL,Credit card (automatic),Yes,Yes,No,0.050573139983373136,Low
9415-ZNBSX,Two year,70,89.0,6293.2,DSL,Bank transfer (automatic),Yes,Yes,No,0.050572273591756776,Low
7596-IIWYC,Two year,27,20.25,538.2,No,Bank transfer (automatic),No internet service,No internet service,No,0.050435254016450735,Low
6609-MXJHJ,Two year,30,25.1,789.55,No,Mailed check,No internet service,No internet service,No,0.05039457258220726,Low
5057-RKGLH,Two year,9,20.35,191.1,No,Mailed check,No internet service,No internet service,No,0.05038363099925492,Low
2821-WARNZ,One year,49,19.45,921.3,No,Credit card (automatic),No internet service,No internet service,No,0.050373622143037394,Low
6701-DHKWQ,Two year,61,51.35,3244.4,DSL,Credit card (automatic),Yes,No,No,0.050358403921232114,Low
4573-JKNAE,Two year,12,19.35,212.3,No,Bank transfer (automatic),No internet service,No internet service,No,0.05032897947223604,Low
3352-RICWQ,Two year,9,19.75,210.65,No,Mailed check,No internet service,No internet service,No,0.05029840550163434,Low
6656-GULJQ,Two year,72,83.55,6093.3,DSL,Credit card (automatic),Yes,Yes,No,0.050075774647416055,Low
2987-BJXIK,Two year,70,84.7,5991.05,DSL,Mailed check,No,Yes,No,0.05006286490195764,Low
8859-YSTWS,One year,48,19.95,1004.5,No,Bank transfer (automatic),No internet service,No internet service,No,0.05003210841810194,Low
1568-LJSZU,Two year,68,92.2,6392.85,DSL,Credit card (automatic),Yes,Yes,No,0.049958021170962486,Low
9424-CMPOG,Two year,9,19.6,197.4,No,Mailed check,No internet service,No internet service,No,0.04970080022856423,Low
5158-RIVOP,Two year,11,20.9,202.3,No,Credit card (automatic),No internet service,No internet service,No,0.04961614610020374,Low
2192-OZITF,Two year,45,73.55,3349.1,DSL,Mailed check,Yes,Yes,No,0.04957218593355472,Low
8100-PNJMH,Two year,68,88.85,6132.7,DSL,Credit card (automatic),Yes,Yes,No,0.04948771907497709,Low
1568-BEKZM,Two year,70,90.05,6333.4,DSL,Credit card (automatic),Yes,Yes,No,0.04929329716115111,Low
5795-BKOYE,One year,69,59.1,4134.7,DSL,Bank transfer (automatic),Yes,No,No,0.049120242359191844,Low
1494-EJZDW,Two year,10,20.15,220.8,No,Mailed check,No internet service,No internet service,No,0.04911417063839362,Low
8515-OCTJS,Two year,25,24.75,692.1,No,Credit card (automatic),No internet service,No internet service,Yes,0.04905010361831015,Low
9548-LIGTA,Two year,61,81.05,4747.65,DSL,Mailed check,Yes,Yes,No,0.04902780959814817,Low
5696-JVVQY,Two year,48,70.1,3238.4,DSL,Credit card (automatic),No,Yes,No,0.04898459609852528,Low
9067-SQTNS,One year,44,20.6,926.0,No,Bank transfer (automatic),No internet service,No internet service,No,0.04894987027385818,Low
1269-FOYWN,One year,44,20.0,860.85,No,Bank transfer (automatic),No internet service,No internet service,No,0.048866945224994074,Low
8197-BFWVU,Two year,72,93.25,6688.95,DSL,Bank transfer (automatic),Yes,Yes,No,0.04869078895963842,Low
7872-BAAZR,One year,53,19.55,1007.9,No,Bank transfer (automatic),No internet service,No internet service,No,0.0486216943191119,Low
6916-HIJSE,Two year,65,84.85,5459.2,DSL,Bank transfer (automatic),Yes,Yes,No,0.0485915261674481,Low
2225-ZRGSG,Two year,70,93.9,6579.05,Fiber optic,Bank transfer (automatic),Yes,Yes,Yes,0.04849951021747367,Low
2535-PBCGC,Two year,70,64.55,4504.9,DSL,Bank transfer (automatic),Yes,Yes,No,0.04844771875267178,Low
8606-OEGQZ,Two year,18,25.3,454.65,No,Credit card (automatic),No internet service,No internet service,No,0.04843785284365434,Low
4950-HKQTE,Two year,22,26.25,605.9,No,Mailed check,No internet service,No internet service,No,0.04833542251733228,Low
6741-QRLUP,Two year,63,80.3,4995.35,DSL,Credit card (automatic),Yes,Yes,No,0.04827094213093244,Low
5130-YPIRV,Two year,62,72.0,4284.2,DSL,Credit card (automatic),No,Yes,No,0.0481870351364472,Low
3067-SVMTC,One year,68,55.9,3848.8,DSL,Bank transfer (automatic),Yes,Yes,No,0.048183162172743474,Low
2661-GKBTK,Two year,60,76.95,4543.95,DSL,Bank transfer (automatic),Yes,No,No,0.04805277950678903,Low
0795-LAFGP,Two year,71,90.4,6668.05,DSL,Electronic check,Yes,Yes,No,0.04789486921502277,Low
5248-KWLAR,Two year,71,90.35,6325.25,DSL,Electronic check,Yes,Yes,No,0.0478880952421893,Low
3458-IDMFK,Two year,25,20.75,499.4,No,Mailed check,No internet service,No internet service,No,0.047837246277400665,Low
0621-TSSMU,One year,56,19.95,1126.75,No,Credit card (automatic),No internet service,No internet service,No,0.047806473875974226,Low
5458-CQJTA,Two year,65,74.8,4820.15,DSL,Bank transfer (automatic),Yes,Yes,Yes,0.047755728755833435,Low
4671-VJLCL,Two year,63,79.85,4861.45,DSL,Credit card (automatic),Yes,Yes,No,0.047742187983272746,Low
0361-HJRDX,Two year,68,64.35,4539.6,DSL,Credit card (automatic),Yes,Yes,No,0.04773464275525561,Low
6518-KZXCB,Two year,22,25.25,566.5,No,Mailed check,No internet service,No internet service,No,0.04764524087933942,Low
6729-FZWSY,One year,67,19.45,1195.95,No,Mailed check,No internet service,No internet service,No,0.04751617284494696,Low
7665-NKLAV,Two year,36,40.65,1547.35,DSL,Credit card (automatic),Yes,Yes,No,0.047475873036922,Low
1535-VTJOQ,Two year,24,25.15,553.0,No,Credit card (automatic),No internet service,No internet service,No,0.04737582820563973,Low
4077-HWUYD,Two year,72,87.55,6463.15,DSL,Bank transfer (automatic),Yes,Yes,No,0.04736173107940555,Low
3219-JQRSL,Two year,72,89.1,6352.4,DSL,Credit card (automatic),Yes,Yes,No,0.04730741440998337,Low
8597-CTXVJ,One year,70,64.95,4551.5,DSL,Bank transfer (automatic),Yes,Yes,No,0.04729828059314471,Low
0486-LGCCH,Two year,11,19.65,225.75,No,Mailed check,No internet service,No internet service,No,0.04728475418542374,Low
6122-LJADA,Two year,70,90.15,6237.05,DSL,Credit card (automatic),Yes,Yes,No,0.047248425504851074,Low
5485-ITNPC,Two year,66,85.9,5595.3,DSL,Bank transfer (automatic),Yes,Yes,No,0.04719927571485206,Low
1459-QNFQT,Two year,70,59.5,4144.8,DSL,Bank transfer (automatic),Yes,Yes,No,0.04714421530343894,Low
1092-WPIVQ,Two year,18,25.1,428.45,No,Mailed check,No internet service,No internet service,No,0.047047697779035356,Low
5329-KRDTM,Two year,72,77.35,5396.25,DSL,Credit card (automatic),Yes,No,No,0.04703783341077,Low
9170-ARBTB,One year,52,19.6,1012.4,No,Credit card (automatic),No internet service,No internet service,No,0.046967504286539764,Low
6048-NJXHX,Two year,41,19.75,899.45,No,Electronic check,No internet service,No internet service,No,0.04691418409223167,Low
4518-FZBSX,One year,42,20.25,854.9,No,Mailed check,No internet service,No internet service,No,0.04685193436065318,Low
4381-MHQDC,Two year,47,65.0,2879.9,DSL,Mailed check,Yes,Yes,No,0.046845243073348114,Low
2176-LVPNX,Two year,71,89.85,6293.45,DSL,Mailed check,Yes,Yes,No,0.04681484865777115,Low
9110-HSGTV,Two year,69,82.45,5555.3,DSL,Credit card (automatic),Yes,Yes,No,0.04669907345726216,Low
7951-QKZPL,Two year,33,24.5,740.3,No,Mailed check,No internet service,No internet service,Yes,0.04667589552217243,Low
3508-VLHCZ,Two year,71,90.55,6239.05,DSL,Credit card (automatic),Yes,Yes,No,0.04666948688158077,Low
5324-KTGCG,One year,71,20.85,1539.75,No,Electronic check,No internet service,No internet service,No,0.04654701123657079,Low
7975-JMZNT,Two year,66,91.7,6075.9,DSL,Bank transfer (automatic),Yes,Yes,No,0.04652021529828555,Low
9489-DEDVP,Two year,70,69.2,4872.35,DSL,Credit card (automatic),No,Yes,No,0.046314114120222336,Low
5676-CFLYY,Two year,71,73.35,5154.5,DSL,Credit card (automatic),Yes,No,No,0.046304566666502144,Low
8450-LUGUK,Two year,37,24.1,861.85,No,Bank transfer (automatic),No internet service,No internet service,No,0.046288468213862705,Low
9348-ROUAI,Two year,59,90.3,5194.05,DSL,Credit card (automatic),Yes,Yes,No,0.04626872987005019,Low
9503-XJUME,One year,52,19.65,928.4,No,Credit card (automatic),No internet service,No internet service,No,0.04622426376024323,Low
7164-BPTUT,Two year,57,89.55,5012.35,DSL,Mailed check,Yes,Yes,No,0.04621071148205861,Low
6115-ZTBFQ,Two year,72,65.5,4919.7,DSL,Bank transfer (automatic),Yes,Yes,No,0.046207341793712664,Low
4955-VCWBI,One year,43,20.0,817.95,No,Mailed check,No internet service,No internet service,No,0.0461924542965072,Low
5442-PPTJY,Two year,12,19.7,258.35,No,Mailed check,No internet service,No internet service,No,0.04612225144624538,Low
7277-KAMWT,Two year,13,20.0,268.45,No,Credit card (automatic),No internet service,No internet service,No,0.046059341482450826,Low
8249-THVEC,One year,51,19.4,997.75,No,Mailed check,No internet service,No internet service,No,0.04602769494896888,Low
9477-LGWQI,Two year,70,80.15,5600.15,DSL,Credit card (automatic),No,Yes,No,0.046019192190758194,Low
5622-UEJFI,Two year,35,25.4,949.8,No,Credit card (automatic),No internet service,No internet service,No,0.04600777757655007,Low
3129-AAQOU,Two year,19,25.6,485.9,No,Mailed check,No internet service,No internet service,No,0.045949319513339054,Low
1265-ZFOSD,Two year,64,81.3,5129.3,DSL,Mailed check,Yes,Yes,No,0.04588153265737395,Low
3721-WKIIL,Two year,27,19.6,561.15,No,Mailed check,No internet service,No internet service,No,0.04588117068035592,Low
2845-KDHVX,Two year,64,68.3,4378.8,DSL,Mailed check,Yes,No,No,0.045700418758214,Low
3796-ENZGF,Two year,63,67.25,4234.15,DSL,Mailed check,Yes,No,No,0.04566097139977185,Low
8098-TDCBU,Two year,42,25.25,1108.2,No,Electronic check,No internet service,No internet service,No,0.04558129747629082,Low
9067-YGSCA,One year,70,26.05,1856.4,No,Credit card (automatic),No internet service,No internet service,No,0.04553164763600274,Low
9140-CZQZZ,Two year,68,79.6,5515.8,DSL,Bank transfer (automatic),Yes,Yes,No,0.04549442232803585,Low
7009-PCARS,One year,55,19.1,1001.5,No,Bank transfer (automatic),No internet service,No internet service,No,0.0454520877266163,Low
1722-LDZJS,One year,53,20.2,1068.15,No,Credit card (automatic),No internet service,No internet service,No,0.04535554731072546,Low
3487-EARAT,One year,70,74.1,5222.3,DSL,Credit card (automatic),Yes,Yes,No,0.04527715187531611,Low
6463-MVYRY,Two year,57,69.85,4003.0,DSL,Bank transfer (automatic),Yes,Yes,No,0.04521368814409513,Low
4718-WXBGI,Two year,72,91.95,6614.9,DSL,Credit card (automatic),Yes,Yes,No,0.04516967969871747,Low
6096-EGVTU,One year,64,24.9,1595.5,No,Mailed check,No internet service,No internet service,No,0.045074797137151304,Low
8241-JUIQO,One year,61,19.45,1336.35,No,Bank transfer (automatic),No internet service,No internet service,No,0.045034657879130184,Low
7722-VJRQD,Two year,72,60.95,4549.05,DSL,Bank transfer (automatic),Yes,Yes,No,0.045025102300972245,Low
5727-MYATE,Two year,72,90.8,6397.6,DSL,Credit card (automatic),Yes,Yes,No,0.04502254166761862,Low
1951-IEYXM,Two year,72,90.6,6441.85,DSL,Credit card (automatic),Yes,Yes,No,0.044996999107260946,Low
4654-ULTTN,Two year,70,74.8,5315.8,DSL,Credit card (automatic),Yes,Yes,No,0.04496830291894153,Low
9073-ZZIAY,Two year,62,86.1,5215.25,DSL,Electronic check,Yes,Yes,No,0.044912395077946615,Low
3950-VPYJB,One year,57,59.6,3509.4,DSL,Mailed check,Yes,Yes,No,0.04474180077307148,Low
7579-KKLOE,Two year,71,91.25,6589.6,DSL,Mailed check,Yes,Yes,No,0.04471691920404114,Low
5014-GSOUQ,Two year,13,19.95,243.65,No,Mailed check,No internet service,No internet service,No,0.044550939066792396,Low
5063-IUOKK,Two year,13,19.75,265.75,No,Mailed check,No internet service,No internet service,No,0.04452565158528617,Low
6603-YRDCJ,Two year,33,61.05,2018.4,DSL,Mailed check,Yes,Yes,No,0.044442710922293245,Low
0343-QLUZP,Two year,60,39.6,2424.5,DSL,Bank transfer (automatic),No,Yes,No,0.04429520131372114,Low
1245-HARPS,Two year,14,20.4,292.4,No,Mailed check,No internet service,No internet service,No,0.04420978201542876,Low
9028-LIHRP,Two year,71,100.2,7209.0,Fiber optic,Credit card (automatic),Yes,Yes,No,0.04411971011774693,Low
4883-KCPZJ,Two year,22,25.25,555.4,No,Credit card (automatic),No internet service,No internet service,No,0.04401254208713653,Low
6723-CEGQI,Two year,65,45.25,2933.95,DSL,Mailed check,Yes,No,No,0.0439805697423344,Low
0301-KOBTQ,Two year,32,20.05,614.45,No,Bank transfer (automatic),No internet service,No internet service,No,0.043967323275041846,Low
7274-CGTOD,Two year,62,43.7,2618.3,DSL,Bank transfer (automatic),Yes,Yes,No,0.043875313668625175,Low
4526-EXKKN,Two year,40,24.6,973.95,No,Mailed check,No internet service,No internet service,No,0.043838733372279615,Low
0559-CKHUS,Two year,29,19.55,521.8,No,Mailed check,No internet service,No internet service,No,0.04382823557758006,Low
7633-MVPUY,Two year,57,59.75,3450.15,DSL,Electronic check,Yes,Yes,No,0.04377168561220817,Low
7359-SSBJK,Two year,64,70.2,4481.0,DSL,Credit card (automatic),Yes,Yes,Yes,0.04373453096588592,Low
6504-VBLFL,Two year,55,58.6,3068.6,DSL,Electronic check,No,Yes,No,0.04369647901224407,Low
6051-PTVNS,One year,55,19.15,998.1,No,Credit card (automatic),No internet service,No internet service,No,0.043508676374054756,Low
1074-WVEVG,One year,59,20.35,1267.0,No,Mailed check,No internet service,No internet service,No,0.04344705370085211,Low
6408-WHTEF,Two year,72,89.4,6376.55,DSL,Mailed check,Yes,Yes,No,0.04337978617576421,Low
0420-TXVSG,Two year,66,66.1,4428.45,DSL,Credit card (automatic),No,Yes,No,0.043058436528399115,Low
9871-ELEYA,Two year,34,67.65,2339.3,DSL,Credit card (automatic),Yes,Yes,No,0.042947008166537265,Low
0071-NDAFP,Two year,25,25.5,630.6,No,Credit card (automatic),No internet service,No internet service,No,0.042921759954514214,Low
1335-MXCSE,Two year,55,55.25,3119.9,DSL,Credit card (automatic),Yes,No,No,0.0429166453934034,Low
4452-ROHMO,Two year,15,19.6,331.6,No,Mailed check,No internet service,No internet service,No,0.042820529599766774,Low
7340-KEFQE,Two year,51,34.2,1782.0,DSL,Bank transfer (automatic),Yes,Yes,No,0.04276121984125176,Low
8067-NIOYM,Two year,24,21.1,490.65,No,Credit card (automatic),No internet service,No internet service,No,0.04266867407476452,Low
7799-LGRDP,Two year,43,25.7,1188.2,No,Credit card (automatic),No internet service,No internet service,No,0.0426534492755097,Low
7469-LKBCI,Two year,16,18.95,326.8,No,Credit card (automatic),No internet service,No internet service,No,0.04259164558025388,Low
2451-YMUXS,Two year,67,64.55,4250.1,DSL,Bank transfer (automatic),Yes,Yes,No,0.04257256449910429,Low
9620-QJREV,One year,47,20.55,1013.05,No,Credit card (automatic),No internet service,No internet service,No,0.04256589877019714,Low
2885-HIJDH,Two year,69,86.9,6194.1,DSL,Bank transfer (automatic),Yes,Yes,No,0.04250182103081219,Low
9945-PSVIP,Two year,25,18.7,383.65,No,Mailed check,No internet service,No internet service,No,0.04249817763627825,Low
3227-WLKLI,Two year,65,91.55,5963.95,DSL,Bank transfer (automatic),Yes,Yes,No,0.04241127578097727,Low
5859-HZYLF,Two year,26,19.15,515.75,No,Credit card (automatic),No internet service,No internet service,No,0.042403452732314384,Low
0123-CRBRT,Two year,61,88.1,5526.75,DSL,Mailed check,Yes,Yes,No,0.0423018499900166,Low
1084-MNSMJ,Two year,51,85.5,4421.95,DSL,Credit card (automatic),Yes,Yes,No,0.04224589892458594,Low
4723-BEGSG,Two year,72,86.65,6094.25,DSL,Credit card (automatic),Yes,Yes,No,0.04219519290242742,Low
5680-LQOGP,Two year,68,82.45,5646.6,DSL,Credit card (automatic),Yes,Yes,No,0.04216171029963575,Low
8143-ETQTI,Two year,23,19.65,451.55,No,Mailed check,No internet service,No internet service,No,0.04214981468306178,Low
7524-VRLPL,Two year,69,74.1,5031.0,DSL,Credit card (automatic),Yes,Yes,No,0.042037022396384724,Low
8580-QVLOC,Two year,72,92.45,6440.25,DSL,Credit card (automatic),Yes,Yes,Yes,0.04199127161031088,Low
0556-FJEGU,Two year,58,70.1,4048.95,DSL,Bank transfer (automatic),Yes,No,No,0.04192637917993625,Low
4188-PCPIG,Two year,57,70.35,4124.65,DSL,Credit card (automatic),Yes,Yes,No,0.0419105565563484,Low
1085-LDWAM,One year,69,20.35,1442.65,No,Credit card (automatic),No internet service,No internet service,No,0.041847893742797515,Low
9798-OPFEM,Two year,46,21.1,937.1,No,Electronic check,No internet service,No internet service,No,0.04183511928405738,Low
0774-RMNUW,Two year,71,59.7,4122.65,DSL,Bank transfer (automatic),Yes,Yes,No,0.04178734011545886,Low
3938-YFPXD,Two year,72,84.3,5997.1,DSL,Credit card (automatic),Yes,Yes,No,0.041723833894312085,Low
8046-DNVTL,Two year,62,38.6,2345.55,DSL,Credit card (automatic),Yes,Yes,No,0.04171921469866833,Low
9435-JMLSX,Two year,71,86.1,6045.9,DSL,Bank transfer (automatic),Yes,Yes,No,0.041657048253779874,Low
4644-OBGFZ,One year,55,19.5,1026.35,No,Mailed check,No internet service,No internet service,No,0.04164104963659666,Low
5751-USDBL,Two year,46,81.0,3846.35,DSL,Mailed check,Yes,Yes,No,0.041604516547950304,Low
5696-EXCYS,Two year,17,19.45,369.05,No,Credit card (automatic),No internet service,No internet service,No,0.04159275799614116,Low
3557-HTYWR,Two year,47,74.05,3496.3,DSL,Mailed check,Yes,Yes,No,0.04157715573254094,Low
9674-EHPPG,Two year,46,40.4,1842.7,DSL,Credit card (automatic),Yes,Yes,No,0.041500910617442724,Low
2808-CHTDM,Two year,23,25.1,611.45,No,Mailed check,No internet service,No internet service,No,0.04149885006028293,Low
6953-PBDIN,Two year,70,72.95,5265.55,DSL,Bank transfer (automatic),Yes,No,No,0.04148977525046619,Low
9068-VPWQQ,Two year,61,75.35,4729.3,DSL,Credit card (automatic),Yes,Yes,No,0.04143801622635658,Low
4302-ZYFEL,One year,69,20.55,1403.1,No,Credit card (automatic),No internet service,No internet service,No,0.0413875580115339,Low
6169-PGNCD,Two year,57,74.3,4166.35,DSL,Credit card (automatic),Yes,Yes,No,0.04137045282707038,Low
3389-KTRXV,Two year,23,23.85,625.65,No,Mailed check,No internet service,No internet service,No,0.0413513717954511,Low
2969-VAPYH,One year,67,60.5,3870.0,DSL,Credit card (automatic),Yes,Yes,No,0.0413220343740625,Low
1209-VFFOC,Two year,68,56.4,3948.45,DSL,Mailed check,Yes,Yes,No,0.041311991954759986,Low
8902-ZEOVF,One year,47,20.05,951.55,No,Mailed check,No internet service,No internet service,No,0.041301638253474916,Low
9227-UAQFT,Two year,16,19.75,284.35,No,Mailed check,No internet service,No internet service,No,0.0412917640086562,Low
3521-HTQTV,Two year,34,26.1,980.35,No,Bank transfer (automatic),No internet service,No internet service,No,0.041236229810496065,Low
8395-ETZKQ,One year,68,19.5,1193.55,No,Bank transfer (automatic),No internet service,No internet service,No,0.04122883055622694,Low
5930-GBIWP,Two year,69,81.5,5553.25,DSL,Credit card (automatic),Yes,Yes,No,0.04118660129217548,Low
1089-XZWHH,Two year,24,19.7,494.05,No,Mailed check,No internet service,No internet service,No,0.04110810800758672,Low
6461-SZMCV,Two year,71,87.95,6365.35,DSL,Bank transfer (automatic),Yes,Yes,No,0.04107002216565891,Low
1414-YADCW,Two year,70,84.6,5706.2,Fiber optic,Bank transfer (automatic),Yes,Yes,No,0.04101278968838645,Low
7398-HPYZQ,Two year,71,90.55,6404.0,DSL,Bank transfer (automatic),Yes,Yes,No,0.040896667102379124,Low
4291-TPNFG,Two year,72,82.3,5980.55,DSL,Bank transfer (automatic),Yes,Yes,No,0.04083653973509563,Low
3525-DVKFN,Two year,17,19.4,358.05,No,Mailed check,No internet service,No internet service,No,0.04069560456110971,Low
0769-MURVM,Two year,72,65.7,4575.35,DSL,Bank transfer (automatic),Yes,Yes,No,0.04064299830549437,Low
2234-EOFPT,Two year,72,79.35,5753.25,DSL,Bank transfer (automatic),Yes,Yes,No,0.04063959524521135,Low
2333-KWEWW,Two year,18,20.05,388.6,No,Credit card (automatic),No internet service,No internet service,No,0.04062788241567409,Low
7560-QRBXH,One year,48,19.95,936.7,No,Mailed check,No internet service,No internet service,No,0.040549407247537736,Low
3084-DOWLE,Two year,72,92.0,6474.4,DSL,Bank transfer (automatic),Yes,Yes,No,0.04051335430377895,Low
4139-DETXS,Two year,72,64.45,4528.0,DSL,Bank transfer (automatic),Yes,Yes,No,0.040498433049689635,Low
7771-CFQRQ,Two year,47,63.8,3007.25,DSL,Bank transfer (automatic),Yes,No,No,0.04045754354586295,Low
9950-MTGYX,Two year,28,20.3,487.95,No,Credit card (automatic),No internet service,No internet service,No,0.04045376620910841,Low
3896-ZVNET,Two year,24,24.7,571.75,No,Mailed check,No internet service,No internet service,No,0.04042066074729305,Low
1027-LKKQQ,Two year,72,80.45,5886.85,DSL,Bank transfer (automatic),Yes,Yes,No,0.040382056990134814,Low
1970-KKFWL,Two year,35,23.3,797.1,No,Bank transfer (automatic),No internet service,No internet service,No,0.04035796810366229,Low
4213-HKBJO,Two year,33,25.7,826.1,No,Credit card (automatic),No internet service,No internet service,No,0.04023775495327652,Low
1221-GHZEP,Two year,62,65.1,3846.75,DSL,Mailed check,Yes,Yes,No,0.04022063768009769,Low
3266-FTKHB,Two year,17,19.15,343.45,No,Mailed check,No internet service,No internet service,No,0.040195797343926185,Low
5879-HMFFH,Two year,72,88.05,6520.8,DSL,Bank transfer (automatic),Yes,Yes,No,0.040059598382878196,Low
1328-EUZHC,Two year,18,20.1,370.5,No,Mailed check,No internet service,No internet service,No,0.0399435288565812,Low
1843-TLSGD,Two year,13,20.85,272.35,No,Mailed check,No internet service,No internet service,No,0.03989781206981898,Low
3460-TJBWI,Two year,24,24.2,609.05,No,Mailed check,No internet service,No internet service,No,0.039895628042948675,Low
4521-WFJAI,Two year,56,25.95,1444.05,No,Bank transfer (automatic),No internet service,No internet service,No,0.03989392282387022,Low
2649-HWLYB,Two year,65,76.15,4929.55,DSL,Bank transfer (automatic),Yes,Yes,No,0.0398816513765221,Low
2990-IAJSV,Two year,72,92.0,6632.75,DSL,Bank transfer (automatic),Yes,Yes,No,0.03986228914175219,Low
8148-NLEGT,Two year,42,22.95,1014.25,No,Electronic check,No internet service,No internet service,No,0.039804306317396,Low
0848-SOMKO,Two year,70,48.4,3442.8,DSL,Bank transfer (automatic),Yes,Yes,No,0.03979365657679775,Low
0854-UYHZD,Two year,13,19.55,265.3,No,Mailed check,No internet service,No internet service,No,0.03975011667792601,Low
9135-MGVPY,Two year,69,84.7,5878.9,DSL,Mailed check,Yes,Yes,No,0.0397393542270998,Low
6119-SPUDB,Two year,46,38.25,1755.35,DSL,Mailed check,Yes,Yes,No,0.03971452650121364,Low
4701-LKOZD,Two year,70,89.75,6367.2,DSL,Credit card (automatic),Yes,Yes,No,0.03967941570262243,Low
2498-XLDZR,Two year,32,73.6,2316.85,DSL,Mailed check,Yes,Yes,No,0.03967061465950655,Low
8859-AXJZP,Two year,39,23.8,903.8,No,Mailed check,No internet service,No internet service,No,0.03960059281961613,Low
4837-PZTIC,Two year,47,41.9,1875.25,DSL,Mailed check,Yes,Yes,No,0.03958962867950433,Low
5016-LIPDW,One year,57,19.4,1061.6,No,Mailed check,No internet service,No internet service,No,0.03958352917341352,Low
0602-DDUML,Two year,57,69.75,3894.4,DSL,Mailed check,Yes,No,No,0.039576378203909926,Low
6418-PIQSP,Two year,62,81.0,4985.9,DSL,Mailed check,Yes,Yes,No,0.039539844511419786,Low
4973-MGTON,Two year,71,84.4,5969.3,DSL,Credit card (automatic),Yes,Yes,No,0.039490245086595224,Low
6870-ZWMNX,Two year,70,76.1,5264.25,DSL,Credit card (automatic),Yes,No,No,0.03941734604713358,Low
2160-GPFXD,Two year,54,65.65,3566.7,DSL,Credit card (automatic),Yes,Yes,No,0.0393677796447647,Low
0732-OCQOC,Two year,52,25.05,1270.25,No,Bank transfer (automatic),No internet service,No internet service,No,0.03930534100500144,Low
0744-BIKKF,Two year,72,86.65,6224.8,DSL,Bank transfer (automatic),Yes,Yes,No,0.039258334667717706,Low
3779-OSWCF,Two year,71,93.2,6506.15,DSL,Credit card (automatic),Yes,Yes,No,0.039252331502825415,Low
5249-QYHEX,Two year,40,24.8,1024.7,No,Mailed check,No internet service,No internet service,No,0.03917856922736374,Low
5494-WOZRZ,Two year,71,82.0,5999.85,DSL,Credit card (automatic),Yes,Yes,No,0.039164067726085244,Low
1506-YJTYT,Two year,45,73.85,3371.0,DSL,Credit card (automatic),Yes,Yes,No,0.03903681160791109,Low
8413-YNHNV,Two year,69,90.65,6322.1,DSL,Mailed check,Yes,Yes,No,0.03900180357093853,Low
5707-ZMDJP,Two year,53,69.7,3729.6,DSL,Mailed check,Yes,Yes,No,0.0388702292603587,Low
2194-IIQOF,Two year,71,89.3,6388.65,DSL,Credit card (automatic),Yes,Yes,No,0.03881767040112899,Low
0839-JTCUD,Two year,66,89.9,5958.85,DSL,Credit card (automatic),Yes,Yes,No,0.038756583275429454,Low
7473-ZBDSN,Two year,14,18.8,255.55,No,Mailed check,No internet service,No internet service,No,0.03867684288579468,Low
7599-NTMDP,Two year,62,48.7,3008.55,DSL,Bank transfer (automatic),Yes,Yes,No,0.03867064414574439,Low
9639-BUJXT,One year,63,20.5,1328.15,No,Mailed check,No internet service,No internet service,No,0.038669452533089656,Low
1699-UOTXU,Two year,60,61.4,3638.25,DSL,Electronic check,No,Yes,No,0.03865957271918646,Low
6348-SNFUS,Two year,72,55.45,4179.2,DSL,Credit card (automatic),Yes,Yes,No,0.038510659639601104,Low
6885-PKOAM,Two year,71,85.75,6223.8,DSL,Credit card (automatic),Yes,Yes,No,0.03842603598688533,Low
7018-FPXHH,Two year,56,59.8,3457.45,DSL,Bank transfer (automatic),No,Yes,No,0.03841069461501609,Low
7963-SHNDT,Two year,52,39.1,1982.1,DSL,Mailed check,Yes,Yes,No,0.038388500587332744,Low
2428-HYUNX,Two year,44,19.35,847.25,No,Credit card (automatic),No internet service,No internet service,No,0.03838125448982852,Low
4636-TVXVG,One year,62,19.95,1244.8,No,Bank transfer (automatic),No internet service,No internet service,No,0.03837814833342844,Low
3865-ZFZIB,Two year,19,19.65,358.15,No,Mailed check,No internet service,No internet service,No,0.038272404338568766,Low
5320-BRKGK,Two year,58,75.8,4415.75,DSL,Mailed check,Yes,Yes,No,0.03810109684329846,Low
8242-PDSGJ,Two year,70,39.15,2692.75,DSL,Credit card (automatic),Yes,Yes,No,0.038054638070698296,Low
6199-IPCAO,Two year,29,26.1,692.55,No,Mailed check,No internet service,No internet service,No,0.03803913462302877,Low
0019-GFNTW,Two year,56,45.05,2560.1,DSL,Bank transfer (automatic),Yes,Yes,No,0.03800637404355966,Low
6614-YOLAC,Two year,71,58.65,4145.25,DSL,Mailed check,Yes,Yes,No,0.03793948753048678,Low
8292-ITGYJ,Two year,45,24.65,1138.8,No,Bank transfer (automatic),No internet service,No internet service,No,0.03790910400721634,Low
7649-SIJJF,Two year,71,80.1,5585.4,DSL,Mailed check,Yes,Yes,No,0.03789701094595331,Low
5115-GZDEL,Two year,72,67.2,4671.7,DSL,Credit card (automatic),Yes,Yes,No,0.03781069482120921,Low
5148-HKFIR,Two year,20,19.7,406.95,No,Mailed check,No internet service,No internet service,No,0.03776128237371083,Low
3967-KXAPS,Two year,72,92.3,6719.9,DSL,Credit card (automatic),Yes,Yes,No,0.037732482501159834,Low
6925-BAYGL,Two year,53,25.1,1275.6,No,Credit card (automatic),No internet service,No internet service,No,0.037675066591997895,Low
1043-YCUTE,Two year,56,25.15,1327.15,No,Credit card (automatic),No internet service,No internet service,Yes,0.037643913345120204,Low
8374-UULRV,Two year,72,86.05,6309.65,DSL,Credit card (automatic),Yes,Yes,No,0.03763144373579279,Low
8722-PRFDV,Two year,71,77.55,5574.35,DSL,Credit card (automatic),No,Yes,No,0.03755606346740449,Low
2378-YIZKA,Two year,68,85.0,5607.75,DSL,Credit card (automatic),Yes,Yes,No,0.037486407321374565,Low
8336-TAVKX,Two year,72,78.45,5682.25,DSL,Bank transfer (automatic),Yes,Yes,No,0.03748183971246869,Low
1697-LYYYX,One year,61,19.1,1143.8,No,Credit card (automatic),No internet service,No internet service,No,0.03739801276773479,Low
4915-BFSXL,Two year,70,68.95,4858.7,DSL,Credit card (automatic),No,Yes,No,0.03738084914091684,Low
2162-FRZAA,Two year,63,39.35,2395.05,DSL,Bank transfer (automatic),Yes,No,No,0.03737514203978548,Low
2266-FUBDZ,Two year,15,19.35,278.85,No,Mailed check,No internet service,No internet service,No,0.03733293977815267,Low
3262-EIDHV,Two year,72,84.7,5893.9,DSL,Credit card (automatic),Yes,Yes,No,0.0373010562111176,Low
0827-ITJPH,Two year,36,18.55,689.0,No,Credit card (automatic),No internet service,No internet service,No,0.037269295756932275,Low
7873-CVMAW,Two year,72,88.55,6362.35,DSL,Credit card (automatic),Yes,Yes,No,0.03715991895068828,Low
7815-PDTHL,Two year,35,20.2,684.4,No,Mailed check,No internet service,No internet service,No,0.03714156038278994,Low
4884-LEVMQ,Two year,39,20.45,790.0,No,Bank transfer (automatic),No internet service,No internet service,No,0.037067727108513214,Low
7639-OPLNG,Two year,70,79.25,5731.85,DSL,Bank transfer (automatic),Yes,Yes,No,0.037041139674659884,Low
3050-RLLXC,Two year,56,81.25,4620.4,DSL,Credit card (automatic),Yes,Yes,No,0.03702463443465317,Low
3500-NSDOA,Two year,68,70.8,4859.95,DSL,Credit card (automatic),Yes,No,No,0.03695055669335666,Low
8780-YRMTT,Two year,66,47.4,3177.25,DSL,Mailed check,Yes,Yes,No,0.03693583001502887,Low
1813-JLKWR,One year,64,19.8,1336.65,No,Bank transfer (automatic),No internet service,No internet service,No,0.036899354993214485,Low
1699-TLDLZ,Two year,16,19.7,301.55,No,Mailed check,No internet service,No internet service,No,0.03686551943094972,Low
3120-FAZKD,Two year,54,24.05,1230.9,No,Bank transfer (automatic),No internet service,No internet service,No,0.03682975991663208,Low
6439-PKTRR,Two year,70,80.7,5617.95,DSL,Electronic check,Yes,Yes,No,0.03680889824507538,Low
5135-RDDQL,Two year,63,50.65,3221.25,DSL,Bank transfer (automatic),No,Yes,No,0.036778236375885946,Low
5181-OABFK,Two year,56,61.3,3346.8,DSL,Credit card (automatic),No,Yes,No,0.03674135209084654,Low
6625-IUTTT,Two year,67,65.55,4361.55,DSL,Bank transfer (automatic),No,Yes,No,0.03669118740891742,Low
7552-KEYGT,Two year,27,19.55,520.55,No,Bank transfer (automatic),No internet service,No internet service,No,0.03667794568237383,Low
8690-ZVLCL,Two year,68,88.0,6161.9,DSL,Credit card (automatic),Yes,Yes,No,0.0366468308547027,Low
2805-AUFQN,Two year,25,19.8,475.2,No,Credit card (automatic),No internet service,No internet service,No,0.03660367103062959,Low
0440-EKDCF,Two year,62,60.15,3753.2,DSL,Credit card (automatic),Yes,No,No,0.03653053751365824,Low
7253-UVNDW,Two year,46,54.35,2460.15,DSL,Credit card (automatic),Yes,No,Yes,0.03652575329124699,Low
0379-DJQHR,Two year,67,81.35,5398.6,DSL,Credit card (automatic),No,Yes,No,0.03652093360720318,Low
6696-YDAYZ,Two year,16,20.5,290.55,No,Mailed check,No internet service,No internet service,No,0.03652058145409936,Low
9668-PUGNU,Two year,71,24.5,1816.2,No,Electronic check,No internet service,No internet service,No,0.036479662680540474,Low
5075-JSDKI,Two year,59,24.45,1493.1,No,Electronic check,No internet service,No internet service,No,0.036442491422409864,Low
7205-BAIAD,Two year,40,20.6,827.3,No,Bank transfer (automatic),No internet service,No internet service,No,0.03641573718356155,Low
4703-MQYKT,Two year,21,19.6,390.4,No,Mailed check,No internet service,No internet service,No,0.03638022158590619,Low
0562-KBDVM,Two year,70,44.6,3058.15,DSL,Bank transfer (automatic),Yes,Yes,No,0.03637536361073505,Low
5117-ZSMHQ,Two year,71,89.9,6342.7,DSL,Bank transfer (automatic),Yes,Yes,No,0.03628227485817865,Low
2263-SFSQZ,Two year,51,24.95,1222.25,No,Mailed check,No internet service,No internet service,No,0.03626520257423358,Low
3719-TDVQB,Two year,54,18.95,1031.1,No,Mailed check,No internet service,No internet service,No,0.036013662531506334,Low
9488-FVZCC,Two year,72,79.5,5661.7,DSL,Bank transfer (automatic),Yes,Yes,No,0.03600628943755488,Low
9661-JALZV,Two year,58,24.7,1519.0,No,Credit card (automatic),No internet service,No internet service,No,0.035996301676989674,Low
0318-ZOPWS,Two year,49,20.15,973.35,No,Bank transfer (automatic),No internet service,No internet service,No,0.035973357750229244,Low
7284-ZZLOH,Two year,45,53.3,2296.25,DSL,Credit card (automatic),No,Yes,No,0.03594361396937317,Low
4872-JCVCA,Two year,71,47.6,3377.8,DSL,Bank transfer (automatic),Yes,Yes,No,0.03593615980058877,Low
7706-YLMQA,One year,70,19.7,1341.5,No,Bank transfer (automatic),No internet service,No internet service,No,0.035921257868650074,Low
6248-BSHKG,One year,61,20.4,1226.45,No,Mailed check,No internet service,No internet service,No,0.03588039076631337,Low
7101-HRBLJ,Two year,72,83.7,6096.9,DSL,Bank transfer (automatic),Yes,Yes,No,0.03585654536045902,Low
1468-DEFNC,Two year,64,24.4,1548.65,No,Bank transfer (automatic),No internet service,No internet service,No,0.0358476837939629,Low
8468-FZTOE,Two year,72,74.35,5237.4,DSL,Electronic check,Yes,Yes,No,0.035804155242425265,Low
2511-ALLCS,Two year,35,24.3,821.6,No,Bank transfer (automatic),No internet service,No internet service,No,0.035716240478979054,Low
5322-ZSMZY,Two year,31,25.75,755.6,No,Mailed check,No internet service,No internet service,No,0.035706782204553894,Low
6813-GZQCG,Two year,45,24.65,1171.3,No,Credit card (automatic),No internet service,No internet service,No,0.03568533991177136,Low
0244-LGNFY,Two year,72,92.65,6733.0,DSL,Bank transfer (automatic),Yes,Yes,No,0.03565503200199955,Low
5995-LFTLE,Two year,58,25.3,1474.35,No,Credit card (automatic),No internet service,No internet service,No,0.035638766844292506,Low
5736-YEJAX,Two year,69,79.45,5502.55,DSL,Credit card (automatic),Yes,Yes,No,0.035618203723788634,Low
5356-KZCKT,Two year,58,24.45,1513.6,No,Credit card (automatic),No internet service,No internet service,No,0.03555207049565476,Low
0363-SVHYR,Two year,71,86.85,6263.8,DSL,Bank transfer (automatic),Yes,Yes,No,0.035548316835318824,Low
4896-CPRPF,Two year,35,25.45,809.25,No,Bank transfer (automatic),No internet service,No internet service,No,0.03541717002813951,Low
8631-NBHFZ,Two year,66,79.4,5154.6,DSL,Credit card (automatic),Yes,Yes,Yes,0.035394491264759784,Low
9823-EALYC,Two year,72,80.85,5727.45,DSL,Bank transfer (automatic),Yes,Yes,No,0.0353745083248033,Low
7560-QJAVJ,Two year,70,79.6,5589.45,DSL,Bank transfer (automatic),Yes,Yes,No,0.03517533266461941,Low
2296-DKZFP,Two year,65,71.0,4386.2,DSL,Bank transfer (automatic),No,Yes,No,0.03504444103275324,Low
2892-GESUL,Two year,18,19.35,309.25,No,Mailed check,No internet service,No internet service,No,0.03501023218949527,Low
3978-YNKDD,Two year,19,20.85,467.5,No,Credit card (automatic),No internet service,No internet service,No,0.0348768899593721,Low
5196-WPYOW,One year,67,60.05,3994.05,DSL,Mailed check,Yes,Yes,No,0.034812674018103264,Low
6288-CHQJB,Two year,54,69.95,3871.85,DSL,Bank transfer (automatic),Yes,Yes,No,0.034747759418583296,Low
8146-QQKZH,Two year,71,81.85,5924.4,DSL,Bank transfer (automatic),Yes,Yes,No,0.03467542758803729,Low
4194-FJARJ,Two year,54,60.0,3273.95,DSL,Bank transfer (automatic),Yes,Yes,No,0.03466510609647775,Low
5542-NKVRU,Two year,42,20.75,844.45,No,Bank transfer (automatic),No internet service,No internet service,No,0.03463190553593622,Low
3957-SQXML,Two year,34,24.95,894.3,No,Credit card (automatic),No internet service,No internet service,No,0.034544606409279796,Low
4940-KHCWD,Two year,60,37.7,2288.7,DSL,Bank transfer (automatic),Yes,Yes,No,0.0344608330725583,Low
2346-CZYIL,Two year,27,20.35,531.6,No,Credit card (automatic),No internet service,No internet service,No,0.03444501474663991,Low
5171-EPLKN,Two year,27,19.85,470.0,No,Credit card (automatic),No internet service,No internet service,No,0.034395640354319496,Low
8807-OPMBM,Two year,55,25.65,1388.0,No,Credit card (automatic),No internet service,No internet service,No,0.034354796493856296,Low
6164-HAQTX,Two year,71,53.95,3888.65,DSL,Bank transfer (automatic),Yes,Yes,No,0.034334580407618984,Low
5993-JSUWV,Two year,66,61.15,4017.45,DSL,Bank transfer (automatic),No,Yes,No,0.03433243354045505,Low
8999-EXMNO,Two year,19,20.15,387.7,No,Mailed check,No internet service,No internet service,No,0.03421224038585744,Low
1635-HDGFT,Two year,19,20.5,398.55,No,Mailed check,No internet service,No internet service,No,0.03409007771790918,Low
5148-ORICT,Two year,64,74.35,4759.55,DSL,Mailed check,Yes,Yes,No,0.03401440627315927,Low
3070-FNFZQ,Two year,23,20.4,478.75,No,Bank transfer (automatic),No internet service,No internet service,No,0.03398793636901372,Low
5176-OLSKT,Two year,66,66.9,4370.25,DSL,Bank transfer (automatic),No,Yes,No,0.03398243543287077,Low
6292-TOSSS,Two year,50,24.9,1195.25,No,Bank transfer (automatic),No internet service,No internet service,No,0.03390159062703454,Low
9548-LERKT,Two year,24,19.75,483.15,No,Mailed check,No internet service,No internet service,No,0.03388653276817341,Low
0608-JDVEC,Two year,50,19.8,1013.2,No,Electronic check,No internet service,No internet service,No,0.03387057929114327,Low
1395-WSWXR,Two year,24,20.75,487.05,No,Mailed check,No internet service,No internet service,No,0.033828557510787914,Low
4804-NCPET,Two year,19,20.2,387.4,No,Mailed check,No internet service,No internet service,No,0.033818367219556514,Low
0730-BGQGF,Two year,71,90.3,6287.3,DSL,Credit card (automatic),Yes,Yes,No,0.0337913021299813,Low
4674-HGNUA,Two year,71,89.9,6457.15,DSL,Credit card (automatic),Yes,Yes,No,0.033752520687121264,Low
1985-MBRYP,Two year,43,19.65,779.25,No,Bank transfer (automatic),No internet service,No internet service,No,0.03365813748476359,Low
4825-FUREZ,Two year,42,20.25,835.5,No,Electronic check,No internet service,No internet service,No,0.03358263981064957,Low
3902-MIVLE,Two year,63,75.7,4676.7,DSL,Mailed check,Yes,Yes,No,0.03349894163576046,Low
3884-UEBXB,Two year,67,36.15,2434.45,DSL,Bank transfer (automatic),No,Yes,No,0.033473218917695696,Low
6407-GSJNL,Two year,51,24.95,1288.0,No,Bank transfer (automatic),No internet service,No internet service,No,0.0334468101587186,Low
2908-WGAXL,Two year,56,24.95,1468.9,No,Credit card (automatic),No internet service,No internet service,No,0.03342692832572306,Low
3569-JFODW,Two year,72,90.95,6652.45,DSL,Credit card (automatic),Yes,Yes,No,0.033395448378773916,Low
5605-XNWEN,Two year,72,25.0,1802.55,No,Bank transfer (automatic),No internet service,No internet service,No,0.03338970775068236,Low
9588-YRFHY,Two year,49,19.9,1022.6,No,Credit card (automatic),No internet service,No internet service,No,0.03328739605678735,Low
7408-OFWXJ,Two year,72,89.8,6510.45,DSL,Credit card (automatic),Yes,Yes,No,0.03328532731499889,Low
9489-JMTTN,Two year,72,89.75,6595.9,DSL,Credit card (automatic),Yes,Yes,No,0.033280547404627554,Low
8205-VSLRB,Two year,70,77.3,5498.2,DSL,Credit card (automatic),Yes,Yes,No,0.033188967904743766,Low
9281-CEDRU,Two year,68,64.1,4326.25,DSL,Bank transfer (automatic),Yes,No,No,0.03318098079052946,Low
5377-NDTOU,Two year,71,91.05,6293.75,DSL,Mailed check,Yes,Yes,No,0.03313268227783346,Low
9385-EHGDO,Two year,35,19.85,739.35,No,Mailed check,No internet service,No internet service,No,0.03311626112116703,Low
0526-SXDJP,Two year,72,42.1,2962.0,DSL,Bank transfer (automatic),No,Yes,No,0.033101133763546335,Low
6265-FRMTQ,Two year,31,20.4,609.1,No,Bank transfer (automatic),No internet service,No internet service,No,0.0330708863454294,Low
1223-UNPKS,Two year,20,20.05,400.0,No,Mailed check,No internet service,No internet service,No,0.03295653469017512,Low
1775-KWJKQ,Two year,72,89.85,6562.9,DSL,Credit card (automatic),Yes,Yes,No,0.032901761824806836,Low
0238-WHBIQ,Two year,72,89.7,6339.3,DSL,Credit card (automatic),Yes,Yes,No,0.03288758368298113,Low
1839-FBNFR,Two year,39,19.85,854.8,No,Bank transfer (automatic),No internet service,No internet service,No,0.03287527287864439,Low
8234-GSZYK,Two year,43,26.45,1110.05,No,Bank transfer (automatic),No internet service,No internet service,No,0.03287448707138163,Low
2925-VDZHY,Two year,72,88.7,6501.35,DSL,Credit card (automatic),Yes,Yes,No,0.032793213456824934,Low
0973-KYVNF,Two year,72,70.65,5011.15,DSL,Credit card (automatic),No,Yes,No,0.03277968920172983,Low
4335-BSMJS,Two year,62,25.8,1563.95,No,Credit card (automatic),No internet service,No internet service,No,0.032626736455418553,Low
8966-KZXXA,Two year,36,25.1,930.95,No,Credit card (automatic),No internet service,No internet service,No,0.03246593117144725,Low
7197-VOJMM,Two year,67,69.2,4671.65,DSL,Credit card (automatic),Yes,Yes,No,0.03237909065649947,Low
6614-YWYSC,Two year,61,25.0,1501.75,No,Bank transfer (automatic),No internet service,No internet service,No,0.032292032194946224,Low
9593-CVZKR,Two year,56,24.45,1385.85,No,Mailed check,No internet service,No internet service,No,0.03227642278392098,Low
5231-FIQPA,Two year,41,19.85,810.45,No,Mailed check,No internet service,No internet service,No,0.03224435689307137,Low
0839-QNXME,Two year,30,19.4,578.5,No,Credit card (automatic),No internet service,No internet service,No,0.03220785583748256,Low
3533-UVMOM,Two year,68,70.95,4741.45,DSL,Bank transfer (automatic),No,Yes,No,0.03209198936527934,Low
7349-ALMUX,Two year,37,65.6,2313.8,DSL,Bank transfer (automatic),Yes,Yes,No,0.03195886120912837,Low
1627-AFWVJ,Two year,29,19.4,554.25,No,Mailed check,No internet service,No internet service,No,0.031944935703268694,Low
7977-HXJKU,Two year,21,19.6,397.0,No,Mailed check,No internet service,No internet service,No,0.03194123915171689,Low
5010-IPEAQ,Two year,67,54.2,3623.95,DSL,Credit card (automatic),Yes,Yes,No,0.03193848153085173,Low
2384-OVPSA,Two year,38,20.2,735.9,No,Mailed check,No internet service,No internet service,No,0.031931056354395526,Low
2452-MRMZF,Two year,72,25.7,1937.4,No,Credit card (automatic),No internet service,No internet service,No,0.03185793921731956,Low
8626-XHBIE,Two year,56,24.8,1424.2,No,Mailed check,No internet service,No internet service,No,0.031785335342582585,Low
5666-MBJPT,Two year,65,25.1,1725.0,No,Bank transfer (automatic),No internet service,No internet service,No,0.03168576590659714,Low
0354-VXMJC,Two year,23,19.6,426.65,No,Credit card (automatic),No internet service,No internet service,No,0.03154022002454508,Low
8174-LNWMW,Two year,31,20.9,689.35,No,Credit card (automatic),No internet service,No internet service,No,0.031535113055281026,Low
7850-THJMU,Two year,26,19.65,494.9,No,Credit card (automatic),No internet service,No internet service,No,0.03146215227155589,Low
5334-AFQJB,Two year,72,25.1,1789.9,No,Credit card (automatic),No internet service,No internet service,No,0.031287350104002125,Low
7267-FRMJW,Two year,25,20.1,486.05,No,Mailed check,No internet service,No internet service,No,0.03124556880118672,Low
5699-BNCAS,Two year,71,24.65,1766.75,No,Mailed check,No internet service,No internet service,No,0.030991525715950156,Low
4774-HHGGS,Two year,30,19.05,637.55,No,Mailed check,No internet service,No internet service,No,0.030889334291592827,Low
9650-VBUOG,Two year,38,25.05,963.95,No,Credit card (automatic),No internet service,No internet service,No,0.030851610641434477,Low
8577-QSOCG,Two year,38,20.2,746.05,No,Mailed check,No internet service,No internet service,No,0.03071536807585872,Low
9418-RUKPH,Two year,38,19.95,756.4,No,Mailed check,No internet service,No internet service,No,0.03069326135146933,Low
5044-XDPYX,Two year,51,25.5,1281.25,No,Mailed check,No internet service,No internet service,No,0.030623330783934453,Low
6923-AQONU,Two year,23,20.9,454.0,No,Mailed check,No internet service,No internet service,No,0.030610908018863743,Low
5227-JSCFE,Two year,71,46.35,3353.4,DSL,Credit card (automatic),Yes,Yes,No,0.030533186260741925,Low
8441-SHIPE,Two year,67,25.6,1790.35,No,Bank transfer (automatic),No internet service,No internet service,No,0.030513757436810528,Low
7998-WNZEM,Two year,71,80.6,5708.2,DSL,Bank transfer (automatic),Yes,Yes,No,0.030370416062704304,Low
1116-FRYVH,Two year,48,39.4,1978.65,DSL,Mailed check,Yes,Yes,No,0.030320097262799328,Low
6139-ZZRBQ,Two year,64,20.05,1198.05,No,Bank transfer (automatic),No internet service,No internet service,No,0.030298059214377195,Low
6177-PEVRA,Two year,48,55.5,2627.35,DSL,Credit card (automatic),No,Yes,No,0.030273409245139906,Low
2954-PIBKO,Two year,69,64.15,4254.1,DSL,Credit card (automatic),Yes,Yes,No,0.030231359437025776,Low
2595-KIWPV,Two year,27,19.7,509.3,No,Credit card (automatic),No internet service,No internet service,No,0.030178175896948618,Low
5310-NOOVA,Two year,46,19.95,907.05,No,Electronic check,No internet service,No internet service,No,0.030170282259101934,Low
5614-DNZCE,Two year,58,64.9,3795.45,DSL,Credit card (automatic),Yes,Yes,No,0.030139505805054236,Low
1814-WFGVS,Two year,72,48.9,3527.0,DSL,Mailed check,Yes,Yes,No,0.030114322988292447,Low
5124-EOGYE,Two year,31,20.45,638.55,No,Mailed check,No internet service,No internet service,No,0.030095786299380596,Low
8173-RXAYP,Two year,24,19.7,452.55,No,Mailed check,No internet service,No internet service,No,0.03009031004048032,Low
8028-PNXHQ,Two year,62,24.25,1424.6,No,Bank transfer (automatic),No internet service,No internet service,No,0.030078248473636538,Low
1073-XXCZD,Two year,55,25.7,1443.65,No,Bank transfer (automatic),No internet service,No internet service,No,0.030061556797346064,Low
6080-LNESI,Two year,51,24.75,1234.6,No,Mailed check,No internet service,No internet service,No,0.030061169594194106,Low
4102-HLENU,Two year,67,65.65,4322.85,DSL,Mailed check,No,Yes,No,0.03003777197638397,Low
7945-PRBVF,Two year,35,21.45,705.45,No,Bank transfer (automatic),No internet service,No internet service,No,0.029962334582948214,Low
8990-YOZLV,Two year,69,66.9,4577.9,DSL,Mailed check,Yes,Yes,No,0.029960713706678976,Low
4335-UPJSI,Two year,24,19.75,498.1,No,Mailed check,No internet service,No internet service,No,0.02995649596049471,Low
4299-OPXEJ,Two year,56,19.55,1080.55,No,Bank transfer (automatic),No internet service,No internet service,No,0.029924698361140995,Low
6695-AMZUF,Two year,70,86.45,5950.2,DSL,Credit card (automatic),Yes,Yes,No,0.029814688416771675,Low
1676-MQAOA,Two year,72,75.1,5336.35,DSL,Bank transfer (automatic),Yes,Yes,No,0.029775462279129774,Low
5803-NQJZO,Two year,72,67.8,4804.65,DSL,Bank transfer (automatic),Yes,Yes,No,0.029771293611622396,Low
4609-KNNWG,Two year,27,19.9,550.1,No,Mailed check,No internet service,No internet service,No,0.02967723030368658,Low
9755-JHNMN,Two year,49,67.4,3306.85,DSL,Bank transfer (automatic),Yes,Yes,No,0.029649547783052402,Low
9065-ZCPQX,Two year,72,78.85,5763.15,DSL,Bank transfer (automatic),Yes,Yes,No,0.02959346246985458,Low
7996-MHXLW,Two year,66,25.15,1683.6,No,Credit card (automatic),No internet service,No internet service,No,0.02941411308191115,Low
9481-WHGWY,Two year,70,75.35,5437.75,DSL,Credit card (automatic),Yes,Yes,No,0.02941364562817935,Low
3472-QPRCH,Two year,40,25.25,1006.9,No,Credit card (automatic),No internet service,No internet service,No,0.029336271910969974,Low
4698-KVLLG,Two year,51,19.6,967.9,No,Credit card (automatic),No internet service,No internet service,No,0.02931485616624096,Low
7416-CKTEP,Two year,57,19.6,1134.25,No,Bank transfer (automatic),No internet service,No internet service,No,0.02931058396271729,Low
2481-SBOYW,Two year,61,25.0,1498.35,No,Credit card (automatic),No internet service,No internet service,No,0.029303918788245505,Low
2560-WBWXF,Two year,68,24.15,1498.85,No,Bank transfer (automatic),No internet service,No internet service,No,0.029275463470977918,Low
9392-XBGTD,Two year,27,20.6,581.85,No,Mailed check,No internet service,No internet service,No,0.029254012630750944,Low
3889-VWBID,Two year,68,82.85,5776.45,DSL,Bank transfer (automatic),Yes,Yes,No,0.029192020968511315,Low
5067-WJEUN,Two year,67,54.2,3838.2,DSL,Bank transfer (automatic),No,Yes,No,0.02916385047606872,Low
8874-EJNSR,Two year,39,25.2,987.95,No,Mailed check,No internet service,No internet service,No,0.02909189200273128,Low
7921-BEPCI,Two year,72,59.75,4265.0,DSL,Bank transfer (automatic),No,Yes,No,0.02901885679225768,Low
8219-VYBVI,Two year,39,25.0,1004.35,No,Mailed check,No internet service,No internet service,No,0.028941502661275785,Low
6551-VLJMV,Two year,34,20.05,679.0,No,Credit card (automatic),No internet service,No internet service,No,0.028935895885498903,Low
3284-SVCRO,Two year,45,25.5,1121.05,No,Mailed check,No internet service,No internet service,No,0.028816019157851796,Low
2143-LJULT,Two year,67,25.25,1733.15,No,Credit card (automatic),No internet service,No internet service,No,0.028814322708625235,Low
5846-NEQVZ,Two year,71,70.85,4973.4,DSL,Credit card (automatic),Yes,Yes,No,0.028762557906825584,Low
3662-FXJFO,Two year,54,20.5,1035.7,No,Mailed check,No internet service,No internet service,No,0.028725192891642243,Low
7898-PDWQE,Two year,71,80.4,5727.15,DSL,Credit card (automatic),Yes,Yes,No,0.028691145935463402,Low
8859-DZTGQ,Two year,33,20.35,689.75,No,Mailed check,No internet service,No internet service,No,0.02859170817000222,Low
3785-KTYSH,Two year,53,24.6,1279.0,No,Mailed check,No internet service,No internet service,No,0.028554649335602856,Low
1167-OYZJF,Two year,67,20.05,1263.05,No,Bank transfer (automatic),No internet service,No internet service,No,0.028531305383736213,Low
2314-TNDJQ,Two year,72,55.65,3880.05,DSL,Credit card (automatic),Yes,Yes,No,0.028519164265879634,Low
5472-CVMDX,Two year,68,38.9,2719.2,DSL,Mailed check,Yes,Yes,No,0.028500475308345728,Low
6384-VMJHP,Two year,72,73.0,5265.2,DSL,Credit card (automatic),Yes,Yes,No,0.028457480076889422,Low
8207-VVMYB,Two year,70,26.0,2006.95,No,Bank transfer (automatic),No internet service,No internet service,No,0.028430841525751982,Low
5781-RFZRP,Two year,71,73.5,5357.75,DSL,Credit card (automatic),Yes,Yes,No,0.028408067197599036,Low
4992-LTJNE,Two year,72,55.3,3983.6,DSL,Bank transfer (automatic),No,Yes,No,0.028402130486832405,Low
3580-GICBM,Two year,61,24.2,1445.2,No,Mailed check,No internet service,No internet service,No,0.02839725912246677,Low
4018-PPNDW,Two year,61,24.1,1551.6,No,Mailed check,No internet service,No internet service,No,0.028389062536076464,Low
2882-WDTBA,Two year,69,75.75,5388.15,DSL,Bank transfer (automatic),Yes,Yes,No,0.02838468699368571,Low
2799-TSLAG,Two year,65,25.3,1748.55,No,Bank transfer (automatic),No internet service,No internet service,No,0.028279283059525075,Low
5457-COLHT,Two year,69,80.65,5542.55,DSL,Bank transfer (automatic),Yes,Yes,No,0.02827677298639512,Low
6770-UAYGJ,Two year,49,25.25,1211.65,No,Mailed check,No internet service,No internet service,No,0.02825463304890647,Low
2208-MPXIO,Two year,45,20.0,886.4,No,Bank transfer (automatic),No internet service,No internet service,No,0.028230284057882193,Low
0625-AFOHS,Two year,29,20.2,558.8,No,Mailed check,No internet service,No internet service,No,0.028226042739998812,Low
1080-BWSYE,Two year,64,25.65,1740.8,No,Credit card (automatic),No internet service,No internet service,No,0.028202963727754264,Low
9585-KKMFD,Two year,41,20.0,879.8,No,Mailed check,No internet service,No internet service,No,0.028104832120393847,Low
8587-XYZSF,Two year,67,50.55,3260.1,DSL,Bank transfer (automatic),Yes,No,No,0.028089161100590756,Low
5915-ANOEI,Two year,70,79.15,5536.5,DSL,Mailed check,Yes,Yes,No,0.028073040162773528,Low
1231-YNDEK,Two year,58,19.15,1035.5,No,Bank transfer (automatic),No internet service,No internet service,No,0.0280713047121284,Low
1619-YWUBB,Two year,68,24.95,1614.9,No,Credit card (automatic),No internet service,No internet service,No,0.028064149224882016,Low
0885-HMGPY,Two year,62,69.4,4237.5,DSL,Bank transfer (automatic),Yes,Yes,No,0.02806408076187823,Low
3470-OBUET,Two year,67,74.0,4868.4,DSL,Credit card (automatic),Yes,Yes,No,0.02796812746507814,Low
2235-EZAIK,Two year,72,79.2,5401.9,DSL,Credit card (automatic),Yes,Yes,No,0.027923150736165425,Low
2251-PYLPB,Two year,72,79.55,5810.9,DSL,Credit card (automatic),Yes,Yes,No,0.02789973256504352,Low
8338-QIUNR,Two year,72,66.5,4811.6,DSL,Credit card (automatic),Yes,Yes,No,0.027865292062389142,Low
7647-GYYKX,Two year,54,20.35,1092.35,No,Bank transfer (automatic),No internet service,No internet service,No,0.027820385351823202,Low
1087-GRUYI,Two year,38,20.4,743.5,No,Bank transfer (automatic),No internet service,No internet service,No,0.02779930280759156,Low
1240-HCBOH,Two year,67,26.1,1759.55,No,Mailed check,No internet service,No internet service,No,0.027798206206429196,Low
4012-YCFAI,Two year,60,61.35,3766.2,DSL,Mailed check,Yes,Yes,No,0.027760771942878768,Low
5176-LMJXE,Two year,47,20.55,945.7,No,Mailed check,No internet service,No internet service,No,0.027729983418774865,Low
4565-NLZBV,Two year,71,24.65,1710.15,No,Bank transfer (automatic),No internet service,No internet service,No,0.027606496276917504,Low
7306-YDSOI,Two year,69,59.75,4069.9,DSL,Bank transfer (automatic),No,Yes,No,0.027604451946526852,Low
9769-TSBZE,Two year,70,66.0,4891.5,DSL,Electronic check,Yes,Yes,No,0.02747569719509706,Low
1270-XKUCC,Two year,30,19.7,599.25,No,Mailed check,No internet service,No internet service,No,0.02747486900497435,Low
1955-IBMMB,Two year,59,20.2,1192.3,No,Bank transfer (automatic),No internet service,No internet service,No,0.02744679817922488,Low
4641-FROLU,Two year,30,19.3,602.9,No,Mailed check,No internet service,No internet service,No,0.027443130877682947,Low
3486-HOOGQ,Two year,70,79.7,5743.3,DSL,Bank transfer (automatic),Yes,Yes,No,0.027439850573379512,Low
7601-DHFWZ,Two year,48,24.0,1183.05,No,Credit card (automatic),No internet service,No internet service,No,0.0273625199673539,Low
3148-AOIQT,Two year,69,24.95,1718.35,No,Credit card (automatic),No internet service,No internet service,No,0.027356664039743135,Low
0336-PIKEI,Two year,72,74.4,5360.75,DSL,Bank transfer (automatic),Yes,Yes,No,0.02735584631449444,Low
9453-PATOS,Two year,72,85.1,6155.4,DSL,Mailed check,Yes,Yes,No,0.027285195735012435,Low
3373-DIUUN,Two year,30,21.25,711.9,No,Mailed check,No internet service,No internet service,No,0.02727437115948741,Low
7608-RGIRO,Two year,62,24.4,1413.0,No,Mailed check,No internet service,No internet service,No,0.027246654305231852,Low
4475-NVTLU,Two year,45,19.2,903.7,No,Electronic check,No internet service,No internet service,No,0.027219870086611822,Low
5549-ZGHFB,Two year,50,24.95,1261.45,No,Mailed check,No internet service,No internet service,No,0.02719570529637377,Low
9631-RXVJM,Two year,35,19.25,677.9,No,Mailed check,No internet service,No internet service,No,0.027082296210357962,Low
3511-BFTJW,Two year,72,38.5,2763.0,DSL,Credit card (automatic),No,Yes,No,0.027048413077463047,Low
1926-QUZNN,Two year,72,25.25,1841.2,No,Bank transfer (automatic),No internet service,No internet service,No,0.026956950371371722,Low
8069-RHUXK,Two year,67,35.7,2545.7,DSL,Credit card (automatic),Yes,Yes,No,0.026938485549397043,Low
2888-ADFAO,Two year,47,21.3,1041.8,No,Bank transfer (automatic),No internet service,No internet service,No,0.026925630502193328,Low
5766-FTRTS,Two year,72,84.45,6033.1,DSL,Mailed check,Yes,Yes,No,0.026914320102597103,Low
3154-HMWUU,Two year,60,20.5,1198.8,No,Bank transfer (automatic),No internet service,No internet service,No,0.0269015640111076,Low
5480-XTFFL,Two year,31,21.0,697.7,No,Mailed check,No internet service,No internet service,No,0.026882689410042553,Low
5406-KGRMX,Two year,71,24.55,1719.15,No,Electronic check,No internet service,No internet service,No,0.026864314465031364,Low
0442-TDYUO,Two year,48,20.05,1036.0,No,Mailed check,No internet service,No internet service,No,0.026798179575129456,Low
6997-UVGOX,Two year,71,85.45,6029.9,DSL,Bank transfer (automatic),Yes,Yes,No,0.02670551710945894,Low
0463-TXOAK,Two year,52,25.6,1334.5,No,Credit card (automatic),No internet service,No internet service,No,0.026655873685376547,Low
3913-FCUUW,Two year,72,70.45,5165.7,DSL,Bank transfer (automatic),Yes,Yes,No,0.02663064049752245,Low
5338-YHWYT,Two year,37,61.45,2302.35,DSL,Credit card (automatic),Yes,Yes,No,0.026594098363529398,Low
6734-PSBAW,Two year,72,23.55,1723.95,No,Bank transfer (automatic),No internet service,No internet service,No,0.0265097843208269,Low
0988-AADSA,Two year,72,80.85,5824.75,DSL,Bank transfer (automatic),Yes,Yes,No,0.02642133351341593,Low
6169-PPETC,Two year,35,20.5,759.35,No,Bank transfer (automatic),No internet service,No internet service,No,0.02633428727479983,Low
2729-VNVAP,Two year,33,19.8,641.35,No,Credit card (automatic),No internet service,No internet service,No,0.026329587548228457,Low
6479-VDGRK,Two year,72,85.3,6129.2,DSL,Bank transfer (automatic),Yes,Yes,No,0.026329399390391243,Low
5296-PSYVW,Two year,72,24.55,1750.7,No,Electronic check,No internet service,No internet service,No,0.02630749611119452,Low
7503-EPSZW,Two year,64,24.05,1559.15,No,Mailed check,No internet service,No internet service,No,0.02629111458594995,Low
8361-LBRDI,Two year,58,24.35,1423.85,No,Credit card (automatic),No internet service,No internet service,No,0.026284349125322203,Low
2208-NKVVH,Two year,43,24.25,1077.95,No,Mailed check,No internet service,No internet service,No,0.026195150193781314,Low
4900-MSOMT,Two year,72,80.2,5714.2,DSL,Bank transfer (automatic),Yes,Yes,No,0.026110232678989168,Low
3088-FVYWK,Two year,53,25.55,1336.1,No,Credit card (automatic),No internet service,No internet service,No,0.026099483426922723,Low
8917-FAEMR,Two year,37,19.85,784.25,No,Mailed check,No internet service,No internet service,No,0.026083524394418755,Low
6897-RWMUB,Two year,61,68.05,4158.25,DSL,Bank transfer (automatic),Yes,Yes,No,0.026081713230659956,Low
9624-EGDEQ,Two year,37,19.8,813.3,No,Mailed check,No internet service,No internet service,No,0.026079750792085576,Low
6370-ZVHDV,Two year,61,25.3,1554.9,No,Bank transfer (automatic),No internet service,No internet service,No,0.026068818605693923,Low
2961-VNFKL,Two year,71,25.95,1801.9,No,Credit card (automatic),No internet service,No internet service,No,0.026068660327391507,Low
1852-QSWCD,Two year,64,24.8,1514.85,No,Mailed check,No internet service,No internet service,No,0.026038674564865274,Low
1207-BLKSA,Two year,52,23.05,1255.1,No,Mailed check,No internet service,No internet service,No,0.026004065865720627,Low
3071-MVJCD,Two year,72,82.3,5815.15,DSL,Bank transfer (automatic),Yes,Yes,No,0.025960718171908988,Low
4176-RELJR,Two year,67,25.1,1672.15,No,Credit card (automatic),No internet service,No internet service,No,0.025960420694777612,Low
3612-YVGSJ,Two year,71,24.45,1681.6,No,Credit card (automatic),No internet service,No internet service,No,0.025955745762905488,Low
2642-MAWLJ,Two year,36,20.25,717.95,No,Bank transfer (automatic),No internet service,No internet service,No,0.02595574564360484,Low
9964-WBQDJ,Two year,71,24.4,1725.4,No,Credit card (automatic),No internet service,No internet service,No,0.025951990154188215,Low
7014-ZZXAW,Two year,71,24.25,1732.95,No,Credit card (automatic),No internet service,No internet service,No,0.02594072650135419,Low
7162-WPHPM,Two year,58,71.6,4230.25,DSL,Credit card (automatic),Yes,Yes,No,0.025933072049258286,Low
8532-UEFWH,Two year,52,25.75,1345.85,No,Mailed check,No internet service,No internet service,No,0.02590008155807729,Low
1716-LSAMB,Two year,45,54.65,2553.7,DSL,Bank transfer (automatic),Yes,Yes,No,0.02583941665196223,Low
1248-DYXUB,Two year,52,24.8,1229.1,No,Mailed check,No internet service,No internet service,No,0.025828964155258677,Low
2207-RYYRL,Two year,52,24.55,1331.05,No,Mailed check,No internet service,No internet service,No,0.02581028066660975,Low
5220-AGAAX,Two year,68,24.0,1664.3,No,Bank transfer (automatic),No internet service,No internet service,No,0.025788030013554508,Low
1241-EZFMJ,Two year,61,25.45,1538.6,No,Bank transfer (automatic),No internet service,No internet service,No,0.025773655893284182,Low
0508-SQWPL,Two year,57,20.1,1087.7,No,Bank transfer (automatic),No internet service,No internet service,No,0.025748437351912446,Low
4635-EJYPD,Two year,32,18.95,613.95,No,Mailed check,No internet service,No internet service,No,0.025743081295573546,Low
7321-KKSDU,Two year,32,20.5,696.8,No,Mailed check,No internet service,No internet service,No,0.02573961570794258,Low
3454-JFUBC,Two year,68,20.0,1396.0,No,Credit card (automatic),No internet service,No internet service,No,0.02573439833274794,Low
5006-MXVRN,Two year,39,20.7,762.45,No,Credit card (automatic),No internet service,No internet service,No,0.025698498509170366,Low
7008-LZVOZ,Two year,66,25.3,1672.35,No,Credit card (automatic),No internet service,No internet service,No,0.025628312291894505,Low
4979-HPRFL,Two year,56,24.15,1402.25,No,Bank transfer (automatic),No internet service,No internet service,No,0.0255913964868247,Low
6518-PPLMZ,Two year,53,19.4,1110.35,No,Mailed check,No internet service,No internet service,No,0.025581827702384437,Low
5115-SQAAU,Two year,69,25.6,1673.4,No,Bank transfer (automatic),No internet service,No internet service,No,0.02555365017401213,Low
6365-HITVU,Two year,71,87.25,6328.7,DSL,Credit card (automatic),Yes,Yes,No,0.025553564712749336,Low
9337-SRRNI,Two year,66,25.3,1673.8,No,Credit card (automatic),No internet service,No internet service,No,0.025510125768786758,Low
5939-SXWHM,Two year,48,26.3,1245.05,No,Bank transfer (automatic),No internet service,No internet service,No,0.025497193747884114,Low
3769-MHZNV,Two year,33,20.1,670.35,No,Mailed check,No internet service,No internet service,No,0.025475883949027563,Low
0582-AVCLN,Two year,38,20.3,743.05,No,Mailed check,No internet service,No internet service,No,0.025457814086143036,Low
2300-RQGOI,Two year,38,20.05,741.5,No,Mailed check,No internet service,No internet service,No,0.025439392059568185,Low
7139-JZFVG,Two year,60,60.5,3694.45,DSL,Bank transfer (automatic),No,Yes,No,0.025415792341923288,Low
6283-GITPX,Two year,71,76.9,5522.7,DSL,Credit card (automatic),Yes,Yes,No,0.025339674057840527,Low
2632-TACXW,Two year,62,23.65,1416.75,No,Bank transfer (automatic),No internet service,No internet service,No,0.02528919458332733,Low
3948-KXDUF,Two year,66,68.75,4447.55,DSL,Bank transfer (automatic),Yes,Yes,No,0.025288979046421082,Low
7480-SPLEF,Two year,69,26.0,1796.55,No,Bank transfer (automatic),No internet service,No internet service,No,0.025282467547367123,Low
0626-QXNGV,Two year,72,24.15,1776.45,No,Credit card (automatic),No internet service,No internet service,No,0.025278057528171395,Low
2796-NNUFI,Two year,46,19.95,927.1,No,Mailed check,No internet service,No internet service,No,0.025022929115667576,Low
3836-FZSDJ,Two year,71,24.85,1901.0,No,Bank transfer (automatic),No internet service,No internet service,No,0.02500979770495762,Low
3451-VAWLI,Two year,35,19.7,730.4,No,Credit card (automatic),No internet service,No internet service,No,0.025008877101430627,Low
0362-RAOQO,Two year,40,19.65,830.25,No,Credit card (automatic),No internet service,No internet service,No,0.024973037014555617,Low
0206-OYVOC,Two year,46,19.25,864.2,No,Mailed check,No internet service,No internet service,No,0.0249722381767884,Low
7696-CFTAT,Two year,37,19.8,726.1,No,Bank transfer (automatic),No internet service,No internet service,No,0.024969907849830938,Low
1131-QQZEB,Two year,71,23.95,1756.2,No,Bank transfer (automatic),No internet service,No internet service,No,0.024944675345210082,Low
6695-FRVEC,Two year,67,60.4,3953.7,DSL,Bank transfer (automatic),Yes,Yes,No,0.02491233243022783,Low
4807-IZYOZ,Two year,51,20.65,1020.75,No,Bank transfer (automatic),No internet service,No internet service,No,0.024903067056516102,Low
4652-ODEVH,Two year,45,24.45,1088.25,No,Mailed check,No internet service,No internet service,No,0.02490264602837031,Low
0281-CNTZX,Two year,63,19.95,1234.8,No,Bank transfer (automatic),No internet service,No internet service,No,0.024874663889159702,Low
6134-KWTBV,Two year,62,23.4,1429.65,No,Bank transfer (automatic),No internet service,No internet service,No,0.024858432245220812,Low
2418-TPEUN,Two year,56,19.8,1119.9,No,Credit card (automatic),No internet service,No internet service,No,0.024826915931364445,Low
2900-PHPLN,Two year,70,19.55,1462.05,No,Credit card (automatic),No internet service,No internet service,No,0.024823346246644295,Low
9710-NJERN,Two year,39,20.15,826.0,No,Mailed check,No internet service,No internet service,No,0.024803573527876068,Low
0506-YLVKJ,Two year,46,20.2,917.45,No,Mailed check,No internet service,No internet service,No,0.02474647727806549,Low
5296-BFCYD,Two year,46,20.1,936.85,No,Mailed check,No internet service,No internet service,No,0.02473930762226818,Low
8735-SDUFN,Two year,72,24.3,1778.7,No,Bank transfer (automatic),No internet service,No internet service,No,0.024628391901691755,Low
3512-IZIKN,Two year,70,65.3,4759.75,DSL,Credit card (automatic),Yes,Yes,Yes,0.024609033028786878,Low
9114-DPSIA,Two year,72,81.0,5750.0,DSL,Credit card (automatic),Yes,Yes,No,0.024572282928984425,Low
6917-FIJHC,Two year,72,26.0,1776.0,No,Mailed check,No internet service,No internet service,No,0.02456771342454432,Low
0936-NQLJU,Two year,41,20.65,875.55,No,Credit card (automatic),No internet service,No internet service,No,0.024525416098593444,Low
4458-KVRBJ,Two year,59,25.0,1510.5,No,Mailed check,No internet service,No internet service,No,0.024522421262711987,Low
7596-ZYWBB,Two year,65,59.6,3739.8,DSL,Mailed check,Yes,Yes,No,0.0244806394164327,Low
3967-VQOGC,Two year,67,24.9,1680.25,No,Mailed check,No internet service,No internet service,No,0.02440791439793403,Low
0795-XCCTE,Two year,72,25.4,1809.35,No,Bank transfer (automatic),No internet service,No internet service,No,0.024303538995471018,Low
4933-BSAIP,Two year,40,19.1,780.1,No,Mailed check,No internet service,No internet service,No,0.024214578813570035,Low
8882-TLVRW,Two year,69,39.1,2779.5,DSL,Mailed check,Yes,Yes,No,0.024204800843392188,Low
9087-EYCPR,Two year,60,25.0,1505.05,No,Mailed check,No internet service,No internet service,No,0.02418680284988281,Low
4735-BJKOU,Two year,40,20.15,804.85,No,Mailed check,No internet service,No internet service,No,0.02417624144775155,Low
2253-KPMNB,Two year,69,46.25,3121.4,DSL,Bank transfer (automatic),Yes,Yes,No,0.024149308269434733,Low
3970-XGJDU,Two year,62,19.2,1123.65,No,Credit card (automatic),No internet service,No internet service,No,0.02412579599741186,Low
6479-SZPLM,Two year,36,19.45,754.5,No,Credit card (automatic),No internet service,No internet service,No,0.02407207071001242,Low
8039-ACLPL,Two year,72,68.75,4888.2,DSL,Credit card (automatic),No,Yes,No,0.024045770996610826,Low
3212-KXOCR,Two year,52,21.0,1107.2,No,Bank transfer (automatic),No internet service,No internet service,No,0.024011869596285488,Low
2817-LVCPP,Two year,50,19.4,1023.95,No,Credit card (automatic),No internet service,No internet service,No,0.023944997331338848,Low
9091-WTUUY,Two year,64,69.25,4447.75,DSL,Mailed check,Yes,Yes,No,0.023920324694837836,Low
5845-BZZIB,Two year,35,20.1,655.3,No,Mailed check,No internet service,No internet service,No,0.02391897407982152,Low
3635-QQRQD,Two year,62,20.05,1201.65,No,Credit card (automatic),No internet service,No internet service,No,0.02390056716610196,Low
7601-GNDYK,Two year,35,19.6,686.95,No,Mailed check,No internet service,No internet service,No,0.023884314762013973,Low
0562-FGDCR,Two year,72,74.55,5430.65,DSL,Mailed check,Yes,Yes,No,0.023829340645409536,Low
4625-XMOYM,Two year,72,26.25,1988.05,No,Bank transfer (automatic),No internet service,No internet service,No,0.023708228577089662,Low
5968-HYJRZ,Two year,47,24.55,1160.45,No,Mailed check,No internet service,No internet service,No,0.02366549946762944,Low
4785-FCIFB,Two year,61,24.4,1417.9,No,Mailed check,No internet service,No internet service,No,0.02364294387388426,Low
6685-XSHHU,Two year,60,20.95,1270.55,No,Bank transfer (automatic),No internet service,No internet service,No,0.023621636034229884,Low
7860-KSUGX,Two year,72,64.45,4720.0,DSL,Credit card (automatic),No,Yes,No,0.02361904932702228,Low
8402-OOOHJ,Two year,41,20.65,835.15,No,Mailed check,No internet service,No internet service,No,0.023598598751171925,Low
1635-NZATJ,Two year,71,25.45,1789.65,No,Credit card (automatic),No internet service,No internet service,No,0.023565195776111412,Low
1820-DJFPH,Two year,72,24.05,1709.15,No,Bank transfer (automatic),No internet service,No internet service,No,0.02355740175091504,Low
3097-FQTVJ,Two year,41,20.0,810.3,No,Mailed check,No internet service,No internet service,No,0.023554140010439203,Low
5982-XMDEX,Two year,65,26.5,1698.55,No,Bank transfer (automatic),No internet service,No internet service,No,0.023503529458905593,Low
3200-MNQTF,Two year,67,70.9,4677.1,DSL,Credit card (automatic),Yes,Yes,No,0.02343841936551643,Low
9068-FHQHD,Two year,40,20.15,777.35,No,Bank transfer (automatic),No internet service,No internet service,No,0.02342145820185852,Low
6024-RUGGH,Two year,72,25.2,1798.9,No,Bank transfer (automatic),No internet service,No internet service,No,0.023357677330779366,Low
2675-IJRGJ,Two year,53,19.65,978.0,No,Bank transfer (automatic),No internet service,No internet service,No,0.023312576972592442,Low
6000-UKLWI,Two year,41,20.15,802.35,No,Mailed check,No internet service,No internet service,No,0.02328676882807094,Low
4534-WGCIR,Two year,58,25.15,1509.9,No,Credit card (automatic),No internet service,No internet service,No,0.0232086387233378,Low
6374-AFWOX,Two year,46,65.65,3047.15,DSL,Mailed check,Yes,Yes,No,0.023208249137371486,Low
2077-DDHJK,Two year,68,70.9,4911.35,DSL,Credit card (automatic),Yes,Yes,No,0.023117285217667278,Low
3399-BMLVW,Two year,51,60.5,3121.45,DSL,Credit card (automatic),Yes,Yes,No,0.023076784105321695,Low
1215-EXRMO,Two year,50,20.55,1067.65,No,Mailed check,No internet service,No internet service,No,0.023056892685350713,Low
4779-ZGICK,Two year,48,23.55,1173.35,No,Mailed check,No internet service,No internet service,No,0.022999412342077762,Low
6217-KDYWC,Two year,57,19.6,1170.55,No,Mailed check,No internet service,No internet service,No,0.022996475773478076,Low
5095-ETBRJ,Two year,55,56.8,3112.05,DSL,Mailed check,Yes,Yes,No,0.022988916894078934,Low
3795-GWTRD,Two year,63,75.55,4707.85,DSL,Credit card (automatic),Yes,Yes,No,0.02297303816832379,Low
8838-GPHZP,Two year,63,20.6,1298.7,No,Mailed check,No internet service,No internet service,No,0.02282338784181181,Low
3359-DSRKA,Two year,58,19.85,1158.85,No,Mailed check,No internet service,No internet service,No,0.022803189157621483,Low
9938-PRCVK,Two year,41,19.7,804.25,No,Bank transfer (automatic),No internet service,No internet service,No,0.022798458002965167,Low
5465-BUBFA,Two year,41,19.3,772.4,No,Bank transfer (automatic),No internet service,No internet service,No,0.022771995431754094,Low
3027-YNWZU,Two year,64,25.0,1584.8,No,Credit card (automatic),No internet service,No internet service,No,0.022686589278885196,Low
7860-UXCRM,Two year,63,74.5,4674.55,DSL,Credit card (automatic),Yes,Yes,No,0.0226331054807349,Low
2176-OSJUV,Two year,71,65.15,4681.75,DSL,Bank transfer (automatic),Yes,Yes,No,0.022565696642795858,Low
2068-WWXQZ,Two year,46,20.05,902.0,No,Bank transfer (automatic),No internet service,No internet service,No,0.022523431599727854,Low
3170-NMYVV,Two year,50,20.15,930.9,No,Bank transfer (automatic),No internet service,No internet service,No,0.02247213103112452,Low
9372-TXXPS,Two year,60,59.85,3483.45,DSL,Bank transfer (automatic),Yes,Yes,No,0.022439509379535667,Low
0531-XBKMM,Two year,66,65.7,4378.9,DSL,Bank transfer (automatic),Yes,Yes,No,0.02242210367873092,Low
7293-LSCDV,Two year,60,19.25,1103.25,No,Credit card (automatic),No internet service,No internet service,No,0.02237105103453666,Low
8701-DGLVH,Two year,51,20.45,1042.65,No,Mailed check,No internet service,No internet service,No,0.022362254676002044,Low
1705-GUHPV,Two year,63,24.2,1618.2,No,Mailed check,No internet service,No internet service,No,0.022343515028784518,Low
9220-CXRSC,Two year,69,61.4,4059.85,DSL,Credit card (automatic),Yes,Yes,No,0.022329843927024137,Low
4625-LAMOB,Two year,44,20.4,905.55,No,Credit card (automatic),No internet service,No internet service,No,0.02232178592798574,Low
5093-FEGLU,Two year,47,19.65,921.55,No,Bank transfer (automatic),No internet service,No internet service,No,0.022291899316652885,Low
9993-LHIEB,Two year,67,67.85,4627.65,DSL,Mailed check,Yes,Yes,No,0.022280217395083877,Low
0374-FIUCA,Two year,65,20.4,1414.45,No,Credit card (automatic),No internet service,No internet service,No,0.022255480443472943,Low
9499-XPZXM,Two year,72,64.75,4804.75,DSL,Bank transfer (automatic),Yes,Yes,No,0.02223039978383943,Low
6485-QXWWE,Two year,62,26.0,1638.7,No,Bank transfer (automatic),No internet service,No internet service,No,0.022220950400009643,Low
6349-JDHQP,Two year,53,19.85,1049.6,No,Credit card (automatic),No internet service,No internet service,No,0.0222001974984321,Low
9953-ZMKSM,Two year,63,25.25,1559.3,No,Mailed check,No internet service,No internet service,No,0.022147413120908097,Low
7941-RCJOW,Two year,65,19.55,1218.65,No,Credit card (automatic),No internet service,No internet service,No,0.02209785347433258,Low
1047-RNXZV,Two year,43,19.55,876.15,No,Mailed check,No internet service,No internet service,No,0.022083116807043016,Low
1657-DYMBM,Two year,53,19.9,1110.05,No,Credit card (automatic),No internet service,No internet service,No,0.022043500073785045,Low
6961-MJKBO,Two year,47,20.45,943.0,No,Bank transfer (automatic),No internet service,No internet service,No,0.021978002341128088,Low
3913-RDSJZ,Two year,64,25.55,1714.95,No,Mailed check,No internet service,No internet service,No,0.02196429360552328,Low
9430-NKQLY,Two year,72,25.1,1790.8,No,Credit card (automatic),No internet service,No internet service,No,0.02196163267869227,Low
3400-ESFUW,Two year,55,57.55,3046.4,DSL,Bank transfer (automatic),Yes,Yes,Yes,0.021953565534908147,Low
9814-AOUDH,Two year,53,19.5,1050.5,No,Credit card (automatic),No internet service,No internet service,No,0.021915982700449962,Low
1266-NZYUI,Two year,72,66.85,4758.8,DSL,Bank transfer (automatic),Yes,Yes,No,0.02188975656089616,Low
0603-TPMIB,Two year,59,25.45,1534.05,No,Mailed check,No internet service,No internet service,No,0.021884559190703545,Low
3646-ITDGM,Two year,56,19.7,1051.9,No,Bank transfer (automatic),No internet service,No internet service,No,0.021845543236039835,Low
5804-JMYIO,Two year,39,19.75,757.95,No,Mailed check,No internet service,No internet service,No,0.02182100894136684,Low
8540-ZQGEA,Two year,54,20.05,1102.4,No,Credit card (automatic),No internet service,No internet service,No,0.021750533328761413,Low
1241-FPMOF,Two year,52,19.65,1025.05,No,Mailed check,No internet service,No internet service,No,0.021744668984927502,Low
0229-LFJAF,Two year,72,69.65,4908.25,DSL,Bank transfer (automatic),Yes,Yes,No,0.021739165542376825,Low
3696-DFHHB,Two year,68,25.5,1821.8,No,Bank transfer (automatic),No internet service,No internet service,No,0.02169853780245818,Low
9795-SHUHB,Two year,66,58.2,3810.8,DSL,Credit card (automatic),Yes,Yes,No,0.021652192513479537,Low
1306-RPWXZ,Two year,49,20.45,1024.65,No,Credit card (automatic),No internet service,No internet service,No,0.02160259102818783,Low
6725-TPKJO,Two year,44,20.05,845.25,No,Mailed check,No internet service,No internet service,No,0.021554380453845445,Low
7643-RCHXS,Two year,63,19.35,1263.85,No,Electronic check,No internet service,No internet service,No,0.02154014863018166,Low
2072-ZVJJX,Two year,68,25.25,1728.2,No,Bank transfer (automatic),No internet service,No internet service,No,0.02152652055700391,Low
9504-YAZWB,Two year,53,20.25,1048.45,No,Mailed check,No internet service,No internet service,No,0.021483675933707907,Low
5821-MMEIL,Two year,57,19.9,1115.6,No,Bank transfer (automatic),No internet service,No internet service,No,0.021402905336494773,Low
0621-CXBKL,Two year,53,18.7,1005.7,No,Mailed check,No internet service,No internet service,No,0.021387075226472606,Low
7427-AUFPY,Two year,54,19.65,1008.7,No,Credit card (automatic),No internet service,No internet service,No,0.021369402250327414,Low
3429-IFLEM,Two year,71,77.35,5550.1,DSL,Credit card (automatic),Yes,Yes,No,0.02135363340179776,Low
9257-AZMTZ,Two year,52,20.1,1078.75,No,Bank transfer (automatic),No internet service,No internet service,No,0.021343775273668722,Low
9135-HSWOC,Two year,64,19.7,1274.05,No,Bank transfer (automatic),No internet service,No internet service,No,0.021239116245987205,Low
3308-DGHKL,Two year,69,19.3,1447.9,No,Bank transfer (automatic),No internet service,No internet service,No,0.021186984521265093,Low
0971-QIFJK,Two year,69,24.25,1641.8,No,Bank transfer (automatic),No internet service,No internet service,No,0.021169358091883892,Low
6340-DACFT,Two year,50,20.55,1070.25,No,Credit card (automatic),No internet service,No internet service,No,0.02115861488818935,Low
3764-MNMOI,Two year,46,19.2,908.15,No,Credit card (automatic),No internet service,No internet service,No,0.021130027027934026,Low
0780-XNZFN,Two year,57,20.65,1125.6,No,Bank transfer (automatic),No internet service,No internet service,No,0.021098187890084334,Low
5208-FVQKB,Two year,70,67.95,4664.15,DSL,Mailed check,Yes,Yes,No,0.021083030126893602,Low
2097-YVPKN,Two year,65,25.75,1654.75,No,Mailed check,No internet service,No internet service,No,0.02106868864449019,Low
8957-THMOA,Two year,50,20.15,970.85,No,Credit card (automatic),No internet service,No internet service,No,0.021036106295381298,Low
1106-HRLKZ,Two year,40,19.6,808.95,No,Mailed check,No internet service,No internet service,No,0.02100715422118371,Low
2228-BZDEE,Two year,54,20.1,1079.45,No,Mailed check,No internet service,No internet service,No,0.02092937339697869,Low
0932-YIXYU,Two year,47,20.25,1029.8,No,Credit card (automatic),No internet service,No internet service,No,0.020903600853479306,Low
4656-CAURT,Two year,69,23.95,1713.1,No,Bank transfer (automatic),No internet service,No internet service,No,0.020804246191650787,Low
3873-WOSBC,Two year,67,25.6,1784.9,No,Credit card (automatic),No internet service,No internet service,No,0.020792164336860805,Low
7242-EDTYC,Two year,44,19.55,819.95,No,Bank transfer (automatic),No internet service,No internet service,No,0.020752733543460477,Low
3768-VHXQO,Two year,67,24.85,1583.5,No,Credit card (automatic),No internet service,No internet service,No,0.02074684319293268,Low
9286-BHDQG,Two year,72,45.25,3139.8,DSL,Credit card (automatic),Yes,Yes,No,0.020720326640647668,Low
9507-HSMMZ,Two year,54,20.0,1149.65,No,Mailed check,No internet service,No internet service,No,0.020676119570976897,Low
9359-JANWS,Two year,65,58.9,3857.1,DSL,Credit card (automatic),Yes,Yes,No,0.02066508417551083,Low
6892-BOGQE,Two year,71,20.9,1493.2,No,Bank transfer (automatic),No internet service,No internet service,No,0.020555816680155707,Low
3118-UHVVQ,Two year,68,25.8,1911.5,No,Credit card (automatic),No internet service,No internet service,No,0.02051846489932719,Low
1767-CJKBA,Two year,66,25.1,1697.7,No,Mailed check,No internet service,No internet service,No,0.020495024226025095,Low
6010-DDPPW,Two year,70,25.15,1940.85,No,Bank transfer (automatic),No internet service,No internet service,No,0.02044167720289429,Low
0607-DAAHE,Two year,53,19.75,1052.35,No,Bank transfer (automatic),No internet service,No internet service,Yes,0.020440197403188868,Low
4589-IUAJB,Two year,70,24.25,1724.15,No,Bank transfer (automatic),No internet service,No internet service,No,0.020388200918368134,Low
6582-PLFUU,Two year,51,19.55,1086.75,No,Credit card (automatic),No internet service,No internet service,No,0.020318617923216337,Low
7167-PCEYD,Two year,67,19.8,1311.3,No,Mailed check,No internet service,No internet service,No,0.02030376982122747,Low
9764-REAFF,Two year,59,18.4,1057.85,No,Bank transfer (automatic),No internet service,No internet service,No,0.020241504139587585,Low
2696-RZVZW,Two year,68,25.05,1629.2,No,Credit card (automatic),No internet service,No internet service,No,0.02023176239965113,Low
8215-NGSPE,Two year,42,20.0,833.55,No,Mailed check,No internet service,No internet service,No,0.02021599675220204,Low
5529-GIBVH,Two year,47,20.15,1046.2,No,Mailed check,No internet service,No internet service,No,0.020198640063651633,Low
9153-BTBVV,Two year,71,25.0,1753.0,No,Bank transfer (automatic),No internet service,No internet service,No,0.020151952182128688,Low
8780-IHCRN,Two year,63,24.65,1574.5,No,Credit card (automatic),No internet service,No internet service,No,0.020140589421376788,Low
4443-EMBNA,Two year,71,24.75,1836.9,No,Bank transfer (automatic),No internet service,No internet service,No,0.020137290297596318,Low
4361-FEBGN,Two year,48,20.15,982.95,No,Credit card (automatic),No internet service,No internet service,No,0.020126188191862036,Low
9916-AYHTC,Two year,48,19.85,916.0,No,Credit card (automatic),No internet service,No internet service,No,0.020108617215283644,Low
3190-ITQXP,Two year,46,20.25,890.35,No,Bank transfer (automatic),No internet service,No internet service,No,0.020081547595955807,Low
9646-NMHXE,Two year,47,19.65,973.1,No,Mailed check,No internet service,No internet service,No,0.02002368898702268,Low
4878-BUNFV,Two year,42,20.7,828.85,No,Mailed check,No internet service,No internet service,No,0.020017774465541184,Low
2569-WGERO,Two year,72,21.15,1419.4,No,Bank transfer (automatic),No internet service,No internet service,No,0.01995531888159706,Low
8922-NPKBJ,Two year,42,19.35,867.3,No,Mailed check,No internet service,No internet service,No,0.019939239949229276,Low
1574-DYCWE,Two year,51,19.95,1028.75,No,Mailed check,No internet service,No internet service,No,0.01989688910148105,Low
5846-ABOBJ,Two year,71,24.45,1730.65,No,Bank transfer (automatic),No internet service,No internet service,No,0.019881843339746307,Low
9972-EWRJS,Two year,67,19.25,1372.9,No,Bank transfer (automatic),No internet service,No internet service,No,0.019870950365035167,Low
5743-KHMNA,Two year,71,25.55,1898.1,No,Bank transfer (automatic),No internet service,No internet service,No,0.019853116762833228,Low
9397-TZSHA,Two year,69,24.6,1678.05,No,Credit card (automatic),No internet service,No internet service,No,0.019835103792107473,Low
7493-GVFIO,Two year,57,20.55,1252.85,No,Credit card (automatic),No internet service,No internet service,No,0.019834446079600755,Low
3498-LZGQZ,Two year,63,19.15,1177.05,No,Mailed check,No internet service,No internet service,No,0.01977612962247916,Low
6087-YPWHO,Two year,72,68.15,4808.7,DSL,Mailed check,Yes,Yes,No,0.019765323633940998,Low
8464-EETCQ,Two year,57,18.8,1094.35,No,Credit card (automatic),No internet service,No internet service,No,0.019733613152950094,Low
7114-AEOZE,Two year,60,19.85,1128.1,No,Bank transfer (automatic),No internet service,No internet service,No,0.019718805623161705,Low
4231-LZUYM,Two year,72,25.65,1887.0,No,Bank transfer (automatic),No internet service,No internet service,No,0.01967711899402821,Low
7115-IRDHS,Two year,72,24.65,1830.05,No,Bank transfer (automatic),No internet service,No internet service,No,0.019619886891671306,Low
4742-TXUEX,Two year,47,19.3,890.5,No,Bank transfer (automatic),No internet service,No internet service,No,0.019517160536014086,Low
8946-BFWSG,Two year,63,25.25,1573.05,No,Mailed check,No internet service,No internet service,No,0.019500576419624317,Low
6425-JWTDV,Two year,48,19.25,855.1,No,Mailed check,No internet service,No internet service,No,0.019492103325175508,Low
2075-PUEPR,Two year,55,19.35,1153.25,No,Bank transfer (automatic),No internet service,No internet service,No,0.019482465481702547,Low
6734-JDTTV,Two year,65,19.85,1267.05,No,Credit card (automatic),No internet service,No internet service,No,0.019473834548957777,Low
6484-LATFU,Two year,68,24.55,1657.4,No,Mailed check,No internet service,No internet service,No,0.01943563256130861,Low
2050-ONYDQ,Two year,65,26.0,1654.85,No,Credit card (automatic),No internet service,No internet service,No,0.019435140764464925,Low
9371-BITHB,Two year,52,19.85,1070.5,No,Mailed check,No internet service,No internet service,No,0.01938554031278601,Low
2007-QVGAW,Two year,68,19.35,1292.65,No,Bank transfer (automatic),No internet service,No internet service,No,0.01937154007795574,Low
3620-EHIMZ,Two year,52,19.35,1031.7,No,Mailed check,No internet service,No internet service,No,0.01935731980189521,Low
6857-TKDJV,Two year,67,24.65,1620.45,No,Bank transfer (automatic),No internet service,No internet service,No,0.019322876053335512,Low
5567-GZKQY,Two year,58,20.3,1131.5,No,Credit card (automatic),No internet service,No internet service,No,0.019316226118823873,Low
8092-NLTGF,Two year,72,24.75,1777.6,No,Bank transfer (automatic),No internet service,No internet service,No,0.019303458509697356,Low
9500-WBGRP,Two year,69,19.1,1268.85,No,Mailed check,No internet service,No internet service,No,0.019245655737322617,Low
4990-ALDGW,Two year,57,20.75,1118.8,No,Mailed check,No internet service,No internet service,No,0.01918159853130799,Low
2181-TIDSV,Two year,68,19.95,1303.25,No,Bank transfer (automatic),No internet service,No internet service,No,0.019175846743161754,Low
0270-THENM,Two year,72,69.85,5102.35,DSL,Bank transfer (automatic),Yes,Yes,No,0.01915132276514745,Low
7169-YWAMK,Two year,72,68.4,4855.35,DSL,Bank transfer (automatic),Yes,Yes,No,0.019140375202081217,Low
0485-ZBSLN,Two year,65,24.75,1715.1,No,Credit card (automatic),No internet service,No internet service,No,0.0191353760240356,Low
9565-AXSMR,Two year,52,19.2,1054.75,No,Mailed check,No internet service,No internet service,No,0.01911993059211082,Low
8896-RAZCR,Two year,44,19.9,868.1,No,Mailed check,No internet service,No internet service,No,0.01910679768508253,Low
1862-QRWPE,Two year,48,20.65,1057.0,No,Bank transfer (automatic),No internet service,No internet service,No,0.019095912606463566,Low
7033-CLAMM,Two year,48,20.2,1027.25,No,Bank transfer (automatic),No internet service,No internet service,No,0.01907088444342777,Low
2169-RRLFW,Two year,71,25.6,1888.25,No,Credit card (automatic),No internet service,No internet service,No,0.0189824833644852,Low
3973-SKMLN,Two year,71,19.9,1355.1,No,Credit card (automatic),No internet service,No internet service,No,0.018956837491586793,Low
1987-AUELQ,Two year,71,25.05,1873.7,No,Credit card (automatic),No internet service,No internet service,No,0.01895207592465115,Low
9173-IVZVP,Two year,53,20.9,1146.05,No,Mailed check,No internet service,No internet service,No,0.018950499651406286,Low
9574-BOSMD,Two year,68,25.4,1620.2,No,Bank transfer (automatic),No internet service,No internet service,No,0.018872702735115113,Low
0040-HALCW,Two year,54,20.4,1090.6,No,Credit card (automatic),No internet service,No internet service,No,0.01885493633655845,Low
6762-NSODU,Two year,46,19.4,958.15,No,Credit card (automatic),No internet service,No internet service,No,0.01883629826379352,Low
6625-FLENO,Two year,58,20.75,1185.95,No,Mailed check,No internet service,No internet service,No,0.01878094707787454,Low
6619-RPLQZ,Two year,45,20.85,892.15,No,Mailed check,No internet service,No internet service,No,0.018759566077141385,Low
1399-OUPJN,Two year,57,19.75,1272.05,No,Bank transfer (automatic),No internet service,No internet service,No,0.018747630202987073,Low
7688-AWMDX,Two year,71,54.5,3778.2,DSL,Bank transfer (automatic),Yes,Yes,No,0.01874486710154272,Low
8755-OGKNA,Two year,57,19.5,1167.6,No,Bank transfer (automatic),No internet service,No internet service,No,0.01873397052115996,Low
9084-OAYKL,Two year,58,20.8,1212.25,No,Mailed check,No internet service,No internet service,No,0.018696457178301103,Low
5970-GHJAW,Two year,46,19.95,862.4,No,Credit card (automatic),No internet service,No internet service,No,0.018643191014542284,Low
9975-GPKZU,Two year,46,19.75,856.5,No,Credit card (automatic),No internet service,No internet service,No,0.018632322212404677,Low
7096-ZNBZI,Two year,72,26.45,1914.5,No,Credit card (automatic),No internet service,No internet service,No,0.018545497630675797,Low
1098-KFQEC,Two year,55,19.4,1083.0,No,Credit card (automatic),No internet service,No internet service,No,0.018541260160946,Low
5242-UOWHD,Two year,45,20.35,929.2,No,Mailed check,No internet service,No internet service,No,0.018510466516277163,Low
5656-JAMLX,Two year,62,19.85,1253.65,No,Bank transfer (automatic),No internet service,No internet service,No,0.018507046966508164,Low
2626-VEEWG,Two year,67,19.4,1284.2,No,Credit card (automatic),No internet service,No internet service,No,0.01847161932651969,Low
7606-BPHHN,Two year,72,19.8,1468.75,No,Credit card (automatic),No internet service,No internet service,No,0.018469192709258456,Low
4836-WNFNO,Two year,72,25.0,1849.2,No,Credit card (automatic),No internet service,No internet service,No,0.01846724394000747,Low
8237-ULIXL,Two year,72,24.85,1871.85,No,Credit card (automatic),No internet service,No internet service,No,0.01845916724542791,Low
7399-QHBJS,Two year,72,66.75,4760.3,DSL,Credit card (automatic),Yes,Yes,No,0.0184267294241976,Low
5598-IKHQQ,Two year,72,25.45,1866.45,No,Credit card (automatic),No internet service,No internet service,No,0.018405598483452763,Low
9081-WWXKP,Two year,47,20.25,873.4,No,Credit card (automatic),No internet service,No internet service,No,0.018402614652334323,Low
7634-HLQJR,Two year,47,20.05,1016.7,No,Credit card (automatic),No internet service,No internet service,No,0.018391883475381707,Low
4195-PNGZS,Two year,69,24.45,1718.2,No,Bank transfer (automatic),No internet service,No internet service,No,0.018341654054023257,Low
7729-XBTWX,Two year,66,19.75,1344.5,No,Mailed check,No internet service,No internet service,No,0.018337419029411824,Low
7515-LODFU,Two year,69,20.3,1356.3,No,Credit card (automatic),No internet service,No internet service,No,0.018295211445175024,Low
4707-MAXGU,Two year,72,25.85,1872.2,No,Credit card (automatic),No internet service,No internet service,No,0.018293850816926357,Low
2509-TFPJU,Two year,72,25.75,1864.2,No,Credit card (automatic),No internet service,No internet service,No,0.01828851558619551,Low
7161-DFHUF,Two year,71,23.85,1672.1,No,Mailed check,No internet service,No internet service,No,0.01825303845705536,Low
8749-TZYEC,Two year,72,24.8,1874.3,No,Credit card (automatic),No internet service,No internet service,No,0.018237906993635835,Low
0386-CWRGM,Two year,46,19.4,967.85,No,Mailed check,No internet service,No internet service,No,0.01820506982239927,Low
0704-VCUMB,Two year,61,20.25,1278.8,No,Credit card (automatic),No internet service,No internet service,No,0.01817519420175699,Low
6323-AYBRX,Two year,59,19.35,1099.6,No,Mailed check,No internet service,No internet service,Yes,0.018143791807703803,Low
6253-GNHWH,Two year,71,71.1,5224.95,DSL,Mailed check,Yes,Yes,No,0.018138293008320785,Low
4737-AQCPU,Two year,72,72.1,5016.65,DSL,Credit card (automatic),Yes,Yes,No,0.018125898676818564,Low
1299-AURJA,Two year,70,24.7,1685.9,No,Bank transfer (automatic),No internet service,No internet service,No,0.01810225625403576,Low
5793-YOLJN,Two year,55,21.0,1210.3,No,Mailed check,No internet service,No internet service,No,0.01800359208950167,Low
8380-MQINP,Two year,55,20.3,1079.05,No,Mailed check,No internet service,No internet service,No,0.017966858741186132,Low
2525-GVKQU,Two year,60,20.6,1093.0,No,Mailed check,No internet service,No internet service,No,0.01795925628567397,Low
7558-IMLMT,Two year,67,20.8,1411.9,No,Mailed check,No internet service,No internet service,No,0.017925469817369456,Low
8544-JNBOX,Two year,72,20.8,1521.2,No,Mailed check,No internet service,No internet service,No,0.017902206294111656,Low
1460-UZPRJ,Two year,60,19.95,1258.15,No,Mailed check,No internet service,No internet service,No,0.0177955576491664,Low
2400-FEQME,Two year,55,20.5,1177.95,No,Mailed check,No internet service,No internet service,No,0.0177643490241555,Low
1709-EJDOX,Two year,47,19.75,948.9,No,Mailed check,No internet service,No internet service,No,0.017759722397653176,Low
2718-YSKCS,Two year,71,19.6,1387.45,No,Bank transfer (automatic),No internet service,No internet service,No,0.017730787650343874,Low
3261-CQXOL,Two year,71,25.45,1813.35,No,Bank transfer (automatic),No internet service,No internet service,No,0.017680007559862876,Low
8774-GSBUN,Two year,72,25.4,1797.1,No,Mailed check,No internet service,No internet service,No,0.017657266511564195,Low
4312-KFRXN,Two year,72,25.4,1710.9,No,Mailed check,No internet service,No internet service,No,0.017657266511564195,Low
6651-RLGGM,Two year,67,26.3,1688.9,No,Mailed check,No internet service,No internet service,No,0.017644311812832325,Low
7711-GQBZC,Two year,71,24.7,1810.55,No,Bank transfer (automatic),No internet service,No internet service,No,0.017641347839817988,Low
8129-GMVGI,Two year,56,20.05,1090.1,No,Mailed check,No internet service,No internet service,No,0.017496562721819008,Low
8747-UDCOI,Two year,65,19.35,1319.95,No,Bank transfer (automatic),No internet service,No internet service,No,0.017390103978640395,Low
5902-WBLSE,Two year,70,20.15,1411.2,No,Credit card (automatic),No internet service,No internet service,No,0.017339226020078095,Low
9251-AWQGT,Two year,48,20.0,935.9,No,Mailed check,No internet service,No internet service,No,0.01732001949993016,Low
2230-XTUWL,Two year,48,19.55,883.35,No,Mailed check,No internet service,No internet service,No,0.0172972778763221,Low
6976-BWGLQ,Two year,72,25.2,1787.35,No,Bank transfer (automatic),No internet service,No internet service,No,0.01721708844512141,Low
2346-LOCWC,Two year,58,20.5,1191.4,No,Credit card (automatic),No internet service,No internet service,No,0.017215928088547237,Low
5884-FBCTL,Two year,72,25.1,1857.85,No,Bank transfer (automatic),No internet service,No internet service,No,0.017212061736293634,Low
3457-PQBYH,Two year,58,20.3,1160.75,No,Credit card (automatic),No internet service,No internet service,No,0.017205876778395145,Low
0402-OAMEN,Two year,72,24.45,1709.1,No,Bank transfer (automatic),No internet service,No internet service,No,0.017179423257532515,Low
3777-XROBG,Two year,58,19.55,1079.65,No,Credit card (automatic),No internet service,No internet service,No,0.017168235689686586,Low
7225-IILWY,Two year,68,25.75,1686.15,No,Mailed check,No internet service,No internet service,No,0.017167265097827795,Low
8165-ZJRNM,Two year,72,23.75,1679.25,No,Bank transfer (automatic),No internet service,No internet service,No,0.017144342131103517,Low
8224-KDLKN,Two year,72,25.0,1738.9,No,Bank transfer (automatic),No internet service,No internet service,No,0.017003007713837937,Low
4193-IBKSW,Two year,72,24.75,1769.6,No,Bank transfer (automatic),No internet service,No internet service,No,0.01699059716852244,Low
7684-XSZIY,Two year,72,24.3,1643.25,No,Bank transfer (automatic),No internet service,No internet service,No,0.016968280615948603,Low
6855-VLGOS,Two year,72,20.55,1432.55,No,Electronic check,No internet service,No internet service,No,0.016940285548672683,Low
6585-WCEWR,Two year,72,20.35,1354.4,No,Electronic check,No internet service,No internet service,No,0.016930392396718064,Low
8727-JQFHV,Two year,57,20.75,1123.15,No,Mailed check,No internet service,No internet service,No,0.016883086595630776,Low
0394-YONDK,Two year,70,25.15,1790.15,No,Credit card (automatic),No internet service,No internet service,No,0.016840091528201703,Low
8347-GDTMP,Two year,64,19.45,1225.65,No,Credit card (automatic),No internet service,No internet service,No,0.016782174665564413,Low
6848-HJTXY,Two year,64,19.45,1208.6,No,Credit card (automatic),No internet service,No internet service,No,0.016782174665564413,Low
7328-ZJAJO,Two year,59,19.5,1222.65,No,Credit card (automatic),No internet service,No internet service,No,0.016728259776023408,Low
0613-WUXUM,Two year,70,19.2,1401.4,No,Mailed check,No internet service,No internet service,No,0.01671086603574711,Low
5730-DBDSI,Two year,66,19.7,1253.8,No,Bank transfer (automatic),No internet service,No internet service,No,0.0166851438780082,Low
1302-TPUBN,Two year,66,19.35,1240.8,No,Bank transfer (automatic),No internet service,No internet service,No,0.016668090867645025,Low
1555-HAPSU,Two year,71,23.9,1663.5,No,Credit card (automatic),No internet service,No internet service,No,0.01654727698132877,Low
2146-EGVDT,Two year,59,19.3,1192.7,No,Credit card (automatic),No internet service,No internet service,No,0.016520155066661255,Low
0962-CQPWQ,Two year,62,20.3,1296.15,No,Bank transfer (automatic),No internet service,No internet service,No,0.016505306503815466,Low
4821-WQOYN,Two year,72,20.1,1326.25,No,Credit card (automatic),No internet service,No internet service,No,0.0164642594060241,Low
8857-CUPFQ,Two year,63,19.25,1237.65,No,Mailed check,No internet service,No internet service,No,0.016435950491118807,Low
0174-QRVVY,Two year,71,25.35,1847.55,No,Credit card (automatic),No internet service,No internet service,No,0.016420377054938977,Low
6963-KQYQB,Two year,70,24.05,1764.75,No,Mailed check,No internet service,No internet service,No,0.016417225167663283,Low
9786-YWNHU,Two year,63,63.55,4014.2,DSL,Mailed check,Yes,Yes,No,0.01638667967435599,Low
0562-HKHML,Two year,71,23.9,1626.4,No,Credit card (automatic),No internet service,No internet service,No,0.016350941030604537,Low
7268-WNTCP,Two year,62,20.45,1297.35,No,Bank transfer (automatic),No internet service,No internet service,No,0.016316612020093824,Low
0397-ZXWQF,Two year,67,20.5,1430.95,No,Bank transfer (automatic),No internet service,No internet service,No,0.016297783363688013,Low
5854-KSRBJ,Two year,70,25.4,1782.05,No,Mailed check,No internet service,No internet service,No,0.016286545181773054,Low
3810-PJUHR,Two year,70,25.35,1715.15,No,Mailed check,No internet service,No internet service,No,0.01628416524678255,Low
5146-YYFRZ,Two year,67,19.95,1311.75,No,Bank transfer (automatic),No internet service,No internet service,No,0.01627160512923195,Low
2607-DHDAK,Two year,72,19.8,1414.65,No,Credit card (automatic),No internet service,No internet service,No,0.01625463291255802,Low
0847-HGRML,Two year,62,20.0,1250.1,No,Bank transfer (automatic),No internet service,No internet service,No,0.016219303451707218,Low
8164-OCKUJ,Two year,59,20.6,1286.0,No,Mailed check,No internet service,No internet service,No,0.016218575462645546,Low
0480-KYJVA,Two year,72,24.25,1784.5,No,Credit card (automatic),No internet service,No internet service,No,0.01614181709321215,Low
8917-SZTTJ,Two year,60,19.65,1161.75,No,Credit card (automatic),No internet service,No internet service,No,0.01611534886003144,Low
5848-FHRFC,Two year,68,20.05,1386.9,No,Bank transfer (automatic),No internet service,No internet service,No,0.01605174332652688,Low
8590-YFFQO,Two year,70,64.95,4523.25,DSL,Credit card (automatic),Yes,Yes,No,0.01603035390472046,Low
6285-FTQBF,Two year,72,25.55,1867.7,No,Credit card (automatic),No internet service,No internet service,No,0.01601095299099758,Low
8711-LOBKY,Two year,59,19.85,1188.25,No,Mailed check,No internet service,No internet service,No,0.015990974001669638,Low
8514-VZHEB,Two year,59,19.5,1147.85,No,Mailed check,No internet service,No internet service,No,0.015974618940027465,Low
6181-AXXYF,Two year,72,24.75,1859.1,No,Credit card (automatic),No internet service,No internet service,No,0.01597354825309512,Low
2616-FLVQC,Two year,64,19.55,1240.15,No,Mailed check,No internet service,No internet service,No,0.01595617852719623,Low
7010-BRBUU,Two year,72,24.1,1734.65,No,Credit card (automatic),No internet service,No internet service,No,0.015943220214168462,Low
1293-BSEUN,Two year,72,20.7,1482.3,No,Mailed check,No internet service,No internet service,No,0.015939169798020344,Low
1830-IPXVJ,Two year,61,19.75,1311.6,No,Credit card (automatic),No internet service,No internet service,No,0.01589756427057645,Low
5893-KCLGT,Two year,72,19.75,1567.0,No,Mailed check,No internet service,No internet service,No,0.015820927753789696,Low
9365-CSLBQ,Two year,71,24.35,1654.6,No,Mailed check,No internet service,No internet service,No,0.015748768498857757,Low
8434-VGEQQ,Two year,61,20.55,1305.95,No,Credit card (automatic),No internet service,No internet service,No,0.015745608861892135,Low
7980-MHFLQ,Two year,72,24.9,1859.2,No,Mailed check,No internet service,No internet service,No,0.015629133044157258,Low
7717-BICXI,Two year,60,20.55,1205.05,No,Mailed check,No internet service,No internet service,No,0.015614905590344818,Low
3507-GASNP,Two year,60,19.95,1189.9,No,Mailed check,No internet service,No internet service,No,0.015514906983273288,Low
9838-BFCQT,Two year,72,26.1,1851.45,No,Mailed check,No internet service,No internet service,No,0.015497825885680659,Low
2236-HILPA,Two year,62,20.65,1218.45,No,Credit card (automatic),No internet service,No internet service,No,0.01534825589003852,Low
7064-JHXCE,Two year,62,20.05,1263.9,No,Credit card (automatic),No internet service,No internet service,No,0.015321337661613135,Low
0505-SPOOW,Two year,70,19.8,1397.65,No,Bank transfer (automatic),No internet service,No internet service,No,0.015303137321943019,Low
8966-SNIZF,Two year,70,19.45,1303.5,No,Bank transfer (automatic),No internet service,No internet service,No,0.0152874748283931,Low
3996-ZNWYK,Two year,71,19.8,1388.45,No,Credit card (automatic),No internet service,No internet service,No,0.01526759196258866,Low
7157-SMCFK,Two year,61,19.75,1124.2,No,Mailed check,No internet service,No internet service,No,0.01511001590838027,Low
7695-PKLCZ,Two year,68,20.5,1424.9,No,Credit card (automatic),No internet service,No internet service,No,0.01510991530243193,Low
6621-NRZAK,Two year,63,20.0,1209.25,No,Credit card (automatic),No internet service,No internet service,No,0.015107485821322932,Low
7113-HIPFI,Two year,66,65.85,4097.05,DSL,Mailed check,Yes,Yes,No,0.015085105759734166,Low
3274-NSDWE,Two year,68,19.6,1441.65,No,Credit card (automatic),No internet service,No internet service,No,0.015070172543575294,Low
1945-XISKS,Two year,67,19.65,1335.2,No,Mailed check,No internet service,No internet service,No,0.015017181387881993,Low
5799-JRCZO,Two year,63,19.5,1215.1,No,Credit card (automatic),No internet service,No internet service,No,0.015015080832418991,Low
3563-SVYLG,Two year,68,62.65,4375.8,DSL,Credit card (automatic),Yes,Yes,No,0.014684821147052518,Low
7463-IFMQU,Two year,72,20.05,1423.65,No,Bank transfer (automatic),No internet service,No internet service,No,0.014542164208971484,Low
8232-UTFOZ,Two year,69,19.95,1399.35,No,Credit card (automatic),No internet service,No internet service,No,0.014525619575835385,Low
3910-MRQOY,Two year,72,19.4,1496.45,No,Bank transfer (automatic),No internet service,No internet service,No,0.01451451376875871,Low
9625-RZFUK,Two year,63,19.7,1275.85,No,Mailed check,No internet service,No internet service,No,0.014413125241847218,Low
8043-PNYSD,Two year,63,19.55,1245.6,No,Mailed check,No internet service,No internet service,No,0.01440679560106268,Low
2545-LXYVJ,Two year,72,20.7,1492.1,No,Bank transfer (automatic),No internet service,No internet service,No,0.014396649407536549,Low
8285-ABVLB,Two year,70,19.85,1328.35,No,Credit card (automatic),No internet service,No internet service,No,0.014387727241033576,Low
2429-AYKKO,Two year,72,19.85,1434.1,No,Bank transfer (automatic),No internet service,No internet service,No,0.014293869780443573,Low
3976-HXHCE,Two year,72,19.3,1414.8,No,Bank transfer (automatic),No internet service,No internet service,No,0.014270863626579651,Low
3774-VBNXY,Two year,64,20.2,1277.75,No,Mailed check,No internet service,No internet service,No,0.014234679328713404,Low
6060-QBMGV,Two year,70,19.85,1433.8,No,Credit card (automatic),No internet service,No internet service,No,0.014216644267674597,Low
6345-FZOQH,Two year,69,19.9,1363.45,No,Mailed check,No internet service,No internet service,No,0.014100516104862706,Low
1591-XWLGB,Two year,71,19.85,1379.6,No,Credit card (automatic),No internet service,No internet service,No,0.014020045439314231,Low
0825-CPPQH,Two year,71,19.1,1372.45,No,Credit card (automatic),No internet service,No internet service,No,0.013989274748675113,Low
3678-MNGZX,Two year,68,19.95,1377.7,No,Bank transfer (automatic),No internet service,No internet service,No,0.01395081242770883,Low
9800-OUIGR,Two year,66,20.0,1374.2,No,Credit card (automatic),No internet service,No internet service,No,0.01381268223590784,Low
8619-IJNDK,Two year,71,64.05,4492.9,DSL,Credit card (automatic),Yes,Yes,No,0.013807589336888451,Low
6980-IMXXE,Two year,69,20.2,1412.65,No,Bank transfer (automatic),No internet service,No internet service,No,0.013767920718173362,Low
7673-BQGKU,Two year,69,20.15,1337.5,No,Bank transfer (automatic),No internet service,No internet service,No,0.013765903676677122,Low
2984-RGEYA,Two year,69,19.75,1375.4,No,Bank transfer (automatic),No internet service,No internet service,No,0.013749777830901684,Low
0042-RLHYP,Two year,69,19.7,1396.9,No,Bank transfer (automatic),No internet service,No internet service,No,0.013747763410341089,Low
1764-VUUMT,Two year,66,19.95,1269.1,No,Credit card (automatic),No internet service,No internet service,No,0.013746201192383217,Low
7969-FFOWG,Two year,65,19.9,1292.6,No,Mailed check,No internet service,No internet service,No,0.013693787230823217,Low
1927-QEWMY,Two year,72,20.5,1502.25,No,Credit card (automatic),No internet service,No internet service,No,0.013687677838005192,Low
7083-MIOPC,Two year,72,20.25,1566.9,No,Credit card (automatic),No internet service,No internet service,No,0.013613808151760685,Low
0902-XKXPN,Two year,69,20.2,1376.5,No,Bank transfer (automatic),No internet service,No internet service,No,0.013604106073309209,Low
9537-JALFH,Two year,69,19.9,1356.7,No,Bank transfer (automatic),No internet service,No internet service,No,0.013592150154384641,Low
7602-DBTOU,Two year,71,19.6,1416.5,No,Mailed check,No internet service,No internet service,No,0.01353806373440232,Low
0404-AHASP,Two year,72,19.7,1421.9,No,Credit card (automatic),No internet service,No internet service,No,0.013493128601174782,Low
5787-KXGIY,Two year,72,19.3,1304.8,No,Credit card (automatic),No internet service,No internet service,No,0.013477317926735594,Low
8750-QWZAJ,Two year,70,19.8,1378.75,No,Bank transfer (automatic),No internet service,No internet service,No,0.013400141252832603,Low
2804-ETQDK,Two year,66,20.55,1357.1,No,Mailed check,No internet service,No internet service,No,0.013306624976463332,Low
8229-BUJHX,Two year,71,20.5,1500.95,No,Bank transfer (automatic),No internet service,No internet service,No,0.01308419268527904,Low
0264-CNITK,Two year,71,20.1,1389.6,No,Bank transfer (automatic),No internet service,No internet service,No,0.013068854836655442,Low
3642-BYHDO,Two year,71,19.9,1389.35,No,Bank transfer (automatic),No internet service,No internet service,No,0.013061192566793332,Low
4817-KEQSP,Two year,71,19.85,1326.35,No,Bank transfer (automatic),No internet service,No internet service,No,0.013059277692076985,Low
7876-DNYAP,Two year,69,19.8,1436.95,No,Credit card (automatic),No internet service,No internet service,No,0.012926067569196365,Low
0464-WJTKO,Two year,72,20.1,1460.85,No,Bank transfer (automatic),No internet service,No internet service,No,0.012734441665556042,Low
1166-PQLGG,Two year,72,19.55,1463.45,No,Bank transfer (automatic),No internet service,No internet service,No,0.012713913056213496,Low
0640-YJTPY,Two year,72,21.0,1493.75,No,Bank transfer (automatic),No internet service,No internet service,No,0.012616033809429527,Low
0794-YVSGE,Two year,72,20.3,1401.15,No,Bank transfer (automatic),No internet service,No internet service,No,0.012590151948065629,Low
4277-BWBML,Two year,72,19.95,1322.85,No,Bank transfer (automatic),No internet service,No internet service,No,0.012577230681774354,Low
5346-BZCHP,Two year,69,19.4,1346.2,No,Mailed check,No internet service,No internet service,No,0.012475726634801003,Low
4957-SREEC,Two year,70,20.35,1458.1,No,Credit card (automatic),No internet service,No internet service,No,0.012465323656121125,Low
1403-GYAFU,Two year,70,20.05,1360.25,No,Credit card (automatic),No internet service,No internet service,No,0.012454355915553373,Low
1052-QJIBV,Two year,71,19.9,1397.3,No,Credit card (automatic),No internet service,No internet service,No,0.012276418433726077,Low
3173-WSSUE,Two year,71,19.7,1415.85,No,Credit card (automatic),No internet service,No internet service,No,0.0122692149935155,Low
4086-WITJG,Two year,71,19.7,1301.1,No,Credit card (automatic),No internet service,No internet service,No,0.012123013180748224,Low
6928-ONTRW,Two year,72,19.7,1379.8,No,Credit card (automatic),No internet service,No internet service,No,0.011955015595861462,Low
2848-YXSMW,Two year,72,19.4,1363.25,No,Credit card (automatic),No internet service,No internet service,No,0.011802112831365789,Low
0784-ZQJZX,Two year,72,19.9,1529.65,No,Credit card (automatic),No internet service,No internet service,No,0.01176417659400826,Low
0831-JNISG,Two year,71,19.8,1396.25,No,Mailed check,No internet service,No internet service,No,0.01171750977873452,Low
3279-DYZQM,Two year,71,19.45,1378.45,No,Mailed check,No internet service,No internet service,No,0.01170547348764013,Low
