customerID,Contract,tenure,MonthlyCharges,TotalCharges,InternetService,PaymentMethod,TechSupport,OnlineSecurity,Churn,ChurnRiskScore,RiskTier
5150-ITWWB,Month-to-month,3,94.85,335.75,Fiber optic,Electronic check,No,No,No,0.9628249903303286,High
5178-LMXOP,Month-to-month,1,95.1,95.1,Fiber optic,Electronic check,No,No,Yes,0.9625401661208952,High
9497-QCMMS,Month-to-month,1,93.55,93.55,Fiber optic,Electronic check,No,No,Yes,0.9620768038693351,High
4424-TKOPW,Month-to-month,2,93.85,196.75,Fiber optic,Electronic check,No,No,Yes,0.9618628950561274,High
9300-AGZNL,Month-to-month,1,94.0,94.0,Fiber optic,Electronic check,No,No,Yes,0.9618265576939887,High
7216-EWTRS,Month-to-month,1,100.8,100.8,Fiber optic,Electronic check,No,No,Yes,0.9610939793214576,High
5567-WSELE,Month-to-month,3,94.6,279.55,Fiber optic,Electronic check,No,No,Yes,0.9606707673470852,High
2720-WGKHP,Month-to-month,2,94.0,181.7,Fiber optic,Electronic check,No,No,Yes,0.9602502833232495,High
1374-DMZUI,Month-to-month,4,94.3,424.45,Fiber optic,Electronic check,No,No,Yes,0.9600106451501546,High
7024-OHCCK,Month-to-month,2,93.85,170.85,Fiber optic,Electronic check,No,No,Yes,0.9580220335198761,High
8098-LLAZX,Month-to-month,4,95.45,396.1,Fiber optic,Electronic check,No,No,Yes,0.957579491916992,High
1400-MMYXY,Month-to-month,3,105.9,334.65,Fiber optic,Electronic check,No,No,Yes,0.9557692179065301,High
0295-PPHDO,Month-to-month,1,95.45,95.45,Fiber optic,Electronic check,No,No,Yes,0.954418767122128,High
8149-RSOUN,Month-to-month,1,93.85,93.85,Fiber optic,Electronic check,No,No,Yes,0.9541230022963887,High
6023-YEBUP,Month-to-month,3,100.95,329.95,Fiber optic,Electronic check,No,No,Yes,0.9540941539710102,High
5419-JPRRN,Month-to-month,1,101.45,101.45,Fiber optic,Electronic check,No,No,Yes,0.9538563105709784,High
4910-GMJOT,Month-to-month,1,94.6,94.6,Fiber optic,Electronic check,No,No,Yes,0.9536216109093277,High
3049-SOLAY,Month-to-month,3,95.2,292.85,Fiber optic,Electronic check,No,No,Yes,0.9531532802326467,High
7851-WZEKY,Month-to-month,2,95.15,196.9,Fiber optic,Electronic check,No,No,Yes,0.9529028406751712,High
6496-SLWHQ,Month-to-month,3,105.0,294.45,Fiber optic,Electronic check,No,No,Yes,0.9518308007583187,High
9057-SIHCH,Month-to-month,3,96.6,291.9,Fiber optic,Electronic check,No,No,Yes,0.9500831475095074,High
2545-EBUPK,Month-to-month,2,84.05,186.05,Fiber optic,Electronic check,No,No,No,0.9493692697924345,High
3158-MOERK,Month-to-month,2,96.0,174.8,Fiber optic,Electronic check,No,No,Yes,0.9493633958270696,High
9681-OXGVC,Month-to-month,5,100.5,514.0,Fiber optic,Electronic check,No,No,Yes,0.9490016750534389,High
3068-OMWZA,Month-to-month,1,88.8,88.8,Fiber optic,Electronic check,No,No,Yes,0.9489149576109169,High
4826-XTSOH,Month-to-month,1,86.05,86.05,Fiber optic,Electronic check,No,No,Yes,0.948905227852414,High
2446-BEGGB,Month-to-month,6,98.25,560.6,Fiber optic,Electronic check,No,No,Yes,0.9484029398733483,High
4695-WJZUE,Month-to-month,2,88.55,179.25,Fiber optic,Electronic check,No,No,Yes,0.9478096900956066,High
1069-XAIEM,Month-to-month,1,85.05,85.05,Fiber optic,Electronic check,No,No,Yes,0.9475427545052483,High
6350-XFYGW,Month-to-month,4,94.75,422.4,Fiber optic,Electronic check,No,No,No,0.9474516509814195,High
2656-TABEH,Month-to-month,4,100.2,420.2,Fiber optic,Electronic check,No,No,Yes,0.9472852629894915,High
1415-YFWLT,Month-to-month,1,89.3,89.3,Fiber optic,Electronic check,No,No,Yes,0.947014652606455,High
5277-ZLOOR,Month-to-month,2,85.55,187.45,Fiber optic,Electronic check,No,No,Yes,0.9468367181111885,High
6521-YYTYI,Month-to-month,1,93.3,93.3,Fiber optic,Electronic check,No,No,Yes,0.9459050327588996,High
1273-MTETI,Month-to-month,4,88.85,372.45,Fiber optic,Electronic check,No,No,Yes,0.9458803322087864,High
5192-EBGOV,Month-to-month,1,85.7,85.7,Fiber optic,Electronic check,No,No,Yes,0.9458092688565196,High
4750-ZRXIU,Month-to-month,4,84.6,360.1,Fiber optic,Electronic check,No,No,Yes,0.9454811180745084,High
3988-RQIXO,Month-to-month,1,91.3,91.3,Fiber optic,Electronic check,No,No,Yes,0.945468985061153,High
1724-BQUHA,Month-to-month,5,89.5,477.7,Fiber optic,Electronic check,No,No,Yes,0.944907335792494,High
0107-YHINA,Month-to-month,1,99.75,99.75,Fiber optic,Electronic check,No,No,Yes,0.9448885851039908,High
1875-QIVME,Month-to-month,2,104.4,242.8,Fiber optic,Electronic check,Yes,No,Yes,0.944384301422063,High
6630-UJZMY,Month-to-month,4,83.25,308.05,Fiber optic,Electronic check,No,No,No,0.9439019335489406,High
3319-DWOEP,Month-to-month,6,95.75,573.75,Fiber optic,Electronic check,No,No,Yes,0.9428795852121802,High
2865-TCHJW,Month-to-month,4,89.2,346.2,Fiber optic,Electronic check,No,No,Yes,0.9423564088667521,High
0196-VULGZ,Month-to-month,6,84.35,474.9,Fiber optic,Electronic check,No,No,Yes,0.9418588194850208,High
4847-TAJYI,Month-to-month,6,89.35,567.8,Fiber optic,Electronic check,No,No,No,0.941796294681462,High
8414-MYSHR,Month-to-month,5,91.4,449.75,Fiber optic,Electronic check,No,No,Yes,0.9412024090602644,High
3722-WPXTK,Month-to-month,1,88.35,88.35,Fiber optic,Electronic check,No,No,Yes,0.9407975263570398,High
2725-KXXWT,Month-to-month,1,90.75,90.75,Fiber optic,Electronic check,No,No,Yes,0.9407897527327084,High
1455-ESIQH,Month-to-month,1,89.1,89.1,Fiber optic,Electronic check,No,No,Yes,0.9401596342184986,High
8775-LHDJH,Month-to-month,1,90.6,90.6,Fiber optic,Electronic check,No,No,Yes,0.9401397853499491,High
7577-SWIFR,Month-to-month,1,89.25,89.25,Fiber optic,Electronic check,No,No,No,0.9400312858057431,High
0970-ETWGE,Month-to-month,1,89.55,89.55,Fiber optic,Electronic check,No,No,Yes,0.939773815466576,High
3027-ZTDHO,Month-to-month,1,89.9,89.9,Fiber optic,Electronic check,No,No,Yes,0.9394721259161647,High
1624-NALOJ,Month-to-month,5,89.8,502.6,Fiber optic,Electronic check,No,No,Yes,0.9394218666625216,High
8603-IJWDN,Month-to-month,1,86.6,86.6,Fiber optic,Electronic check,No,No,Yes,0.9392522734792972,High
7274-RTAPZ,Month-to-month,1,90.55,90.55,Fiber optic,Electronic check,No,No,Yes,0.938908091146947,High
9282-IZGQK,Month-to-month,1,85.0,85.0,Fiber optic,Electronic check,No,No,Yes,0.9388644009777756,High
0259-GBZSH,Month-to-month,2,85.65,181.5,Fiber optic,Electronic check,No,No,Yes,0.9387691989147153,High
8593-WHYHV,Month-to-month,3,85.3,264.8,Fiber optic,Electronic check,No,No,Yes,0.9383633306411157,High
0754-UKWQP,Month-to-month,2,95.85,197.7,Fiber optic,Electronic check,No,No,Yes,0.9382407574304581,High
4192-GORJT,Month-to-month,5,94.45,498.1,Fiber optic,Electronic check,No,No,Yes,0.9378577728157842,High
2265-CYWIV,Month-to-month,4,99.6,347.65,Fiber optic,Electronic check,No,Yes,Yes,0.9378267872826682,High
4912-PIGUY,Month-to-month,1,84.6,84.6,Fiber optic,Electronic check,No,No,No,0.9378003508724155,High
7228-OMTPN,Month-to-month,4,88.45,370.65,Fiber optic,Electronic check,No,No,Yes,0.9376389497188122,High
4587-VVTOX,Month-to-month,6,105.3,545.2,Fiber optic,Electronic check,No,No,Yes,0.9372955445058611,High
6474-FVJLC,Month-to-month,2,86.0,165.45,Fiber optic,Electronic check,No,No,Yes,0.9372937473100774,High
4927-WWOOZ,Month-to-month,2,91.45,171.45,Fiber optic,Electronic check,No,No,No,0.9369665641982186,High
9546-CQJSU,Month-to-month,2,91.4,193.6,Fiber optic,Electronic check,No,No,Yes,0.9365227453360909,High
1143-NMNQJ,Month-to-month,2,85.7,169.8,Fiber optic,Electronic check,No,No,Yes,0.93650311882631,High
6513-EECDB,Month-to-month,1,73.55,73.55,Fiber optic,Electronic check,No,No,Yes,0.9354647732470766,High
0697-ZMSWS,Month-to-month,4,85.65,338.9,Fiber optic,Electronic check,No,No,Yes,0.9353089537106378,High
4713-LZDRV,Month-to-month,2,79.6,195.05,Fiber optic,Electronic check,No,No,Yes,0.9347856743008539,High
4102-OQUPX,Month-to-month,1,74.4,74.4,Fiber optic,Electronic check,No,No,Yes,0.9346807044438177,High
4548-SDBKE,Month-to-month,5,85.2,474.8,Fiber optic,Electronic check,No,No,Yes,0.9342847698255236,High
3727-RJMEO,Month-to-month,6,82.85,460.25,Fiber optic,Electronic check,No,No,Yes,0.9337697621754806,High
2034-GDRCN,Month-to-month,2,90.4,168.2,Fiber optic,Electronic check,No,No,Yes,0.9336773117038676,High
3318-NMQXL,Month-to-month,3,92.0,266.8,Fiber optic,Electronic check,No,No,No,0.9335874644790431,High
6108-OQZDQ,Month-to-month,4,97.95,384.5,Fiber optic,Electronic check,No,No,Yes,0.9335789435929145,High
3489-HHPFY,Month-to-month,2,84.05,134.05,Fiber optic,Electronic check,No,No,No,0.933501859612722,High
8473-VUVJN,Month-to-month,1,73.65,73.65,Fiber optic,Electronic check,No,No,Yes,0.9331420493182416,High
7398-SKNQZ,Month-to-month,3,94.9,273.2,Fiber optic,Electronic check,No,No,No,0.9330666008909216,High
0723-DRCLG,Month-to-month,1,74.45,74.45,Fiber optic,Electronic check,No,No,Yes,0.9327091992583655,High
0021-IKXGC,Month-to-month,1,72.1,72.1,Fiber optic,Electronic check,No,No,No,0.932670267603501,High
8739-XNIKG,Month-to-month,5,84.0,424.75,Fiber optic,Electronic check,No,No,No,0.9324643836643699,High
3551-HUAZH,Month-to-month,1,74.4,74.4,Fiber optic,Electronic check,No,No,Yes,0.9324275958073018,High
2990-HWIML,Month-to-month,6,89.5,573.3,Fiber optic,Electronic check,No,No,Yes,0.9323058758736521,High
5240-IJOQT,Month-to-month,1,74.7,74.7,Fiber optic,Electronic check,No,No,Yes,0.932139836375356,High
9611-CTWIH,Month-to-month,3,89.45,240.45,Fiber optic,Electronic check,No,No,Yes,0.9319741862441483,High
4988-IQIGL,Month-to-month,1,75.35,75.35,Fiber optic,Electronic check,No,No,Yes,0.9315124559804483,High
8580-AECUZ,Month-to-month,1,79.1,79.1,Fiber optic,Electronic check,No,No,Yes,0.9313222551735314,High
6894-LFHLY,Month-to-month,1,75.75,75.75,Fiber optic,Electronic check,No,No,Yes,0.931123708967867,High
1833-VGRUM,Month-to-month,1,74.2,74.2,Fiber optic,Electronic check,No,No,Yes,0.9306387435252766,High
9248-OJYKK,Month-to-month,1,76.45,76.45,Fiber optic,Electronic check,No,No,Yes,0.9304384815673985,High
7488-MXJIV,Month-to-month,4,85.65,321.65,Fiber optic,Electronic check,No,No,Yes,0.9303827944199964,High
5299-SJCZT,Month-to-month,3,101.55,298.35,Fiber optic,Bank transfer (automatic),No,No,Yes,0.9303650656044032,High
2462-XIIJB,Month-to-month,5,92.5,452.7,Fiber optic,Electronic check,No,No,Yes,0.9302462972624577,High
6230-BSUXY,Month-to-month,1,85.0,85.0,Fiber optic,Electronic check,No,No,Yes,0.9301648643152732,High
6161-UUUTA,Month-to-month,3,79.9,260.9,Fiber optic,Electronic check,No,No,Yes,0.9296590048545214,High
5380-AFSSK,Month-to-month,5,93.9,486.85,Fiber optic,Mailed check,No,No,Yes,0.9294284371526323,High
6567-HOOPW,Month-to-month,1,79.2,79.2,Fiber optic,Electronic check,No,No,Yes,0.9292070981937035,High
3387-VATUS,Month-to-month,5,94.85,462.8,Fiber optic,Bank transfer (automatic),No,No,Yes,0.9284914011896682,High
1304-NECVQ,Month-to-month,2,78.55,149.55,Fiber optic,Electronic check,No,No,Yes,0.9284425981317294,High
1941-HOSAM,Month-to-month,1,90.1,90.1,Fiber optic,Electronic check,No,No,No,0.9284173644173822,High
7576-OYWBN,Month-to-month,3,76.05,231.8,Fiber optic,Electronic check,No,No,Yes,0.9278795837631179,High
9944-HKVVB,Month-to-month,3,95.1,307.4,Fiber optic,Electronic check,No,No,Yes,0.9278018936847094,High
4228-ZGYUW,Month-to-month,4,90.05,368.1,Fiber optic,Electronic check,No,No,Yes,0.9277635072333638,High
8258-GSTJK,Month-to-month,3,77.0,237.75,Fiber optic,Electronic check,No,No,Yes,0.9272832649881433,High
0722-TROQR,Month-to-month,4,74.9,321.75,Fiber optic,Electronic check,No,No,Yes,0.9267860316687527,High
0702-PGIBZ,Month-to-month,4,101.7,364.55,Fiber optic,Electronic check,No,No,Yes,0.9265047696129246,High
4951-UKAAQ,Month-to-month,4,88.95,355.2,Fiber optic,Electronic check,No,No,Yes,0.9260129114040337,High
9025-AOMKI,Month-to-month,6,93.55,536.4,Fiber optic,Bank transfer (automatic),No,No,Yes,0.9253141737205993,High
7181-BQYBV,Month-to-month,1,102.45,102.45,Fiber optic,Electronic check,No,Yes,Yes,0.9252852825849124,High
1389-CXMLU,Month-to-month,3,91.05,289.1,Fiber optic,Electronic check,No,No,Yes,0.925249715618799,High
9725-SCPZG,Month-to-month,1,90.85,90.85,Fiber optic,Electronic check,No,No,Yes,0.9251803264062584,High
4952-YSOGZ,Month-to-month,4,85.95,381.3,Fiber optic,Electronic check,No,No,Yes,0.9251374917843763,High
4929-XIHVW,Month-to-month,2,95.5,181.65,Fiber optic,Credit card (automatic),No,No,No,0.9250627719233789,High
1197-BVMVG,Month-to-month,4,74.45,294.45,Fiber optic,Electronic check,No,No,No,0.9249076337302394,High
4086-YQSNZ,Month-to-month,3,80.4,224.05,Fiber optic,Electronic check,No,No,Yes,0.9249005546388168,High
4273-MBHYA,Month-to-month,1,89.35,89.35,Fiber optic,Electronic check,No,No,No,0.9246039569552982,High
3178-FESZO,Month-to-month,1,100.25,100.25,Fiber optic,Credit card (automatic),No,No,Yes,0.9240555399322143,High
6892-EZDTG,Month-to-month,4,91.65,365.4,Fiber optic,Electronic check,No,No,Yes,0.9239452242462075,High
5052-PNLOS,Month-to-month,3,105.35,323.25,Fiber optic,Bank transfer (automatic),No,No,Yes,0.9235345316419907,High
9957-YODKZ,Month-to-month,6,80.8,457.1,Fiber optic,Electronic check,No,No,No,0.923360838777004,High
5956-VKDTT,Month-to-month,5,74.35,334.8,Fiber optic,Electronic check,No,No,Yes,0.9232803379039273,High
6229-LSCKB,Month-to-month,6,79.7,497.6,Fiber optic,Electronic check,No,No,No,0.9232452527152534,High
2672-HUYVI,Month-to-month,6,91.1,455.3,Fiber optic,Electronic check,No,No,Yes,0.9229867324490831,High
8086-OVPWV,Month-to-month,2,80.2,181.1,Fiber optic,Electronic check,No,No,Yes,0.9228190469374552,High
7548-SEPYI,Month-to-month,5,96.25,512.45,Fiber optic,Electronic check,No,No,Yes,0.9227006117901556,High
6734-GMPVK,Month-to-month,5,105.3,550.6,Fiber optic,Electronic check,No,No,No,0.9226603818261067,High
9231-ZJYAM,Month-to-month,4,78.85,292.8,Fiber optic,Electronic check,No,No,Yes,0.9221987014427819,High
2868-MZAGQ,Month-to-month,1,79.25,79.25,Fiber optic,Electronic check,No,No,Yes,0.9217460950101724,High
3097-NQYSN,Month-to-month,2,86.85,156.35,Fiber optic,Mailed check,No,No,Yes,0.921611614425016,High
6861-XWTWQ,Month-to-month,7,99.25,665.45,Fiber optic,Electronic check,No,No,Yes,0.9212636782496576,High
0318-QUUOB,Month-to-month,1,80.55,80.55,Fiber optic,Electronic check,No,No,Yes,0.9211748816300145,High
6015-VVHHE,Month-to-month,5,83.15,446.05,Fiber optic,Credit card (automatic),No,No,Yes,0.9210823923260096,High
8622-ZLFKO,Month-to-month,6,90.75,512.25,Fiber optic,Electronic check,No,No,No,0.9210731928964485,High
6358-LYNGM,Month-to-month,1,74.9,74.9,Fiber optic,Electronic check,No,No,Yes,0.9208489778611018,High
1157-BQCUW,Month-to-month,1,74.95,74.95,Fiber optic,Electronic check,No,No,Yes,0.9207935891191698,High
3462-BJQQA,Month-to-month,6,89.75,552.65,Fiber optic,Electronic check,No,No,No,0.920787173258184,High
7330-WZLNC,Month-to-month,5,90.8,455.5,Fiber optic,Electronic check,No,No,Yes,0.9206739503649535,High
1452-VOQCH,Month-to-month,1,75.1,75.1,Fiber optic,Electronic check,No,No,No,0.9206272102776477,High
9787-XVQIU,Month-to-month,1,75.3,75.3,Fiber optic,Electronic check,No,No,Yes,0.9204048750473118,High
8740-CRYFY,Month-to-month,1,78.95,78.95,Fiber optic,Electronic check,No,No,Yes,0.920297987232396,High
5834-ASPWA,Month-to-month,1,75.45,75.45,Fiber optic,Electronic check,No,No,Yes,0.9202377504134523,High
3519-ZKXGG,Month-to-month,3,75.85,256.6,Fiber optic,Electronic check,No,No,Yes,0.9201936489002518,High
5960-WPXQM,Month-to-month,1,79.05,79.05,Fiber optic,Electronic check,No,No,Yes,0.9201864697873726,High
4234-XTNEA,Month-to-month,2,79.95,174.45,Fiber optic,Electronic check,No,No,No,0.9201402205914596,High
6457-USBER,Month-to-month,1,80.8,80.8,Fiber optic,Electronic check,No,No,Yes,0.9200304336480404,High
9878-TNQGW,Month-to-month,2,80.95,171.15,Fiber optic,Electronic check,No,No,Yes,0.919786828250601,High
2514-GINMM,Month-to-month,1,79.5,79.5,Fiber optic,Electronic check,No,No,Yes,0.9196828759897365,High
1761-AEZZR,Month-to-month,1,79.55,79.55,Fiber optic,Electronic check,No,No,Yes,0.9196267424502752,High
2202-CUYXZ,Month-to-month,1,84.85,84.85,Fiber optic,Electronic check,No,No,Yes,0.9194626543703117,High
3006-XIMLN,Month-to-month,2,94.2,193.8,Fiber optic,Bank transfer (automatic),No,No,Yes,0.9192593150478455,High
8884-ADFVN,Month-to-month,7,101.95,700.85,Fiber optic,Electronic check,No,No,Yes,0.919215854889962,High
9300-RENDD,Month-to-month,1,79.95,79.95,Fiber optic,Electronic check,No,No,Yes,0.9191763837933954,High
0637-KVDLV,Month-to-month,2,76.5,162.45,Fiber optic,Electronic check,No,No,Yes,0.9190150725023979,High
4415-IJZTP,Month-to-month,1,74.5,74.5,Fiber optic,Electronic check,No,No,Yes,0.9190067771175034,High
0495-RVCBF,Month-to-month,1,79.7,79.7,Fiber optic,Electronic check,No,No,Yes,0.9189664216216896,High
4844-JJWUY,Month-to-month,1,86.0,86.0,Fiber optic,Electronic check,No,No,Yes,0.9189623212681919,High
7817-BOQPW,Month-to-month,2,75.55,166.3,Fiber optic,Electronic check,No,No,Yes,0.9189120182618908,High
7439-DKZTW,Month-to-month,1,80.55,80.55,Fiber optic,Electronic check,No,No,No,0.9184965295083772,High
0404-SWRVG,Month-to-month,3,74.4,229.55,Fiber optic,Electronic check,No,No,Yes,0.9184382429105046,High
2789-HQBOU,Month-to-month,3,80.35,253.8,Fiber optic,Electronic check,No,No,No,0.9184159150134035,High
7341-LXCAF,Month-to-month,4,74.65,301.4,Fiber optic,Electronic check,No,No,Yes,0.9183807458211404,High
8816-VXNZD,Month-to-month,1,75.1,75.1,Fiber optic,Electronic check,No,No,Yes,0.9183256229397914,High
8780-IXSTS,Month-to-month,6,90.1,521.3,Fiber optic,Electronic check,No,No,Yes,0.9181666110412261,High
4140-MUHUG,Month-to-month,3,86.85,220.95,Fiber optic,Electronic check,No,No,Yes,0.9179769707840765,High
9837-BMCLM,Month-to-month,3,78.5,242.05,Fiber optic,Electronic check,No,No,Yes,0.9178544774827241,High
0684-AOSIH,Month-to-month,1,95.0,95.0,Fiber optic,Electronic check,No,Yes,Yes,0.9177039440832835,High
4822-RVYBB,Month-to-month,8,100.6,819.4,Fiber optic,Electronic check,No,No,Yes,0.9176165861128329,High
7218-HKQFK,Month-to-month,2,94.2,167.5,Fiber optic,Electronic check,Yes,No,Yes,0.9175796820925507,High
7938-OUHIO,Month-to-month,3,98.7,293.65,Fiber optic,Electronic check,Yes,No,Yes,0.9175545940377878,High
5868-YWPDW,Month-to-month,6,84.2,519.15,Fiber optic,Electronic check,No,No,Yes,0.9174257453052065,High
0220-EBGCE,Month-to-month,2,85.85,167.3,Fiber optic,Electronic check,No,No,Yes,0.917368618371408,High
4614-NUVZD,Month-to-month,1,81.1,81.1,Fiber optic,Electronic check,No,No,Yes,0.917368219656072,High
0880-TKATG,Month-to-month,4,101.15,385.9,Fiber optic,Electronic check,No,No,Yes,0.9173452345132889,High
8058-INTPH,Month-to-month,1,79.65,79.65,Fiber optic,Electronic check,No,No,Yes,0.9171834141594188,High
1393-IMKZG,Month-to-month,1,95.85,95.85,Fiber optic,Electronic check,Yes,No,No,0.9167010478426536,High
7120-RFMVS,Month-to-month,1,84.5,84.5,Fiber optic,Electronic check,No,No,Yes,0.9165602280659664,High
5494-HECPR,Month-to-month,1,80.25,80.25,Fiber optic,Electronic check,No,No,Yes,0.9164883189452556,High
5597-GLBUC,Month-to-month,1,85.45,85.45,Fiber optic,Electronic check,No,No,Yes,0.9164348377660906,High
2004-OCQXK,Month-to-month,1,81.95,81.95,Fiber optic,Electronic check,No,No,Yes,0.9163839397116931,High
4581-SSPWD,Month-to-month,3,75.8,246.3,Fiber optic,Electronic check,No,No,Yes,0.9161652324753106,High
1981-INRFU,Month-to-month,2,79.75,164.5,Fiber optic,Electronic check,No,No,Yes,0.916123532416923,High
2609-IAICY,Month-to-month,1,77.15,77.15,Fiber optic,Electronic check,No,No,Yes,0.9159588071114741,High
4806-KEXQR,Month-to-month,4,79.9,324.3,Fiber optic,Electronic check,No,No,Yes,0.9157376988081765,High
0781-LKXBR,Month-to-month,9,100.5,918.6,Fiber optic,Electronic check,No,No,Yes,0.9157004140020573,High
0334-GDDSO,Month-to-month,3,81.35,233.7,Fiber optic,Electronic check,No,No,Yes,0.9154407463657208,High
8443-ZRDBZ,Month-to-month,4,76.05,318.9,Fiber optic,Electronic check,No,No,Yes,0.9152106267311456,High
9223-UCPVT,Month-to-month,1,94.4,94.4,Fiber optic,Electronic check,No,No,Yes,0.9146492290494088,High
7503-ZGUZJ,Month-to-month,1,84.65,84.65,Fiber optic,Mailed check,No,No,Yes,0.9145208609583202,High
1678-FYZOW,Month-to-month,3,79.4,244.65,Fiber optic,Electronic check,No,No,Yes,0.9144047814800935,High
5835-BEQEU,Month-to-month,3,76.95,228.4,Fiber optic,Electronic check,No,No,Yes,0.9142772220567813,High
2959-MJHIC,Month-to-month,4,80.35,307.4,Fiber optic,Electronic check,No,No,Yes,0.9141809269740075,High
2012-NWRPA,Month-to-month,11,99.55,1131.2,Fiber optic,Electronic check,No,No,Yes,0.9140321143185347,High
2612-RRIDN,Month-to-month,4,81.0,340.85,Fiber optic,Electronic check,No,No,Yes,0.9138019239387617,High
4210-QFJMF,Month-to-month,4,79.15,317.25,Fiber optic,Electronic check,No,No,Yes,0.9137753544358967,High
1618-CFHME,Month-to-month,2,75.9,143.35,Fiber optic,Electronic check,No,No,Yes,0.9136830386422408,High
9306-CPCBC,Month-to-month,3,74.25,210.3,Fiber optic,Electronic check,No,No,Yes,0.9136501420584499,High
9689-PTNPG,Month-to-month,2,80.25,144.55,Fiber optic,Electronic check,No,No,Yes,0.9136153459808073,High
7294-TMAOP,Month-to-month,1,90.55,90.55,Fiber optic,Electronic check,No,No,Yes,0.9130897353796985,High
1320-HTRDR,Month-to-month,3,75.5,220.6,Fiber optic,Electronic check,No,No,Yes,0.9130738389514953,High
9124-LHCJQ,Month-to-month,1,85.45,85.45,Fiber optic,Mailed check,No,No,Yes,0.9130415934981118,High
5797-APWZC,Month-to-month,1,90.6,90.6,Fiber optic,Electronic check,No,No,Yes,0.9130294296558013,High
4090-KPJIP,Month-to-month,3,74.95,212.4,Fiber optic,Electronic check,No,No,No,0.9128096885553524,High
5419-CONWX,Month-to-month,4,99.8,442.85,Fiber optic,Credit card (automatic),No,No,Yes,0.9126205088539217,High
4229-CZMLL,Month-to-month,6,74.9,469.8,Fiber optic,Electronic check,No,No,Yes,0.9124203224191613,High
4395-PZMSN,Month-to-month,5,85.55,408.5,Fiber optic,Electronic check,No,No,No,0.9124104937676425,High
8083-YTZES,Month-to-month,4,74.35,265.35,Fiber optic,Electronic check,No,No,Yes,0.9123011094524546,High
7074-IEVOJ,Month-to-month,3,79.4,205.05,Fiber optic,Electronic check,No,No,Yes,0.9121227953654839,High
1363-TXLSL,Month-to-month,1,70.3,70.3,Fiber optic,Electronic check,No,No,Yes,0.912095533413984,High
8185-UPYBR,Month-to-month,6,75.5,438.0,Fiber optic,Electronic check,No,No,Yes,0.9120520883657024,High
9799-CAYJJ,Month-to-month,2,69.3,153.8,Fiber optic,Electronic check,No,No,No,0.9119877319492113,High
5349-IECLD,Month-to-month,2,94.95,178.1,Fiber optic,Electronic check,No,No,Yes,0.9119591641877698,High
5644-PDMZC,Month-to-month,2,89.5,161.5,Fiber optic,Electronic check,No,No,Yes,0.9119435008060011,High
6356-ELRKD,Month-to-month,1,95.6,95.6,Fiber optic,Electronic check,No,Yes,Yes,0.9117362941976233,High
6941-PMGEP,Month-to-month,5,80.0,412.5,Fiber optic,Electronic check,No,No,Yes,0.9117108021817252,High
4749-OJKQU,Month-to-month,4,75.65,302.35,Fiber optic,Electronic check,No,No,No,0.9116472066250254,High
4529-CKBCL,Month-to-month,2,80.2,146.05,Fiber optic,Electronic check,No,No,Yes,0.9115351542580368,High
7563-BIUPC,Month-to-month,5,80.6,415.55,Fiber optic,Electronic check,No,No,Yes,0.9115181590332109,High
8992-JQYUN,Month-to-month,1,50.35,50.35,DSL,Electronic check,No,No,Yes,0.9111894111330561,High
6357-JJPQT,Month-to-month,3,80.5,232.35,Fiber optic,Electronic check,No,No,No,0.9108626195542253,High
4795-KTRTH,Month-to-month,5,81.0,371.65,Fiber optic,Electronic check,No,No,Yes,0.9108271834642936,High
7493-TPUWZ,Month-to-month,1,79.15,79.15,Fiber optic,Electronic check,No,No,Yes,0.9106806479420415,High
8752-STIVR,Month-to-month,4,79.0,303.15,Fiber optic,Electronic check,No,No,Yes,0.9105477651504117,High
2660-EMUBI,Month-to-month,10,95.35,898.35,Fiber optic,Electronic check,No,No,Yes,0.9105403404733143,High
7450-NWRTR,Month-to-month,12,99.45,1200.15,Fiber optic,Electronic check,No,No,Yes,0.9105141078413695,High
2506-TNFCO,Month-to-month,1,69.55,69.55,Fiber optic,Electronic check,No,No,Yes,0.9105037776093559,High
7760-OYPDY,Month-to-month,2,80.65,144.15,Fiber optic,Electronic check,No,No,Yes,0.9103773945742297,High
8161-QYMTT,Month-to-month,7,94.1,701.3,Fiber optic,Electronic check,No,No,No,0.910132365471726,High
8775-ERLNB,Month-to-month,1,74.3,74.3,Fiber optic,Electronic check,No,No,No,0.9099598343694706,High
8062-YBDOE,Month-to-month,1,69.65,69.65,Fiber optic,Electronic check,No,No,Yes,0.9099516279332055,High
1628-BIZYP,Month-to-month,1,85.0,85.0,Fiber optic,Electronic check,No,No,No,0.9098295959002272,High
5539-TMZLF,Month-to-month,1,69.75,69.75,Fiber optic,Electronic check,No,No,Yes,0.9098270525045571,High
2880-FPNAE,Month-to-month,2,74.2,140.1,Fiber optic,Electronic check,No,No,No,0.9097603082659279,High
4853-OITSN,Month-to-month,5,89.15,413.25,Fiber optic,Electronic check,No,Yes,No,0.9096731790416561,High
7314-OXENN,Month-to-month,2,82.0,184.65,Fiber optic,Electronic check,No,No,Yes,0.9095357819626966,High
9603-OAIHC,Month-to-month,1,70.05,70.05,Fiber optic,Electronic check,No,No,No,0.9094523941994853,High
2235-DWLJU,Month-to-month,6,44.4,263.05,DSL,Electronic check,No,No,No,0.9089613288692696,High
5561-NWEVX,Month-to-month,2,79.2,172.85,Fiber optic,Electronic check,No,No,Yes,0.9087676262426335,High
0306-JAELE,Month-to-month,5,96.1,453.4,Fiber optic,Electronic check,Yes,No,Yes,0.9084823300202759,High
8242-SOQUO,Month-to-month,5,84.7,392.5,Fiber optic,Electronic check,No,No,No,0.9078843816373092,High
7206-GZCDC,Month-to-month,1,69.25,69.25,Fiber optic,Electronic check,No,No,Yes,0.9078811691674655,High
0329-GTIAJ,Month-to-month,3,97.9,315.3,Fiber optic,Electronic check,Yes,No,Yes,0.9078541944988445,High
6857-VWJDT,Month-to-month,1,95.65,95.65,Fiber optic,Mailed check,No,No,Yes,0.9076102972185436,High
1455-UGQVH,Month-to-month,10,98.5,1037.75,Fiber optic,Electronic check,No,No,Yes,0.9075225398578585,High
7180-PISOG,Month-to-month,1,74.5,74.5,Fiber optic,Electronic check,No,No,Yes,0.9074986924293531,High
2636-ALXXZ,Month-to-month,1,69.6,69.6,Fiber optic,Electronic check,No,No,Yes,0.9074354562919227,High
8375-DKEBR,Month-to-month,1,69.6,69.6,Fiber optic,Electronic check,No,No,Yes,0.9074354562919227,High
8644-XLFBW,Month-to-month,1,71.65,71.65,Fiber optic,Electronic check,No,No,Yes,0.9074304573399798,High
4871-JTKJF,Month-to-month,1,69.65,69.65,Fiber optic,Electronic check,No,No,Yes,0.907371625160105,High
7903-CMPEY,Month-to-month,1,80.3,80.3,Fiber optic,Electronic check,No,Yes,Yes,0.9073562989730619,High
1569-TTNYJ,Month-to-month,5,78.75,412.1,Fiber optic,Electronic check,No,No,Yes,0.9073286727584476,High
0345-HKJVM,Month-to-month,6,89.3,577.6,Fiber optic,Electronic check,No,No,Yes,0.9073196991600367,High
5550-VFRLC,Month-to-month,1,69.85,69.85,Fiber optic,Electronic check,No,No,Yes,0.9071159052424353,High
8000-REIQB,Month-to-month,1,69.95,69.95,Fiber optic,Electronic check,No,No,Yes,0.9069878077936276,High
3295-YVUSR,Month-to-month,2,72.6,154.3,Fiber optic,Mailed check,No,No,No,0.9069501120999549,High
1846-XWOQN,Month-to-month,1,70.15,70.15,Fiber optic,Electronic check,No,No,Yes,0.9067311371854295,High
9605-WGJVW,Month-to-month,1,70.2,70.2,Fiber optic,Electronic check,No,No,No,0.906666870320462,High
4626-GYCZP,Month-to-month,7,93.85,635.6,Fiber optic,Electronic check,No,No,Yes,0.9063173942083719,High
8051-HJRLT,Month-to-month,1,70.55,70.55,Fiber optic,Electronic check,No,No,Yes,0.9062158890354401,High
6168-WFVVF,Month-to-month,3,70.3,235.5,Fiber optic,Electronic check,No,No,Yes,0.9058656016069098,High
7044-YAACC,Month-to-month,4,70.2,280.35,Fiber optic,Electronic check,No,No,No,0.9057543275908776,High
2018-QKYGT,Month-to-month,1,81.05,81.05,Fiber optic,Electronic check,No,No,No,0.9057161126987845,High
8348-HFYIV,Month-to-month,2,49.25,90.35,DSL,Electronic check,No,No,Yes,0.9055671940761917,High
9488-HGMJH,Month-to-month,1,71.15,71.15,Fiber optic,Electronic check,No,No,Yes,0.905438231944943,High
3878-AVSOQ,Month-to-month,1,71.25,71.25,Fiber optic,Electronic check,No,No,No,0.9053080623209669,High
3422-GALYP,Month-to-month,2,79.45,145.15,Fiber optic,Electronic check,No,No,No,0.905097971636862,High
4132-KALRO,Month-to-month,4,100.85,399.25,Fiber optic,Mailed check,Yes,No,No,0.904781913332917,High
8372-JUXUI,Month-to-month,1,74.35,74.35,Fiber optic,Electronic check,No,No,Yes,0.9046007312861868,High
4342-HENTK,Month-to-month,2,70.65,142.35,Fiber optic,Electronic check,No,No,Yes,0.9041070325293635,High
5804-LEPIM,Month-to-month,2,70.35,139.05,Fiber optic,Electronic check,No,No,Yes,0.903878977574193,High
9274-CNFMO,Month-to-month,4,74.95,308.7,Fiber optic,Electronic check,No,No,Yes,0.9036056948316735,High
7005-CCBKV,Month-to-month,6,84.4,556.35,Fiber optic,Electronic check,No,No,Yes,0.9036004244934598,High
5276-KQWHG,Month-to-month,2,69.6,131.65,Fiber optic,Electronic check,No,No,Yes,0.9035039552681751,High
9885-CSMWE,Month-to-month,1,78.45,78.45,Fiber optic,Electronic check,No,No,Yes,0.9034950222647617,High
9305-CDSKC,Month-to-month,8,99.65,820.5,Fiber optic,Electronic check,No,No,Yes,0.9034767219313291,High
7235-NXZCP,Month-to-month,2,74.85,156.4,Fiber optic,Mailed check,No,No,Yes,0.9034736420507077,High
0644-OQMDK,Month-to-month,4,70.65,293.85,Fiber optic,Electronic check,No,No,No,0.9033843003713308,High
5167-ZFFMM,Month-to-month,1,90.85,90.85,Fiber optic,Credit card (automatic),No,No,Yes,0.9033455030213714,High
4143-OOBWZ,Month-to-month,5,81.3,416.3,Fiber optic,Electronic check,No,No,Yes,0.9032364016751345,High
8361-LTMKD,Month-to-month,4,74.4,306.6,Fiber optic,Mailed check,No,No,Yes,0.9022348176960365,High
1731-TVIUK,Month-to-month,4,93.5,362.2,Fiber optic,Electronic check,Yes,No,Yes,0.9020988510029201,High
2737-WFVYW,Month-to-month,2,45.25,85.5,DSL,Electronic check,No,No,Yes,0.9020615352402359,High
2982-IHMFT,Month-to-month,1,74.45,74.45,Fiber optic,Mailed check,No,No,Yes,0.901974295055375,High
3389-YGYAI,Month-to-month,8,105.5,829.55,Fiber optic,Electronic check,No,No,Yes,0.9018912909007605,High
2495-INZWQ,Month-to-month,4,44.55,174.3,DSL,Electronic check,No,No,Yes,0.9017966657230019,High
7594-RQHXR,Month-to-month,1,79.6,79.6,Fiber optic,Electronic check,No,No,Yes,0.9017686988986071,High
1980-KXVPM,Month-to-month,3,75.05,256.25,Fiber optic,Credit card (automatic),No,No,Yes,0.9016819350284528,High
2799-ARNLO,Month-to-month,5,69.35,341.6,Fiber optic,Electronic check,No,No,No,0.9014846228912193,High
7943-RQCHR,Month-to-month,9,94.75,889.9,Fiber optic,Electronic check,No,No,Yes,0.901433558229141,High
2982-VPSGI,Month-to-month,11,94.0,1078.9,Fiber optic,Electronic check,No,No,Yes,0.9011501223050556,High
9897-KXHCM,Month-to-month,3,80.3,250.05,Fiber optic,Electronic check,No,No,Yes,0.9009417355119267,High
2055-PDADH,Month-to-month,3,70.4,204.7,Fiber optic,Electronic check,No,No,Yes,0.9009034319738257,High
9134-CEQMF,Month-to-month,7,89.5,676.7,Fiber optic,Electronic check,No,No,Yes,0.9007975271754386,High
2952-QAYZF,Month-to-month,5,85.3,424.15,Fiber optic,Electronic check,No,No,Yes,0.9004452029495837,High
8972-HJWNV,Month-to-month,7,84.55,646.85,Fiber optic,Electronic check,No,No,Yes,0.9001898937039727,High
2516-VQRRV,Month-to-month,2,75.45,158.4,Fiber optic,Mailed check,No,No,Yes,0.9001027250661481,High
2081-VEYEH,Month-to-month,3,107.95,318.6,Fiber optic,Electronic check,Yes,No,No,0.8999839821238265,High
5919-TMRGD,Month-to-month,1,79.35,79.35,Fiber optic,Electronic check,No,No,Yes,0.8999226167537262,High
2472-OVKUP,Month-to-month,6,91.0,531.0,Fiber optic,Electronic check,No,No,Yes,0.8997505629037018,High
1447-GIQMR,Month-to-month,1,69.15,69.15,Fiber optic,Electronic check,No,No,Yes,0.8997013359751713,High
0564-JJHGS,Month-to-month,9,95.5,829.1,Fiber optic,Electronic check,No,No,Yes,0.8995339771003953,High
9317-WZPGV,Month-to-month,2,79.75,159.4,Fiber optic,Bank transfer (automatic),No,No,Yes,0.8994783738357073,High
2074-GKOWZ,Month-to-month,2,89.55,185.55,Fiber optic,Bank transfer (automatic),No,No,Yes,0.8992905990402922,High
2761-OCIAX,Month-to-month,2,74.7,165.4,Fiber optic,Electronic check,No,No,Yes,0.8989594268924963,High
2968-SSGAA,Month-to-month,10,100.6,1060.2,Fiber optic,Electronic check,No,No,Yes,0.8989511079492937,High
9239-ZBZZV,Month-to-month,6,47.95,305.1,DSL,Electronic check,No,No,Yes,0.898565516554939,High
3902-FOIGH,Month-to-month,12,101.35,1218.55,Fiber optic,Electronic check,No,No,Yes,0.8984479150976469,High
8779-QRDMV,Month-to-month,1,39.65,39.65,DSL,Electronic check,No,No,Yes,0.898423777329033,High
9061-TIHDA,Month-to-month,13,95.25,1233.65,Fiber optic,Electronic check,No,No,Yes,0.8983216412739612,High
2379-ENZGV,Month-to-month,6,84.85,523.5,Fiber optic,Electronic check,No,No,Yes,0.8979473108742475,High
2984-AFWNC,Month-to-month,3,95.4,293.15,Fiber optic,Electronic check,No,No,No,0.8977622191302888,High
6877-TJMBR,Month-to-month,1,84.8,84.8,Fiber optic,Electronic check,Yes,No,Yes,0.8976578047295698,High
4566-NECEV,Month-to-month,5,96.55,500.1,Fiber optic,Electronic check,No,No,No,0.8971808615401563,High
4806-HIPDW,Month-to-month,1,68.95,68.95,Fiber optic,Electronic check,No,No,Yes,0.8971416884470196,High
0897-FEGMU,Month-to-month,11,99.5,1056.95,Fiber optic,Electronic check,No,No,Yes,0.897033514951629,High
1977-STDKI,Month-to-month,1,73.0,73.0,Fiber optic,Electronic check,No,No,Yes,0.8969389995344812,High
0187-QSXOE,Month-to-month,7,89.0,605.45,Fiber optic,Electronic check,No,No,No,0.8967075594347473,High
3716-BDVDB,Month-to-month,1,69.1,69.1,Fiber optic,Electronic check,No,No,Yes,0.8964459689959342,High
3191-CSNMG,Month-to-month,3,80.7,239.45,Fiber optic,Electronic check,No,No,No,0.8962471408414473,High
6457-GIRWB,Month-to-month,1,69.35,69.35,Fiber optic,Electronic check,No,No,Yes,0.8960928242002371,High
3428-XZMAZ,Month-to-month,1,69.35,69.35,Fiber optic,Electronic check,No,No,Yes,0.8960928242002371,High
3198-VELRD,Month-to-month,3,84.75,264.85,Fiber optic,Bank transfer (automatic),No,No,Yes,0.8959748058614136,High
1820-TQVEV,Month-to-month,1,69.55,69.55,Fiber optic,Electronic check,No,No,Yes,0.895809542216667,High
6502-MJQAE,Month-to-month,1,69.6,69.6,Fiber optic,Electronic check,No,No,Yes,0.89573861516135,High
7254-IQWOZ,Month-to-month,1,69.65,69.65,Fiber optic,Electronic check,No,No,Yes,0.8956676454462511,High
8413-VONUO,Month-to-month,2,95.65,167.3,Fiber optic,Electronic check,No,No,Yes,0.8955783509972599,High
4510-HIMLV,Month-to-month,1,69.8,69.8,Fiber optic,Electronic check,No,No,Yes,0.8954544801622694,High
4603-JANFB,Month-to-month,1,69.85,69.85,Fiber optic,Electronic check,No,No,Yes,0.8953833396280643,High
9804-ICWBG,Month-to-month,1,69.9,69.9,Fiber optic,Electronic check,No,No,Yes,0.895312156344103,High
5542-TBBWB,Month-to-month,1,69.9,69.9,Fiber optic,Electronic check,No,No,No,0.895312156344103,High
5875-YPQFJ,Month-to-month,1,69.9,69.9,Fiber optic,Electronic check,No,No,Yes,0.895312156344103,High
3494-JCHRQ,Month-to-month,1,70.05,70.05,Fiber optic,Electronic check,No,No,Yes,0.8950983498138407,High
2897-DOVND,Month-to-month,2,69.8,146.65,Fiber optic,Electronic check,No,No,No,0.8947869147459617,High
2446-PLQVO,Month-to-month,1,70.3,70.3,Fiber optic,Electronic check,No,No,Yes,0.8947411489235554,High
2636-OHFMN,Month-to-month,4,48.55,201.0,DSL,Electronic check,No,No,Yes,0.8947398737655574,High
3793-MMFUH,Month-to-month,13,95.05,1290.0,Fiber optic,Electronic check,No,No,Yes,0.8946787380056861,High
7465-ZZRVX,Month-to-month,1,70.35,70.35,Fiber optic,Electronic check,No,No,No,0.8946695800828042,High
4078-SAYYN,Month-to-month,11,100.75,1129.75,Fiber optic,Electronic check,No,No,Yes,0.8946547178196637,High
3138-BKYAV,Month-to-month,6,85.35,489.45,Fiber optic,Electronic check,No,No,Yes,0.894137685769627,High
1075-BGWOH,Month-to-month,16,98.75,1587.55,Fiber optic,Electronic check,No,No,Yes,0.8941246216040671,High
6689-TCZHQ,Month-to-month,5,78.95,378.4,Fiber optic,Electronic check,No,No,Yes,0.8940965961985311,High
9965-YOKZB,Month-to-month,9,83.85,790.15,Fiber optic,Electronic check,No,No,Yes,0.8940189688863833,High
9728-FTTVZ,Month-to-month,1,69.2,69.2,Fiber optic,Electronic check,No,No,Yes,0.8933796514666056,High
7660-HDPJV,Month-to-month,1,69.2,69.2,Fiber optic,Electronic check,No,No,Yes,0.8933796514666056,High
7526-BEZQB,Month-to-month,12,96.05,1148.1,Fiber optic,Electronic check,No,No,Yes,0.8932384688907851,High
5095-AESKG,Month-to-month,3,91.5,242.95,Fiber optic,Credit card (automatic),No,No,Yes,0.8931538071886117,High
9717-QEBGU,Month-to-month,2,70.3,144.0,Fiber optic,Electronic check,No,No,No,0.8931478278658509,High
3746-EUBYR,Month-to-month,1,74.6,74.6,Fiber optic,Bank transfer (automatic),No,No,Yes,0.8929750281935517,High
0488-GSLFR,Month-to-month,1,69.5,69.5,Fiber optic,Electronic check,No,No,Yes,0.8929446970070188,High
7379-POKDZ,Month-to-month,3,70.3,208.85,Fiber optic,Electronic check,No,No,Yes,0.8929366717225041,High
2369-UAPKZ,Month-to-month,5,104.1,541.9,Fiber optic,Mailed check,No,No,Yes,0.8929173643680505,High
0495-ZBNGW,Month-to-month,5,79.9,343.95,Fiber optic,Bank transfer (automatic),No,No,Yes,0.8928288894622612,High
7273-TEFQD,Month-to-month,3,41.15,132.2,DSL,Electronic check,No,No,Yes,0.892803115346305,High
7665-TOALD,Month-to-month,1,69.6,69.6,Fiber optic,Electronic check,No,No,Yes,0.8927993655135856,High
8337-UPOAQ,Month-to-month,10,89.8,914.3,Fiber optic,Electronic check,No,No,Yes,0.892797789790257,High
6996-KNSML,Month-to-month,1,74.9,74.9,Fiber optic,Electronic check,No,No,Yes,0.8925869045069246,High
1251-STYSZ,Month-to-month,4,80.25,303.7,Fiber optic,Electronic check,No,Yes,No,0.8923547166973672,High
8835-VSDSE,Month-to-month,2,70.7,141.45,Fiber optic,Electronic check,No,No,Yes,0.8922147931666092,High
4702-IOQDC,Month-to-month,1,70.1,70.1,Fiber optic,Electronic check,No,No,Yes,0.8920701015630597,High
0328-GRPMV,Month-to-month,1,70.1,70.1,Fiber optic,Electronic check,No,No,Yes,0.8920701015630597,High
5393-RXQSZ,Month-to-month,1,79.6,79.6,Fiber optic,Electronic check,No,No,Yes,0.8920352580146204,High
0679-IDSTG,Month-to-month,1,69.25,69.25,Fiber optic,Electronic check,No,No,Yes,0.8920147068277956,High
3244-DCJWY,Month-to-month,1,70.25,70.25,Fiber optic,Electronic check,No,No,Yes,0.8918504735308523,High
1640-PLFMP,Month-to-month,1,70.25,70.25,Fiber optic,Electronic check,No,No,No,0.8918504735308523,High
3811-VBYBZ,Month-to-month,7,99.8,673.25,Fiber optic,Electronic check,No,No,Yes,0.8918069199729459,High
6653-CBBOM,Month-to-month,1,70.3,70.3,Fiber optic,Electronic check,No,No,Yes,0.8917771769591312,High
4145-UQXUQ,Month-to-month,8,92.1,729.95,Fiber optic,Electronic check,No,No,Yes,0.8917646781702651,High
1285-OKIPP,Month-to-month,1,79.9,79.9,Fiber optic,Electronic check,No,No,Yes,0.8915954846327409,High
6372-RFVNS,Month-to-month,1,78.8,78.8,Fiber optic,Electronic check,No,No,Yes,0.8913521128624236,High
5376-DEQCP,Month-to-month,1,70.6,70.6,Fiber optic,Electronic check,No,No,Yes,0.8913364803917116,High
9237-HQITU,Month-to-month,2,70.7,151.65,Fiber optic,Electronic check,No,No,Yes,0.8913265688801271,High
3750-CKVKH,Month-to-month,2,67.75,116.65,Fiber optic,Electronic check,No,No,Yes,0.8911781217268936,High
5159-YFPKQ,Month-to-month,2,75.8,160.75,Fiber optic,Electronic check,No,No,Yes,0.8911329479093597,High
7668-XCFYV,Month-to-month,17,92.55,1614.7,Fiber optic,Electronic check,No,No,No,0.8911080942958177,High
2737-YNGYW,Month-to-month,2,80.55,184.1,Fiber optic,Electronic check,No,No,Yes,0.8910688543597773,High
1031-IIDEO,Month-to-month,1,70.85,70.85,Fiber optic,Electronic check,No,No,Yes,0.8909680302818274,High
5383-MMTWC,Month-to-month,8,84.0,613.4,Fiber optic,Electronic check,No,No,Yes,0.8908622392609449,High
2867-UIMSS,Month-to-month,1,80.5,80.5,Fiber optic,Electronic check,No,No,Yes,0.8907112157654569,High
3776-EKTKM,Month-to-month,1,36.45,36.45,DSL,Electronic check,No,No,Yes,0.8903761289849446,High
6110-OHIHY,Month-to-month,3,79.25,267.6,Fiber optic,Electronic check,No,No,Yes,0.8903535475565424,High
3992-YWPKO,Month-to-month,6,109.9,669.45,Fiber optic,Credit card (automatic),Yes,No,Yes,0.8901272864275916,High
9633-XQABV,Month-to-month,3,70.25,229.7,Fiber optic,Electronic check,No,No,No,0.8901049056528861,High
5442-UTCVD,Month-to-month,3,91.85,257.05,Fiber optic,Electronic check,No,No,Yes,0.8900268980173881,High
3707-GNWHM,Month-to-month,1,74.25,74.25,Fiber optic,Mailed check,No,No,Yes,0.8899691840410432,High
3320-VEOYC,Month-to-month,14,95.6,1273.3,Fiber optic,Electronic check,No,No,No,0.8897221454609848,High
2205-YMZZJ,Month-to-month,7,84.8,546.95,Fiber optic,Electronic check,No,No,Yes,0.8896446449050808,High
5519-NPHVG,Month-to-month,12,94.2,1046.1,Fiber optic,Electronic check,No,No,Yes,0.8893473199540755,High
6060-DRTNL,Month-to-month,5,84.85,415.55,Fiber optic,Mailed check,No,No,Yes,0.8891528791413207,High
2642-DTVCO,Month-to-month,9,85.05,746.5,Fiber optic,Electronic check,No,No,Yes,0.8890795322712317,High
4482-EWFMI,Month-to-month,2,69.7,135.2,Fiber optic,Electronic check,No,No,No,0.8890538220497726,High
2777-PHDEI,Month-to-month,1,78.05,78.05,Fiber optic,Electronic check,No,No,Yes,0.888914116106365,High
2276-YDAVZ,Month-to-month,3,75.1,270.7,Fiber optic,Credit card (automatic),No,No,Yes,0.8887157537365449,High
7779-LGOVN,Month-to-month,10,86.65,856.65,Fiber optic,Electronic check,No,No,Yes,0.8883756379426613,High
8058-JMEQO,Month-to-month,9,84.45,762.5,Fiber optic,Electronic check,No,No,Yes,0.8881811179774242,High
9507-EXLTT,Month-to-month,1,79.35,79.35,Fiber optic,Bank transfer (automatic),No,No,Yes,0.8881753525396163,High
5760-IFJOZ,Month-to-month,3,107.95,313.6,Fiber optic,Mailed check,No,No,No,0.8881084163998569,High
7225-CBZPL,Month-to-month,17,94.8,1563.9,Fiber optic,Electronic check,No,No,No,0.8879790363696763,High
8266-VBFQL,Month-to-month,4,90.4,356.65,Fiber optic,Electronic check,Yes,No,No,0.8879450641499764,High
0018-NYROU,Month-to-month,5,68.95,351.5,Fiber optic,Electronic check,No,No,No,0.8879156099078255,High
5275-SQEIZ,Month-to-month,1,80.85,80.85,Fiber optic,Mailed check,No,No,Yes,0.8878148846440939,High
8111-RKSPX,Month-to-month,4,72.2,305.55,Fiber optic,Bank transfer (automatic),No,No,Yes,0.8876201940318871,High
0004-TLHLJ,Month-to-month,4,73.9,280.85,Fiber optic,Electronic check,No,No,Yes,0.8876185722794165,High
4115-NZRKS,Month-to-month,7,89.15,574.35,Fiber optic,Electronic check,No,No,No,0.8876127601098752,High
3643-AHCFP,Month-to-month,7,95.6,644.35,Fiber optic,Bank transfer (automatic),No,No,Yes,0.8875995526864324,High
3329-WDIOK,Month-to-month,3,50.6,155.35,DSL,Electronic check,No,No,Yes,0.887467690587258,High
7321-VGNKU,Month-to-month,2,70.35,120.25,Fiber optic,Electronic check,No,No,No,0.8873911577245058,High
3721-CNEYS,Month-to-month,2,70.95,137.95,Fiber optic,Electronic check,No,No,Yes,0.8872357349994847,High
6435-SRWBJ,Month-to-month,5,82.75,417.75,Fiber optic,Electronic check,Yes,No,No,0.8871015470805649,High
6772-KSATR,Month-to-month,1,81.7,81.7,Fiber optic,Electronic check,No,Yes,Yes,0.8870664830518825,High
9850-OWRHQ,Month-to-month,3,74.1,228.0,Fiber optic,Credit card (automatic),No,No,Yes,0.8868049779502574,High
6618-RYATB,Month-to-month,1,79.55,79.55,Fiber optic,Mailed check,No,No,Yes,0.8866651363613487,High
6702-OHFWR,Month-to-month,1,43.3,43.3,DSL,Electronic check,No,No,Yes,0.8866514597139485,High
9019-QVLZD,Month-to-month,1,79.55,79.55,Fiber optic,Electronic check,No,No,Yes,0.8866435964082421,High
6960-HVYXR,Month-to-month,1,76.0,76.0,Fiber optic,Electronic check,No,No,Yes,0.8866374398841431,High
3370-HXOPH,Month-to-month,3,76.1,257.6,Fiber optic,Electronic check,No,No,No,0.8865544986192537,High
6786-OBWQR,Month-to-month,5,80.85,356.1,Fiber optic,Electronic check,No,No,No,0.8865098966222521,High
7409-KIUTL,Month-to-month,1,71.0,71.0,Fiber optic,Electronic check,No,No,Yes,0.8858033162498002,High
7823-JSOAG,Month-to-month,3,74.5,217.45,Fiber optic,Electronic check,No,No,No,0.8857897235295047,High
6424-ELEYH,Month-to-month,3,74.75,229.5,Fiber optic,Credit card (automatic),No,No,Yes,0.8857315351897039,High
3453-RTHJQ,Month-to-month,6,69.1,435.0,Fiber optic,Electronic check,No,No,No,0.8856796273964037,High
3276-HDUEG,Month-to-month,1,75.05,75.05,Fiber optic,Mailed check,No,No,Yes,0.8856627093143837,High
7245-NIIWQ,Month-to-month,3,69.85,199.85,Fiber optic,Electronic check,No,No,No,0.8856325080990926,High
0925-VYDLG,Month-to-month,3,75.25,242.0,Fiber optic,Electronic check,No,No,Yes,0.8855097695719485,High
6969-MVBAI,Month-to-month,9,90.1,816.8,Fiber optic,Electronic check,No,No,No,0.8852723762679751,High
7394-LWLYN,Month-to-month,2,70.15,123.8,Fiber optic,Electronic check,No,No,No,0.8850938476517644,High
6221-AVQYL,Month-to-month,2,73.25,131.05,Fiber optic,Credit card (automatic),No,No,Yes,0.885005766482836,High
1602-IJQQE,Month-to-month,4,75.35,338.1,Fiber optic,Electronic check,No,No,Yes,0.8847983792286156,High
8245-UMPYT,Month-to-month,16,96.4,1581.2,Fiber optic,Electronic check,No,No,Yes,0.884299050496168,High
7198-GLXTC,Month-to-month,2,79.0,143.65,Fiber optic,Electronic check,No,No,Yes,0.8841702287269432,High
8183-ONMXC,Month-to-month,2,80.75,159.45,Fiber optic,Electronic check,No,No,Yes,0.8841223848172869,High
6077-BDPXA,Month-to-month,3,70.15,194.2,Fiber optic,Electronic check,No,No,No,0.8839810954394164,High
5935-FCCNB,Month-to-month,17,94.2,1608.15,Fiber optic,Electronic check,No,No,No,0.8838909606934419,High
3904-UKFRE,Month-to-month,4,80.1,336.15,Fiber optic,Electronic check,No,Yes,No,0.8838711447155796,High
6407-UTSLV,Month-to-month,2,83.8,163.7,Fiber optic,Bank transfer (automatic),No,No,No,0.8837088196955819,High
6275-YDUVO,Month-to-month,2,86.2,178.7,Fiber optic,Mailed check,No,No,Yes,0.8834779439702279,High
1658-BYGOY,Month-to-month,18,95.45,1752.55,Fiber optic,Electronic check,No,No,Yes,0.8834569370378792,High
0235-KGSLC,Month-to-month,1,85.55,85.55,Fiber optic,Credit card (automatic),No,No,Yes,0.8830790875434693,High
8382-SHQEH,Month-to-month,8,84.9,764.95,Fiber optic,Electronic check,No,No,Yes,0.883005805190466,High
5565-FILXA,Month-to-month,16,96.15,1529.2,Fiber optic,Electronic check,No,No,Yes,0.8829504850926573,High
6376-GAHQE,Month-to-month,4,77.85,299.2,Fiber optic,Electronic check,No,No,Yes,0.8829232763781304,High
2058-DCJBE,Month-to-month,5,69.75,324.6,Fiber optic,Electronic check,No,No,Yes,0.882782128533285,High
9408-SSNVZ,Month-to-month,4,70.15,268.35,Fiber optic,Electronic check,No,No,Yes,0.8826054131317401,High
5570-PTWEH,Month-to-month,3,75.15,216.75,Fiber optic,Credit card (automatic),No,No,Yes,0.882567910723955,High
1626-ERCMM,Month-to-month,20,94.55,1899.65,Fiber optic,Electronic check,No,No,Yes,0.8824902669898547,High
6688-UZPWD,Month-to-month,11,102.0,1145.35,Fiber optic,Electronic check,No,No,Yes,0.8820529177747215,High
6047-YHPVI,Month-to-month,5,69.7,316.9,Fiber optic,Electronic check,No,No,Yes,0.8820285583481701,High
4274-OWWYO,Month-to-month,1,74.35,74.35,Fiber optic,Electronic check,No,No,Yes,0.881966587061807,High
7693-LCKZL,Month-to-month,5,80.15,385.0,Fiber optic,Electronic check,No,No,Yes,0.8819181042739065,High
5685-IIXLY,Month-to-month,5,83.6,404.2,Fiber optic,Electronic check,No,No,Yes,0.8816415416145462,High
2568-BRGYX,Month-to-month,4,70.2,237.95,Fiber optic,Electronic check,No,No,Yes,0.881495000619729,High
3091-FYHKI,Month-to-month,1,35.45,35.45,DSL,Electronic check,No,No,Yes,0.8810363125305869,High
0841-NULXI,Month-to-month,1,35.55,35.55,DSL,Electronic check,No,No,Yes,0.8808769715988298,High
9250-WYPLL,Month-to-month,5,75.55,413.65,Fiber optic,Electronic check,No,No,Yes,0.8807308942714331,High
3049-NDXFL,Month-to-month,1,85.8,85.8,Fiber optic,Mailed check,No,No,Yes,0.8804545209003862,High
8714-CTZJW,Month-to-month,4,82.85,319.6,Fiber optic,Credit card (automatic),No,No,No,0.8802544931972749,High
6416-TVAIH,Month-to-month,1,68.5,68.5,Fiber optic,Electronic check,No,No,Yes,0.8798398298093606,High
9741-YLNTD,Month-to-month,6,87.95,522.35,Fiber optic,Bank transfer (automatic),Yes,No,No,0.8797363972614444,High
3452-GWUIN,Month-to-month,19,94.95,1760.25,Fiber optic,Electronic check,No,No,No,0.879638062783014,High
7234-FECYN,Month-to-month,8,101.35,780.5,Fiber optic,Electronic check,No,No,Yes,0.8795500637058179,High
8943-URTMR,Month-to-month,2,79.65,152.7,Fiber optic,Mailed check,No,No,Yes,0.8795409200283344,High
6856-RAURS,Month-to-month,2,74.9,136.05,Fiber optic,Mailed check,No,No,No,0.8794412254971418,High
6198-ZFIOJ,Month-to-month,5,75.6,402.5,Fiber optic,Electronic check,No,No,No,0.8793559787361925,High
2485-ITVKB,Month-to-month,2,35.1,68.75,DSL,Electronic check,No,No,Yes,0.878936365356127,High
9221-OTIVJ,Month-to-month,14,104.85,1531.4,Fiber optic,Electronic check,No,No,Yes,0.8787742148501224,High
7384-GHBPI,Month-to-month,3,35.15,99.75,DSL,Electronic check,No,No,Yes,0.8786655421189601,High
0793-TWELN,Month-to-month,4,80.15,319.85,Fiber optic,Electronic check,No,Yes,No,0.8782173443746242,High
0236-HFWSV,Month-to-month,15,93.35,1444.65,Fiber optic,Electronic check,No,No,Yes,0.878201176721977,High
3765-JXVKY,Month-to-month,1,74.7,74.7,Fiber optic,Electronic check,No,No,Yes,0.8781236822687021,High
3871-IKPYH,Month-to-month,1,69.1,69.1,Fiber optic,Electronic check,No,No,Yes,0.8778374375939859,High
5119-NZPTV,Month-to-month,2,70.1,141.65,Fiber optic,Electronic check,No,No,No,0.8777447864625804,High
3606-TWKGI,Month-to-month,13,106.9,1364.3,Fiber optic,Electronic check,No,No,Yes,0.877648630738166,High
3621-CEOVK,Month-to-month,14,100.2,1369.8,Fiber optic,Electronic check,No,No,Yes,0.8775987131393512,High
8035-PWSEV,Month-to-month,6,89.25,487.05,Fiber optic,Electronic check,Yes,No,No,0.8774332903576947,High
1853-UDXBW,Month-to-month,1,70.0,70.0,Fiber optic,Electronic check,No,No,Yes,0.8774094164542137,High
2038-OEQZH,Month-to-month,4,86.05,308.1,Fiber optic,Electronic check,No,No,No,0.8772975739571993,High
4770-UEZOX,Month-to-month,2,74.75,144.8,Fiber optic,Electronic check,No,No,No,0.8772731629614106,High
2027-FECZV,Month-to-month,12,106.7,1253.9,Fiber optic,Electronic check,No,No,Yes,0.8771463856310242,High
9451-LPGOO,Month-to-month,7,86.8,620.35,Fiber optic,Electronic check,No,No,Yes,0.8770091432754789,High
3908-BLSYF,Month-to-month,6,83.9,497.55,Fiber optic,Electronic check,No,No,Yes,0.876588287289842,High
6683-VLCTZ,Month-to-month,20,98.55,1842.8,Fiber optic,Electronic check,No,No,Yes,0.876539163082502,High
5196-SGOAK,Month-to-month,1,75.7,75.7,Fiber optic,Electronic check,No,No,Yes,0.8764882347930067,High
0375-HVGXO,Month-to-month,1,34.7,34.7,DSL,Electronic check,No,No,Yes,0.8763295130568448,High
8931-GJJIQ,Month-to-month,9,83.3,803.3,Fiber optic,Electronic check,No,No,Yes,0.8762705131903927,High
0680-DFNNY,Month-to-month,15,101.1,1504.05,Fiber optic,Electronic check,No,No,Yes,0.8758247958548904,High
3422-LYEPQ,Month-to-month,1,71.0,71.0,Fiber optic,Electronic check,No,No,Yes,0.8757657403188339,High
7615-ESMYF,Month-to-month,2,44.6,97.1,DSL,Electronic check,No,No,Yes,0.8756146206377126,High
9696-RMYBA,Month-to-month,5,80.1,398.55,Fiber optic,Mailed check,No,No,No,0.8755421576815081,High
0655-RBDUG,Month-to-month,7,98.05,713.0,Fiber optic,Bank transfer (automatic),No,No,Yes,0.8752677205475803,High
5339-PXDVH,Month-to-month,4,90.65,367.95,Fiber optic,Electronic check,No,Yes,No,0.8748421638923995,High
7209-JCUDS,Month-to-month,10,94.9,1048.85,Fiber optic,Electronic check,No,No,Yes,0.8747434628954155,High
5378-IKEEG,Month-to-month,1,35.75,35.75,DSL,Electronic check,No,No,Yes,0.8745901248625785,High
5186-SAMNZ,Month-to-month,1,69.5,69.5,Fiber optic,Bank transfer (automatic),No,No,Yes,0.874571456895835,High
5134-IKDAY,Month-to-month,1,69.8,69.8,Fiber optic,Electronic check,No,No,Yes,0.8743603174170885,High
0195-IESCP,Month-to-month,10,85.25,855.3,Fiber optic,Electronic check,No,No,Yes,0.8742582624270431,High
3074-GQWYX,Month-to-month,5,75.9,357.75,Fiber optic,Bank transfer (automatic),No,No,Yes,0.8742524114517136,High
0742-NXBGR,Month-to-month,1,82.3,82.3,Fiber optic,Electronic check,No,No,Yes,0.87409010425689,High
0822-GAVAP,Month-to-month,2,34.7,62.25,DSL,Electronic check,No,No,Yes,0.8740203044609792,High
0390-DCFDQ,Month-to-month,1,70.45,70.45,Fiber optic,Mailed check,No,No,Yes,0.8735522969762293,High
0325-XBFAC,Month-to-month,8,94.7,740.3,Fiber optic,Electronic check,No,No,Yes,0.8733259962523203,High
1448-PWKYE,Month-to-month,1,80.0,80.0,Fiber optic,Electronic check,No,No,Yes,0.8731472081642799,High
3317-HRTNN,Month-to-month,5,45.7,198.0,DSL,Electronic check,No,No,Yes,0.8731014945986578,High
3249-ZPQRG,Month-to-month,4,78.45,330.05,Fiber optic,Electronic check,No,No,Yes,0.8730349747311628,High
1450-GALXR,Month-to-month,10,98.5,1058.25,Fiber optic,Electronic check,Yes,No,Yes,0.8729057667287146,High
6918-UMQCG,Month-to-month,5,80.2,384.25,Fiber optic,Electronic check,No,No,No,0.8728554424140871,High
0685-MLYYM,Month-to-month,2,70.75,154.85,Fiber optic,Electronic check,No,No,Yes,0.872762978454425,High
4094-NSEDU,Month-to-month,21,94.25,1973.75,Fiber optic,Electronic check,No,No,Yes,0.8725778409672915,High
6956-SMUCM,Month-to-month,3,99.0,287.4,Fiber optic,Credit card (automatic),No,Yes,Yes,0.8724355919405459,High
1579-KLYDT,Month-to-month,7,90.45,593.45,Fiber optic,Electronic check,No,No,Yes,0.872430131458805,High
1925-TIBLE,Month-to-month,7,86.5,582.5,Fiber optic,Electronic check,No,No,Yes,0.8723616843361565,High
4585-HETAI,Month-to-month,4,73.75,325.45,Fiber optic,Electronic check,No,No,Yes,0.872344313278874,High
8357-EQXFO,Month-to-month,7,95.35,660.9,Fiber optic,Electronic check,No,No,Yes,0.8723439004777127,High
0013-EXCHZ,Month-to-month,3,83.9,267.4,Fiber optic,Mailed check,Yes,No,Yes,0.8721985513120017,High
2254-DLXRI,Month-to-month,1,79.15,79.15,Fiber optic,Mailed check,No,No,No,0.8718591974665464,High
2013-SGDXK,Month-to-month,1,84.3,84.3,Fiber optic,Electronic check,No,No,Yes,0.8718420815681666,High
7568-PODML,Month-to-month,1,45.3,45.3,DSL,Mailed check,No,No,Yes,0.871798014773758,High
5399-ZIMKF,Month-to-month,5,74.65,383.65,Fiber optic,Electronic check,No,No,No,0.8715571352522816,High
6979-ZNSFF,Month-to-month,8,87.05,762.1,Fiber optic,Electronic check,No,No,Yes,0.8715149030860139,High
2215-ZAFGX,Month-to-month,9,85.5,791.7,Fiber optic,Electronic check,No,No,No,0.8712520438285,High
6432-TWQLB,Month-to-month,5,85.4,401.1,Fiber optic,Electronic check,Yes,No,Yes,0.8711274358282015,High
1010-DIAUQ,Month-to-month,5,96.5,492.55,Fiber optic,Bank transfer (automatic),No,No,Yes,0.8707097976980437,High
8380-PEFPE,Month-to-month,1,71.65,71.65,Fiber optic,Electronic check,No,No,Yes,0.8706511083609023,High
8481-YYXWG,Month-to-month,5,89.35,461.7,Fiber optic,Electronic check,Yes,No,Yes,0.8706023210616626,High
6400-BWQKW,Month-to-month,6,79.05,434.5,Fiber optic,Electronic check,No,Yes,Yes,0.8705854149592981,High
4550-EVXNY,Month-to-month,1,69.65,69.65,Fiber optic,Electronic check,No,No,Yes,0.8705722352170271,High
8087-LGYHQ,Month-to-month,9,94.05,811.65,Fiber optic,Electronic check,No,No,No,0.8705426138752749,High
9840-DVNDC,Month-to-month,6,80.5,463.05,Fiber optic,Credit card (automatic),No,No,Yes,0.8704897633665968,High
0916-QOFDP,Month-to-month,14,95.8,1346.3,Fiber optic,Electronic check,No,No,No,0.8704805810154732,High
5229-PRWKT,Month-to-month,8,86.55,649.65,Fiber optic,Electronic check,No,No,Yes,0.8703096903201203,High
0258-NOKBL,Month-to-month,3,90.4,268.45,Fiber optic,Electronic check,No,No,No,0.8702058778277478,High
0137-OCGAB,Month-to-month,1,80.2,80.2,Fiber optic,Mailed check,No,No,Yes,0.8700662579297237,High
5564-NEMQO,Month-to-month,1,75.3,75.3,Fiber optic,Bank transfer (automatic),No,No,Yes,0.8700154136176268,High
9189-JWSHV,Month-to-month,24,93.55,2264.05,Fiber optic,Electronic check,No,No,Yes,0.869956062638047,High
1564-NTYXF,Month-to-month,13,82.0,1127.2,Fiber optic,Electronic check,No,No,Yes,0.8698524723129273,High
6328-ZPBGN,Month-to-month,11,95.15,997.65,Fiber optic,Bank transfer (automatic),No,No,Yes,0.8698049709281371,High
8873-GLDMH,Month-to-month,6,73.85,401.3,Fiber optic,Mailed check,No,No,No,0.8697691407949613,High
0432-CAJZV,Month-to-month,3,90.7,237.65,Fiber optic,Mailed check,No,No,No,0.8693505264272138,High
2691-NZETQ,Month-to-month,9,85.35,758.6,Fiber optic,Electronic check,No,No,Yes,0.8693302522910998,High
3096-GKWEB,Month-to-month,18,94.75,1691.9,Fiber optic,Electronic check,No,No,No,0.8692275337818289,High
8309-IEYJD,Month-to-month,1,70.6,70.6,Fiber optic,Mailed check,No,No,No,0.8692262189795276,High
5955-ERIHD,Month-to-month,18,94.7,1687.95,Fiber optic,Electronic check,No,No,Yes,0.8692029747123269,High
9095-HFAFX,Month-to-month,5,81.0,389.6,Fiber optic,Credit card (automatic),No,No,Yes,0.869173929683738,High
3420-YJLQT,Month-to-month,2,79.55,151.75,Fiber optic,Electronic check,No,No,No,0.8687918826179382,High
6210-KBBPI,Month-to-month,9,99.45,919.4,Fiber optic,Credit card (automatic),No,No,Yes,0.8687767381123528,High
0225-ZORZP,Month-to-month,3,84.3,235.05,Fiber optic,Electronic check,No,No,No,0.8687582855496422,High
0094-OIFMO,Month-to-month,11,95.0,1120.3,Fiber optic,Electronic check,No,No,Yes,0.8682903215846834,High
7249-WBIYX,Month-to-month,10,85.6,813.85,Fiber optic,Electronic check,No,No,Yes,0.8681579272895934,High
9809-IMGCQ,Month-to-month,22,96.7,2082.95,Fiber optic,Electronic check,No,No,Yes,0.8680065581507137,High
8945-GRKHX,Month-to-month,1,78.65,78.65,Fiber optic,Electronic check,No,No,Yes,0.8678607542168287,High
0455-XFASS,Month-to-month,3,69.55,200.2,Fiber optic,Electronic check,No,No,No,0.8672786950170196,High
4060-LDNLU,Month-to-month,7,96.2,639.7,Fiber optic,Electronic check,No,No,No,0.8670596217480723,High
4112-LUEIZ,Month-to-month,10,89.5,863.1,Fiber optic,Electronic check,No,No,Yes,0.8669217311962335,High
7932-WPTDS,Month-to-month,1,24.8,24.8,DSL,Electronic check,No,No,Yes,0.8664820259408506,High
3223-DWFIO,Month-to-month,4,69.35,261.65,Fiber optic,Electronic check,No,No,No,0.8664124878845176,High
3440-JPSCL,Month-to-month,6,99.95,547.65,Fiber optic,Mailed check,Yes,No,Yes,0.8662244146792886,High
2077-MPJQO,Month-to-month,7,75.4,533.05,Fiber optic,Electronic check,No,No,No,0.8661771305880539,High
0923-PNFUB,Month-to-month,3,83.75,247.25,Fiber optic,Electronic check,No,No,Yes,0.866163211542439,High
0508-OOLTO,Month-to-month,2,71.65,135.75,Fiber optic,Electronic check,No,No,No,0.866002996194122,High
6137-NICCO,Month-to-month,6,94.05,518.75,Fiber optic,Mailed check,No,No,No,0.865626797767516,High
0023-HGHWL,Month-to-month,1,25.1,25.1,DSL,Electronic check,No,No,Yes,0.8653446490492579,High
7613-LLQFO,Month-to-month,12,84.45,1059.55,Fiber optic,Electronic check,No,No,Yes,0.8651778912429074,High
4021-RQSNY,Month-to-month,29,98.5,3004.15,Fiber optic,Electronic check,No,No,Yes,0.8651005632061654,High
4439-JMPMT,Month-to-month,5,85.75,470.95,Fiber optic,Electronic check,Yes,No,Yes,0.8648761949180943,High
7402-EYFXX,Month-to-month,26,93.6,2404.1,Fiber optic,Electronic check,No,No,No,0.8646865459962936,High
1636-NTNCO,Month-to-month,4,50.95,207.35,DSL,Credit card (automatic),No,No,No,0.864681727473756,High
3801-HMYNL,Month-to-month,1,89.15,89.15,Fiber optic,Mailed check,No,No,Yes,0.8646408675065588,High
3292-PBZEJ,Month-to-month,11,111.4,1183.05,Fiber optic,Electronic check,Yes,No,No,0.8643645116357749,High
4919-IKATY,Month-to-month,5,84.5,453.75,Fiber optic,Electronic check,No,Yes,Yes,0.8643352435384042,High
5698-BQJOH,Month-to-month,9,94.4,857.25,Fiber optic,Electronic check,No,No,Yes,0.8642808364269948,High
4854-CIDCF,Month-to-month,3,73.85,196.4,Fiber optic,Electronic check,No,No,No,0.8642274133014665,High
5318-IXUZF,Month-to-month,2,87.15,183.75,Fiber optic,Bank transfer (automatic),No,No,Yes,0.8640852395169815,High
3877-JRJIP,Month-to-month,1,59.85,59.85,DSL,Electronic check,No,No,Yes,0.8640697312883278,High
7379-FNIUJ,Month-to-month,2,100.2,198.5,Fiber optic,Electronic check,No,Yes,No,0.8640404705464108,High
8821-XNHVZ,Month-to-month,1,80.05,80.05,Fiber optic,Mailed check,No,No,Yes,0.8639705241662009,High
3677-IYRBF,Month-to-month,2,30.4,78.65,DSL,Electronic check,No,No,Yes,0.863878645560511,High
1173-XZPYF,Month-to-month,11,89.2,990.3,Fiber optic,Electronic check,No,No,No,0.8634060522631324,High
8433-WXGNA,Month-to-month,2,75.7,189.2,Fiber optic,Electronic check,No,Yes,Yes,0.8633438704339212,High
7156-MHUGY,Month-to-month,13,90.5,1201.15,Fiber optic,Electronic check,No,No,Yes,0.8632005461901143,High
9334-GWGOW,Month-to-month,7,74.85,485.25,Fiber optic,Electronic check,No,No,No,0.8631628343449672,High
5956-YHHRX,Month-to-month,21,104.35,2271.85,Fiber optic,Electronic check,No,No,No,0.8629647344711772,High
5673-FSSMF,Month-to-month,1,60.15,60.15,DSL,Electronic check,No,No,Yes,0.8627513129358063,High
2645-QTLMB,Month-to-month,7,94.25,669.0,Fiber optic,Electronic check,No,No,Yes,0.8624805355760151,High
0231-LXVAP,Month-to-month,1,75.9,75.9,Fiber optic,Electronic check,Yes,No,Yes,0.8620769821993551,High
5583-SXDAG,Month-to-month,1,70.0,70.0,Fiber optic,Electronic check,No,No,Yes,0.8619645301025777,High
4636-QRJKY,Month-to-month,6,80.5,502.85,Fiber optic,Electronic check,Yes,No,Yes,0.8615883855325113,High
1768-ZAIFU,Month-to-month,1,25.2,25.2,DSL,Electronic check,No,No,Yes,0.8614996804523742,High
2674-MIAHT,Month-to-month,4,80.3,324.2,Fiber optic,Mailed check,No,No,No,0.8614198044012726,High
3420-ZDBMA,Month-to-month,5,71.45,371.6,Fiber optic,Mailed check,No,No,No,0.861100361517641,High
1567-DSCIC,Month-to-month,8,94.0,773.65,Fiber optic,Electronic check,No,No,Yes,0.8607907837773677,High
0928-JMXNP,Month-to-month,4,29.9,118.25,DSL,Electronic check,No,No,No,0.8605931488152526,High
0365-BZUWY,Month-to-month,17,102.55,1742.5,Fiber optic,Electronic check,No,No,No,0.8603850599589512,High
3338-CVVEH,Month-to-month,12,94.55,1173.55,Fiber optic,Electronic check,No,No,No,0.8602566783114585,High
9444-JTXHZ,Month-to-month,1,76.2,76.2,Fiber optic,Electronic check,No,No,Yes,0.8600627255592346,High
5348-CAGXB,Month-to-month,12,89.55,1021.75,Fiber optic,Electronic check,No,No,No,0.8600098510363572,High
8168-UQWWF,Month-to-month,11,97.85,1105.4,Fiber optic,Bank transfer (automatic),No,No,Yes,0.8597364889794565,High
7858-GTZSP,Month-to-month,12,86.55,1066.9,Fiber optic,Electronic check,No,No,No,0.8596893284721222,High
6615-NGGZJ,Month-to-month,14,100.55,1415.55,Fiber optic,Electronic check,No,No,Yes,0.8596780801965852,High
5091-HFAZW,Month-to-month,2,91.15,168.5,Fiber optic,Electronic check,No,Yes,No,0.859477159691464,High
2260-USTRB,Month-to-month,2,70.2,115.95,Fiber optic,Bank transfer (automatic),No,No,Yes,0.8592905947468563,High
9172-ANCRX,Month-to-month,10,98.7,973.25,Fiber optic,Electronic check,No,Yes,Yes,0.8592469695261945,High
2123-AGEEN,Month-to-month,7,84.35,609.65,Fiber optic,Electronic check,No,No,No,0.8591701644576616,High
6705-LXORM,Month-to-month,5,70.05,302.6,Fiber optic,Electronic check,No,No,No,0.8591468908440357,High
2815-CPTUL,Month-to-month,5,70.25,331.9,Fiber optic,Mailed check,No,No,Yes,0.8589169370653604,High
5712-PTIWW,Month-to-month,2,79.85,152.45,Fiber optic,Electronic check,Yes,No,Yes,0.8588798352648299,High
7326-RIGQZ,Month-to-month,6,69.8,377.85,Fiber optic,Electronic check,No,No,No,0.8587572762797331,High
6860-YRJZP,Month-to-month,9,74.05,678.45,Fiber optic,Electronic check,No,No,No,0.8585466504585798,High
1658-TJVOA,Month-to-month,6,74.1,450.9,Fiber optic,Electronic check,No,Yes,No,0.858353247910056,High
1960-UYCNN,Month-to-month,10,95.25,1021.55,Fiber optic,Electronic check,No,No,No,0.8581524586919799,High
3398-FSHON,Month-to-month,12,91.3,1094.5,Fiber optic,Electronic check,No,No,Yes,0.8580628024561096,High
4505-EXZHB,Month-to-month,6,74.4,434.1,Fiber optic,Electronic check,No,No,Yes,0.8580178219243744,High
9399-APLBT,Month-to-month,1,74.7,74.7,Fiber optic,Electronic check,No,No,Yes,0.857933845914618,High
7153-OANIO,Month-to-month,1,69.95,69.95,Fiber optic,Electronic check,No,No,Yes,0.8576781003962277,High
4290-BSXUX,Month-to-month,3,79.65,251.75,Fiber optic,Bank transfer (automatic),Yes,No,Yes,0.857400851020053,High
2688-BHGOG,Month-to-month,9,79.55,718.55,Fiber optic,Electronic check,No,No,No,0.8573417613400279,High
9253-QXKBE,Month-to-month,29,94.45,2653.65,Fiber optic,Electronic check,No,No,Yes,0.8571580512095848,High
9050-IKDZA,Month-to-month,2,81.5,162.55,Fiber optic,Mailed check,No,No,No,0.856944171240956,High
4759-TRPLW,Month-to-month,1,70.4,70.4,Fiber optic,Electronic check,No,No,Yes,0.8568414616818617,High
9919-KNPOO,Month-to-month,21,94.3,1948.35,Fiber optic,Electronic check,No,No,No,0.856838602851512,High
7295-JOMMD,Month-to-month,4,98.1,396.3,Fiber optic,Bank transfer (automatic),Yes,No,Yes,0.856399615190789,High
7908-QCBCA,Month-to-month,1,69.4,69.4,Fiber optic,Mailed check,No,No,Yes,0.8563914246787674,High
8485-GJCDN,Month-to-month,5,69.05,318.5,Fiber optic,Mailed check,No,No,Yes,0.8563628309833867,High
2856-HYAPG,Month-to-month,1,68.65,68.65,Fiber optic,Electronic check,No,No,Yes,0.8562887532582367,High
7598-UAASY,Month-to-month,2,76.4,151.8,Fiber optic,Electronic check,No,No,Yes,0.8562385821915541,High
2905-KFQUV,Month-to-month,2,70.4,154.8,Fiber optic,Credit card (automatic),No,No,No,0.85616358571321,High
5054-IEXZT,Month-to-month,1,75.35,75.35,Fiber optic,Electronic check,No,No,Yes,0.8560817412483198,High
5729-KLZAR,Month-to-month,4,80.85,302.75,Fiber optic,Electronic check,No,No,Yes,0.8557616545225918,High
3411-WLRSQ,Month-to-month,3,74.6,239.05,Fiber optic,Bank transfer (automatic),No,No,No,0.8554476630406778,High
2754-SDJRD,Month-to-month,8,100.15,908.55,Fiber optic,Credit card (automatic),Yes,No,No,0.8553357924075651,High
0581-BXBUB,Month-to-month,4,72.75,317.75,Fiber optic,Electronic check,No,No,No,0.8552804177226772,High
2371-JQHZZ,Month-to-month,24,93.0,2248.05,Fiber optic,Electronic check,No,No,No,0.8552046058761863,High
3296-SILRA,Month-to-month,1,76.4,76.4,Fiber optic,Mailed check,No,No,Yes,0.8550716047027185,High
5382-SOYZL,Month-to-month,22,95.1,2162.6,Fiber optic,Electronic check,No,No,No,0.8549478515454543,High
9290-SHCMB,Month-to-month,13,96.85,1235.55,Fiber optic,Electronic check,No,No,No,0.8549440715128389,High
8225-BTJAU,Month-to-month,10,79.25,793.55,Fiber optic,Electronic check,No,No,Yes,0.8546106200309969,High
2985-FMWYF,Month-to-month,23,93.5,2341.55,Fiber optic,Electronic check,No,No,No,0.8545291955612205,High
2135-DQWAQ,Month-to-month,5,85.3,420.45,Fiber optic,Mailed check,No,No,No,0.8543846878917508,High
4450-DLLMH,Month-to-month,2,71.3,157.75,Fiber optic,Credit card (automatic),No,No,No,0.8542024695076665,High
3855-ONCAR,Month-to-month,4,78.9,299.75,Fiber optic,Mailed check,No,No,No,0.8541963322215448,High
5168-MSWXT,Month-to-month,8,94.75,759.55,Fiber optic,Electronic check,No,No,No,0.8539869879237861,High
8617-ENBDS,Month-to-month,3,73.6,232.5,Fiber optic,Credit card (automatic),No,No,No,0.8539745703662406,High
0506-LVNGN,Month-to-month,5,75.55,349.65,Fiber optic,Credit card (automatic),No,No,Yes,0.8539601503951917,High
6645-MXQJT,Month-to-month,2,97.1,184.15,Fiber optic,Electronic check,No,Yes,No,0.853893490239324,High
7130-VTEWQ,Month-to-month,8,75.75,606.25,Fiber optic,Electronic check,No,No,Yes,0.8538665986720819,High
6892-XPFPU,Month-to-month,24,104.25,2433.9,Fiber optic,Electronic check,No,No,Yes,0.8537375453736952,High
8132-YPVBX,Month-to-month,6,85.95,514.6,Fiber optic,Mailed check,No,No,No,0.8537173851497442,High
3496-LFSZU,Month-to-month,4,70.5,294.2,Fiber optic,Electronic check,No,No,No,0.8535757801290773,High
2262-SLNVK,Month-to-month,1,70.1,70.1,Fiber optic,Electronic check,No,No,No,0.8535563083614609,High
9617-INGJY,Month-to-month,1,70.6,70.6,Fiber optic,Mailed check,No,No,No,0.8534806987491473,High
9940-RHLFB,Month-to-month,1,75.3,75.3,Fiber optic,Electronic check,No,No,Yes,0.8534689688895871,High
5288-AHOUP,Month-to-month,11,78.5,874.2,Fiber optic,Electronic check,No,No,No,0.8534086462504047,High
7145-FEJWU,Month-to-month,12,105.3,1275.65,Fiber optic,Electronic check,No,No,No,0.8532630892084856,High
7538-GWHML,Month-to-month,2,69.65,145.15,Fiber optic,Electronic check,No,No,Yes,0.8531223204751881,High
2454-RPBRZ,Month-to-month,12,98.1,1060.2,Fiber optic,Electronic check,No,No,Yes,0.8530578647838094,High
3797-VTIDR,Month-to-month,1,23.45,23.45,DSL,Electronic check,No,No,Yes,0.8530528199831011,High
2929-ERCFZ,Month-to-month,8,94.2,777.3,Fiber optic,Electronic check,No,No,Yes,0.8530193146304912,High
5043-TRZWM,Month-to-month,1,75.55,75.55,Fiber optic,Electronic check,No,No,No,0.8529932964102334,High
1915-IOFGU,Month-to-month,1,70.5,70.5,Fiber optic,Electronic check,No,No,Yes,0.8527949950944262,High
5649-ANRML,Month-to-month,2,95.1,180.25,Fiber optic,Credit card (automatic),Yes,No,Yes,0.8524406873712029,High
0011-IGKFF,Month-to-month,13,98.0,1237.85,Fiber optic,Electronic check,No,No,Yes,0.8521238463323688,High
8042-JVNFH,Month-to-month,1,71.35,71.35,Fiber optic,Mailed check,No,No,Yes,0.8520499423854822,High
3473-XIIIT,Month-to-month,16,100.0,1534.75,Fiber optic,Electronic check,No,No,Yes,0.8519031758382698,High
2180-DXNEG,Month-to-month,12,96.0,1062.1,Fiber optic,Electronic check,No,No,Yes,0.8518479713460164,High
2024-BASKD,Month-to-month,1,74.6,74.6,Fiber optic,Mailed check,No,No,Yes,0.8517776424810358,High
5995-SNNEW,Month-to-month,23,104.45,2184.85,Fiber optic,Electronic check,No,No,No,0.8517454744328424,High
8808-ELEHO,Month-to-month,8,81.25,585.95,Fiber optic,Electronic check,No,No,Yes,0.8517177492220136,High
6140-QNRQQ,Month-to-month,1,71.55,71.55,Fiber optic,Mailed check,No,No,Yes,0.8516664626545618,High
6326-MTTXK,Month-to-month,8,100.85,819.55,Fiber optic,Electronic check,No,No,Yes,0.8516152339477393,High
8118-LSUEL,Month-to-month,23,106.4,2483.5,Fiber optic,Electronic check,No,No,Yes,0.8515539191521914,High
6910-HADCM,Month-to-month,1,76.35,76.35,Fiber optic,Electronic check,No,No,Yes,0.8514625526419141,High
1200-TUZHR,Month-to-month,8,85.2,695.75,Fiber optic,Electronic check,No,No,No,0.8513728514205395,High
9402-ORRAH,Month-to-month,15,91.5,1400.3,Fiber optic,Electronic check,No,No,No,0.8513381122754508,High
3247-ZVOUO,Month-to-month,10,85.55,851.75,Fiber optic,Electronic check,No,No,Yes,0.8512976582300863,High
3177-LASXD,Month-to-month,1,71.35,71.35,Fiber optic,Electronic check,No,No,Yes,0.8511663326952246,High
6715-OFDBP,Month-to-month,5,70.05,346.4,DSL,Electronic check,No,No,Yes,0.8511636797402261,High
0388-EOPEX,Month-to-month,2,74.4,139.4,Fiber optic,Electronic check,No,Yes,Yes,0.8510422139882443,High
0411-EZJZE,Month-to-month,3,60.25,170.5,DSL,Electronic check,No,No,No,0.8509395276082702,High
3066-RRJIO,Month-to-month,1,69.95,69.95,Fiber optic,Mailed check,No,No,Yes,0.8508081863880909,High
8510-AWCXC,Month-to-month,13,100.8,1308.1,Fiber optic,Electronic check,No,Yes,Yes,0.8506681963441466,High
3045-XETSH,Month-to-month,10,94.85,953.45,Fiber optic,Electronic check,No,No,Yes,0.8506590592973189,High
0378-TOVMS,Month-to-month,3,85.8,272.2,Fiber optic,Electronic check,Yes,No,Yes,0.8506017897017509,High
2619-WFQWU,Month-to-month,1,70.15,70.15,Fiber optic,Mailed check,No,No,Yes,0.8504220531057632,High
9985-MWVIX,Month-to-month,1,70.15,70.15,Fiber optic,Mailed check,No,No,Yes,0.8504220531057632,High
5832-XKAES,Month-to-month,2,69.8,134.7,Fiber optic,Credit card (automatic),No,No,Yes,0.8503557453658004,High
7969-AULMZ,Month-to-month,21,97.35,2119.5,Fiber optic,Electronic check,No,No,Yes,0.85031072540115,High
9360-OMDZZ,Month-to-month,24,94.1,2322.85,Fiber optic,Electronic check,No,No,No,0.8500718178319439,High
4029-HPFVY,Month-to-month,3,70.3,220.4,Fiber optic,Mailed check,No,No,No,0.8496600344793934,High
0219-YTZUE,Month-to-month,4,84.8,371.9,Fiber optic,Bank transfer (automatic),No,No,Yes,0.8496367425591991,High
1704-NRWYE,Month-to-month,9,80.85,751.65,Fiber optic,Electronic check,No,No,Yes,0.8495773920313898,High
9391-EOYLI,Month-to-month,12,80.45,950.2,Fiber optic,Electronic check,No,No,Yes,0.8495023476231955,High
2984-MIIZL,Month-to-month,4,74.8,321.9,Fiber optic,Bank transfer (automatic),No,No,Yes,0.8493975150289181,High
0772-GYEQQ,Month-to-month,3,88.35,262.05,Fiber optic,Mailed check,Yes,No,Yes,0.8493929190801716,High
4445-ZJNMU,Month-to-month,9,99.3,918.75,Fiber optic,Credit card (automatic),No,No,No,0.8493879156724675,High
5032-MIYKT,Month-to-month,1,70.7,70.7,Fiber optic,Mailed check,No,No,No,0.8493559392899409,High
4514-GFCFI,Month-to-month,16,84.75,1350.15,Fiber optic,Electronic check,No,No,Yes,0.8493216925071876,High
5442-BHQNG,Month-to-month,2,70.35,139.25,Fiber optic,Electronic check,No,No,No,0.8493190747401278,High
0709-TVGUR,Month-to-month,9,74.55,622.9,Fiber optic,Electronic check,No,No,Yes,0.8491830125621427,High
0968-GSIKN,Month-to-month,1,70.8,70.8,Fiber optic,Mailed check,No,No,Yes,0.8491614301774919,High
9094-AZPHK,Month-to-month,15,100.15,1415.0,Fiber optic,Electronic check,No,No,No,0.848981732889272,High
6100-QQHEB,Month-to-month,17,92.55,1515.1,Fiber optic,Electronic check,No,No,Yes,0.8486780264015836,High
2430-USGXP,Month-to-month,24,101.05,2391.8,Fiber optic,Electronic check,No,No,Yes,0.8486419492874094,High
4983-CCWMC,Month-to-month,3,69.6,207.4,Fiber optic,Mailed check,No,No,No,0.8485334474552022,High
8937-RDTHP,Month-to-month,1,84.6,84.6,Fiber optic,Mailed check,No,Yes,Yes,0.8484038199858679,High
2612-RANWT,Month-to-month,12,100.15,1164.3,Fiber optic,Bank transfer (automatic),No,No,Yes,0.8483348943076491,High
2325-NBPZG,Month-to-month,3,74.55,233.65,Fiber optic,Electronic check,No,Yes,No,0.848287424763315,High
9576-ANLXO,Month-to-month,3,69.55,222.3,Fiber optic,Bank transfer (automatic),No,No,Yes,0.8480852006366648,High
2800-VEQXM,Month-to-month,3,74.75,238.1,Fiber optic,Mailed check,No,No,No,0.8480611054891828,High
4369-HTUIF,Month-to-month,6,85.15,503.6,Fiber optic,Bank transfer (automatic),No,Yes,Yes,0.8478942531267186,High
2657-VPXTA,Month-to-month,10,88.85,929.45,Fiber optic,Electronic check,No,No,No,0.8476250370170145,High
5357-TZHPP,Month-to-month,9,84.4,732.5,Fiber optic,Credit card (automatic),No,No,Yes,0.8474531505815326,High
3669-LVWZB,Month-to-month,5,51.0,305.95,DSL,Mailed check,No,No,Yes,0.8471968967745268,High
4597-NUCQV,Month-to-month,24,101.25,2440.15,Fiber optic,Electronic check,No,No,Yes,0.8471685848508995,High
8290-YWKHZ,Month-to-month,32,93.2,2931.0,Fiber optic,Electronic check,No,No,Yes,0.8469306567563103,High
1334-FJSVR,Month-to-month,1,24.25,24.25,DSL,Electronic check,No,No,Yes,0.8468709795709944,High
7365-BVCJH,Month-to-month,1,24.4,24.4,DSL,Electronic check,No,No,No,0.8465751939907821,High
2969-QWUBZ,Month-to-month,2,51.4,96.8,DSL,Electronic check,No,No,No,0.8465362033412718,High
7890-VYYWG,Month-to-month,3,36.45,93.7,DSL,Mailed check,No,No,Yes,0.8465312123137819,High
7079-QRCBC,Month-to-month,24,98.75,2407.3,Fiber optic,Electronic check,No,No,Yes,0.8465036021721788,High
1024-GUALD,Month-to-month,1,24.8,24.8,DSL,Electronic check,No,No,Yes,0.8464660921141084,High
6993-OHLXR,Month-to-month,2,68.95,119.75,Fiber optic,Electronic check,No,No,Yes,0.846330487622771,High
5244-IRFIH,Month-to-month,33,94.5,3105.55,Fiber optic,Electronic check,No,No,Yes,0.846157684552263,High
5883-GTGVD,Month-to-month,19,99.95,1931.75,Fiber optic,Electronic check,No,No,Yes,0.8458068253553559,High
6086-ESGRL,Month-to-month,1,80.15,80.15,Fiber optic,Credit card (automatic),No,No,Yes,0.8456429256322897,High
3372-KWFBM,Month-to-month,16,86.6,1281.0,Fiber optic,Electronic check,No,No,Yes,0.8453018960699428,High
3217-FZDMN,Month-to-month,8,94.45,742.95,Fiber optic,Credit card (automatic),No,No,Yes,0.8452941244798393,High
4735-ASGMA,Month-to-month,26,98.35,2515.3,Fiber optic,Electronic check,No,No,Yes,0.8452195657625763,High
2672-DZUOY,Month-to-month,1,25.15,25.15,DSL,Electronic check,No,No,Yes,0.8450892448218933,High
4298-OYIFC,Month-to-month,15,103.45,1539.8,Fiber optic,Electronic check,Yes,No,No,0.8450462978351257,High
6101-IMRMM,Month-to-month,6,94.5,575.45,Fiber optic,Mailed check,No,No,Yes,0.8450098504102537,High
2876-GZYZC,Month-to-month,13,85.95,1215.65,Fiber optic,Electronic check,No,No,No,0.8446721388305864,High
9514-JDSKI,Month-to-month,1,40.2,40.2,DSL,Electronic check,No,No,Yes,0.8440060965896828,High
0746-JTRFU,Month-to-month,2,25.05,56.35,DSL,Electronic check,No,No,Yes,0.8439526535138557,High
5429-LWCMV,Month-to-month,12,89.15,1057.55,Fiber optic,Electronic check,No,No,No,0.8439264364512038,High
9185-TQCVP,Month-to-month,14,85.15,1139.2,Fiber optic,Electronic check,No,No,Yes,0.8434653219488941,High
6175-IRFIT,Month-to-month,5,78.75,426.35,Fiber optic,Mailed check,No,No,No,0.8433848647148551,High
8875-AKBYH,Month-to-month,20,84.35,1745.2,Fiber optic,Electronic check,No,No,No,0.8432676114026115,High
7029-RPUAV,Month-to-month,17,100.45,1622.45,Fiber optic,Credit card (automatic),No,No,Yes,0.8430061560384208,High
4763-PGDPO,Month-to-month,4,70.4,281.0,Fiber optic,Electronic check,No,No,Yes,0.8428877960419554,High
7508-MYBOG,Month-to-month,14,86.1,1235.55,Fiber optic,Electronic check,No,No,Yes,0.8427241632014608,High
5889-LFOLL,Month-to-month,13,84.6,1115.2,Fiber optic,Electronic check,No,No,Yes,0.8426660138207492,High
5293-WXJAK,Month-to-month,11,104.05,1133.65,Fiber optic,Bank transfer (automatic),Yes,No,Yes,0.8425341143958195,High
0330-IVZHA,Month-to-month,5,69.95,330.15,Fiber optic,Electronic check,No,No,Yes,0.8424888686503578,High
4813-HQMGZ,Month-to-month,8,90.25,743.75,Fiber optic,Electronic check,Yes,No,No,0.842211610621166,High
3916-NRPAP,Month-to-month,3,85.7,256.75,Fiber optic,Credit card (automatic),No,No,No,0.8421387531250016,High
7571-YXDAD,Month-to-month,2,74.9,147.15,Fiber optic,Credit card (automatic),No,No,Yes,0.8414868873261854,High
7952-OBOYL,Month-to-month,3,89.85,244.45,Fiber optic,Mailed check,Yes,No,No,0.8412806869489449,High
8541-QVFKM,Month-to-month,8,73.5,632.2,Fiber optic,Electronic check,No,No,No,0.841036702619406,High
3841-CONLJ,Month-to-month,1,35.0,35.0,DSL,Electronic check,No,No,No,0.8409165201792622,High
2424-WVHPL,Month-to-month,1,74.7,74.7,Fiber optic,Electronic check,Yes,No,No,0.8408606587133644,High
2041-JIJCI,Month-to-month,5,64.0,370.25,DSL,Electronic check,No,No,No,0.8405878750209288,High
0840-DFEZH,Month-to-month,7,75.35,564.65,Fiber optic,Electronic check,No,No,No,0.8405877065697144,High
7363-QTBIW,Month-to-month,9,79.75,769.1,Fiber optic,Electronic check,No,No,No,0.8405279883808087,High
7392-YYPYJ,Month-to-month,22,100.65,2415.95,Fiber optic,Electronic check,No,No,No,0.840090192666011,High
6923-JHPMP,Month-to-month,2,80.45,137.1,Fiber optic,Electronic check,No,Yes,No,0.839524665650793,High
6711-FLDFB,Month-to-month,7,74.9,541.15,Fiber optic,Electronic check,No,No,Yes,0.8393800948631147,High
0122-OAHPZ,Month-to-month,7,73.85,511.25,Fiber optic,Electronic check,No,No,Yes,0.8391577914392796,High
2868-SNELZ,Month-to-month,2,80.6,155.8,Fiber optic,Mailed check,No,No,Yes,0.8391455694449405,High
5299-RULOA,Month-to-month,10,100.25,1064.65,Fiber optic,Electronic check,No,Yes,Yes,0.8390101738263782,High
8676-TRMJS,Month-to-month,3,75.0,209.1,Fiber optic,Mailed check,No,No,Yes,0.8388835109592985,High
5842-POCOP,Month-to-month,5,88.9,454.15,Fiber optic,Mailed check,No,Yes,Yes,0.83874312815571,High
7854-FOKSF,Month-to-month,1,35.9,35.9,DSL,Electronic check,No,No,Yes,0.8383701734784086,High
2608-BHKFN,Month-to-month,4,70.05,266.9,Fiber optic,Credit card (automatic),No,No,Yes,0.8383518287439186,High
0876-WDUUZ,Month-to-month,5,85.4,425.9,Fiber optic,Credit card (automatic),Yes,No,Yes,0.8381692551892218,High
3957-LXOLK,Month-to-month,28,106.15,3152.5,Fiber optic,Electronic check,No,No,Yes,0.8381677516789177,High
5445-UTODQ,Month-to-month,7,81.1,576.65,Fiber optic,Electronic check,No,No,Yes,0.8381334620905567,High
6437-UKHMV,Month-to-month,7,79.7,586.05,Fiber optic,Electronic check,No,No,Yes,0.8380851650402251,High
6680-WKXRZ,Month-to-month,3,74.4,215.8,Fiber optic,Bank transfer (automatic),No,No,Yes,0.8379613764759041,High
3990-QYKBE,Month-to-month,37,92.5,3473.4,Fiber optic,Electronic check,No,No,Yes,0.8379377320838874,High
1078-TDCRN,Month-to-month,3,30.75,82.85,DSL,Electronic check,No,No,No,0.8378519147811432,High
1184-PJVDB,Month-to-month,10,79.95,857.2,Fiber optic,Electronic check,No,No,Yes,0.8376173870117527,High
1195-OIYEJ,Month-to-month,13,91.1,1135.7,Fiber optic,Electronic check,No,No,Yes,0.8373776878242402,High
0722-SVSFK,Month-to-month,7,100.4,715.0,Fiber optic,Electronic check,Yes,No,No,0.8372486807978249,High
4123-DVHPH,Month-to-month,9,88.05,801.3,Fiber optic,Electronic check,No,Yes,No,0.8371187002874781,High
8417-FMLZI,Month-to-month,6,83.55,477.55,Fiber optic,Credit card (automatic),No,No,Yes,0.837042122423836,High
3376-BMGFE,Month-to-month,4,70.9,273.0,Fiber optic,Bank transfer (automatic),No,No,Yes,0.8368362981235032,High
3748-FVMZZ,Month-to-month,4,40.05,162.45,DSL,Electronic check,Yes,No,No,0.8366600908825714,High
0871-URUWO,Month-to-month,13,102.25,1359.0,Fiber optic,Credit card (automatic),No,No,Yes,0.8365258299712779,High
1740-CSDJP,Month-to-month,1,35.25,35.25,DSL,Bank transfer (automatic),No,No,Yes,0.8364425550214983,High
2080-GKCWQ,Month-to-month,2,74.95,151.75,Fiber optic,Electronic check,No,No,No,0.8364362603930957,High
7354-OIJLX,Month-to-month,9,75.85,724.65,Fiber optic,Electronic check,No,No,No,0.8363590371144876,High
9840-EFJQB,Month-to-month,1,74.35,74.35,Fiber optic,Electronic check,No,No,No,0.8362800613825162,High
4706-AXVKM,Month-to-month,11,84.8,906.85,Fiber optic,Credit card (automatic),No,No,Yes,0.8361755557783225,High
3318-OSATS,Month-to-month,35,95.45,3474.05,Fiber optic,Electronic check,No,No,Yes,0.836065939603151,High
3030-YDNRM,Month-to-month,8,74.85,572.45,Fiber optic,Electronic check,No,No,No,0.8359953183236493,High
2026-TGDHM,Month-to-month,7,79.3,523.15,Fiber optic,Electronic check,No,No,Yes,0.8358932056567779,High
6851-WEFYX,Month-to-month,35,100.8,3437.5,Fiber optic,Electronic check,No,No,No,0.8358921127371844,High
2840-XANRC,Month-to-month,24,93.15,2231.05,Fiber optic,Electronic check,No,No,Yes,0.8356895830407073,High
8650-RHRKE,Month-to-month,4,29.65,118.5,DSL,Electronic check,No,No,Yes,0.8356622501077509,High
1212-GLHMD,Month-to-month,3,86.05,244.85,Fiber optic,Mailed check,No,Yes,No,0.8355386535084406,High
4285-GYRQC,Month-to-month,7,86.25,587.1,Fiber optic,Electronic check,No,No,Yes,0.8355221854932396,High
2079-FBMZK,Month-to-month,6,69.25,418.4,Fiber optic,Mailed check,No,No,Yes,0.8354636801967759,High
6507-ZJSUR,Month-to-month,23,90.45,2117.25,Fiber optic,Electronic check,No,No,No,0.8353008435401232,High
6986-IXNDM,Month-to-month,14,92.9,1337.45,Fiber optic,Electronic check,No,No,No,0.8350677021815132,High
4815-GBTCD,Month-to-month,4,25.15,99.95,DSL,Electronic check,No,No,No,0.8348753291707793,High
7028-DVOIQ,Month-to-month,35,99.05,3395.8,Fiber optic,Electronic check,No,No,Yes,0.8348433143737781,High
4137-BTIKL,Month-to-month,2,90.75,174.75,Fiber optic,Mailed check,No,Yes,No,0.8347610152484305,High
8625-AZYZY,Month-to-month,24,104.65,2542.45,Fiber optic,Electronic check,No,No,Yes,0.8346718190216582,High
6087-MVHJH,Month-to-month,16,88.45,1422.1,Fiber optic,Electronic check,No,No,Yes,0.8345781087707635,High
2754-VDLTR,Month-to-month,10,95.2,930.4,Fiber optic,Electronic check,No,No,Yes,0.8341991610525712,High
4282-YMKNA,Month-to-month,9,74.75,706.6,Fiber optic,Electronic check,No,No,Yes,0.8336716202177391,High
3834-XUIFC,Month-to-month,7,85.2,602.55,Fiber optic,Mailed check,No,No,Yes,0.8334135320894652,High
7638-QVMVY,Month-to-month,7,79.0,522.95,Fiber optic,Electronic check,No,No,Yes,0.8333432478077665,High
9894-EZEWG,Month-to-month,1,74.3,74.3,Fiber optic,Credit card (automatic),No,No,Yes,0.8333322899625434,High
7595-EUIVN,Month-to-month,1,75.8,75.8,Fiber optic,Electronic check,No,No,Yes,0.8332412704300038,High
0812-WUPTB,Month-to-month,1,70.85,70.85,Fiber optic,Mailed check,No,No,Yes,0.8331970855079832,High
6127-ISGTU,Month-to-month,16,84.95,1378.25,Fiber optic,Electronic check,No,No,Yes,0.8331775714355305,High
9330-IJWIO,Month-to-month,13,100.35,1358.85,Fiber optic,Electronic check,No,Yes,Yes,0.8330885817882533,High
6583-KQJLK,Month-to-month,15,94.65,1285.05,Fiber optic,Electronic check,No,No,No,0.8329345832045395,High
1024-VRZHF,Month-to-month,11,74.95,825.7,Fiber optic,Electronic check,No,No,Yes,0.8326960752932413,High
7479-NITWS,Month-to-month,7,89.35,631.85,Fiber optic,Credit card (automatic),No,No,Yes,0.8325040989753729,High
7394-FKDNK,Month-to-month,9,89.45,853.1,Fiber optic,Electronic check,No,No,Yes,0.832413332252252,High
7802-EFKNY,Month-to-month,5,24.95,100.4,DSL,Electronic check,No,No,Yes,0.8323764658277556,High
7284-BUYEC,Month-to-month,5,50.95,229.4,DSL,Credit card (automatic),No,No,No,0.8323390840275531,High
0872-NXJYS,Month-to-month,9,79.55,723.4,Fiber optic,Electronic check,No,No,Yes,0.8323235884292182,High
6000-APYLU,Month-to-month,9,80.8,713.1,Fiber optic,Electronic check,No,No,Yes,0.8322146819424044,High
6215-NQCPY,Month-to-month,15,99.7,1566.75,Fiber optic,Electronic check,No,Yes,No,0.8322130737086362,High
5928-QLDHB,Month-to-month,9,76.25,684.85,Fiber optic,Electronic check,No,No,No,0.8318813988241104,High
2920-RNCEZ,Month-to-month,1,69.95,69.95,Fiber optic,Credit card (automatic),No,No,No,0.8316624347202632,High
3254-YRILK,Month-to-month,19,88.2,1775.8,Fiber optic,Electronic check,No,No,Yes,0.8316201909733787,High
4236-XPXAV,Month-to-month,5,99.15,465.05,Fiber optic,Mailed check,Yes,No,Yes,0.83158054968727,High
1062-LHZOD,Month-to-month,1,69.9,69.9,Fiber optic,Mailed check,No,No,Yes,0.831494306258539,High
8065-YKXKD,Month-to-month,10,74.75,799.65,Fiber optic,Electronic check,No,No,Yes,0.8312028574492955,High
4884-ZTHVF,Month-to-month,8,87.1,713.6,Fiber optic,Electronic check,No,No,No,0.8309450854382142,High
3199-XGZCY,Month-to-month,8,75.25,576.7,Fiber optic,Electronic check,No,No,No,0.830944478108693,High
7994-UYIVZ,Month-to-month,8,85.65,659.45,Fiber optic,Bank transfer (automatic),No,No,No,0.8308706568146623,High
4958-XCBDQ,Month-to-month,35,101.4,3496.3,Fiber optic,Electronic check,No,No,Yes,0.8305388472459353,High
2107-FBPTK,Month-to-month,30,104.1,3121.1,Fiber optic,Electronic check,No,No,No,0.8300866932550197,High
1122-JWTJW,Month-to-month,1,70.65,70.65,Fiber optic,Mailed check,No,No,Yes,0.8298916448909762,High
4587-NUKOX,Month-to-month,3,79.1,246.5,Fiber optic,Electronic check,No,Yes,Yes,0.8296962696034847,High
3186-BAXNB,Month-to-month,1,91.7,91.7,Fiber optic,Electronic check,Yes,No,Yes,0.8295629730182287,High
5261-QSHQM,Month-to-month,4,24.45,86.6,DSL,Electronic check,No,No,Yes,0.8293051151984278,High
8800-JOOCF,Month-to-month,12,84.05,966.55,Fiber optic,Electronic check,No,No,No,0.8292577676648258,High
3629-ZNKXA,Month-to-month,17,101.8,1752.45,Fiber optic,Electronic check,No,No,No,0.8292285192419702,High
1086-LXKFY,Month-to-month,1,69.1,69.1,Fiber optic,Mailed check,No,No,Yes,0.8288249299882235,High
6198-RTPMF,Month-to-month,17,92.6,1579.7,Fiber optic,Electronic check,No,No,No,0.8287991731864651,High
6338-AVWCY,Month-to-month,3,40.15,130.75,DSL,Mailed check,No,No,Yes,0.8287364104141806,High
0139-IVFJG,Month-to-month,2,90.35,190.5,Fiber optic,Electronic check,No,Yes,No,0.828193854277608,High
4629-NRXKX,Month-to-month,2,70.4,147.15,Fiber optic,Electronic check,No,No,Yes,0.8281690478951733,High
6543-XRMYR,Month-to-month,30,99.7,2967.35,Fiber optic,Electronic check,No,No,Yes,0.827474268323619,High
9565-DJPIB,Month-to-month,4,89.6,365.65,Fiber optic,Mailed check,No,No,Yes,0.8274501326530055,High
3583-EKAPL,Month-to-month,1,55.0,55.0,DSL,Electronic check,No,No,Yes,0.8269194220350693,High
7590-VHVEG,Month-to-month,1,29.85,29.85,DSL,Electronic check,No,No,No,0.8267876213980718,High
1254-IZEYF,Month-to-month,31,99.95,3186.65,Fiber optic,Electronic check,No,No,Yes,0.8264212581373582,High
5501-TVMGM,Month-to-month,1,55.25,55.25,DSL,Electronic check,No,No,No,0.8263750969368837,High
2740-TVLFN,Month-to-month,1,50.15,50.15,DSL,Electronic check,No,No,No,0.8262348244480482,High
4919-MOAVT,Month-to-month,3,69.65,220.1,Fiber optic,Electronic check,No,No,Yes,0.8257708504599315,High
7767-UXAGJ,Month-to-month,1,50.45,50.45,DSL,Electronic check,No,No,Yes,0.8255794330509431,High
6029-WTIPC,Month-to-month,37,101.1,3744.05,Fiber optic,Electronic check,No,No,Yes,0.825344892072008,High
0515-YPMCW,Month-to-month,1,70.45,70.45,Fiber optic,Mailed check,No,No,Yes,0.8251407519480461,High
9547-ITEFG,Month-to-month,9,102.6,897.75,Fiber optic,Credit card (automatic),No,No,No,0.825086917652296,High
8313-NDOIA,Month-to-month,24,104.15,2494.65,Fiber optic,Electronic check,No,No,No,0.8249755822125623,High
3106-ULWFW,Month-to-month,8,85.2,627.4,Fiber optic,Credit card (automatic),No,No,Yes,0.8249183407841275,High
4741-WWJQZ,Month-to-month,2,80.15,194.55,Fiber optic,Electronic check,Yes,Yes,No,0.8248048701303563,High
3050-GBUSH,Month-to-month,3,34.8,113.95,DSL,Credit card (automatic),No,No,No,0.8247677071068698,High
0616-ATFGB,Month-to-month,1,25.05,25.05,DSL,Electronic check,No,No,Yes,0.8246539501258038,High
5669-SRAIP,Month-to-month,5,39.5,210.75,DSL,Electronic check,No,No,Yes,0.8244750747675272,High
0817-HSUSE,Month-to-month,1,75.5,75.5,DSL,Electronic check,Yes,No,No,0.8243534560188123,High
1465-VINDH,Month-to-month,10,102.1,1068.85,Fiber optic,Credit card (automatic),No,No,Yes,0.8240843025245049,High
1219-NNDDO,Month-to-month,9,76.85,663.55,Fiber optic,Electronic check,No,No,No,0.8238575064540801,High
5760-FXFVO,Month-to-month,6,78.95,494.95,Fiber optic,Electronic check,No,Yes,No,0.8238420886002891,High
9279-CJEOJ,Month-to-month,21,95.4,2025.1,Fiber optic,Bank transfer (automatic),No,No,No,0.8236148578396875,High
8107-KNCIM,Month-to-month,14,75.1,1013.35,Fiber optic,Electronic check,No,No,No,0.8236075596803917,High
3874-EQOEP,Month-to-month,7,95.0,655.5,Fiber optic,Mailed check,No,No,Yes,0.8232681865216157,High
9734-UYXQI,Month-to-month,2,49.4,106.55,DSL,Electronic check,No,No,Yes,0.8225623324215738,High
8120-JDCAM,Month-to-month,4,69.55,284.9,Fiber optic,Mailed check,No,No,No,0.8224393850189873,High
2845-AFFTX,Month-to-month,41,99.8,4259.3,Fiber optic,Electronic check,No,No,Yes,0.8222527718498407,High
2919-HBCJO,Month-to-month,4,76.65,333.6,Fiber optic,Bank transfer (automatic),No,No,Yes,0.822132910671624,High
8397-MVTAZ,Month-to-month,34,100.05,3480.0,Fiber optic,Electronic check,No,No,Yes,0.8220551406566203,High
4484-CGXFK,Month-to-month,3,55.3,196.15,DSL,Electronic check,No,No,Yes,0.8219796524127353,High
0248-IPDFW,Month-to-month,1,50.1,50.1,DSL,Electronic check,No,No,No,0.8218374109683643,High
4039-HEUNW,Month-to-month,36,96.5,3436.1,Fiber optic,Electronic check,No,No,Yes,0.8217777503647411,High
3063-QFSZL,Month-to-month,1,55.4,55.4,DSL,Electronic check,No,No,Yes,0.8215353745321509,High
9822-OAOVB,Month-to-month,1,55.45,55.45,DSL,Electronic check,No,No,No,0.8214239650384638,High
3001-UNBTL,Month-to-month,29,103.95,2964.8,Fiber optic,Electronic check,No,No,No,0.8213886181355682,High
7780-OTDSO,Month-to-month,18,99.4,1742.95,Fiber optic,Electronic check,No,Yes,Yes,0.8213317505822206,High
4633-MKHYU,Month-to-month,9,88.4,788.6,Fiber optic,Mailed check,No,No,No,0.8212380939055424,High
2845-HSJCY,Month-to-month,14,87.25,1258.6,Fiber optic,Electronic check,No,No,Yes,0.8209885690612438,High
2272-QAGFO,Month-to-month,14,74.3,1096.25,Fiber optic,Electronic check,No,No,Yes,0.8209712699065111,High
5655-JSMZM,Month-to-month,49,96.2,4718.25,Fiber optic,Electronic check,No,No,Yes,0.8206424820828327,High
9734-YWGEX,Month-to-month,9,98.3,923.5,Fiber optic,Credit card (automatic),No,No,Yes,0.820317994308971,High
9685-WKZGT,Month-to-month,14,74.95,1036.75,Fiber optic,Electronic check,No,No,Yes,0.82010218396183,High
7831-QGOXH,Month-to-month,18,85.2,1553.9,Fiber optic,Electronic check,No,No,Yes,0.820080952303472,High
1309-BXVOQ,Month-to-month,21,106.1,2249.95,Fiber optic,Electronic check,Yes,No,Yes,0.8200368276204478,High
8276-MQBYC,Month-to-month,51,97.8,4913.3,Fiber optic,Electronic check,No,No,Yes,0.819938670744042,High
5909-ECHUI,Month-to-month,1,56.25,56.25,DSL,Electronic check,No,No,Yes,0.8196340065749905,High
1016-DJTSV,Month-to-month,8,69.7,572.85,Fiber optic,Electronic check,No,No,No,0.8196336942661453,High
0674-EYYZV,Month-to-month,1,54.65,54.65,DSL,Electronic check,No,No,No,0.8196108853122231,High
5366-IJEQJ,Month-to-month,20,88.7,1761.45,Fiber optic,Electronic check,No,No,Yes,0.8195776399619609,High
1866-RZZQS,Month-to-month,41,98.4,4187.75,Fiber optic,Electronic check,No,No,Yes,0.8195557767517977,High
5138-WVKYJ,Month-to-month,10,98.55,1008.55,Fiber optic,Electronic check,No,Yes,Yes,0.8195473203414803,High
0420-HLGXF,Month-to-month,39,99.75,4036.0,Fiber optic,Electronic check,No,No,No,0.8195286305181289,High
8687-BAFGU,Month-to-month,1,74.0,74.0,Fiber optic,Electronic check,Yes,No,No,0.8193907054892186,High
7625-XCQRH,Month-to-month,11,76.5,837.95,Fiber optic,Electronic check,No,No,Yes,0.8193299450045215,High
8699-ASUFO,Month-to-month,7,74.4,527.9,Fiber optic,Mailed check,No,No,Yes,0.8191628136769603,High
6899-PPEEA,Month-to-month,37,96.55,3580.3,Fiber optic,Electronic check,No,No,Yes,0.8190677445569842,High
6260-ONULR,Month-to-month,1,62.8,62.8,DSL,Mailed check,No,No,No,0.8190267588509229,High
7480-QNVZJ,Month-to-month,50,95.7,4816.7,Fiber optic,Electronic check,No,No,Yes,0.8184561286439079,High
3999-QGRJH,Month-to-month,8,69.7,560.85,Fiber optic,Electronic check,No,No,Yes,0.8184233579958144,High
9992-RRAMN,Month-to-month,22,85.1,1873.7,Fiber optic,Electronic check,No,No,Yes,0.8178915544521742,High
5117-IFGPS,Month-to-month,29,84.3,2357.75,Fiber optic,Electronic check,No,No,No,0.8178898714285054,High
7786-WBJYI,Month-to-month,4,77.95,305.55,Fiber optic,Bank transfer (automatic),No,No,Yes,0.8177333278269129,High
3393-FMZPV,Month-to-month,25,100.25,2387.75,Fiber optic,Electronic check,No,No,Yes,0.8175765533625285,High
6331-EWIEB,Month-to-month,20,85.25,1734.5,Fiber optic,Electronic check,No,No,Yes,0.8173057200135271,High
5628-FCGYG,Month-to-month,21,84.1,1737.45,Fiber optic,Electronic check,No,No,No,0.8172646419186393,High
5609-CEBID,Month-to-month,20,94.1,1782.4,Fiber optic,Electronic check,No,No,Yes,0.8172531937595064,High
2809-ZMYOQ,Month-to-month,32,101.35,3334.9,Fiber optic,Electronic check,No,No,No,0.8172326244975637,High
2665-NPTGL,Month-to-month,26,98.1,2510.7,Fiber optic,Bank transfer (automatic),No,No,No,0.8170743649427784,High
4631-OACRM,Month-to-month,15,79.4,1156.1,Fiber optic,Electronic check,No,No,Yes,0.8168925069135833,High
2357-COQEK,Month-to-month,28,103.3,2890.65,Fiber optic,Electronic check,Yes,No,Yes,0.8165645180332204,High
3932-CMDTD,One year,4,105.65,443.9,Fiber optic,Electronic check,Yes,No,Yes,0.8164542939346193,High
2439-LYPMQ,Month-to-month,38,102.6,4009.2,Fiber optic,Electronic check,No,No,No,0.8164062907517939,High
6994-KERXL,Month-to-month,4,55.9,238.5,DSL,Electronic check,No,No,No,0.8163476773836956,High
3538-WZPHD,Month-to-month,3,29.6,79.45,DSL,Electronic check,No,No,Yes,0.8163109137370752,High
2862-PFNIK,Month-to-month,1,24.7,24.7,DSL,Electronic check,No,No,No,0.8161620226319398,High
3585-ISXZP,Month-to-month,8,95.65,778.1,Fiber optic,Bank transfer (automatic),No,No,Yes,0.8158756408403227,High
9846-GKXAS,Month-to-month,9,90.8,809.75,Fiber optic,Bank transfer (automatic),No,No,Yes,0.8158506542050569,High
8640-SDGKB,Month-to-month,4,74.4,299.7,DSL,Electronic check,Yes,No,Yes,0.8158334300717537,High
8063-GBATB,Month-to-month,27,85.25,2287.25,Fiber optic,Electronic check,No,No,Yes,0.8155368747232122,High
7206-PQBBZ,Month-to-month,11,70.2,834.7,Fiber optic,Electronic check,No,No,No,0.8154821282238471,High
8519-IMDHU,Month-to-month,15,85.6,1345.55,Fiber optic,Bank transfer (automatic),No,No,Yes,0.8154342978219292,High
8868-WOZGU,Month-to-month,28,105.7,2979.5,Fiber optic,Electronic check,No,No,Yes,0.8154299729016141,High
7240-ETPTR,Month-to-month,9,48.75,442.2,DSL,Electronic check,No,No,Yes,0.8153864467848355,High
8861-HGGKB,Month-to-month,10,86.45,830.85,Fiber optic,Electronic check,No,No,Yes,0.8152419707494265,High
2468-SJFLM,Month-to-month,1,74.3,74.3,Fiber optic,Mailed check,Yes,No,No,0.8151113621611763,High
7242-QZLXF,Month-to-month,1,25.3,25.3,DSL,Electronic check,No,No,Yes,0.8147902532657376,High
9048-JVYVF,Month-to-month,3,69.35,191.35,DSL,Electronic check,Yes,No,Yes,0.8145428898522156,High
6116-RFVHN,Month-to-month,34,100.45,3414.65,Fiber optic,Electronic check,No,No,No,0.8145029785705069,High
8443-WVPSS,Month-to-month,10,99.85,990.9,Fiber optic,Electronic check,Yes,No,Yes,0.814360164330529,High
1226-IENZN,Month-to-month,16,78.75,1218.25,Fiber optic,Electronic check,No,No,No,0.8142422299095701,High
0612-RTZZA,Month-to-month,1,25.25,25.25,DSL,Electronic check,No,No,Yes,0.8142325038597978,High
0480-BIXDE,Month-to-month,19,96.8,1743.05,Fiber optic,Electronic check,No,No,No,0.814194176958312,High
1342-JPNKI,Month-to-month,10,86.05,834.1,Fiber optic,Bank transfer (automatic),No,No,Yes,0.8141197937040735,High
6712-OAWRH,Month-to-month,26,91.25,2351.8,Fiber optic,Electronic check,No,No,Yes,0.8140300480406032,High
2057-ZBLPD,Month-to-month,21,86.5,1808.7,Fiber optic,Electronic check,No,No,Yes,0.8135701791702487,High
0221-WMXNQ,Month-to-month,4,75.35,273.4,Fiber optic,Electronic check,No,Yes,No,0.8134983017700392,High
0168-XZKBB,Month-to-month,19,86.85,1564.4,Fiber optic,Electronic check,No,No,No,0.8132479887316449,High
1508-DFXCU,Month-to-month,12,81.45,912.0,Fiber optic,Electronic check,No,No,No,0.8128699079589657,High
8263-JQAIK,Month-to-month,2,24.45,47.5,DSL,Mailed check,No,No,Yes,0.8125045904995742,High
5519-YLDGW,Month-to-month,21,103.9,2254.2,Fiber optic,Electronic check,No,Yes,Yes,0.8122389270501769,High
3966-HRMZA,Month-to-month,3,75.05,202.9,Fiber optic,Mailed check,No,No,No,0.8122116530985161,High
0396-YCHWO,Month-to-month,36,95.4,3474.2,Fiber optic,Electronic check,No,No,No,0.8117917489060934,High
4598-XLKNJ,Month-to-month,25,98.5,2514.5,Fiber optic,Electronic check,No,No,Yes,0.8114183335670305,High
1746-TGTWV,Month-to-month,1,75.35,75.35,Fiber optic,Credit card (automatic),No,No,No,0.8111190570402697,High
0302-JOIVN,Month-to-month,8,101.15,842.9,Fiber optic,Electronic check,No,No,Yes,0.811057649466187,High
7511-YMXVQ,Month-to-month,9,45.4,418.8,DSL,Electronic check,No,No,Yes,0.8109640953849288,High
5543-QDCRY,Month-to-month,4,56.4,234.85,DSL,Electronic check,No,No,No,0.8103356735357972,High
9314-IJWSQ,Month-to-month,14,84.8,1203.9,Fiber optic,Electronic check,No,No,No,0.8098022403163107,High
1496-GGSUK,Month-to-month,1,25.7,25.7,DSL,Mailed check,No,No,Yes,0.80950810679452,High
5482-PLVPE,Month-to-month,2,24.35,41.85,DSL,Electronic check,No,No,Yes,0.809443815442336,High
9643-AVVWI,Month-to-month,3,80.0,241.3,Fiber optic,Electronic check,Yes,No,No,0.8094368761396106,High
0661-XEYAN,Month-to-month,1,25.8,25.8,DSL,Mailed check,No,No,Yes,0.8092737003197885,High
7881-EVUAD,Month-to-month,2,42.6,72.4,DSL,Electronic check,No,Yes,Yes,0.809259094251685,High
8017-LXHFA,Month-to-month,23,94.75,2293.6,Fiber optic,Electronic check,No,No,Yes,0.8092130903917467,High
4385-GZQXV,Month-to-month,16,94.45,1511.2,Fiber optic,Electronic check,Yes,No,Yes,0.8089340033372047,High
1571-SAVHK,Month-to-month,12,99.95,1132.75,Fiber optic,Mailed check,Yes,No,Yes,0.8086875196901293,High
6595-YGXIT,Month-to-month,25,88.95,2291.2,Fiber optic,Electronic check,No,No,Yes,0.8086286594739197,High
4257-GAESD,Month-to-month,6,45.0,298.7,DSL,Credit card (automatic),No,No,No,0.807996409013197,High
3001-CBHLQ,Month-to-month,32,104.9,3351.55,Fiber optic,Electronic check,Yes,No,Yes,0.8078582109160277,High
1028-FFNJK,Month-to-month,30,101.5,2917.65,Fiber optic,Electronic check,Yes,No,No,0.8074603803422274,High
9121-PHQSR,Month-to-month,16,85.05,1391.15,Fiber optic,Credit card (automatic),No,No,No,0.8074473973387807,High
8404-GFGCZ,Month-to-month,4,65.6,250.1,DSL,Electronic check,No,No,No,0.8073949271376121,High
3951-NJCVI,Month-to-month,42,95.05,3944.5,Fiber optic,Electronic check,No,No,No,0.8073853477840186,High
5701-YVSVF,Month-to-month,11,82.9,880.05,Fiber optic,Electronic check,Yes,No,No,0.8073296354132767,High
3565-UNOCC,Month-to-month,29,99.05,2952.85,Fiber optic,Bank transfer (automatic),No,No,Yes,0.8072476568088093,High
8111-SLLHI,Month-to-month,39,105.65,4284.8,Fiber optic,Electronic check,No,No,Yes,0.8070811287740101,High
5884-GCYMI,Month-to-month,1,69.4,69.4,Fiber optic,Mailed check,No,No,Yes,0.8070736002931771,High
2568-OIADY,Month-to-month,37,99.5,3762.0,Fiber optic,Electronic check,No,No,Yes,0.8070400756390421,High
3866-MDTUB,Month-to-month,2,70.75,146.9,DSL,Electronic check,No,Yes,Yes,0.8069478305950892,High
5216-WASFJ,Month-to-month,31,84.85,2633.4,Fiber optic,Electronic check,No,No,No,0.8069221594373075,High
0988-JRWWP,Month-to-month,3,54.2,140.4,DSL,Electronic check,No,No,No,0.8066944119171539,High
5480-HPRRX,Month-to-month,3,25.3,77.75,DSL,Electronic check,No,No,Yes,0.8063871894069875,High
4398-HSCJH,Month-to-month,3,63.6,155.65,DSL,Electronic check,Yes,No,Yes,0.8060488006757976,High
0939-YAPAF,Month-to-month,35,100.25,3527.6,Fiber optic,Electronic check,No,No,Yes,0.806003104736651,High
9912-GVSEQ,Month-to-month,26,93.85,2381.55,Fiber optic,Electronic check,No,No,Yes,0.8058147255991958,High
6393-WRYZE,Month-to-month,34,97.65,3207.55,Fiber optic,Electronic check,No,No,Yes,0.805671807662274,High
9430-FRQOC,Month-to-month,4,87.1,341.45,Fiber optic,Mailed check,Yes,No,Yes,0.8055513606539114,High
3671-SHRSP,Month-to-month,4,80.6,319.15,Fiber optic,Mailed check,Yes,No,Yes,0.8055321271248067,High
9606-PBKBQ,Month-to-month,32,85.0,2642.05,Fiber optic,Electronic check,No,No,Yes,0.805092054529899,High
3223-WZWJM,Month-to-month,26,83.95,2254.2,Fiber optic,Electronic check,No,No,Yes,0.805052659524666,High
5937-EORGB,Month-to-month,15,96.5,1392.25,Fiber optic,Electronic check,No,Yes,No,0.8049362541660726,High
8212-DJRCH,Month-to-month,5,90.35,434.5,Fiber optic,Mailed check,No,Yes,No,0.8047517637492902,High
9747-DDZOS,Month-to-month,1,73.5,73.5,Fiber optic,Bank transfer (automatic),No,No,Yes,0.8047255279238203,High
1268-ASBGA,Month-to-month,16,85.35,1375.15,Fiber optic,Credit card (automatic),No,No,Yes,0.8045735751253564,High
3754-DXMRT,Month-to-month,2,44.15,92.65,DSL,Electronic check,No,No,Yes,0.8045294715282211,High
3663-MITLP,Month-to-month,15,101.25,1457.25,Fiber optic,Electronic check,No,No,Yes,0.8044644402497009,High
5940-AHUHD,Month-to-month,1,70.6,70.6,Fiber optic,Mailed check,No,No,Yes,0.804218771975615,High
2983-ZANRP,Month-to-month,2,73.55,145.4,Fiber optic,Bank transfer (automatic),No,No,Yes,0.8040941171809831,High
6599-SFQVE,Month-to-month,6,55.0,340.4,DSL,Electronic check,No,No,No,0.8039847940161561,High
5923-GXUOC,Month-to-month,10,104.4,1081.45,Fiber optic,Electronic check,No,Yes,Yes,0.8037493912072697,High
1867-BDVFH,Month-to-month,11,74.35,834.2,Fiber optic,Electronic check,No,No,Yes,0.8035346565705764,High
4873-ILOLJ,Month-to-month,24,90.35,2238.5,Fiber optic,Electronic check,No,No,Yes,0.8034466775149046,High
8739-WWKDU,Month-to-month,25,89.5,2196.15,Fiber optic,Electronic check,No,No,Yes,0.8034191189816066,High
5167-GBFRE,Month-to-month,4,25.2,102.5,DSL,Bank transfer (automatic),No,No,Yes,0.8033661390012153,High
3317-VLGQT,Month-to-month,14,78.1,1122.4,Fiber optic,Electronic check,No,No,No,0.8033261270441701,High
4816-JBHOV,Month-to-month,2,44.7,93.7,DSL,Electronic check,No,No,Yes,0.8031927551187883,High
0576-WNXXC,Month-to-month,27,95.55,2510.2,Fiber optic,Electronic check,No,No,Yes,0.8024868005009211,High
4512-ZUIYL,Month-to-month,2,70.0,153.05,Fiber optic,Bank transfer (automatic),No,No,Yes,0.80215405528127,High
3427-GGZZI,Month-to-month,19,89.1,1620.8,Fiber optic,Electronic check,No,No,No,0.802036166416979,High
2034-CGRHZ,Month-to-month,24,102.95,2496.7,Fiber optic,Credit card (automatic),No,No,Yes,0.801902515482528,High
4817-VYYWS,Month-to-month,30,100.2,2983.8,Fiber optic,Electronic check,No,No,Yes,0.801829346384488,High
4110-PFEUZ,Month-to-month,1,69.55,69.55,Fiber optic,Mailed check,No,No,Yes,0.8018248808933836,High
4822-YCXMX,Month-to-month,25,84.8,2043.45,Fiber optic,Electronic check,No,No,Yes,0.8017844816216144,High
4124-MMETB,Month-to-month,22,94.65,2104.55,Fiber optic,Credit card (automatic),No,No,Yes,0.80164414611176,High
1751-NCDLI,Month-to-month,46,98.85,4564.9,Fiber optic,Electronic check,No,No,No,0.8016166285709975,High
4501-EQDRN,Month-to-month,1,69.7,69.7,Fiber optic,Bank transfer (automatic),No,No,Yes,0.8014723857544376,High
4291-SHSBH,Month-to-month,7,69.55,521.35,Fiber optic,Electronic check,No,No,No,0.801433956571063,High
8922-LIEGH,Month-to-month,25,89.7,2187.55,Fiber optic,Electronic check,No,No,Yes,0.8014032457071187,High
1666-JXLKU,Month-to-month,37,100.05,3810.55,Fiber optic,Electronic check,No,No,No,0.8007893845941344,High
9572-WUKSB,Month-to-month,3,29.9,92.25,DSL,Electronic check,Yes,No,No,0.8005159650998473,High
1104-TNLZA,Month-to-month,28,105.8,2998.0,Fiber optic,Electronic check,Yes,No,No,0.7999859319890088,High
5028-GZLDO,Month-to-month,2,70.7,140.7,Fiber optic,Credit card (automatic),No,No,Yes,0.7998911587911477,High
4283-FUTGF,Month-to-month,19,79.85,1471.75,Fiber optic,Electronic check,No,No,Yes,0.7998621750474907,High
0689-NKYLF,Month-to-month,13,83.2,1060.6,Fiber optic,Electronic check,No,No,Yes,0.7997601375446535,High
6166-ILMNY,Month-to-month,2,69.75,144.55,Fiber optic,Bank transfer (automatic),No,No,Yes,0.7993653495728581,High
9647-ERGBE,Month-to-month,30,100.05,3046.15,Fiber optic,Electronic check,No,No,Yes,0.7993547003341808,High
0946-CLJTI,Month-to-month,58,98.7,5812.6,Fiber optic,Electronic check,No,No,Yes,0.799292394103813,High
5027-QPKTE,Month-to-month,7,69.35,451.1,Fiber optic,Electronic check,No,No,Yes,0.7991967972474755,High
9102-IAYHT,Month-to-month,17,85.45,1451.6,Fiber optic,Electronic check,No,No,Yes,0.7989769789136183,High
0519-XUZJU,Month-to-month,1,70.75,70.75,Fiber optic,Mailed check,No,No,Yes,0.7989117361812736,High
7517-LDMPS,Month-to-month,12,84.6,1017.35,Fiber optic,Electronic check,No,No,No,0.7987880052424832,High
0151-ONTOV,Month-to-month,1,70.9,70.9,Fiber optic,Mailed check,No,No,Yes,0.7985453490057618,High
0875-CABNR,Month-to-month,10,84.6,865.55,Fiber optic,Credit card (automatic),No,No,Yes,0.7984917466326643,High
8040-MNRTF,Month-to-month,1,71.1,71.1,Fiber optic,Mailed check,No,No,No,0.7980560566554573,High
0511-JTEOY,Month-to-month,1,71.1,71.1,Fiber optic,Mailed check,No,No,Yes,0.7980560566554573,High
8634-MPHTR,Month-to-month,47,100.05,4871.05,Fiber optic,Electronic check,No,No,Yes,0.798051654261649,High
5219-YIPTK,Month-to-month,33,104.4,3409.6,Fiber optic,Electronic check,No,No,Yes,0.7979729457221842,High
6030-REHUX,Month-to-month,28,110.85,3204.4,Fiber optic,Electronic check,Yes,No,No,0.7978910551578369,High
0224-RLWWD,Month-to-month,2,44.3,89.3,DSL,Electronic check,No,No,No,0.7976673439306757,High
3488-PGMQJ,Month-to-month,8,74.5,606.55,Fiber optic,Electronic check,No,No,Yes,0.7975501304702461,High
9208-OLGAQ,Month-to-month,18,84.95,1443.65,Fiber optic,Electronic check,No,No,No,0.7973004255694763,High
7892-POOKP,Month-to-month,28,104.8,3046.05,Fiber optic,Electronic check,Yes,No,Yes,0.7971076005010621,High
4433-JCGCG,Month-to-month,46,101.0,4680.05,Fiber optic,Electronic check,No,No,Yes,0.7970557285111314,High
5960-MVTUK,Month-to-month,3,29.75,96.85,DSL,Electronic check,Yes,No,No,0.7964831099576545,High
0115-TFERT,Month-to-month,21,111.2,2317.1,Fiber optic,Electronic check,Yes,No,Yes,0.7962436364090342,High
5364-XYIRR,Month-to-month,51,94.65,4812.75,Fiber optic,Electronic check,No,No,Yes,0.796235467396747,High
1965-AKTSX,Month-to-month,14,78.95,1101.85,Fiber optic,Electronic check,No,No,Yes,0.7961650177879742,High
6005-OBZPH,Month-to-month,26,89.15,2277.65,Fiber optic,Electronic check,No,No,Yes,0.7952694636501126,High
5228-EXCET,Month-to-month,13,80.85,1008.7,Fiber optic,Electronic check,No,No,Yes,0.7952644164919315,High
6646-VRFOL,Month-to-month,53,103.85,5485.5,Fiber optic,Electronic check,No,No,Yes,0.7951129153677009,High
8010-EZLOU,Month-to-month,15,80.2,1217.25,Fiber optic,Electronic check,No,No,Yes,0.7951048293937953,High
6339-YPSAH,Month-to-month,9,73.8,704.3,Fiber optic,Electronic check,No,No,No,0.7950476754367507,High
1771-OADNZ,Month-to-month,29,95.9,2745.2,Fiber optic,Electronic check,No,No,Yes,0.7947742207301625,High
5271-DBYSJ,Month-to-month,11,79.15,827.7,Fiber optic,Credit card (automatic),No,No,No,0.7947117401060335,High
5122-CYFXA,Month-to-month,3,75.3,244.1,DSL,Electronic check,Yes,No,No,0.794665827059275,High
3717-OEAUQ,Month-to-month,2,70.7,129.2,Fiber optic,Mailed check,No,No,No,0.7946318275244928,High
8543-MSDMF,Month-to-month,3,77.4,206.15,DSL,Electronic check,No,Yes,No,0.7945180141254604,High
6034-YMTOB,Month-to-month,5,75.65,399.45,Fiber optic,Mailed check,Yes,No,No,0.7944314690162472,High
5590-BYNII,Month-to-month,22,100.75,2095.0,Fiber optic,Electronic check,No,Yes,Yes,0.7943003232295817,High
5940-NFXKV,Month-to-month,19,83.65,1465.75,Fiber optic,Electronic check,No,No,Yes,0.7941372712593066,High
8445-DNBAE,Month-to-month,1,50.05,50.05,DSL,Electronic check,No,No,No,0.7937732219115159,High
7861-UVUFT,Month-to-month,15,84.3,1308.4,Fiber optic,Electronic check,No,No,Yes,0.7937720217768566,High
7901-TBKJX,Month-to-month,56,101.05,5594.0,Fiber optic,Electronic check,No,No,No,0.7934333807685122,High
1196-AMORA,Month-to-month,7,73.6,520.0,Fiber optic,Electronic check,No,No,Yes,0.7934211450540505,High
6778-YSNIH,Month-to-month,2,59.0,114.15,DSL,Electronic check,No,No,No,0.7931319767647669,High
1891-UAWWU,Month-to-month,20,90.8,1951.0,Fiber optic,Electronic check,No,No,Yes,0.7930543935302204,High
3672-YITQD,Month-to-month,36,84.1,3021.6,Fiber optic,Electronic check,No,No,Yes,0.7929447627918574,High
7142-HVGBG,Month-to-month,43,103.0,4414.3,Fiber optic,Electronic check,No,No,Yes,0.7926306672225463,High
1475-VWVDO,Month-to-month,7,74.9,490.55,Fiber optic,Electronic check,No,No,No,0.7925067394442274,High
4184-TJFAN,Month-to-month,3,88.3,273.75,Fiber optic,Mailed check,Yes,Yes,Yes,0.7923760933570766,High
1641-RQDAY,Month-to-month,32,100.4,3217.65,Fiber optic,Electronic check,No,No,No,0.7918639593208322,High
2025-JKFWI,Month-to-month,13,99.0,1301.7,Fiber optic,Mailed check,Yes,No,Yes,0.7917933287799555,High
7928-VJYAB,Month-to-month,11,90.6,1020.2,Fiber optic,Electronic check,No,No,No,0.7917586251001995,High
5976-JCJRH,Month-to-month,10,70.3,738.2,Fiber optic,Electronic check,No,No,Yes,0.7917237119874321,High
9763-PDTKK,Month-to-month,4,94.4,387.2,Fiber optic,Bank transfer (automatic),Yes,Yes,Yes,0.7916633069701374,High
8224-DWCKX,Month-to-month,12,73.3,828.05,Fiber optic,Credit card (automatic),No,No,No,0.7916216504683814,High
0928-XUTSN,Month-to-month,13,80.5,1011.8,Fiber optic,Electronic check,No,No,No,0.7915613249224049,High
3753-TSEMP,Month-to-month,15,88.15,1390.6,Fiber optic,Electronic check,No,No,Yes,0.7915248825084339,High
9136-ALYBR,Month-to-month,1,24.45,24.45,DSL,Mailed check,No,No,Yes,0.7914752336233467,High
8734-DKSTZ,Month-to-month,10,85.95,858.6,Fiber optic,Electronic check,No,No,No,0.7913958606908323,High
8709-KRDVL,Month-to-month,33,100.0,3320.6,Fiber optic,Electronic check,No,No,No,0.7913536908156945,High
0148-DCDOS,Month-to-month,25,94.7,2362.1,Fiber optic,Bank transfer (automatic),No,No,Yes,0.7913267271840487,High
4301-VVZKA,Month-to-month,16,75.4,1189.4,Fiber optic,Electronic check,No,No,No,0.7910298951202236,High
4612-SSVHJ,Month-to-month,20,81.45,1671.6,Fiber optic,Electronic check,No,No,No,0.7909846394391108,High
8325-QRPZR,Month-to-month,7,75.15,525.0,Fiber optic,Electronic check,No,No,No,0.7909365561429744,High
7315-WYOAW,Month-to-month,13,100.75,1313.25,Fiber optic,Electronic check,Yes,No,No,0.7906644558821174,High
7056-IMHCC,Month-to-month,53,101.9,5549.4,Fiber optic,Electronic check,No,No,Yes,0.790074273167021,High
9227-LUNBG,Month-to-month,1,24.6,24.6,DSL,Electronic check,No,No,Yes,0.7899409523972193,High
0125-LZQXK,Month-to-month,15,101.35,1553.95,Fiber optic,Electronic check,Yes,No,Yes,0.7899337606383289,High
1766-GKNMI,Month-to-month,29,84.9,2516.2,Fiber optic,Electronic check,No,No,No,0.7896117490044364,High
2626-URJFX,Month-to-month,4,50.9,225.6,DSL,Electronic check,No,No,Yes,0.7895063838600624,High
4030-VPZBD,Month-to-month,2,30.9,59.05,DSL,Electronic check,Yes,No,Yes,0.7894774189313125,High
9874-QLCLH,Month-to-month,17,104.2,1743.5,Fiber optic,Electronic check,No,Yes,Yes,0.7890058967154115,High
9436-ZBZCT,Month-to-month,14,89.95,1178.4,Fiber optic,Electronic check,Yes,No,Yes,0.7889002395305676,High
1112-CUNAO,Month-to-month,15,89.85,1424.95,Fiber optic,Electronic check,No,No,Yes,0.7887571547665462,High
0674-DGMAQ,Month-to-month,32,93.5,2970.8,Fiber optic,Electronic check,No,No,No,0.7885597756505298,High
9903-LYSAB,Month-to-month,18,73.15,1305.95,Fiber optic,Electronic check,No,No,No,0.7884545692762572,High
1907-UBQFC,Month-to-month,10,72.85,688.65,Fiber optic,Electronic check,No,No,Yes,0.7883908968338184,High
8903-XEBGX,Month-to-month,2,55.3,108.65,DSL,Electronic check,No,No,No,0.7883775337336824,High
4195-NZGTA,Month-to-month,1,25.25,25.25,DSL,Electronic check,No,No,No,0.7882974932542659,High
6502-HCJTI,Month-to-month,7,94.7,673.1,Fiber optic,Credit card (automatic),No,Yes,Yes,0.7882581534027396,High
8648-PFRMP,Month-to-month,14,46.35,672.7,DSL,Electronic check,No,No,No,0.7881536182811545,High
5569-KGJHX,Month-to-month,9,85.35,754.65,Fiber optic,Bank transfer (automatic),No,No,Yes,0.7877960448408324,High
6319-IEJWJ,Month-to-month,20,90.2,1776.55,Fiber optic,Electronic check,No,No,Yes,0.7876238819128206,High
5380-WJKOV,Month-to-month,34,106.35,3549.25,Fiber optic,Electronic check,No,No,Yes,0.7874664621543339,High
3071-VBYPO,Month-to-month,3,89.85,248.4,Fiber optic,Electronic check,No,Yes,No,0.7874370305935517,High
2482-CZGBB,Month-to-month,10,70.0,740.0,Fiber optic,Electronic check,No,No,Yes,0.7868692159071441,High
0524-IAVZO,Month-to-month,30,85.0,2624.25,Fiber optic,Electronic check,No,No,Yes,0.7865850699353866,High
8999-BOHSE,Month-to-month,11,89.7,1047.7,Fiber optic,Bank transfer (automatic),No,No,Yes,0.786332207511915,High
5949-XIKAE,Month-to-month,8,83.55,680.05,Fiber optic,Electronic check,No,No,Yes,0.7862806629700808,High
9921-ZVRHG,Month-to-month,14,80.45,1072.0,Fiber optic,Electronic check,No,No,Yes,0.7862600195558184,High
9743-DQKQW,Month-to-month,3,25.1,79.8,DSL,Electronic check,No,No,No,0.7862523364730893,High
4559-UWIHT,Month-to-month,14,82.65,1185.0,Fiber optic,Electronic check,No,No,No,0.7862426938385839,High
1583-IHQZE,Month-to-month,12,112.95,1384.75,Fiber optic,Mailed check,Yes,No,Yes,0.7861915665395541,High
9638-JIQYA,Month-to-month,2,24.9,49.7,DSL,Credit card (automatic),No,No,No,0.7861545410159309,High
6212-ATMLK,Month-to-month,50,95.7,4729.75,Fiber optic,Electronic check,No,No,No,0.785966440008666,High
8374-XGEJJ,Month-to-month,43,101.0,4388.4,Fiber optic,Electronic check,No,No,Yes,0.7858026873966817,High
6379-RXJRQ,Month-to-month,10,70.1,659.65,Fiber optic,Electronic check,No,No,Yes,0.7852208290683459,High
4367-NHWMM,Month-to-month,1,24.9,24.9,DSL,Mailed check,No,No,No,0.785146794409736,High
6032-IGALN,Month-to-month,1,25.1,25.1,DSL,Mailed check,No,No,Yes,0.7846337363143943,High
9190-MFJLN,Month-to-month,19,95.9,1777.9,Fiber optic,Credit card (automatic),No,No,Yes,0.7846101634959232,High
4236-UJPWO,Month-to-month,2,24.5,46.4,DSL,Electronic check,No,No,No,0.7845478845684163,High
7537-RBWEA,Month-to-month,1,25.15,25.15,DSL,Mailed check,No,No,No,0.7845053329922327,High
4971-PUYQO,Month-to-month,27,94.55,2724.6,Fiber optic,Mailed check,No,No,Yes,0.784439874414427,High
4325-NFSKC,Month-to-month,19,90.6,1660.0,Fiber optic,Electronic check,No,Yes,Yes,0.7843642173339196,High
7853-OETYL,Month-to-month,4,29.05,129.6,DSL,Electronic check,No,Yes,No,0.7842992157840657,High
5959-BELXA,Month-to-month,32,96.15,3019.25,Fiber optic,Credit card (automatic),No,No,Yes,0.7841493866401517,High
2592-SEIFQ,Month-to-month,3,24.75,66.95,DSL,Electronic check,No,No,Yes,0.7836023869218123,High
0133-BMFZO,Month-to-month,2,86.25,181.65,Fiber optic,Electronic check,Yes,Yes,Yes,0.7835088233829859,High
6959-UWKHF,Month-to-month,1,42.9,42.9,DSL,Electronic check,No,No,Yes,0.783403453480925,High
7912-SYRQT,Month-to-month,7,75.1,552.95,Fiber optic,Bank transfer (automatic),No,No,Yes,0.7833574639136549,High
2080-CAZNM,Month-to-month,41,104.4,4133.95,Fiber optic,Electronic check,No,No,No,0.7831070608772726,High
7495-OOKFY,Month-to-month,8,80.65,633.3,Fiber optic,Credit card (automatic),No,No,Yes,0.7825796701732515,High
8270-RKSAP,Month-to-month,9,70.5,597.9,Fiber optic,Electronic check,No,No,No,0.7825058861469851,High
8642-GVWRF,Month-to-month,2,79.7,165.0,Fiber optic,Bank transfer (automatic),No,No,Yes,0.7824615861399191,High
1565-RHDJD,Month-to-month,4,84.05,333.55,Fiber optic,Bank transfer (automatic),No,No,Yes,0.7822842060019463,High
6833-JMZYP,Month-to-month,15,94.0,1505.45,Fiber optic,Credit card (automatic),No,No,No,0.7819252888818439,High
1379-FRVEB,Month-to-month,15,91.0,1430.05,Fiber optic,Electronic check,No,No,No,0.7817290378399634,High
0135-NMXAP,Month-to-month,12,89.75,1052.4,Fiber optic,Bank transfer (automatic),No,No,Yes,0.7816450276293593,High
6458-CYIDZ,Month-to-month,5,80.7,374.8,Fiber optic,Electronic check,No,Yes,No,0.7815084548375908,High
6907-NZZIJ,Month-to-month,36,99.15,3615.6,Fiber optic,Electronic check,No,No,Yes,0.7813814827900757,High
6267-DCFFZ,Month-to-month,30,90.05,2627.2,Fiber optic,Electronic check,No,No,No,0.7812153387237705,High
3797-FKOGQ,Month-to-month,11,86.2,893.2,Fiber optic,Electronic check,No,No,No,0.7810536375925442,High
6032-KRXXO,Month-to-month,30,90.25,2755.35,Fiber optic,Electronic check,No,No,Yes,0.7809907727852425,High
9054-FOWNV,Month-to-month,22,88.75,1885.15,Fiber optic,Electronic check,No,No,No,0.780963757709856,High
6347-DCUIK,Month-to-month,10,74.15,811.8,Fiber optic,Mailed check,No,No,Yes,0.7808858156820987,High
7137-RYLPP,Month-to-month,37,85.7,3171.15,Fiber optic,Electronic check,No,No,Yes,0.7808601195844843,High
2860-RANUS,Month-to-month,20,85.8,1727.5,Fiber optic,Credit card (automatic),No,No,Yes,0.780732995438428,High
1302-UHBDD,Month-to-month,20,89.95,1648.45,Fiber optic,Electronic check,No,No,No,0.7806772711970004,High
4299-SIMNS,Month-to-month,9,81.15,784.45,Fiber optic,Electronic check,No,Yes,No,0.7806728159237394,High
2408-WITXK,Month-to-month,10,34.7,329.8,DSL,Electronic check,No,No,Yes,0.78058820560139,High
4521-YEEHE,Month-to-month,18,88.85,1594.75,Fiber optic,Electronic check,Yes,No,No,0.7805512536016971,High
7714-YXSMB,Month-to-month,26,100.5,2599.95,Fiber optic,Bank transfer (automatic),No,No,No,0.7804123448614844,High
1754-GKYPY,Month-to-month,22,89.75,1938.9,Fiber optic,Bank transfer (automatic),No,No,No,0.7803276526707327,High
8118-TJAFG,Month-to-month,9,101.5,906.85,Fiber optic,Electronic check,Yes,No,No,0.7801066636312121,High
3346-BRMIS,Month-to-month,18,48.35,810.7,DSL,Electronic check,No,No,Yes,0.7799215959693385,High
9620-ENEJV,Month-to-month,6,70.55,433.95,Fiber optic,Credit card (automatic),No,No,No,0.7798659028979051,High
9600-UDOPK,Month-to-month,30,94.05,2866.45,Fiber optic,Credit card (automatic),No,No,Yes,0.7797253104975874,High
3703-VAVCL,Month-to-month,2,90.0,190.05,Fiber optic,Credit card (automatic),Yes,No,Yes,0.7795304292654411,High
9494-MRNYX,Month-to-month,10,75.05,786.3,Fiber optic,Electronic check,No,No,No,0.7794563431281654,High
1792-UXAFY,Month-to-month,17,89.15,1496.9,Fiber optic,Electronic check,No,No,Yes,0.77927420406627,High
1689-YQBYY,Month-to-month,12,76.6,893.0,Fiber optic,Electronic check,No,No,No,0.779273410833921,High
6242-MBHPK,Month-to-month,23,95.1,2326.05,Fiber optic,Electronic check,No,Yes,No,0.7790387804672754,High
2504-DSHIH,Month-to-month,23,86.8,1975.85,Fiber optic,Electronic check,No,No,No,0.7789869715040949,High
8356-WUAOJ,Month-to-month,1,45.0,45.0,DSL,Electronic check,No,No,No,0.7788439531132566,High
4373-VVHQL,Month-to-month,1,44.75,44.75,DSL,Electronic check,No,No,No,0.7785959334875563,High
9415-DPEWS,Month-to-month,18,88.35,1639.3,Fiber optic,Electronic check,Yes,No,Yes,0.7784736417540081,High
8705-WZCYL,Month-to-month,1,44.8,44.8,DSL,Electronic check,No,No,No,0.7784649467452162,High
2685-SREOM,Month-to-month,25,89.1,2368.4,Fiber optic,Electronic check,No,No,Yes,0.7782394508990924,High
8878-HMWBV,Month-to-month,3,49.15,169.05,DSL,Electronic check,No,No,Yes,0.7781332882319308,High
3751-KTZEL,Month-to-month,1,35.05,35.05,DSL,Mailed check,No,No,Yes,0.7780933931363481,High
5692-ICXLW,Month-to-month,31,90.7,2845.15,Fiber optic,Electronic check,No,No,No,0.7779296873436076,High
6637-KYRCV,Month-to-month,5,30.5,167.2,DSL,Electronic check,No,No,No,0.7771922920532982,High
3588-WSTTJ,Month-to-month,35,99.05,3554.6,Fiber optic,Electronic check,No,Yes,No,0.7770778827568796,High
6608-QQLVK,Month-to-month,1,50.5,50.5,DSL,Electronic check,No,No,Yes,0.7770310271783265,High
2962-XPMCQ,Month-to-month,2,45.15,98.5,DSL,Electronic check,No,No,Yes,0.7767551495863998,High
2082-CEFLT,Month-to-month,1,45.6,45.6,DSL,Electronic check,No,No,Yes,0.7763616220493458,High
2135-RXIHG,Month-to-month,1,45.65,45.65,DSL,Electronic check,No,No,Yes,0.7762296933526943,High
4277-PVRAN,Month-to-month,8,80.1,679.3,Fiber optic,Bank transfer (automatic),No,No,Yes,0.7761631348273319,High
2398-YPMUR,Month-to-month,13,70.15,916.75,Fiber optic,Electronic check,No,No,Yes,0.7760987312751064,High
6235-VDHOM,Month-to-month,5,28.45,131.05,DSL,Electronic check,No,No,Yes,0.7760495330371167,High
3597-MVHJT,Month-to-month,27,95.6,2595.25,Fiber optic,Bank transfer (automatic),No,No,No,0.7759623532599775,High
2774-LVQUS,Month-to-month,15,83.05,1258.3,Fiber optic,Electronic check,Yes,No,Yes,0.7758137598636944,High
7801-KICAO,Month-to-month,18,74.15,1345.75,Fiber optic,Electronic check,No,No,No,0.7756041367924971,High
8949-JTMAY,Month-to-month,29,98.6,2933.2,Fiber optic,Credit card (automatic),No,No,Yes,0.7755595326609445,High
1513-XNPPH,Month-to-month,12,89.4,1095.65,Fiber optic,Electronic check,Yes,No,Yes,0.7755239067314191,High
9961-JBNMK,Month-to-month,21,96.8,2030.3,Fiber optic,Bank transfer (automatic),No,No,Yes,0.7754665563419523,High
3640-PHQXK,Month-to-month,31,89.9,2806.9,Fiber optic,Electronic check,No,No,Yes,0.7753455649652108,High
8063-RJYNF,Month-to-month,16,94.25,1483.25,Fiber optic,Electronic check,No,Yes,Yes,0.7752685589308573,High
2754-XBHTB,Month-to-month,9,77.65,714.15,Fiber optic,Bank transfer (automatic),No,No,Yes,0.7751650598138177,High
9524-EGPJC,Month-to-month,18,90.1,1612.75,Fiber optic,Electronic check,Yes,No,Yes,0.7750522077915803,High
4855-SNKMY,Month-to-month,1,44.1,44.1,DSL,Electronic check,No,No,Yes,0.7749177412717297,High
9398-MMQTO,Month-to-month,3,74.45,221.1,Fiber optic,Credit card (automatic),No,No,No,0.7744170165873563,High
9367-WXLCH,Month-to-month,8,84.5,662.65,Fiber optic,Bank transfer (automatic),No,No,Yes,0.7741570147082999,High
9588-OZDMQ,Month-to-month,2,45.0,89.75,DSL,Electronic check,No,No,No,0.7741510226820999,High
8993-PHFWD,Month-to-month,3,25.25,58.9,DSL,Electronic check,No,No,Yes,0.7740152651152716,High
5600-KTXFM,Month-to-month,2,69.95,143.9,Fiber optic,Mailed check,No,No,No,0.7739909210002373,High
5980-NOPLP,Month-to-month,44,96.1,4364.1,Fiber optic,Electronic check,No,No,Yes,0.7739025390298376,High
8621-MNIHH,Month-to-month,34,94.25,3217.55,Fiber optic,Electronic check,No,No,Yes,0.7737865570988883,High
2675-DHUTR,Month-to-month,58,98.9,5780.7,Fiber optic,Electronic check,No,No,No,0.773557591520324,High
2141-RRYGO,Month-to-month,4,68.65,261.25,DSL,Bank transfer (automatic),No,No,Yes,0.7732814335778142,High
2959-FENLU,Month-to-month,9,85.3,781.4,Fiber optic,Credit card (automatic),No,No,No,0.7731985340264814,High
4349-GFQHK,Month-to-month,1,54.35,54.35,DSL,Electronic check,No,No,Yes,0.7728329411027415,High
5650-VDUDS,Month-to-month,4,24.25,96.05,DSL,Mailed check,No,No,Yes,0.7727814393163088,High
0727-IWKVK,Month-to-month,9,79.9,741.7,Fiber optic,Electronic check,No,No,Yes,0.7724634285047817,High
4583-PARNH,Month-to-month,16,91.55,1540.05,Fiber optic,Electronic check,Yes,No,No,0.7721772339335817,High
7534-BFESC,Month-to-month,24,76.1,1712.7,Fiber optic,Electronic check,No,No,Yes,0.7721057279244868,High
5077-DXTCG,Month-to-month,1,45.3,45.3,DSL,Electronic check,No,No,Yes,0.7717216726769607,High
4412-YLTKF,Month-to-month,27,78.05,2135.5,Fiber optic,Electronic check,No,No,Yes,0.7715748091798708,High
9355-NPPFS,Month-to-month,26,78.8,2006.1,Fiber optic,Electronic check,No,No,No,0.7714316956670949,High
7587-RZNME,Month-to-month,3,43.3,123.65,DSL,Electronic check,No,No,Yes,0.7712857644283005,High
7089-IVVAZ,Month-to-month,8,103.35,847.3,Fiber optic,Bank transfer (automatic),Yes,Yes,Yes,0.7712484095171082,High
5405-ZMYXQ,Month-to-month,8,74.6,548.9,Fiber optic,Credit card (automatic),No,No,No,0.7712370951754274,High
5934-RMPOV,Month-to-month,22,84.75,1816.75,Fiber optic,Electronic check,No,No,No,0.771034578274572,High
5879-SESNB,Month-to-month,11,75.25,888.65,Fiber optic,Electronic check,No,No,No,0.770920624379098,High
1084-UQCHV,Month-to-month,1,69.75,69.75,Fiber optic,Bank transfer (automatic),No,No,Yes,0.77082549761282,High
6128-CZOMY,Month-to-month,1,45.65,45.65,DSL,Electronic check,No,No,Yes,0.7707834885030849,High
4686-UXDML,Month-to-month,21,99.85,1992.55,Fiber optic,Credit card (automatic),No,No,No,0.7707301617442449,High
0947-IDHRQ,Month-to-month,7,80.3,526.7,Fiber optic,Mailed check,No,No,Yes,0.7707212134374354,High
4572-DVCGN,Month-to-month,10,80.25,846.0,Fiber optic,Bank transfer (automatic),No,No,Yes,0.7706600498548479,High
4998-IKFSE,Month-to-month,30,100.45,3096.9,Fiber optic,Electronic check,No,No,No,0.770531132576072,High
2187-PKZAY,Month-to-month,12,79.95,1043.4,Fiber optic,Bank transfer (automatic),No,No,No,0.7705062866575322,High
4289-DTDKW,Month-to-month,40,101.3,4113.1,Fiber optic,Electronic check,No,No,Yes,0.7704524840319324,High
4441-NIHPT,Month-to-month,13,74.3,940.35,Fiber optic,Electronic check,No,No,Yes,0.7703154339687563,High
4803-AXVYP,Month-to-month,38,99.55,3734.25,Fiber optic,Electronic check,Yes,No,Yes,0.7703057974070582,High
0027-KWYKW,Month-to-month,23,83.75,1849.95,Fiber optic,Electronic check,No,No,No,0.7700441391213179,High
6496-JDSSB,Month-to-month,8,80.0,624.6,Fiber optic,Bank transfer (automatic),No,No,No,0.7699930441808692,High
1989-PRJHP,Month-to-month,27,75.5,1893.95,Fiber optic,Electronic check,No,No,Yes,0.7696468783628545,High
4822-NGOCH,Month-to-month,13,84.45,1058.6,Fiber optic,Electronic check,No,No,Yes,0.7695639632671856,High
0315-LVCRK,Month-to-month,11,84.8,888.75,Fiber optic,Electronic check,No,No,No,0.7695443866111368,High
4009-ALQFH,Month-to-month,25,99.5,2369.05,Fiber optic,Electronic check,No,No,Yes,0.7695257323619069,High
6651-AZVTJ,Month-to-month,49,99.8,4872.45,Fiber optic,Electronic check,No,No,Yes,0.7694980295224028,High
1589-AGTLK,Month-to-month,3,45.35,141.5,DSL,Electronic check,No,No,Yes,0.7694745655421211,High
0147-ESWWR,Month-to-month,39,101.25,3949.15,Fiber optic,Electronic check,Yes,No,No,0.7693226077222196,High
7426-RHZGU,Month-to-month,9,95.9,827.45,Fiber optic,Bank transfer (automatic),Yes,No,No,0.7691357428481747,High
5947-SGKCL,Month-to-month,15,105.35,1559.25,Fiber optic,Bank transfer (automatic),No,No,No,0.7689305328428265,High
3550-SAHFP,Month-to-month,33,83.35,2757.85,Fiber optic,Electronic check,No,No,Yes,0.7689140560970956,High
9133-AYJZG,Month-to-month,23,98.7,2249.1,Fiber optic,Credit card (automatic),No,No,No,0.7688907792367512,High
0447-RXSGD,Month-to-month,24,99.65,2404.85,Fiber optic,Bank transfer (automatic),No,No,No,0.7686079815685269,High
9801-GDWGV,Month-to-month,39,103.45,3994.45,Fiber optic,Electronic check,No,No,Yes,0.7685962251045967,High
0491-KAPQG,Month-to-month,21,73.7,1558.7,Fiber optic,Electronic check,No,No,No,0.768558882158798,High
0023-XUOPT,Month-to-month,13,94.1,1215.6,Fiber optic,Electronic check,No,No,Yes,0.7685021342126168,High
5144-TVGLP,Month-to-month,38,94.75,3653.0,Fiber optic,Electronic check,No,No,No,0.7684510424170358,High
7851-FLGGQ,Month-to-month,1,44.65,44.65,DSL,Mailed check,Yes,No,Yes,0.7684075875081471,High
4716-HHKQH,Month-to-month,20,107.05,2172.05,Fiber optic,Electronic check,Yes,No,No,0.7682750701411977,High
3336-JORSO,Month-to-month,33,110.45,3655.45,Fiber optic,Electronic check,Yes,No,Yes,0.7682602350288327,High
2114-MGINA,Month-to-month,14,89.8,1129.1,Fiber optic,Mailed check,No,No,Yes,0.7681932988421941,High
4062-HBMOS,Month-to-month,52,103.05,5364.8,Fiber optic,Electronic check,No,No,No,0.7678270285644655,High
7442-YGZFK,Month-to-month,1,49.8,49.8,DSL,Credit card (automatic),No,No,No,0.7672886459145005,High
2786-GCDPI,Month-to-month,50,104.95,5222.35,Fiber optic,Electronic check,Yes,No,No,0.767192802918918,High
4484-GLZOU,Month-to-month,52,105.05,5624.85,Fiber optic,Electronic check,No,No,Yes,0.767129138871665,High
1264-BYWMS,Month-to-month,55,96.8,5283.95,Fiber optic,Electronic check,No,No,Yes,0.7671221348564193,High
2397-BRLOM,Month-to-month,8,80.45,583.45,Fiber optic,Credit card (automatic),No,No,Yes,0.766838499186005,High
2386-LAHRK,Month-to-month,1,53.5,53.5,DSL,Mailed check,No,No,Yes,0.7665418107950738,High
5652-MSDEY,Month-to-month,10,75.75,777.3,Fiber optic,Mailed check,No,No,No,0.7663897106331454,High
2575-GFSOE,Month-to-month,7,69.0,506.9,Fiber optic,Electronic check,No,No,Yes,0.7663334074872669,High
8818-DOPVL,Month-to-month,46,104.45,4863.85,Fiber optic,Electronic check,No,No,No,0.7662806040279474,High
0611-DFXKO,Month-to-month,20,89.0,1820.45,Fiber optic,Mailed check,No,No,Yes,0.7662464237483656,High
8182-BJDSI,Month-to-month,28,89.95,2625.55,Fiber optic,Electronic check,No,No,Yes,0.7662388971662684,High
0196-JTUQI,Month-to-month,9,75.2,633.85,Fiber optic,Credit card (automatic),No,No,No,0.766213557777152,High
8008-HAWED,Month-to-month,14,50.75,712.75,DSL,Electronic check,No,No,Yes,0.7660149533872934,High
7072-MBHEV,Month-to-month,11,78.1,864.85,Fiber optic,Credit card (automatic),No,No,No,0.766004590258696,High
9129-UXERG,Month-to-month,18,103.6,1806.35,Fiber optic,Credit card (automatic),Yes,No,No,0.7655214232279197,High
6390-DSAZX,Month-to-month,1,73.6,73.6,Fiber optic,Mailed check,No,Yes,Yes,0.7655091460277157,High
5759-RCVCB,Month-to-month,3,35.2,108.95,DSL,Credit card (automatic),No,No,Yes,0.7654153356330655,High
2831-EBWRN,Month-to-month,4,45.9,199.75,DSL,Electronic check,No,No,No,0.7654144142143188,High
6088-BXMRG,Month-to-month,32,98.85,3089.6,Fiber optic,Electronic check,No,No,No,0.7651467381462851,High
9050-QLROH,Month-to-month,18,90.7,1597.25,Fiber optic,Credit card (automatic),No,No,Yes,0.7649920679906167,High
8436-BJUMM,Month-to-month,26,83.75,2070.6,Fiber optic,Electronic check,No,No,Yes,0.764976367112088,High
6629-CZTTH,Month-to-month,1,55.7,55.7,DSL,Mailed check,No,No,Yes,0.7649345573674925,High
4647-MUZON,Month-to-month,18,95.95,1745.5,Fiber optic,Credit card (automatic),No,No,No,0.7646719892685829,High
9851-QXEEQ,Month-to-month,41,104.7,4346.4,Fiber optic,Electronic check,No,No,Yes,0.7645051650228566,High
3211-AAPKX,Month-to-month,20,98.55,2031.95,Fiber optic,Mailed check,Yes,No,No,0.7643698689084423,High
3143-JQEGI,Month-to-month,13,88.35,1222.8,Fiber optic,Electronic check,No,No,Yes,0.7641276625688613,High
5385-SUIRI,Month-to-month,52,104.2,5568.35,Fiber optic,Electronic check,No,Yes,Yes,0.76399484755736,High
9714-EDSUC,Month-to-month,4,94.9,360.55,Fiber optic,Mailed check,Yes,Yes,No,0.7639303007008127,High
7321-PKUYW,Month-to-month,11,90.15,987.95,Fiber optic,Electronic check,Yes,No,Yes,0.7637320213609227,High
2082-OJVTK,Month-to-month,29,89.2,2698.35,Fiber optic,Electronic check,No,No,Yes,0.7637218484127923,High
0899-LIIBW,Month-to-month,34,100.85,3527.3,Fiber optic,Electronic check,No,No,No,0.7636831749441388,High
8610-WFCJF,Month-to-month,49,95.6,4783.5,Fiber optic,Electronic check,No,No,Yes,0.7632720524463505,High
8104-OSKWT,Month-to-month,12,79.8,1001.2,Fiber optic,Electronic check,No,Yes,No,0.762978555776835,High
1932-UEDCX,Month-to-month,33,100.6,3270.25,Fiber optic,Bank transfer (automatic),No,No,No,0.7629369419765153,High
7748-UMTRK,Month-to-month,30,101.3,2974.5,Fiber optic,Electronic check,Yes,No,No,0.7628907588794098,High
5931-FLJJF,Month-to-month,7,70.1,467.55,Fiber optic,Mailed check,No,No,Yes,0.762842298295437,High
3518-PZXZQ,Month-to-month,1,55.3,55.3,DSL,Mailed check,No,No,No,0.7625616091388139,High
5183-SNMJQ,Month-to-month,10,95.1,865.1,Fiber optic,Credit card (automatic),Yes,No,No,0.7625213951013876,High
6519-CFDBX,Month-to-month,2,45.4,80.95,DSL,Electronic check,No,No,No,0.76205484805882,High
4074-SJFFA,Month-to-month,1,54.75,54.75,DSL,Mailed check,No,No,Yes,0.7619268568327876,High
3130-ICDUP,Month-to-month,2,80.55,188.1,Fiber optic,Credit card (automatic),No,Yes,No,0.7613466154255778,High
6900-PXRMS,Month-to-month,26,105.75,2710.25,Fiber optic,Electronic check,No,No,Yes,0.7612287197207412,High
8337-MSSXB,Month-to-month,14,86.3,1180.95,Fiber optic,Electronic check,No,No,Yes,0.7611079750934273,High
5520-FVEWJ,Month-to-month,12,84.5,916.9,Fiber optic,Electronic check,No,No,Yes,0.7609348417359267,High
3334-CTHOL,Month-to-month,1,49.95,49.95,DSL,Bank transfer (automatic),No,No,Yes,0.7609326169987488,High
4929-BSTRX,Month-to-month,1,53.55,53.55,DSL,Mailed check,No,No,Yes,0.7607942114933478,High
4749-VFKVB,Month-to-month,1,50.1,50.1,DSL,Mailed check,No,No,Yes,0.7605064383503365,High
3644-QXEHN,Month-to-month,13,97.0,1334.45,Fiber optic,Electronic check,No,No,No,0.7604680876535168,High
2824-MYYBN,Month-to-month,37,95.25,3314.15,Fiber optic,Electronic check,No,No,No,0.7601589054923574,High
2460-NGXBJ,Month-to-month,11,75.2,775.3,Fiber optic,Credit card (automatic),No,No,No,0.7601058080137917,High
8784-CGILN,Month-to-month,18,99.85,1776.95,Fiber optic,Bank transfer (automatic),Yes,No,Yes,0.7601016176420058,High
7278-CKDNC,Month-to-month,24,80.5,2088.45,Fiber optic,Electronic check,No,No,No,0.76008873676459,High
8637-XJIVR,Month-to-month,12,78.95,927.35,Fiber optic,Electronic check,No,Yes,Yes,0.7599633648625418,High
5916-QEWPT,Month-to-month,2,69.0,147.8,DSL,Credit card (automatic),No,No,No,0.7598697743395105,High
3070-DVEYC,Month-to-month,7,73.75,545.15,Fiber optic,Mailed check,No,No,Yes,0.7598305303802623,High
3234-VKACU,Month-to-month,2,70.3,132.4,DSL,Electronic check,Yes,No,No,0.7594890740635306,High
0434-CSFON,Month-to-month,47,100.5,4707.1,Fiber optic,Electronic check,No,No,No,0.7593202703518542,High
8313-KTIHG,Month-to-month,4,61.3,249.4,DSL,Electronic check,Yes,No,No,0.7593110860221478,High
9172-JITSM,Month-to-month,26,90.8,2361.8,Fiber optic,Electronic check,No,No,Yes,0.7591945758368869,High
1597-FZREH,Month-to-month,2,76.4,160.8,DSL,Electronic check,Yes,No,Yes,0.7590767687013394,High
1230-QAJDW,Month-to-month,3,65.25,209.9,DSL,Mailed check,Yes,No,No,0.7585921678235881,High
2951-QOQTK,Month-to-month,4,80.8,332.45,Fiber optic,Credit card (automatic),Yes,No,Yes,0.7583837549325908,High
5908-QMGOE,Month-to-month,15,74.2,1133.9,Fiber optic,Credit card (automatic),No,No,Yes,0.7583803132341014,High
6048-QBXKL,Month-to-month,2,56.55,118.25,DSL,Credit card (automatic),No,No,No,0.7581646283169597,High
9692-TUSXH,Month-to-month,18,96.05,1740.7,Fiber optic,Electronic check,No,Yes,Yes,0.7580839102759656,High
0529-ONKER,Month-to-month,15,75.65,1146.65,Fiber optic,Electronic check,No,No,Yes,0.7578623605237924,High
4729-XKASR,Month-to-month,1,24.75,24.75,DSL,Electronic check,No,No,Yes,0.7577725499755207,High
0921-OHLVP,Month-to-month,22,83.05,1799.3,Fiber optic,Electronic check,No,No,No,0.7575169857056604,High
0886-QGENL,Month-to-month,27,101.25,2754.45,Fiber optic,Electronic check,No,Yes,Yes,0.7574519433809508,High
4351-QLCSU,Month-to-month,1,55.0,55.0,DSL,Credit card (automatic),No,No,Yes,0.7571224769799967,High
0224-HJAPT,Month-to-month,5,47.15,223.15,DSL,Electronic check,No,No,Yes,0.7570503668046256,High
5857-TYBCJ,Month-to-month,44,89.2,4040.2,Fiber optic,Electronic check,No,No,No,0.7570388094348841,High
7422-WNBTY,Month-to-month,33,93.35,3092.0,Fiber optic,Electronic check,No,No,No,0.7569512785880014,High
7159-FVYPK,Month-to-month,3,69.15,235.0,DSL,Bank transfer (automatic),No,No,No,0.7568444509967887,High
2362-IBOOY,Month-to-month,36,84.75,3050.15,Fiber optic,Electronic check,No,No,Yes,0.7567326436599181,High
0362-ZBZWJ,Month-to-month,36,84.9,3067.2,Fiber optic,Electronic check,No,No,Yes,0.7566925807955716,High
6877-LGWXO,Month-to-month,18,78.55,1422.65,Fiber optic,Electronic check,No,No,Yes,0.7565516120394076,High
3269-ATYWD,Month-to-month,39,95.65,3759.05,Fiber optic,Bank transfer (automatic),No,No,Yes,0.7564572950126235,High
2154-KVJFF,Month-to-month,15,79.75,1111.85,Fiber optic,Electronic check,No,No,Yes,0.7561653177650932,High
6402-EJMWF,Month-to-month,4,55.3,238.5,DSL,Mailed check,No,No,No,0.7559685360334413,High
9796-BPKIW,Month-to-month,8,69.95,562.7,Fiber optic,Credit card (automatic),No,No,No,0.7559145911300085,High
7703-ZEKEF,Month-to-month,23,81.0,1917.1,Fiber optic,Electronic check,No,No,Yes,0.7558293495681676,High
3703-KBKZP,Month-to-month,16,74.45,1261.35,Fiber optic,Bank transfer (automatic),No,No,No,0.7557004882761128,High
9842-EFSYY,Month-to-month,4,57.2,223.75,DSL,Mailed check,No,Yes,No,0.7555568160133429,High
0337-CNPZE,Month-to-month,41,106.3,4443.45,Fiber optic,Electronic check,No,No,Yes,0.7555044223761379,High
2506-CLAKW,Month-to-month,6,98.15,567.45,Fiber optic,Bank transfer (automatic),Yes,Yes,Yes,0.7554965005044899,High
7734-DBOAI,Month-to-month,1,40.1,40.1,DSL,Electronic check,Yes,No,Yes,0.755443468899132,High
5647-FXOTP,Month-to-month,60,105.9,6401.25,Fiber optic,Electronic check,No,No,No,0.7554130157233155,High
7404-JLKQG,Month-to-month,3,57.55,161.45,DSL,Electronic check,No,No,No,0.7551938058523018,High
1428-GTBJJ,Month-to-month,11,74.55,824.75,Fiber optic,Electronic check,No,No,Yes,0.7549414996717039,High
9866-QEVEE,Month-to-month,19,86.0,1532.45,Fiber optic,Bank transfer (automatic),No,No,Yes,0.7549211270880014,High
6692-UDPJC,Month-to-month,14,91.65,1301.0,Fiber optic,Electronic check,Yes,No,Yes,0.7548433877825974,High
4059-IIEBK,Month-to-month,7,78.55,522.95,Fiber optic,Bank transfer (automatic),No,No,No,0.7547326512727806,High
3858-VOBET,Month-to-month,23,74.95,1710.45,Fiber optic,Electronic check,No,No,Yes,0.7547067744498092,High
0093-EXYQL,Month-to-month,40,91.55,3673.6,Fiber optic,Electronic check,No,No,No,0.7545062462158042,High
5666-CYCYZ,Month-to-month,24,89.55,2259.35,Fiber optic,Electronic check,Yes,No,No,0.7543457375321417,High
0895-DQHEW,Month-to-month,54,104.3,5278.15,Fiber optic,Electronic check,No,No,Yes,0.7543061239716868,High
3995-WFCSM,Month-to-month,2,60.85,111.4,DSL,Electronic check,No,No,No,0.7539074106027133,High
0654-HMSHN,Month-to-month,21,104.4,2157.95,Fiber optic,Electronic check,No,No,Yes,0.7538425604965685,High
7270-BDIOA,Month-to-month,22,90.0,1993.8,Fiber optic,Electronic check,Yes,No,Yes,0.7537628953158587,High
1260-TTRXI,Month-to-month,4,54.3,195.3,DSL,Electronic check,No,No,Yes,0.7535062304621569,High
4480-QQRHC,Month-to-month,8,74.05,600.15,Fiber optic,Bank transfer (automatic),No,No,No,0.7534698142126874,High
5899-OUVKV,Month-to-month,31,94.5,2979.2,Fiber optic,Electronic check,No,No,No,0.7533963278645078,High
9600-NAXZN,Month-to-month,43,101.4,4528.0,Fiber optic,Electronic check,No,No,Yes,0.7525545092776057,High
2249-YPRNG,Month-to-month,20,105.85,2239.65,Fiber optic,Bank transfer (automatic),No,No,Yes,0.7525153351910536,High
1866-OBPNR,Month-to-month,1,74.6,74.6,Fiber optic,Credit card (automatic),No,No,No,0.7521517254315083,High
2656-FMOKZ,Month-to-month,15,74.45,1145.7,Fiber optic,Mailed check,No,No,Yes,0.7521378960536107,High
8708-XPXHZ,Month-to-month,42,94.2,4186.3,Fiber optic,Electronic check,No,No,Yes,0.7521364454831866,High
4902-OHLSK,Month-to-month,29,98.65,2862.75,Fiber optic,Electronic check,Yes,No,Yes,0.7519727553460543,High
1723-HKXJQ,Month-to-month,42,101.75,4273.45,Fiber optic,Electronic check,No,No,Yes,0.7518212755407209,High
7339-POGZN,Month-to-month,4,50.7,214.55,DSL,Electronic check,No,No,No,0.7516459398308365,High
9907-SWKKF,Month-to-month,1,25.05,25.05,DSL,Mailed check,No,No,Yes,0.7516442366192307,High
3771-PZOBW,Month-to-month,20,90.7,1781.35,Fiber optic,Credit card (automatic),No,No,No,0.7515218404689834,High
5989-PGKJB,Month-to-month,16,86.25,1340.1,Fiber optic,Electronic check,No,No,No,0.7512576457751954,High
6821-BUXUX,Month-to-month,13,96.65,1244.5,Fiber optic,Electronic check,No,Yes,Yes,0.7512168969853403,High
5569-OUICF,Month-to-month,28,101.3,2812.2,Fiber optic,Credit card (automatic),Yes,No,Yes,0.7510812281065586,High
8854-CCVSQ,Month-to-month,18,80.65,1451.9,Fiber optic,Electronic check,No,No,Yes,0.7510228375128954,High
3003-CMDUU,Month-to-month,25,95.15,2395.7,Fiber optic,Electronic check,Yes,No,No,0.7510057058860183,High
3806-DXQOM,Month-to-month,4,33.65,137.85,DSL,Electronic check,No,Yes,Yes,0.7510048203943798,High
9773-PEQBZ,Month-to-month,10,79.85,797.25,Fiber optic,Electronic check,No,No,No,0.7507769520428083,High
9752-ZNQUT,Month-to-month,1,48.6,48.6,DSL,Electronic check,No,No,No,0.7503590721220763,High
0265-EDXBD,Month-to-month,32,74.9,2303.35,Fiber optic,Electronic check,No,No,Yes,0.7503096234108935,High
4391-RESHN,Month-to-month,23,104.05,2470.1,Fiber optic,Mailed check,Yes,No,Yes,0.7502992167438006,High
4317-VTEOA,Month-to-month,1,50.75,50.75,DSL,Electronic check,No,No,Yes,0.7500631957058801,High
9093-FPDLG,Month-to-month,11,94.2,999.9,Fiber optic,Electronic check,Yes,No,No,0.749735746922744,High
6518-LGAOV,Month-to-month,38,105.0,4026.4,Fiber optic,Electronic check,Yes,No,Yes,0.7496272571382608,High
3384-CTMSF,Month-to-month,47,104.1,5135.15,Fiber optic,Electronic check,No,No,No,0.7494921820710679,High
7129-ACFOG,Month-to-month,5,53.8,283.95,DSL,Electronic check,No,Yes,No,0.7492183837651164,High
8364-TRMMK,Month-to-month,3,50.65,151.3,DSL,Mailed check,No,No,Yes,0.7490265764712118,High
5019-GQVCR,Month-to-month,43,84.85,3645.6,Fiber optic,Electronic check,No,No,No,0.7489303995650626,High
0096-BXERS,Month-to-month,6,50.35,314.55,DSL,Electronic check,No,No,No,0.7487516784686554,High
5119-KEPFY,Month-to-month,36,95.0,3440.25,Fiber optic,Bank transfer (automatic),No,No,No,0.7485471123853793,High
5331-RGMTT,Month-to-month,54,99.05,5295.7,Fiber optic,Credit card (automatic),No,No,No,0.7484554567798469,High
6559-PDZLR,Month-to-month,26,98.65,2537.0,Fiber optic,Electronic check,Yes,No,No,0.7484201616035253,High
5599-HVLTW,Month-to-month,14,80.35,1058.1,Fiber optic,Bank transfer (automatic),No,No,No,0.7481514444226012,High
9490-DFPMD,Month-to-month,42,84.65,3541.35,Fiber optic,Electronic check,No,No,Yes,0.7481210756737917,High
5356-CSVSQ,Month-to-month,3,64.6,174.2,DSL,Electronic check,Yes,No,No,0.7479611816638302,High
3398-ZOUAA,Month-to-month,21,69.1,1474.75,Fiber optic,Electronic check,No,No,Yes,0.7478661077906452,High
1236-WFCDV,Month-to-month,14,90.45,1266.1,Fiber optic,Credit card (automatic),No,No,Yes,0.7476527566486185,High
6330-JKLPC,Month-to-month,11,80.5,896.9,Fiber optic,Bank transfer (automatic),No,No,Yes,0.7476387638725541,High
2603-HVKCG,Month-to-month,31,101.4,3143.65,Fiber optic,Electronic check,No,No,No,0.7474700585081323,High
1730-ZMAME,Month-to-month,32,79.5,2665.0,Fiber optic,Electronic check,No,No,No,0.7472999292980327,High
1077-HUUJM,Month-to-month,7,71.05,472.65,Fiber optic,Electronic check,No,No,No,0.7470340976140835,High
8720-RQSBJ,Month-to-month,1,44.0,44.0,DSL,Electronic check,No,No,No,0.7469975042960235,High
5889-JTMUL,Month-to-month,50,95.05,4888.7,Fiber optic,Electronic check,No,No,Yes,0.7469328489371252,High
9389-ACWBI,Month-to-month,5,69.95,320.4,Fiber optic,Credit card (automatic),No,No,No,0.7468857518699497,High
2832-KJCRD,Month-to-month,38,103.65,3988.5,Fiber optic,Electronic check,Yes,No,No,0.7468545689421296,High
6583-QGCSI,Month-to-month,50,88.05,4367.35,Fiber optic,Electronic check,No,No,Yes,0.7467800554946454,High
9506-UXUSK,Month-to-month,13,70.15,931.75,Fiber optic,Electronic check,No,No,No,0.7467176801861058,High
6352-TWCAU,Month-to-month,35,86.45,3029.1,Fiber optic,Electronic check,No,No,Yes,0.746671372731751,High
0637-YLETY,Month-to-month,16,95.6,1555.65,Fiber optic,Credit card (automatic),No,No,Yes,0.7464818082122343,High
6907-FLBER,Month-to-month,1,54.3,54.3,DSL,Electronic check,No,No,No,0.7463874407774472,High
3365-SAIGS,Month-to-month,17,83.55,1329.15,Fiber optic,Electronic check,No,No,No,0.7463515576181643,High
3647-GMGDH,Month-to-month,22,94.7,1914.9,Fiber optic,Credit card (automatic),No,No,Yes,0.7459330536994881,High
0376-YMCJC,Month-to-month,23,90.6,1943.2,Fiber optic,Electronic check,Yes,No,Yes,0.7458876807882611,High
4662-EKDPQ,Month-to-month,2,62.05,118.3,DSL,Bank transfer (automatic),No,No,Yes,0.7458293594589643,High
2091-RFFBA,Month-to-month,31,73.9,2217.15,Fiber optic,Electronic check,No,No,Yes,0.7458188336531499,High
0848-ZGQIJ,Month-to-month,16,94.65,1461.15,Fiber optic,Bank transfer (automatic),No,No,No,0.7458078300512188,High
1035-IPQPU,Month-to-month,63,103.5,6479.4,Fiber optic,Electronic check,No,No,No,0.7457913061860768,High
3137-LUPIX,Month-to-month,4,64.4,253.0,DSL,Mailed check,Yes,No,No,0.7444923600238271,High
2018-PZKMU,Month-to-month,9,103.1,970.45,Fiber optic,Electronic check,Yes,No,No,0.7443168550443799,High
4077-CROMM,Month-to-month,31,104.2,3243.45,Fiber optic,Electronic check,Yes,No,Yes,0.744209294804771,High
2988-PLAHS,One year,3,69.95,220.45,DSL,Electronic check,No,No,No,0.7441815552314205,High
2933-FILNV,Month-to-month,2,24.4,36.55,DSL,Mailed check,No,No,Yes,0.7441371391926096,High
3536-IQCTX,Month-to-month,32,85.3,2661.1,Fiber optic,Electronic check,No,No,Yes,0.7439364051837759,High
4423-YLHDV,Month-to-month,21,104.4,2200.25,Fiber optic,Bank transfer (automatic),No,Yes,Yes,0.7439055767474816,High
2606-RMDHZ,Month-to-month,6,30.5,208.7,DSL,Credit card (automatic),No,No,Yes,0.7438779356625312,High
8080-DDEMJ,Month-to-month,1,45.1,45.1,DSL,Electronic check,No,No,Yes,0.7438258143189175,High
8844-TONUD,Month-to-month,13,96.65,1162.85,Fiber optic,Mailed check,No,No,Yes,0.7436605704997221,High
4706-DGAHW,Month-to-month,1,45.2,45.2,DSL,Electronic check,No,No,No,0.7435361899139831,High
3312-UUMZW,Month-to-month,32,98.85,3145.9,Fiber optic,Credit card (automatic),No,No,No,0.7434735124118037,High
3005-NFMTA,Month-to-month,55,98.8,5617.75,Fiber optic,Electronic check,No,Yes,Yes,0.7434009759698802,High
2722-JMONI,Month-to-month,1,49.55,49.55,DSL,Electronic check,No,Yes,Yes,0.7433334873280363,High
1894-IGFSG,Month-to-month,22,89.25,1907.85,Fiber optic,Electronic check,No,No,Yes,0.74331849064536,High
4547-KQRTM,Month-to-month,10,80.05,830.7,Fiber optic,Bank transfer (automatic),No,No,Yes,0.7430516807066588,High
7729-JTEEC,Month-to-month,2,44.5,90.05,DSL,Electronic check,No,No,No,0.7429120400654092,High
3545-CNWRG,Month-to-month,49,98.35,4889.2,Fiber optic,Electronic check,No,No,No,0.7427971323497677,High
1976-CFOCS,Month-to-month,1,46.0,46.0,DSL,Electronic check,No,No,Yes,0.7422149127555658,High
4536-PLEQY,Month-to-month,12,85.05,999.8,Fiber optic,Credit card (automatic),No,No,No,0.7421966319557943,High
0940-OUQEC,Month-to-month,10,80.7,788.8,Fiber optic,Bank transfer (automatic),No,No,Yes,0.7420544273708687,High
5896-NPFWW,Month-to-month,3,50.15,168.15,DSL,Electronic check,No,No,Yes,0.7419601812049826,High
6103-BOCOU,Month-to-month,26,80.7,2193.0,Fiber optic,Electronic check,No,No,No,0.7419465006555609,High
5449-FIBXJ,Month-to-month,19,103.3,2012.7,Fiber optic,Electronic check,Yes,No,Yes,0.7417527688117121,High
4361-JEIVL,Month-to-month,1,44.4,44.4,DSL,Electronic check,No,No,Yes,0.7407650023450801,High
4013-UBXWQ,Month-to-month,7,74.65,521.1,DSL,Electronic check,Yes,No,Yes,0.7407605438914555,High
9851-KIELU,Month-to-month,10,110.1,1043.3,Fiber optic,Electronic check,Yes,Yes,Yes,0.7407346247721394,High
5233-GEEAX,Month-to-month,8,29.4,221.9,DSL,Electronic check,No,No,Yes,0.7407041118713192,High
4910-AQFFX,Month-to-month,9,79.35,661.25,Fiber optic,Bank transfer (automatic),No,No,Yes,0.740699053425924,High
5439-WIKXB,Month-to-month,41,94.55,3851.45,Fiber optic,Electronic check,No,No,No,0.7405475448620575,High
5022-KVDQT,Month-to-month,27,81.3,2272.8,Fiber optic,Electronic check,No,No,No,0.7404611994144333,High
6185-TASNN,Month-to-month,1,46.3,46.3,DSL,Electronic check,No,No,No,0.7403361916060992,High
9658-WYUFB,Month-to-month,17,94.4,1617.5,Fiber optic,Electronic check,No,Yes,Yes,0.7401355027427413,High
6818-DJXAA,Month-to-month,10,91.1,964.35,Fiber optic,Electronic check,Yes,No,No,0.7401131188998028,High
8064-RAVOH,Month-to-month,1,49.85,49.85,DSL,Electronic check,No,No,No,0.7399004958146292,High
9167-APMXZ,Month-to-month,22,84.15,1821.95,Fiber optic,Bank transfer (automatic),No,No,No,0.7394077959244902,High
6365-MTGZX,Month-to-month,24,96.0,2122.45,Fiber optic,Electronic check,Yes,No,Yes,0.7392128018090849,High
1251-KRREG,Month-to-month,2,54.4,114.1,DSL,Mailed check,No,No,Yes,0.7391846592851288,High
8601-QACRS,Month-to-month,5,50.6,249.95,DSL,Mailed check,No,No,Yes,0.7387612587953752,High
9947-OTFQU,Month-to-month,15,74.4,1074.3,Fiber optic,Electronic check,No,No,Yes,0.738430754064649,High
8393-DLHGA,Month-to-month,25,95.9,2448.75,Fiber optic,Electronic check,No,No,Yes,0.7384251998623829,High
4817-QRJSX,Month-to-month,10,81.0,818.05,Fiber optic,Credit card (automatic),No,No,Yes,0.7383446449116483,High
1320-REHCS,Month-to-month,52,110.75,5832.0,Fiber optic,Electronic check,Yes,No,No,0.7381105590515967,High
3744-ZRRDZ,Month-to-month,21,82.35,1852.85,Fiber optic,Electronic check,No,No,Yes,0.738004109773419,High
9828-AOQLM,Month-to-month,1,45.7,45.7,DSL,Electronic check,No,No,Yes,0.7379680834861836,High
2696-NARTR,Month-to-month,11,73.85,926.25,Fiber optic,Electronic check,Yes,No,Yes,0.7379444021044483,High
9971-ZWPBF,Month-to-month,34,108.9,3625.2,Fiber optic,Electronic check,Yes,No,No,0.7378799331640277,High
0112-QAWRZ,Month-to-month,16,90.8,1442.2,Fiber optic,Bank transfer (automatic),No,No,No,0.7377044942300535,High
9560-ARGQJ,Month-to-month,16,81.0,1312.15,Fiber optic,Electronic check,No,No,Yes,0.7375277525505498,High
2373-NTKOD,Month-to-month,8,66.25,546.45,DSL,Electronic check,No,No,No,0.7374255484466194,High
9601-BRXPO,Month-to-month,25,104.95,2566.5,Fiber optic,Bank transfer (automatic),Yes,No,Yes,0.737206168181315,High
8695-ARGXZ,Month-to-month,34,75.55,2425.4,Fiber optic,Electronic check,No,No,No,0.7371993382081576,High
6127-IYJOZ,Month-to-month,1,45.85,45.85,DSL,Mailed check,No,No,No,0.7370047122297311,High
0378-NHQXU,Month-to-month,17,88.25,1460.65,Fiber optic,Electronic check,No,No,Yes,0.7369327056365339,High
0818-OCPZO,Month-to-month,27,81.45,2122.05,Fiber optic,Electronic check,No,No,Yes,0.7369223184798064,High
2378-VTKDH,Month-to-month,65,104.35,6578.55,Fiber optic,Electronic check,No,No,No,0.7366734462161872,High
2697-NQBPF,Month-to-month,34,105.35,3540.65,Fiber optic,Electronic check,Yes,No,No,0.7365299920471547,High
2739-CACDQ,Month-to-month,17,82.65,1470.05,Fiber optic,Credit card (automatic),No,No,No,0.73646996504925,High
4553-DVPZG,Month-to-month,62,101.35,6164.7,Fiber optic,Electronic check,No,No,No,0.7364073794820927,High
0771-WLCLA,Month-to-month,16,112.95,1882.55,Fiber optic,Electronic check,Yes,Yes,No,0.7363680754919177,High
8565-CLBZW,Month-to-month,24,89.85,2165.05,Fiber optic,Mailed check,No,No,Yes,0.7363323087492297,High
8665-UTDHZ,Month-to-month,1,30.2,30.2,DSL,Electronic check,No,No,Yes,0.7362629876867256,High
2277-DJJDL,Month-to-month,60,99.0,6017.9,Fiber optic,Electronic check,Yes,No,No,0.7359711476328025,High
3235-ETOOB,Month-to-month,8,74.5,609.9,Fiber optic,Electronic check,No,Yes,Yes,0.7358466528474724,High
3714-NTNFO,Month-to-month,49,84.5,3906.7,Fiber optic,Electronic check,No,No,No,0.7357906446750281,High
7240-FQLHE,Month-to-month,18,99.75,1836.25,Fiber optic,Bank transfer (automatic),Yes,No,Yes,0.7357510822030466,High
7176-WIONM,Month-to-month,12,49.85,617.15,DSL,Bank transfer (automatic),No,No,No,0.7356248083826754,High
8429-XIBUM,Month-to-month,22,101.35,2317.1,Fiber optic,Bank transfer (automatic),No,Yes,Yes,0.7356232157717152,High
7318-EIVKO,Month-to-month,8,59.25,436.6,DSL,Electronic check,No,No,No,0.7355275817517816,High
4652-NNHNY,Month-to-month,16,73.85,1284.2,Fiber optic,Bank transfer (automatic),No,No,Yes,0.735523040126943,High
3768-NLUBH,Month-to-month,57,100.6,5746.15,Fiber optic,Electronic check,No,No,Yes,0.7354993040096002,High
1597-LHYNC,Month-to-month,26,95.0,2497.2,Fiber optic,Electronic check,No,Yes,Yes,0.7352128000299601,High
3627-FHKBK,Month-to-month,1,75.3,75.3,Fiber optic,Mailed check,No,Yes,Yes,0.7351429989369331,High
1522-VVDMG,Month-to-month,7,89.75,608.8,Fiber optic,Electronic check,Yes,No,Yes,0.7350722825838966,High
3798-EPWRR,Month-to-month,2,43.95,85.1,DSL,Electronic check,No,No,No,0.7346783489275114,High
0067-DKWBL,Month-to-month,2,49.25,91.1,DSL,Electronic check,No,Yes,Yes,0.7343336542416367,High
6298-QDFNH,Month-to-month,22,79.35,1730.35,Fiber optic,Electronic check,No,No,Yes,0.7343231480777468,High
8981-FJGLA,Month-to-month,11,78.0,851.8,Fiber optic,Mailed check,No,No,No,0.733244820466293,High
6402-ZFPPI,Month-to-month,25,102.8,2660.2,Fiber optic,Mailed check,No,Yes,Yes,0.7332429034677016,High
9058-MJLZC,Month-to-month,24,94.6,2283.15,Fiber optic,Electronic check,No,Yes,No,0.7332263465144728,High
4201-JMNGR,Month-to-month,1,55.8,55.8,DSL,Electronic check,No,Yes,Yes,0.733096347531124,High
0749-IRGQE,Month-to-month,13,45.3,528.45,DSL,Electronic check,No,No,No,0.7325568889853226,High
4183-MYFRB,Month-to-month,21,90.05,1862.9,Fiber optic,Electronic check,No,No,No,0.7322880517953073,High
9708-HPXWZ,Month-to-month,5,45.4,214.75,DSL,Credit card (automatic),Yes,No,No,0.7322848147340926,High
5747-PMBSQ,Month-to-month,10,92.5,934.1,Fiber optic,Mailed check,Yes,No,Yes,0.7318126218834642,High
6204-IEUXJ,Month-to-month,3,80.1,217.55,Fiber optic,Credit card (automatic),Yes,No,Yes,0.7317587922249956,High
7586-ZATGZ,Month-to-month,40,84.9,3369.05,Fiber optic,Electronic check,No,No,No,0.7314656695975302,High
5442-XSDCW,Month-to-month,11,79.5,868.5,Fiber optic,Bank transfer (automatic),No,No,Yes,0.731225618400963,High
5044-LRQAQ,Month-to-month,7,69.2,477.55,Fiber optic,Bank transfer (automatic),No,No,No,0.7311436637206511,High
8160-HOWOX,Month-to-month,7,66.85,458.1,DSL,Electronic check,No,No,No,0.7309816529036021,High
4659-NZRUF,Month-to-month,19,95.15,1789.25,Fiber optic,Electronic check,No,Yes,Yes,0.7309759872893112,High
1608-GMEWB,Month-to-month,45,93.9,4200.25,Fiber optic,Bank transfer (automatic),No,No,No,0.7307558075447763,High
3791-LGQCY,Month-to-month,56,100.65,5688.05,Fiber optic,Bank transfer (automatic),No,No,Yes,0.7304065964479435,High
5130-IEKQT,Month-to-month,25,105.95,2655.25,Fiber optic,Mailed check,No,No,Yes,0.7300838123611189,High
5233-AOZUF,Month-to-month,29,74.95,2149.05,Fiber optic,Electronic check,No,No,No,0.7300815901220614,High
0581-MDMPW,Month-to-month,24,88.95,2072.75,Fiber optic,Credit card (automatic),No,No,No,0.729893263512422,High
1580-BMCMR,Month-to-month,19,87.3,1637.3,Fiber optic,Electronic check,No,Yes,No,0.7296548996906299,High
5404-GGUKR,Month-to-month,5,51.35,262.3,DSL,Electronic check,No,No,No,0.7292518772623153,High
5899-MQZZL,Month-to-month,13,75.0,999.45,Fiber optic,Mailed check,No,No,Yes,0.7290757418688167,High
5482-VXSXJ,Month-to-month,22,93.2,2157.3,Fiber optic,Mailed check,No,No,No,0.7284952695649478,High
2528-HFYZX,Month-to-month,17,76.45,1233.4,Fiber optic,Electronic check,No,No,Yes,0.728250263734025,High
9278-VZKCD,Month-to-month,52,109.1,5647.95,Fiber optic,Electronic check,No,Yes,No,0.7282114266977937,High
3439-GVUSX,Month-to-month,1,24.4,24.4,DSL,Mailed check,No,No,No,0.728160206272927,High
1307-ATKGB,Month-to-month,24,89.55,2187.15,Fiber optic,Electronic check,No,No,No,0.7281401312586809,High
3891-PUQOD,Month-to-month,1,59.2,59.2,DSL,Electronic check,No,No,Yes,0.7281373926894753,High
4128-ETESU,Month-to-month,47,99.7,4747.2,Fiber optic,Electronic check,No,No,No,0.7279913518767871,High
7924-GJZFI,Month-to-month,25,69.3,1813.1,Fiber optic,Electronic check,No,No,No,0.727910701775409,High
8058-DMYRU,Month-to-month,54,90.05,4931.8,Fiber optic,Electronic check,No,No,No,0.7277659648387913,High
3196-NVXLZ,Month-to-month,25,84.6,2088.05,Fiber optic,Mailed check,No,No,No,0.727700670777653,High
3956-MGXOG,Month-to-month,28,80.6,2244.95,Fiber optic,Electronic check,No,No,No,0.727656731961693,High
0082-OQIQY,Month-to-month,29,94.2,2607.6,Fiber optic,Electronic check,Yes,No,No,0.727541656480623,High
8189-XRIKE,Month-to-month,32,90.95,2897.95,Fiber optic,Electronic check,No,No,No,0.7273769808349982,High
8938-UMKPI,Month-to-month,47,106.4,5127.95,Fiber optic,Electronic check,No,No,Yes,0.7271882988784449,High
5605-IYGFG,Month-to-month,7,69.85,515.45,Fiber optic,Bank transfer (automatic),No,No,No,0.7271378066615671,High
1271-SJBGZ,Month-to-month,12,43.65,526.95,DSL,Electronic check,Yes,No,Yes,0.7270875104945874,High
6311-UEUME,Month-to-month,29,78.9,2384.15,Fiber optic,Electronic check,No,No,Yes,0.727002915021339,High
6366-ZGQGL,Month-to-month,1,24.8,24.8,DSL,Bank transfer (automatic),No,No,Yes,0.7269678875278504,High
2252-ISRNH,One year,9,90.35,767.9,Fiber optic,Electronic check,No,No,No,0.7268946789637248,High
8800-ZKRFW,Month-to-month,30,107.5,3242.5,Fiber optic,Electronic check,Yes,No,No,0.7268076697263969,High
8167-GJLRN,Month-to-month,3,30.4,82.15,DSL,Electronic check,Yes,No,No,0.7262509329191208,High
2800-QQUSO,Month-to-month,42,100.3,4222.95,Fiber optic,Electronic check,Yes,No,No,0.7262487147199256,High
9090-SGQXL,Month-to-month,68,105.3,7299.65,Fiber optic,Electronic check,No,No,Yes,0.7260795853992332,High
1965-DDBWU,Month-to-month,16,89.05,1448.6,Fiber optic,Credit card (automatic),Yes,No,Yes,0.7259955633053051,High
0311-UNPFF,Month-to-month,26,88.8,2274.35,Fiber optic,Bank transfer (automatic),No,No,Yes,0.725695850519824,High
4547-LYTDD,Month-to-month,16,72.65,1194.3,Fiber optic,Electronic check,No,No,Yes,0.7256190566796974,High
9191-MYQKX,Month-to-month,7,75.15,496.9,Fiber optic,Bank transfer (automatic),No,No,Yes,0.7254802803474265,High
9492-TOKRI,Month-to-month,18,90.0,1527.35,Fiber optic,Credit card (automatic),No,No,Yes,0.7253948663283513,High
6158-HDPXZ,Month-to-month,1,25.35,25.35,DSL,Mailed check,No,No,No,0.7252936772583325,High
7783-YKGDV,Month-to-month,12,99.7,1238.45,Fiber optic,Bank transfer (automatic),No,Yes,Yes,0.7251933145595115,High
7675-OZCZG,Month-to-month,3,45.0,127.1,DSL,Electronic check,No,No,Yes,0.7250332177011586,High
4690-PKDQG,Month-to-month,42,95.55,3930.6,Fiber optic,Electronic check,No,No,No,0.7250320967704021,High
7603-USHJS,Month-to-month,12,73.75,871.4,Fiber optic,Credit card (automatic),No,No,Yes,0.7250291996787983,High
5307-DZCVC,Month-to-month,32,85.95,2628.6,Fiber optic,Credit card (automatic),No,No,Yes,0.7250160461222384,High
0947-MUGVO,Month-to-month,20,73.65,1463.5,Fiber optic,Electronic check,No,No,Yes,0.7249762723812779,High
0650-BWOZN,Month-to-month,18,73.55,1359.45,Fiber optic,Electronic check,No,No,No,0.7248754609234421,High
1013-QCWAM,Month-to-month,66,100.8,6690.75,Fiber optic,Electronic check,No,No,No,0.7247217090270336,High
4818-QIUFN,Month-to-month,20,79.15,1520.9,Fiber optic,Electronic check,No,Yes,Yes,0.724545342110681,High
0397-GZBBC,Month-to-month,59,93.85,5574.75,Fiber optic,Bank transfer (automatic),No,No,Yes,0.7245390329479866,High
5373-SFODM,Month-to-month,36,85.25,3132.75,Fiber optic,Credit card (automatic),No,No,Yes,0.7244001835491745,High
0114-PEGZZ,Month-to-month,33,107.55,3645.5,Fiber optic,Electronic check,No,No,No,0.7243548330054357,High
8785-CJSHH,Month-to-month,60,99.8,5985.75,Fiber optic,Electronic check,No,No,No,0.724337804883848,High
3716-UVSPD,Month-to-month,1,49.3,49.3,DSL,Electronic check,Yes,No,No,0.7243201687144486,High
0958-YHXGP,Month-to-month,7,69.9,497.3,Fiber optic,Mailed check,No,No,No,0.7241220703168821,High
6542-LWGXJ,Month-to-month,3,25.0,78.25,DSL,Mailed check,No,No,No,0.7240638039970749,High
0641-EVBOJ,Month-to-month,3,82.3,214.4,Fiber optic,Mailed check,Yes,Yes,No,0.7238197931519255,High
7233-DRTRF,Month-to-month,63,102.4,6444.05,Fiber optic,Electronic check,No,No,No,0.7237541862602543,High
9058-CBREO,Month-to-month,1,50.55,50.55,DSL,Mailed check,No,No,Yes,0.7235990866703499,High
8990-ZXLSU,Month-to-month,9,69.05,651.5,Fiber optic,Electronic check,No,No,No,0.7235635735632736,High
9432-VOFYX,Month-to-month,17,70.8,1207.0,Fiber optic,Electronic check,No,No,No,0.7232817941703878,High
6377-WHAOX,Month-to-month,60,106.15,6411.25,Fiber optic,Electronic check,No,No,No,0.7232425495575451,High
9465-RWMXL,Month-to-month,32,78.9,2447.95,Fiber optic,Electronic check,No,No,Yes,0.7232066776542688,High
1343-EHPYB,Month-to-month,63,103.4,6603.0,Fiber optic,Electronic check,No,No,Yes,0.7229838807874194,High
8676-OOQEJ,Month-to-month,4,30.5,118.4,DSL,Electronic check,Yes,No,No,0.7228755020704295,High
2792-LSHWX,Month-to-month,1,83.4,83.4,Fiber optic,Mailed check,Yes,Yes,No,0.7225867555068286,High
9540-JYROE,Month-to-month,8,70.1,551.35,Fiber optic,Mailed check,No,No,Yes,0.7220386045526875,High
1092-GANHU,Month-to-month,17,76.65,1313.55,Fiber optic,Electronic check,No,No,Yes,0.7220268099512344,High
9779-DPNEJ,Month-to-month,22,80.15,1790.65,Fiber optic,Electronic check,No,No,No,0.7219635483534649,High
9895-VFOXH,Month-to-month,1,24.4,24.4,DSL,Mailed check,No,No,No,0.7219631254381261,High
4446-BZKHU,Month-to-month,61,105.55,6281.45,Fiber optic,Electronic check,No,No,Yes,0.7218139966468267,High
7389-KBFIT,Month-to-month,2,30.25,63.75,DSL,Mailed check,No,No,No,0.7216473604265836,High
1391-UBDAR,Month-to-month,11,72.9,818.45,Fiber optic,Electronic check,No,No,No,0.7215588687940978,High
1918-ZBFQJ,Month-to-month,13,79.25,1111.65,Fiber optic,Electronic check,No,No,Yes,0.7213823218306301,High
1399-UBQIU,Month-to-month,11,69.35,712.25,DSL,Electronic check,No,No,No,0.7211489745363694,High
5868-CZJDR,Month-to-month,1,31.35,31.35,DSL,Mailed check,No,No,Yes,0.7208618393719285,High
8903-WMRNW,Month-to-month,15,101.75,1669.4,Fiber optic,Electronic check,No,Yes,No,0.720749273742873,High
6178-KFNHS,Month-to-month,12,78.3,909.25,Fiber optic,Electronic check,No,Yes,Yes,0.7200255060806173,High
5630-IXDXV,Month-to-month,47,106.35,4849.1,Fiber optic,Electronic check,No,No,No,0.7199640241606158,High
7895-VONWT,Month-to-month,25,48.25,1293.8,DSL,Electronic check,No,No,No,0.7199506147038575,High
9026-RNUJS,Month-to-month,5,50.35,237.25,DSL,Electronic check,No,No,Yes,0.7198719463674355,High
8128-YVJRG,Month-to-month,7,79.65,604.7,Fiber optic,Mailed check,No,Yes,Yes,0.7196316145455034,High
3002-WQZWT,Month-to-month,29,74.2,1993.25,Fiber optic,Electronic check,No,No,No,0.7195981839350928,High
8260-NGFNY,Month-to-month,1,25.2,25.2,DSL,Mailed check,No,No,Yes,0.7195166376793715,High
2209-XADXF,Month-to-month,1,25.25,25.25,DSL,Bank transfer (automatic),No,No,No,0.7193758613310045,High
4846-WHAFZ,Month-to-month,37,76.5,2868.15,Fiber optic,Electronic check,No,No,Yes,0.7192699092485051,High
3315-TOTBP,Month-to-month,15,76.0,1130.85,Fiber optic,Mailed check,No,No,Yes,0.7192577278218132,High
2359-KMGLI,Month-to-month,24,80.25,1861.5,Fiber optic,Electronic check,No,No,Yes,0.7192177246787761,High
3934-HXCFZ,Month-to-month,23,99.25,2186.4,Fiber optic,Electronic check,No,Yes,Yes,0.7192124839062165,High
6719-OXYBR,Month-to-month,15,85.3,1219.85,Fiber optic,Electronic check,No,No,No,0.7190573159721828,High
8778-LMWTJ,Month-to-month,9,74.85,708.2,Fiber optic,Electronic check,No,Yes,No,0.7186106229297999,High
2582-FFFZR,Month-to-month,22,50.6,1073.3,DSL,Electronic check,No,No,No,0.7182338040241423,High
3627-FCRDW,Month-to-month,9,71.0,672.55,Fiber optic,Electronic check,No,No,Yes,0.718094953529078,High
9365-SRSZE,Month-to-month,27,70.55,1943.9,Fiber optic,Electronic check,No,No,No,0.7180558769650905,High
8685-WHQPW,Month-to-month,22,74.4,1692.6,Fiber optic,Bank transfer (automatic),No,No,Yes,0.7179444751570065,High
6652-YFFJO,Month-to-month,11,64.9,716.1,DSL,Electronic check,No,No,No,0.7178624784732697,High
6331-LWDTQ,Month-to-month,10,72.15,794.25,DSL,Credit card (automatic),No,No,Yes,0.7177322641402284,High
4550-VBOFE,Month-to-month,70,102.95,7101.5,Fiber optic,Electronic check,No,No,Yes,0.7176972982369196,High
1777-JYQPJ,Month-to-month,2,24.3,38.45,DSL,Mailed check,No,No,No,0.7176890472067718,High
5914-DVBWJ,Month-to-month,18,85.45,1505.85,Fiber optic,Electronic check,Yes,No,Yes,0.7175321835513817,High
3312-ZWLGF,Month-to-month,29,79.3,2414.55,Fiber optic,Electronic check,Yes,No,No,0.7173863840123085,High
4816-LXZYW,Month-to-month,23,79.15,1676.95,Fiber optic,Electronic check,No,No,Yes,0.7172674580136489,High
4373-MAVJG,Month-to-month,14,90.9,1259.0,Fiber optic,Bank transfer (automatic),No,No,Yes,0.7169536710576804,High
5981-ITEMU,Month-to-month,40,97.1,3706.95,Fiber optic,Bank transfer (automatic),No,No,Yes,0.7168548283920794,High
3914-FDRHP,Month-to-month,9,86.25,770.5,Fiber optic,Electronic check,Yes,No,No,0.7167598629392777,High
7752-XUSCI,Month-to-month,60,105.9,6396.45,Fiber optic,Electronic check,No,No,Yes,0.7166264573870819,High
8714-EUHJO,Month-to-month,31,91.15,2995.45,Fiber optic,Electronic check,No,No,Yes,0.7164513071239585,High
5515-AKOAJ,Month-to-month,54,100.1,5440.9,Fiber optic,Electronic check,Yes,No,Yes,0.7163393928323926,High
2692-BUCFV,Month-to-month,29,101.45,2948.6,Fiber optic,Bank transfer (automatic),No,No,No,0.7162299687544774,High
1536-HBSWP,Month-to-month,1,49.9,49.9,DSL,Electronic check,Yes,No,No,0.7162202206101582,High
0324-BRPCJ,Month-to-month,68,100.2,6851.65,Fiber optic,Electronic check,No,No,Yes,0.7162191247847464,High
6218-KNUBD,Month-to-month,6,59.45,357.6,DSL,Electronic check,No,No,No,0.7161872792154437,High
3884-HCSWG,Month-to-month,17,70.0,1144.5,Fiber optic,Electronic check,No,No,Yes,0.7161404925508192,High
2956-GGUCQ,Month-to-month,24,78.85,1772.25,Fiber optic,Electronic check,No,Yes,Yes,0.7160708696744373,High
0439-IFYUN,Month-to-month,18,74.7,1294.6,Fiber optic,Electronic check,No,No,No,0.7160279900721779,High
3853-LYGAM,Month-to-month,17,95.65,1640.0,Fiber optic,Bank transfer (automatic),Yes,No,No,0.715767803039197,High
2761-XECQW,Month-to-month,8,43.35,371.4,DSL,Mailed check,No,No,No,0.7157027041809092,High
0963-ZBDRN,Month-to-month,32,96.2,3183.4,Fiber optic,Electronic check,Yes,No,Yes,0.7154022468579072,High
1942-OQFRW,Month-to-month,1,44.0,44.0,DSL,Electronic check,No,No,No,0.7149618053555244,High
5533-NHFRF,Month-to-month,7,44.4,265.8,DSL,Electronic check,Yes,No,No,0.7147584377579029,High
1262-OPMFY,Month-to-month,9,75.75,655.9,Fiber optic,Bank transfer (automatic),No,No,Yes,0.714673289839254,High
9269-CQOOL,Month-to-month,3,54.7,169.45,DSL,Credit card (automatic),No,No,Yes,0.7144131929628665,High
6988-CJEYV,Month-to-month,49,98.7,4920.55,Fiber optic,Electronic check,No,No,No,0.7141774921591235,High
5480-TBGPH,Month-to-month,24,99.3,2431.35,Fiber optic,Credit card (automatic),No,No,Yes,0.7141748565754098,High
7529-ZDFXI,Month-to-month,57,89.85,4925.35,Fiber optic,Electronic check,No,No,No,0.7141627585203181,High
6243-OZGFH,Month-to-month,23,44.95,996.85,DSL,Electronic check,No,No,No,0.714130861929755,High
0620-DLSLK,Month-to-month,13,81.9,1028.9,Fiber optic,Mailed check,No,No,No,0.7140465206039988,High
1194-HVAIF,Month-to-month,27,95.0,2462.55,Fiber optic,Credit card (automatic),No,No,No,0.7139822566163418,High
5536-RTPWK,Month-to-month,49,99.05,4853.75,Fiber optic,Bank transfer (automatic),No,No,Yes,0.7134682576461099,High
5364-EVNIB,Month-to-month,13,79.8,973.45,Fiber optic,Electronic check,No,No,Yes,0.7134421091468002,High
9637-EIHEQ,Month-to-month,1,50.8,50.8,DSL,Electronic check,Yes,No,Yes,0.7134327042068178,High
8012-SOUDQ,Month-to-month,43,90.25,3838.75,Fiber optic,Electronic check,No,No,No,0.7133135389180612,High
5108-ADXWO,Month-to-month,11,73.5,791.75,Fiber optic,Electronic check,No,Yes,Yes,0.7125968022500782,High
6284-AHOOQ,Month-to-month,22,90.5,1910.6,Fiber optic,Bank transfer (automatic),Yes,No,Yes,0.71252096097904,High
8630-FJLIB,Month-to-month,18,69.8,1221.65,Fiber optic,Electronic check,No,No,No,0.7123186774359512,High
0952-KMEEH,Month-to-month,13,98.15,1230.25,Fiber optic,Mailed check,No,Yes,Yes,0.7122375837021936,High
8696-JKZNU,Month-to-month,37,76.25,2841.55,Fiber optic,Electronic check,No,No,Yes,0.7120353250364038,High
8059-UDZFY,Month-to-month,33,105.35,3465.05,Fiber optic,Bank transfer (automatic),No,No,No,0.7119280808593081,High
2070-XYMFH,Month-to-month,23,79.35,1835.3,Fiber optic,Mailed check,No,No,No,0.7113317040780347,High
8645-KWHJO,Month-to-month,14,55.0,771.95,DSL,Electronic check,Yes,No,No,0.7109558955017664,High
2501-XWWTZ,Month-to-month,11,70.2,760.05,Fiber optic,Electronic check,No,No,No,0.7109470808321726,High
1963-SVUCV,Month-to-month,1,45.3,45.3,DSL,Electronic check,No,No,Yes,0.7109194853841795,High
5552-ZNFSJ,Month-to-month,1,45.3,45.3,DSL,Electronic check,No,No,Yes,0.7109194853841795,High
1406-PUQVY,Month-to-month,1,49.9,49.9,DSL,Electronic check,No,No,No,0.7107422979612834,High
6650-VJONK,Month-to-month,1,43.85,43.85,DSL,Bank transfer (automatic),No,No,No,0.7105077943471606,High
7979-CORPM,Month-to-month,24,90.55,2282.55,Fiber optic,Credit card (automatic),No,No,Yes,0.7103740784856915,High
7279-BUYWN,Month-to-month,41,113.2,4689.5,Fiber optic,Electronic check,No,Yes,Yes,0.7103686158423929,High
3961-SXAXY,Month-to-month,1,44.05,44.05,DSL,Bank transfer (automatic),No,No,No,0.7098823610627051,High
8066-POXGX,Month-to-month,13,35.1,446.1,DSL,Electronic check,No,No,Yes,0.7096505467593428,High
7663-RGWBC,Month-to-month,1,44.15,44.15,DSL,Mailed check,No,No,Yes,0.7095565186031291,High
7359-PTSXY,Month-to-month,1,45.75,45.75,DSL,Electronic check,No,No,Yes,0.7095123220403426,High
5649-RXQTV,Month-to-month,51,99.0,5038.15,Fiber optic,Electronic check,No,No,No,0.7094489752703383,High
0354-WYROK,Month-to-month,31,98.9,2911.3,Fiber optic,Electronic check,Yes,No,Yes,0.7093880145595636,High
9898-KZQDZ,Month-to-month,40,94.55,3640.45,Fiber optic,Credit card (automatic),No,No,Yes,0.709301795078264,High
1478-VPOAD,Month-to-month,1,43.8,43.8,DSL,Electronic check,No,No,No,0.7092113437050829,High
3737-GCSPV,Month-to-month,11,96.2,1222.05,Fiber optic,Credit card (automatic),Yes,Yes,Yes,0.7091299887465513,High
6661-HBGWL,Month-to-month,42,104.75,4323.45,Fiber optic,Bank transfer (automatic),No,No,Yes,0.7091289290265985,High
0082-LDZUE,Month-to-month,1,44.3,44.3,DSL,Mailed check,No,No,No,0.7090866084030542,High
4678-DVQEO,Month-to-month,1,52.2,52.2,DSL,Electronic check,Yes,No,Yes,0.70906417622426,High
3415-TAILE,Month-to-month,2,65.7,134.35,DSL,Mailed check,No,No,Yes,0.7090304184575831,High
2277-VWCNI,Month-to-month,4,48.75,179.85,DSL,Mailed check,No,No,No,0.7090010884645958,High
9529-OFXHY,Month-to-month,15,87.75,1242.2,Fiber optic,Bank transfer (automatic),No,Yes,No,0.7088473992641611,High
2719-BDAQO,Month-to-month,17,93.85,1625.65,Fiber optic,Electronic check,No,Yes,Yes,0.7085382386716552,High
1769-GRUIK,Month-to-month,18,71.1,1247.75,Fiber optic,Electronic check,No,No,No,0.7085249697805792,High
7508-SMHXL,Month-to-month,15,89.0,1288.3,Fiber optic,Credit card (automatic),No,No,No,0.7084863147087805,High
1660-HSOOQ,Month-to-month,1,49.65,49.65,DSL,Mailed check,No,No,Yes,0.7084719920542194,High
7377-DMMRI,Month-to-month,2,47.8,92.45,DSL,Electronic check,No,Yes,Yes,0.7082639947422236,High
2916-BQZLN,Month-to-month,19,84.75,1651.95,Fiber optic,Electronic check,No,Yes,No,0.7081232927804737,High
8490-BXHEO,Month-to-month,18,80.55,1411.65,Fiber optic,Credit card (automatic),No,No,No,0.7078802746253953,High
4546-FOKWR,Month-to-month,16,74.75,1129.35,Fiber optic,Credit card (automatic),No,No,No,0.7077666799535426,High
4360-PNRQB,Month-to-month,18,75.6,1395.05,Fiber optic,Bank transfer (automatic),No,No,No,0.7076016913615027,High
0280-XJGEX,Month-to-month,49,103.7,5036.3,Fiber optic,Bank transfer (automatic),No,No,Yes,0.7073337030378997,High
8710-YGLWG,Month-to-month,1,44.9,44.9,DSL,Mailed check,No,No,No,0.707202492834459,High
5281-BUZGT,Month-to-month,36,90.85,3186.7,Fiber optic,Electronic check,No,Yes,Yes,0.7071986663750278,High
5226-NOZFC,Month-to-month,26,85.75,2146.5,Fiber optic,Electronic check,No,No,No,0.7071551719224282,High
9661-ACXBS,Month-to-month,42,105.2,4400.75,Fiber optic,Electronic check,No,Yes,Yes,0.707117700586408,High
8950-MTZNV,Month-to-month,1,44.95,44.95,DSL,Mailed check,No,No,No,0.7070451607793843,High
5606-AMZBO,Month-to-month,10,78.15,765.15,Fiber optic,Credit card (automatic),No,Yes,No,0.7070250437939168,High
5696-QURRL,Month-to-month,1,45.05,45.05,DSL,Mailed check,No,No,Yes,0.7067303481868253,High
3926-CUQZX,Month-to-month,1,45.1,45.1,DSL,Bank transfer (automatic),No,No,Yes,0.706585771342521,High
9332-GYWLO,Month-to-month,6,54.85,355.1,DSL,Electronic check,No,No,No,0.7062813307371791,High
9885-AIBVB,Month-to-month,29,85.8,2440.25,Fiber optic,Electronic check,No,No,No,0.7055349695830895,High
7470-MCQTK,Month-to-month,13,48.75,633.4,DSL,Bank transfer (automatic),No,No,Yes,0.7053598946683903,High
7410-YTJIK,Month-to-month,7,75.45,480.75,Fiber optic,Mailed check,No,No,Yes,0.7053447271684059,High
3566-HJGPK,Month-to-month,1,45.55,45.55,DSL,Mailed check,No,No,No,0.7051533213445784,High
8486-AYEQH,Month-to-month,31,76.05,2227.8,Fiber optic,Electronic check,No,No,No,0.7050283602810588,High
8837-VVWLQ,Month-to-month,8,84.95,668.4,Fiber optic,Electronic check,No,Yes,Yes,0.7049911966428055,High
4671-LXRDQ,Month-to-month,2,45.0,96.45,DSL,Mailed check,No,No,Yes,0.7049725723711511,High
1612-EOHDH,Month-to-month,1,45.15,45.15,DSL,Electronic check,No,No,Yes,0.7049631236385862,High
7855-DIWPO,Month-to-month,21,68.65,1493.2,Fiber optic,Electronic check,No,No,No,0.7049613565090743,High
3955-JBZZM,Month-to-month,20,78.8,1641.3,Fiber optic,Electronic check,No,No,No,0.7049155471038502,High
6522-YRBXD,Month-to-month,35,94.55,3365.4,Fiber optic,Electronic check,No,Yes,No,0.7049014023627729,High
3757-NJYBX,Month-to-month,32,106.35,3520.75,Fiber optic,Bank transfer (automatic),No,No,Yes,0.7047982332252475,High
0887-HJGAR,Month-to-month,1,45.7,45.7,DSL,Mailed check,No,No,Yes,0.7046792522109184,High
9117-SHLZX,Month-to-month,1,45.7,45.7,DSL,Mailed check,No,No,Yes,0.7046792522109184,High
0322-CHQRU,Month-to-month,2,45.35,89.5,DSL,Electronic check,No,No,Yes,0.7046486648211556,High
0402-CQAJN,Month-to-month,37,101.9,3545.35,Fiber optic,Bank transfer (automatic),No,No,Yes,0.7045870239835005,High
5133-POWUA,Month-to-month,1,45.8,45.8,DSL,Mailed check,No,No,No,0.7043629602542344,High
2372-HWUHI,Month-to-month,2,44.35,81.25,DSL,Electronic check,No,No,Yes,0.7043475486075537,High
4237-RLAQD,Month-to-month,1,45.85,45.85,DSL,Mailed check,No,No,Yes,0.7042047405837424,High
0601-WZHJF,Month-to-month,14,46.35,667.7,DSL,Electronic check,No,No,Yes,0.7041017451763087,High
4704-ERYFC,Month-to-month,22,69.25,1554.0,Fiber optic,Electronic check,No,No,Yes,0.704027373508001,High
9667-TKTVZ,Month-to-month,2,54.35,117.05,DSL,Mailed check,Yes,No,No,0.7036060306657406,High
9214-EKVXR,Month-to-month,1,44.0,44.0,DSL,Mailed check,No,No,No,0.7035837828472445,High
9821-POOTN,Month-to-month,35,75.2,2576.2,Fiber optic,Electronic check,No,No,Yes,0.7033697754684006,High
2823-LKABH,Month-to-month,18,95.05,1679.4,Fiber optic,Bank transfer (automatic),Yes,No,No,0.7029839550277277,High
7825-GKXMW,Month-to-month,1,45.8,45.8,DSL,Electronic check,No,No,Yes,0.7029048636864738,High
3587-PMCOY,One year,10,98.9,1064.95,Fiber optic,Electronic check,No,Yes,No,0.7026302670352131,High
4581-LNWUM,Month-to-month,13,49.15,649.4,DSL,Electronic check,No,No,No,0.7025131158361885,High
8180-AKMJV,Month-to-month,1,44.55,44.55,DSL,Credit card (automatic),No,No,No,0.702248038045882,High
6595-COKXZ,Month-to-month,1,44.45,44.45,DSL,Mailed check,No,No,Yes,0.7021558715016812,High
6180-YBIQI,Month-to-month,5,24.3,100.2,DSL,Mailed check,No,No,No,0.7019628339143421,High
8456-QDAVC,Month-to-month,19,78.7,1495.1,Fiber optic,Bank transfer (automatic),No,No,No,0.7016733523613898,High
0682-USIXD,Month-to-month,21,86.05,1818.9,Fiber optic,Electronic check,Yes,No,No,0.7015757128489479,High
2507-QZPQS,Month-to-month,15,95.7,1451.1,Fiber optic,Electronic check,Yes,No,No,0.7011913022584795,High
9626-WEQRM,Month-to-month,4,29.15,110.05,DSL,Mailed check,No,Yes,No,0.7011831521885703,High
6581-NQCBA,Month-to-month,16,49.95,810.2,DSL,Electronic check,Yes,No,Yes,0.7011644070234886,High
5922-ABDVO,Month-to-month,19,89.65,1761.05,Fiber optic,Mailed check,No,No,Yes,0.7011340418376866,High
4238-JSSWH,Month-to-month,35,102.05,3452.55,Fiber optic,Bank transfer (automatic),No,No,No,0.7008271546961957,High
4658-HCOHW,Month-to-month,21,102.8,2110.15,Fiber optic,Electronic check,Yes,No,Yes,0.7007969297257883,High
3352-ALMCK,Month-to-month,40,102.65,4108.15,Fiber optic,Mailed check,No,No,No,0.700786129273684,High
4847-QNOKA,Month-to-month,1,44.9,44.9,DSL,Bank transfer (automatic),No,No,Yes,0.7007370593475537,High
4840-ORQXB,Month-to-month,56,104.75,5841.35,Fiber optic,Electronic check,No,No,No,0.7007025027790291,High
6467-CHFZW,Month-to-month,47,99.35,4749.15,Fiber optic,Electronic check,No,No,Yes,0.7007010630111075,High
7892-QVYKW,Month-to-month,23,85.6,1868.4,Fiber optic,Electronic check,No,No,No,0.7006605228176896,High
2694-CIUMO,Month-to-month,12,79.55,958.25,Fiber optic,Credit card (automatic),Yes,No,No,0.7005906269079697,High
9053-EJUNL,Month-to-month,41,89.2,3645.75,Fiber optic,Electronic check,No,No,No,0.7005283889037337,High
8849-AYPTR,Month-to-month,33,91.25,2964.05,Fiber optic,Electronic check,No,No,No,0.7005081109093552,High
2720-FVBQP,Month-to-month,6,48.95,273.25,DSL,Credit card (automatic),No,No,No,0.7002443703106558,High
2344-JMOGN,Month-to-month,9,94.85,890.6,Fiber optic,Mailed check,Yes,No,Yes,0.7002096340311565,High
5365-LLFYV,Month-to-month,2,45.85,105.6,DSL,Mailed check,No,No,No,0.699919795316923,High
5673-TIYIB,Month-to-month,2,40.4,77.15,DSL,Credit card (automatic),Yes,No,Yes,0.6996899066201928,High
8280-MQRQN,Month-to-month,1,50.45,50.45,DSL,Mailed check,No,No,Yes,0.6994607871037721,High
7065-YUNRY,Month-to-month,1,45.3,45.3,DSL,Mailed check,No,No,Yes,0.6994479349011804,High
9625-QSTYE,Month-to-month,13,81.15,952.3,Fiber optic,Electronic check,No,No,Yes,0.6993874713704381,High
4959-JOSRX,Month-to-month,2,44.6,80.55,DSL,Credit card (automatic),No,No,Yes,0.6993501794450314,High
3799-ISUZQ,Month-to-month,7,69.95,529.5,Fiber optic,Bank transfer (automatic),No,No,Yes,0.6992072953496938,High
3088-LHEFH,Month-to-month,11,79.0,929.3,Fiber optic,Bank transfer (automatic),No,Yes,No,0.6992001675007882,High
2275-RBYQS,Month-to-month,1,45.4,45.4,DSL,Mailed check,No,No,No,0.6991284323286387,High
5692-FPTAH,Month-to-month,1,45.4,45.4,DSL,Mailed check,No,No,Yes,0.6991284323286387,High
5222-IMUKT,Month-to-month,32,91.05,2871.5,Fiber optic,Electronic check,No,No,No,0.6989750546191308,High
7481-ATQQS,Month-to-month,49,90.85,4515.85,Fiber optic,Credit card (automatic),No,No,Yes,0.6989653975275313,High
6704-UTUKK,Month-to-month,29,45.9,1332.4,DSL,Electronic check,No,No,No,0.6989630472873132,High
4918-QLLIW,Month-to-month,3,53.4,188.7,DSL,Credit card (automatic),No,No,Yes,0.6987585601940496,High
9261-WDCAF,Month-to-month,3,54.65,189.1,DSL,Mailed check,No,No,No,0.6982540680465599,High
1728-BQDMA,Month-to-month,2,44.45,82.7,DSL,Electronic check,No,No,No,0.6982136863132163,High
5950-AAAGJ,Month-to-month,18,84.3,1537.9,Fiber optic,Bank transfer (automatic),No,No,No,0.6982087751871674,High
3167-SNQPL,Month-to-month,38,101.15,3741.85,Fiber optic,Electronic check,No,No,No,0.6981921014353316,High
6481-ESCNL,Month-to-month,29,100.55,2878.75,Fiber optic,Bank transfer (automatic),No,No,No,0.6979972959487476,High
1335-NTIUC,Month-to-month,9,24.95,190.25,DSL,Electronic check,No,No,No,0.6977596289622061,High
9944-AEXBM,Month-to-month,32,85.65,2664.3,Fiber optic,Bank transfer (automatic),No,No,No,0.6977353272151131,High
4947-DSMXK,Month-to-month,34,97.7,3410.0,Fiber optic,Bank transfer (automatic),No,No,No,0.6972551009878897,High
3174-RKMOW,Month-to-month,35,109.95,3782.4,Fiber optic,Electronic check,Yes,No,No,0.6972008797637397,High
8378-LKJAF,Month-to-month,38,101.15,3956.7,Fiber optic,Credit card (automatic),No,No,No,0.6971036559348432,High
4727-MCYZG,Month-to-month,1,55.55,55.55,DSL,Mailed check,No,No,No,0.6969705436793682,High
6633-MPWBS,Month-to-month,5,49.2,216.9,DSL,Electronic check,Yes,No,Yes,0.6965746399652556,High
5047-LHVLY,Month-to-month,1,50.15,50.15,DSL,Mailed check,No,No,Yes,0.6964737208517551,High
3082-VQXNH,Month-to-month,3,29.8,94.4,DSL,Credit card (automatic),No,No,No,0.6962840298229989,High
9505-SQFSW,Month-to-month,3,40.3,92.5,DSL,Mailed check,No,No,No,0.6958029447283487,High
2103-ZRXFN,Month-to-month,1,50.75,50.75,DSL,Mailed check,No,No,No,0.6958001603258954,High
8914-RBTSB,Month-to-month,31,93.8,3019.5,Fiber optic,Electronic check,No,No,Yes,0.6954519186846423,High
3096-IZETN,Month-to-month,12,78.1,947.3,Fiber optic,Bank transfer (automatic),No,No,Yes,0.695176595249988,High
4537-DKTAL,Month-to-month,2,45.55,84.4,DSL,Electronic check,No,No,No,0.6944032170581179,High
7841-TZDMQ,Month-to-month,2,46.0,84.5,DSL,Credit card (automatic),No,No,Yes,0.6944026270216646,High
0504-HHAPI,Month-to-month,27,88.3,2467.75,Fiber optic,Credit card (automatic),No,No,Yes,0.6943514603471074,High
9508-ILZDG,Month-to-month,34,96.35,3190.25,Fiber optic,Electronic check,Yes,No,No,0.6943421036307885,High
3144-AUDBS,Month-to-month,6,49.15,270.8,DSL,Electronic check,Yes,No,Yes,0.6943132244292565,High
1482-OXZSY,Month-to-month,30,100.4,2936.25,Fiber optic,Bank transfer (automatic),No,Yes,No,0.6942285013486025,High
2232-DMLXU,Month-to-month,1,55.2,55.2,DSL,Mailed check,No,No,Yes,0.6940245004554735,High
1469-LBJQJ,Month-to-month,66,105.2,6936.85,Fiber optic,Electronic check,No,No,No,0.6937959928386029,High
5968-VXZLG,Month-to-month,2,46.6,87.9,DSL,Bank transfer (automatic),No,No,No,0.6933083178572557,High
2322-VCZHZ,Month-to-month,23,90.0,2024.1,Fiber optic,Electronic check,No,Yes,No,0.6931664602735649,High
9283-LZQOH,Month-to-month,13,74.4,896.75,Fiber optic,Credit card (automatic),No,No,Yes,0.6931528003766907,High
0531-ZZJWQ,Month-to-month,55,74.0,4052.4,Fiber optic,Electronic check,No,No,No,0.6931456260185825,High
2038-LLMLM,Month-to-month,48,103.85,4946.05,Fiber optic,Electronic check,Yes,No,No,0.6930784518587657,High
5173-WXOQV,Month-to-month,2,64.2,143.65,DSL,Mailed check,Yes,No,No,0.6925169621155056,High
7018-WBJNK,Month-to-month,13,78.3,1033.95,Fiber optic,Credit card (automatic),No,No,No,0.692369008222857,High
3096-JRDSO,Month-to-month,27,104.3,2867.75,Fiber optic,Bank transfer (automatic),Yes,Yes,Yes,0.6922122116585123,High
7048-GXDAY,Month-to-month,39,106.4,4040.65,Fiber optic,Electronic check,No,Yes,No,0.692205369782751,High
4013-TLDHQ,Month-to-month,19,78.25,1490.95,Fiber optic,Electronic check,No,No,Yes,0.6920642875006227,High
5650-YLIBA,Month-to-month,31,81.15,2640.55,Fiber optic,Electronic check,No,No,No,0.6919920041795891,High
0869-PAPRP,Month-to-month,26,85.7,2067.0,Fiber optic,Credit card (automatic),No,No,No,0.6915551052227622,High
0376-OIWME,Month-to-month,36,93.6,3366.05,Fiber optic,Electronic check,No,Yes,No,0.6915220776007058,High
0374-IOEGQ,Month-to-month,3,44.6,122.7,DSL,Electronic check,No,No,No,0.6914434694164149,High
2519-FAKOD,Month-to-month,38,99.25,3777.15,Fiber optic,Bank transfer (automatic),No,No,Yes,0.6911628945107474,High
2495-KZNFB,Month-to-month,33,90.65,2989.6,Fiber optic,Electronic check,No,Yes,No,0.691045858445553,High
0093-XWZFY,Month-to-month,40,104.5,4036.85,Fiber optic,Credit card (automatic),No,No,Yes,0.6908716094250353,High
8384-FZBJK,Month-to-month,57,100.6,5611.7,Fiber optic,Electronic check,No,No,No,0.6908336778772126,High
3755-JBMNH,Month-to-month,16,71.8,1167.8,Fiber optic,Bank transfer (automatic),No,No,Yes,0.6906905555370659,High
6317-YPKDH,Month-to-month,1,29.95,29.95,DSL,Bank transfer (automatic),No,No,Yes,0.6905231746335108,High
9348-YVOMK,Month-to-month,4,44.8,176.2,DSL,Credit card (automatic),No,No,No,0.6904345866367148,High
9824-BEMCV,Month-to-month,17,69.0,1149.65,Fiber optic,Electronic check,No,No,Yes,0.6904311285191992,High
0212-ISBBF,Month-to-month,22,50.35,1098.85,DSL,Electronic check,No,No,No,0.6903600970736181,High
2637-FKFSY,Month-to-month,3,46.1,130.15,DSL,Mailed check,No,No,No,0.6903227262269325,High
4220-TINQT,Month-to-month,61,106.35,6751.35,Fiber optic,Electronic check,Yes,No,No,0.6902946460639308,High
8468-EHYJA,Month-to-month,57,99.65,5497.05,Fiber optic,Electronic check,No,Yes,No,0.6902386002893797,High
4879-GZLFH,Month-to-month,42,92.15,3875.4,Fiber optic,Electronic check,No,No,No,0.6902028915882481,High
1902-XBTFB,Month-to-month,22,89.4,2001.5,Fiber optic,Electronic check,No,No,Yes,0.6901626095930022,High
9450-TRJUU,Month-to-month,35,83.15,2848.45,Fiber optic,Electronic check,No,No,No,0.6898325537976199,High
4430-UZIPO,Month-to-month,3,36.85,108.7,DSL,Mailed check,Yes,No,Yes,0.6898207523391721,High
1624-WOIWJ,Month-to-month,10,84.7,832.05,Fiber optic,Mailed check,No,Yes,Yes,0.6897981213806172,High
7483-IQWIB,Month-to-month,37,92.95,3415.25,Fiber optic,Electronic check,No,No,No,0.6893405247776813,High
2027-CWDNU,Month-to-month,18,85.6,1601.5,Fiber optic,Electronic check,Yes,No,No,0.6892385315089447,High
4154-AQUGT,Month-to-month,13,89.05,1169.35,Fiber optic,Bank transfer (automatic),Yes,No,Yes,0.6886434452047651,High
0256-LTHVJ,Month-to-month,28,81.05,2227.1,Fiber optic,Electronic check,No,No,Yes,0.6885311174548128,High
6557-BZXLQ,Month-to-month,16,69.65,1043.3,Fiber optic,Electronic check,No,No,No,0.6881424504638809,High
2474-BRUCM,Month-to-month,40,101.85,4086.3,Fiber optic,Electronic check,No,Yes,Yes,0.687220443755503,High
7978-DKUQH,Month-to-month,25,74.6,1797.75,Fiber optic,Electronic check,No,No,No,0.6872162697008019,High
8229-TNIQA,Month-to-month,4,45.3,196.95,DSL,Mailed check,No,No,Yes,0.6871145046463223,High
5087-SUURX,Month-to-month,18,39.05,669.85,DSL,Electronic check,No,No,Yes,0.687036030710806,High
7825-ECJRF,Month-to-month,19,106.6,1934.45,Fiber optic,Electronic check,Yes,Yes,Yes,0.6868948691751421,High
5453-AXEPF,Month-to-month,17,80.5,1336.9,Fiber optic,Bank transfer (automatic),No,No,No,0.6866279435003635,High
8563-OYMQY,Month-to-month,17,90.95,1612.2,Fiber optic,Credit card (automatic),No,No,No,0.6865046848787105,High
7905-TVXTA,Month-to-month,5,64.35,352.65,DSL,Electronic check,Yes,Yes,No,0.6865037441483501,High
8819-IMISP,Month-to-month,31,80.45,2429.1,Fiber optic,Electronic check,No,No,No,0.6864068093353565,High
1323-OOEPC,Month-to-month,53,98.4,5149.5,Fiber optic,Credit card (automatic),No,No,Yes,0.6863978140515706,High
0295-QVKPB,Month-to-month,5,63.95,318.1,DSL,Credit card (automatic),Yes,No,No,0.6861770836974088,High
1728-CXQBE,Month-to-month,64,94.25,6081.4,Fiber optic,Electronic check,No,No,No,0.686166122121111,High
1472-TNCWL,Month-to-month,36,94.7,3512.5,Fiber optic,Electronic check,No,No,No,0.6861428185403669,High
0975-VOOVL,Month-to-month,3,29.2,98.5,DSL,Mailed check,No,No,No,0.6856547883923865,High
0701-RFGFI,Month-to-month,49,95.4,4613.95,Fiber optic,Bank transfer (automatic),No,No,No,0.6856083215385085,High
5027-XWQHA,Month-to-month,6,44.75,270.95,DSL,Electronic check,No,No,Yes,0.685357909686863,High
6906-ANDWJ,Month-to-month,15,74.9,1107.25,Fiber optic,Bank transfer (automatic),No,No,Yes,0.6852581544098209,High
7351-KYHQH,Month-to-month,7,64.95,493.65,DSL,Electronic check,No,No,No,0.6852217319623956,High
6551-GNYDG,Month-to-month,14,80.9,1152.8,Fiber optic,Bank transfer (automatic),No,No,No,0.6847601292452902,High
3278-FSIXX,Month-to-month,2,45.25,74.2,DSL,Mailed check,No,No,No,0.6847558984239412,High
5351-QESIO,Month-to-month,1,24.2,24.2,DSL,Mailed check,No,No,No,0.6847040001501439,High
2100-BDNSN,Month-to-month,5,67.95,350.3,DSL,Bank transfer (automatic),Yes,No,Yes,0.6841180871443524,High
8272-ONJLV,One year,12,95.7,1184.0,Fiber optic,Electronic check,No,No,No,0.6839930085068433,High
9904-EHEVJ,Month-to-month,32,91.35,2896.55,Fiber optic,Mailed check,No,No,No,0.6839748997729708,High
5153-RTHKF,Month-to-month,34,85.35,2896.6,Fiber optic,Electronic check,No,No,No,0.683866520816093,High
4881-JVQOD,Month-to-month,10,34.55,362.6,DSL,Bank transfer (automatic),No,No,No,0.6838193320295988,High
0319-QZTCO,Month-to-month,3,58.7,168.6,DSL,Credit card (automatic),No,No,No,0.6837989707669371,High
5022-JNQEQ,Month-to-month,9,75.85,647.5,Fiber optic,Electronic check,Yes,No,No,0.6836955787356472,High
1384-RCUXW,Month-to-month,16,80.55,1248.9,Fiber optic,Mailed check,No,No,No,0.6833865358621933,High
5175-AOBHI,Month-to-month,4,46.0,193.6,DSL,Mailed check,No,No,Yes,0.6830514738870291,High
0778-NELLA,Month-to-month,9,34.7,296.1,DSL,Credit card (automatic),No,No,Yes,0.6829638019420594,High
5998-VVEJY,Month-to-month,26,80.5,2088.8,Fiber optic,Electronic check,Yes,No,Yes,0.682932431704881,High
5626-MGTUK,Month-to-month,20,89.1,1879.25,Fiber optic,Bank transfer (automatic),No,Yes,No,0.6827880589661324,High
5982-FPVQN,Month-to-month,37,95.15,3532.85,Fiber optic,Electronic check,No,No,No,0.6823450293292821,High
4503-BDXBD,Month-to-month,11,74.95,815.5,Fiber optic,Electronic check,No,No,Yes,0.6820099084989131,High
2309-OSFEU,Month-to-month,10,33.9,298.45,DSL,Mailed check,No,No,Yes,0.6819907889325899,High
2718-GAXQD,Month-to-month,4,46.0,181.6,DSL,Electronic check,No,No,Yes,0.6818651013567661,High
9462-MJUAW,Month-to-month,4,50.4,206.6,DSL,Mailed check,No,No,Yes,0.6814848684789011,High
2672-TGEFF,Month-to-month,37,88.8,3340.55,Fiber optic,Electronic check,No,No,No,0.6814539385964083,High
6599-RCLCJ,Month-to-month,47,109.55,5124.55,Fiber optic,Electronic check,Yes,No,Yes,0.6814492312792698,High
5294-DMSFH,Month-to-month,29,87.8,2621.75,Fiber optic,Credit card (automatic),No,No,No,0.6812483193867255,High
2108-XWMPY,Month-to-month,3,35.45,106.85,DSL,Mailed check,No,Yes,Yes,0.6808225309593098,High
7567-ECMCM,Month-to-month,24,79.85,2001.0,Fiber optic,Credit card (automatic),No,No,No,0.6806585680432944,High
8584-KMVXD,Month-to-month,8,75.6,535.55,Fiber optic,Electronic check,No,No,No,0.6806501518880318,High
2037-SGXHH,Month-to-month,38,94.65,3624.3,Fiber optic,Electronic check,No,No,Yes,0.680369984435667,High
9631-XEYKE,Month-to-month,3,50.4,137.25,DSL,Bank transfer (automatic),No,No,No,0.6803548666677984,High
3237-AJGEH,Month-to-month,3,31.0,95.05,DSL,Mailed check,Yes,No,Yes,0.6801839318531722,High
0428-IKYCP,Month-to-month,22,87.0,1850.65,Fiber optic,Bank transfer (automatic),No,No,No,0.6800458289030858,High
9168-INPSZ,Month-to-month,44,104.15,4495.65,Fiber optic,Electronic check,Yes,No,No,0.6799959646210504,High
4315-MURBD,Month-to-month,12,98.9,1120.95,Fiber optic,Bank transfer (automatic),Yes,Yes,Yes,0.6799063045394992,High
8212-CRQXP,Month-to-month,22,80.0,1706.45,Fiber optic,Credit card (automatic),No,No,No,0.679683224827873,High
7562-GSUHK,Month-to-month,16,93.2,1573.7,Fiber optic,Credit card (automatic),No,No,Yes,0.6795547809986987,High
8806-EAGWC,Month-to-month,3,55.15,159.15,DSL,Mailed check,No,No,Yes,0.6793929111855573,High
0311-QYWSS,Month-to-month,6,49.45,314.6,DSL,Electronic check,No,Yes,No,0.6792226031752642,High
5204-QZXPU,Month-to-month,19,39.65,733.35,DSL,Electronic check,No,No,Yes,0.6791953501240007,High
2207-NHRJK,Month-to-month,1,50.8,50.8,DSL,Electronic check,No,No,Yes,0.6789383994150147,High
9274-UARKJ,Month-to-month,15,83.2,1130.0,Fiber optic,Bank transfer (automatic),No,No,No,0.678854708744028,High
9518-XXBXE,Month-to-month,10,75.3,720.45,Fiber optic,Electronic check,No,Yes,No,0.6786160692494367,High
7460-ITWWP,Month-to-month,45,86.1,3861.45,Fiber optic,Electronic check,No,No,No,0.6785043941355952,High
2657-ALMWY,Month-to-month,26,84.95,2169.75,Fiber optic,Electronic check,No,No,Yes,0.6784535411267623,High
2203-GHNWN,Month-to-month,24,79.65,1928.7,Fiber optic,Mailed check,No,No,No,0.6784396063270162,High
1319-YLZJG,Month-to-month,12,84.6,959.9,Fiber optic,Electronic check,No,Yes,No,0.6783746268143722,High
5035-BVCXS,Month-to-month,11,75.9,866.4,Fiber optic,Mailed check,No,No,No,0.6780757486384176,High
6961-VCPMC,Month-to-month,46,80.4,3605.2,Fiber optic,Electronic check,No,No,Yes,0.6779927780967028,High
0867-LDTTC,Month-to-month,5,75.15,392.65,DSL,Bank transfer (automatic),Yes,No,No,0.6778768508993648,High
5129-JLPIS,Month-to-month,25,105.5,2686.05,Fiber optic,Electronic check,Yes,Yes,No,0.6776151052499724,High
3005-TYFRD,Month-to-month,55,103.65,5676.65,Fiber optic,Credit card (automatic),No,No,No,0.6775194333032517,High
0541-FITGH,Month-to-month,2,62.15,113.1,DSL,Mailed check,No,Yes,No,0.6774034855143711,High
1635-FJFCC,Month-to-month,5,44.05,202.15,DSL,Credit card (automatic),No,No,No,0.6771174499932933,High
6413-XKKPU,Month-to-month,17,89.4,1539.45,Fiber optic,Electronic check,No,Yes,Yes,0.6769503997204614,High
7011-CVEUC,Month-to-month,25,95.7,2338.35,Fiber optic,Credit card (automatic),Yes,No,No,0.6767920442574225,High
0570-BFQHT,Month-to-month,9,80.55,653.9,Fiber optic,Electronic check,No,No,No,0.6767632418404518,High
4065-JJAVA,Month-to-month,1,49.5,49.5,DSL,Electronic check,No,No,No,0.6764623983531458,High
2675-OTVVJ,Month-to-month,31,89.45,2807.65,Fiber optic,Electronic check,No,Yes,No,0.6763421311827221,High
7718-RXDGG,Month-to-month,15,68.6,1108.6,Fiber optic,Bank transfer (automatic),No,No,No,0.67629437047656,High
2538-OIMXF,Month-to-month,1,24.7,24.7,DSL,Mailed check,No,No,No,0.6762935093420624,High
2208-UGTGR,Month-to-month,56,98.6,5581.05,Fiber optic,Electronic check,No,No,No,0.6762102569133556,High
1818-ESQMW,Month-to-month,27,89.2,2383.6,Fiber optic,Electronic check,Yes,No,No,0.6760025675382155,High
2903-YYTBW,Month-to-month,1,44.55,44.55,DSL,Electronic check,No,No,No,0.6758364157027589,High
1845-ZLLIG,Month-to-month,1,50.15,50.15,DSL,Mailed check,No,No,No,0.6758309184952498,High
2974-GGUXS,Month-to-month,36,91.95,3301.05,Fiber optic,Credit card (automatic),No,No,No,0.6757593411233249,High
0310-MVLET,Month-to-month,61,99.15,6010.05,Fiber optic,Electronic check,No,No,Yes,0.675505100020565,High
2856-NNASM,Month-to-month,43,89.55,3856.75,Fiber optic,Mailed check,No,No,Yes,0.6752478701617504,High
5172-MIGPM,Month-to-month,4,65.55,237.2,DSL,Mailed check,Yes,No,No,0.6750192770957112,High
2955-BJZHG,Month-to-month,17,80.85,1400.85,Fiber optic,Electronic check,No,No,Yes,0.6750177173893643,High
9889-TMAHG,Month-to-month,8,100.3,832.35,Fiber optic,Credit card (automatic),Yes,Yes,Yes,0.674965520393738,High
1471-GIQKQ,Month-to-month,1,49.95,49.95,DSL,Electronic check,No,No,No,0.6749641933328562,High
5389-FFVKB,Month-to-month,32,80.3,2483.05,Fiber optic,Credit card (automatic),No,No,Yes,0.6748149929170557,High
6017-PPLPX,Month-to-month,20,70.45,1470.95,Fiber optic,Electronic check,No,No,Yes,0.6744619924214056,High
6923-EFPNL,Month-to-month,4,51.75,201.1,DSL,Credit card (automatic),No,No,Yes,0.674263263504372,High
1452-KIOVK,Month-to-month,22,89.1,1949.4,Fiber optic,Credit card (automatic),No,No,No,0.6742391351741448,High
7181-OQCUT,Month-to-month,21,103.85,2215.0,Fiber optic,Mailed check,No,Yes,No,0.6741599112330844,High
1226-UDFZR,Month-to-month,2,49.6,114.7,DSL,Mailed check,No,No,Yes,0.6741206204226818,High
7268-IGMFD,Month-to-month,18,93.9,1743.9,Fiber optic,Bank transfer (automatic),Yes,No,No,0.6738732670384993,High
6173-GOLSU,Month-to-month,67,94.65,6079.0,Fiber optic,Credit card (automatic),No,No,No,0.6736594412695299,High
6689-KXGBO,Month-to-month,1,50.55,50.55,DSL,Electronic check,No,No,Yes,0.6729610079168707,High
7395-IGJOS,Month-to-month,17,81.5,1329.2,Fiber optic,Bank transfer (automatic),No,No,Yes,0.6728227438634065,High
9921-QFQUL,Month-to-month,23,90.15,2044.95,Fiber optic,Mailed check,No,No,No,0.6724316617876486,High
0856-NAOES,Month-to-month,6,60.9,414.1,DSL,Mailed check,No,No,No,0.6724077917234751,High
3370-GQEAL,Month-to-month,30,85.45,2509.95,Fiber optic,Electronic check,No,No,No,0.6719904923729005,High
3658-KIBGF,Month-to-month,1,54.9,54.9,DSL,Electronic check,No,Yes,Yes,0.6715728534618272,High
4248-QPAVC,Month-to-month,17,85.35,1463.45,Fiber optic,Bank transfer (automatic),No,Yes,Yes,0.6715307791633919,High
8124-NZVGJ,One year,6,49.25,255.6,DSL,Mailed check,Yes,No,No,0.6715109111458919,High
8155-IBNHG,Month-to-month,24,75.4,1747.85,Fiber optic,Credit card (automatic),No,No,Yes,0.6712404251937376,High
2874-YXVVA,Month-to-month,34,105.1,3634.8,Fiber optic,Electronic check,Yes,No,No,0.6711121361764101,High
0537-QYZZN,Month-to-month,24,79.85,1857.75,Fiber optic,Electronic check,No,Yes,No,0.6709045146374423,High
6876-ADESB,Month-to-month,1,48.95,48.95,DSL,Electronic check,No,No,Yes,0.6703643975914071,High
3446-QDSZF,Month-to-month,4,55.5,227.35,DSL,Credit card (automatic),No,No,No,0.67013077805981,High
2587-EKXTS,Month-to-month,44,111.5,4915.15,Fiber optic,Electronic check,No,Yes,No,0.6701184635433471,High
9420-LOJKX,Month-to-month,15,99.1,1426.4,Fiber optic,Credit card (automatic),No,Yes,Yes,0.669905065099412,High
5522-JBWMO,Month-to-month,1,44.0,44.0,DSL,Electronic check,No,No,No,0.6696790313115019,High
7852-LECYP,Month-to-month,13,93.8,1261.0,Fiber optic,Credit card (automatic),No,Yes,No,0.6692448292148663,High
2452-KDRRH,Month-to-month,67,101.4,6841.05,Fiber optic,Credit card (automatic),No,No,No,0.6691684080256368,High
2971-SGAFL,Month-to-month,13,78.75,995.35,DSL,Electronic check,No,Yes,No,0.6687716196303342,High
9576-SYUHJ,Month-to-month,37,91.15,3369.25,Fiber optic,Electronic check,No,Yes,No,0.6687477191839771,High
6259-WJQLC,Month-to-month,32,81.1,2619.25,Fiber optic,Credit card (automatic),No,No,No,0.6687372494971643,High
7881-INRLC,Month-to-month,45,100.85,4740.0,Fiber optic,Credit card (automatic),No,No,Yes,0.6686511071322985,High
7901-HXJVA,Month-to-month,14,76.45,1117.55,Fiber optic,Electronic check,No,No,No,0.6683407339144053,High
9281-OFDMF,Month-to-month,39,90.7,3413.25,Fiber optic,Electronic check,No,No,No,0.6681176580585433,High
1142-WACZW,Month-to-month,2,29.85,75.6,DSL,Bank transfer (automatic),Yes,No,Yes,0.6672496499513495,High
5016-IBERQ,Month-to-month,23,84.25,1968.1,Fiber optic,Electronic check,No,No,No,0.6672477309588171,High
1833-TCXKK,Month-to-month,45,107.75,4882.8,Fiber optic,Bank transfer (automatic),No,No,No,0.666672597275665,High
1845-CSBRZ,Month-to-month,22,85.35,1961.6,Fiber optic,Bank transfer (automatic),No,No,No,0.6663981056895588,High
7020-OZKXZ,Month-to-month,9,75.5,637.4,Fiber optic,Credit card (automatic),No,No,No,0.6662820018170948,High
9780-FKVVF,Month-to-month,6,59.15,336.7,DSL,Bank transfer (automatic),No,Yes,No,0.6662519387071044,High
7774-OJSXI,One year,31,103.45,3066.45,Fiber optic,Electronic check,No,No,Yes,0.6661979702522745,High
3165-HDOEW,Month-to-month,1,45.85,45.85,DSL,Mailed check,No,No,Yes,0.6661571154729027,High
1816-FLZDK,Month-to-month,1,29.15,29.15,DSL,Mailed check,Yes,No,No,0.6661359601329143,High
3413-BMNZE,Month-to-month,1,45.25,45.25,DSL,Bank transfer (automatic),No,No,No,0.6660435453778843,High
7503-QQRVF,Month-to-month,16,74.3,1178.25,Fiber optic,Credit card (automatic),No,No,Yes,0.6660324263880107,High
3323-CPBWR,Month-to-month,23,96.9,2085.45,Fiber optic,Credit card (automatic),Yes,No,No,0.6660111428609041,High
4223-WOZCM,Month-to-month,2,49.95,107.1,DSL,Mailed check,No,No,No,0.6659786638592147,High
5461-QKNTN,Month-to-month,43,94.3,3953.15,Fiber optic,Electronic check,Yes,No,No,0.6659697668839527,High
7813-ZGGAW,Month-to-month,31,96.6,2877.95,Fiber optic,Bank transfer (automatic),Yes,No,No,0.6657468890147491,High
0177-PXBAT,Month-to-month,33,109.9,3694.7,Fiber optic,Bank transfer (automatic),Yes,Yes,No,0.6657132661844902,High
5215-LNLDJ,Month-to-month,7,24.7,149.05,DSL,Electronic check,No,No,No,0.6656840969980714,High
9979-RGMZT,One year,7,94.05,633.45,Fiber optic,Mailed check,No,No,No,0.6653100257852049,High
2853-CWQFQ,Month-to-month,1,59.55,59.55,DSL,Mailed check,Yes,No,No,0.6651166871673406,High
1928-BXYIV,Month-to-month,1,61.15,61.15,DSL,Electronic check,No,Yes,No,0.665045258048482,High
9992-UJOEL,Month-to-month,2,50.3,92.75,DSL,Mailed check,No,No,No,0.6649113979581612,High
2187-LZGPL,Month-to-month,7,40.1,293.3,DSL,Credit card (automatic),No,No,Yes,0.6648157104955144,High
6741-EGCBI,Month-to-month,30,90.5,2595.85,Fiber optic,Credit card (automatic),No,Yes,No,0.6644220319386375,High
6142-VSJQO,Month-to-month,1,44.35,44.35,DSL,Bank transfer (automatic),No,No,Yes,0.6643232503017119,High
6486-LHTMA,One year,31,90.7,2835.5,Fiber optic,Electronic check,No,No,No,0.664107928807953,High
7993-PYKOF,Month-to-month,8,75.0,632.95,Fiber optic,Electronic check,No,Yes,Yes,0.663881358179735,High
6771-XWBDM,Month-to-month,57,104.5,5921.35,Fiber optic,Credit card (automatic),No,No,Yes,0.6635171603399104,High
8535-SFUTN,Month-to-month,61,106.45,6300.15,Fiber optic,Electronic check,No,Yes,No,0.663428367466115,High
3097-NNSPB,Month-to-month,2,49.05,91.1,DSL,Credit card (automatic),No,No,Yes,0.6631486475085959,High
0111-KLBQG,Month-to-month,32,93.95,2861.45,Fiber optic,Mailed check,No,No,No,0.6628797942767818,High
2347-WKKAE,Month-to-month,42,94.4,4014.6,Fiber optic,Electronic check,No,Yes,No,0.662806704398274,High
6168-YBYNP,Month-to-month,59,111.35,6519.75,Fiber optic,Electronic check,Yes,No,No,0.6626856172612062,High
3524-WQDSG,Month-to-month,43,99.3,4209.95,Fiber optic,Bank transfer (automatic),No,No,No,0.6624800707318764,High
0666-UXTJO,Month-to-month,34,85.2,2874.45,Fiber optic,Credit card (automatic),No,No,No,0.6623303501357571,High
9552-TGUZV,Month-to-month,8,75.0,658.1,Fiber optic,Mailed check,No,Yes,No,0.6623216923337276,High
0634-SZPQA,Month-to-month,23,90.05,2169.8,Fiber optic,Bank transfer (automatic),No,Yes,Yes,0.6622332852283748,High
9512-UIBFX,Month-to-month,18,95.15,1779.95,Fiber optic,Mailed check,No,No,Yes,0.6620946275136713,High
1550-EENBN,Month-to-month,31,104.35,3205.6,Fiber optic,Electronic check,No,Yes,No,0.6619701881277472,High
0407-BDJKB,Month-to-month,60,95.75,5742.9,Fiber optic,Electronic check,No,No,Yes,0.6614675901185881,High
5536-SLHPM,Month-to-month,55,77.75,4458.15,Fiber optic,Electronic check,No,No,Yes,0.661416707114648,High
2360-RDGRO,Month-to-month,65,104.25,6812.95,Fiber optic,Electronic check,No,Yes,No,0.6614068974924284,High
3694-DELSO,Month-to-month,4,38.55,156.1,DSL,Credit card (automatic),No,Yes,No,0.6608213844331832,High
5143-EGQFK,Month-to-month,10,29.65,291.4,DSL,Electronic check,Yes,No,Yes,0.6608199985599738,High
0927-LCSMG,Month-to-month,7,74.65,544.55,Fiber optic,Mailed check,No,No,Yes,0.6602432871440561,High
2712-SYWAY,Month-to-month,1,25.7,25.7,No,Electronic check,No internet service,No internet service,No,0.6602266096492552,High
2979-SXESE,Month-to-month,17,94.4,1607.2,Fiber optic,Electronic check,No,Yes,Yes,0.6599612211007193,High
3804-RVTGV,Month-to-month,50,103.85,5017.9,Fiber optic,Bank transfer (automatic),No,No,Yes,0.6597895604931265,High
6693-FRIRW,Month-to-month,18,101.3,1794.65,Fiber optic,Credit card (automatic),No,No,No,0.6597893447543337,High
0141-YEAYS,Month-to-month,27,86.45,2401.05,Fiber optic,Bank transfer (automatic),No,No,No,0.6596734321475186,High
4193-ORFCL,Month-to-month,1,45.1,45.1,DSL,Mailed check,No,No,Yes,0.6595912918590809,High
5349-AZPEW,Month-to-month,5,25.05,125.5,DSL,Mailed check,No,No,No,0.6594597265862067,High
4718-DHSMV,Month-to-month,11,35.8,363.15,DSL,Mailed check,No,No,No,0.6590812568105884,High
7562-UXTPG,Month-to-month,13,70.15,886.7,Fiber optic,Mailed check,No,No,No,0.6586937551509453,High
9927-DSWDF,Month-to-month,22,104.6,2180.55,Fiber optic,Electronic check,Yes,Yes,No,0.6586542722333344,High
6692-YQHXC,Month-to-month,16,69.95,1205.5,Fiber optic,Credit card (automatic),No,No,No,0.6585852120594878,High
0533-BNWKF,Month-to-month,55,85.45,4874.7,Fiber optic,Electronic check,No,No,Yes,0.6584028162866759,High
4208-UFFGW,Month-to-month,2,44.95,85.15,DSL,Mailed check,No,No,Yes,0.6583234124792812,High
8519-QJGJD,Month-to-month,14,75.35,1025.95,Fiber optic,Electronic check,No,No,Yes,0.6582941546317215,High
8993-IZEUX,Month-to-month,7,69.15,488.65,Fiber optic,Bank transfer (automatic),No,No,No,0.6582547578679927,High
2911-WDXMV,Month-to-month,18,80.55,1406.65,Fiber optic,Credit card (automatic),No,No,No,0.6577564119120568,High
3164-AALRN,One year,5,70.0,347.4,DSL,Mailed check,No,No,Yes,0.6573235611101973,High
6304-IJFSQ,Month-to-month,3,49.9,130.1,DSL,Mailed check,No,No,Yes,0.6572459625150402,High
7739-LAXOG,Month-to-month,32,91.05,2954.5,Fiber optic,Bank transfer (automatic),No,No,Yes,0.6571204253578032,High
9761-XUJWD,Month-to-month,5,65.6,339.9,DSL,Bank transfer (automatic),Yes,No,No,0.656746003516556,High
9710-ZUSHQ,Month-to-month,37,106.75,4056.75,Fiber optic,Bank transfer (automatic),No,Yes,Yes,0.656726973092253,High
6710-HSJRD,Month-to-month,61,114.1,7132.15,Fiber optic,Electronic check,Yes,No,No,0.6564024529220125,High
3161-GETRM,Month-to-month,34,90.05,3097.0,Fiber optic,Credit card (automatic),No,No,No,0.6560562994483747,High
2573-GYRUU,Month-to-month,48,91.05,4370.75,Fiber optic,Credit card (automatic),No,No,No,0.6559392702214321,High
1436-ZMJAN,Month-to-month,10,67.8,653.15,DSL,Credit card (automatic),No,No,No,0.6558381263620142,High
1173-NOEYG,Month-to-month,27,90.15,2423.4,Fiber optic,Bank transfer (automatic),No,No,No,0.6557495152133184,High
8020-BWHYL,Month-to-month,15,75.3,1147.45,Fiber optic,Credit card (automatic),No,No,Yes,0.6556872503845977,High
3943-KDREE,Month-to-month,26,74.95,1834.95,Fiber optic,Bank transfer (automatic),No,No,Yes,0.6552366632221974,High
0727-BMPLR,One year,55,100.0,5509.3,Fiber optic,Electronic check,No,No,Yes,0.6552273128579463,High
9522-BNTHX,Month-to-month,34,56.25,1765.95,DSL,Electronic check,No,No,No,0.6549701162253577,High
7207-RMRDB,Month-to-month,65,105.5,6985.65,Fiber optic,Electronic check,No,No,Yes,0.6546950277874716,High
6987-XQSJT,Month-to-month,54,79.5,4370.25,Fiber optic,Electronic check,No,No,Yes,0.6546619824702956,High
7599-FKVXZ,Month-to-month,42,106.15,4512.7,Fiber optic,Bank transfer (automatic),Yes,No,Yes,0.6546581628686772,High
1304-BCCFO,Month-to-month,9,70.05,564.4,DSL,Mailed check,No,No,No,0.6546509097227412,High
0564-MUUQK,Month-to-month,20,95.5,1916.2,Fiber optic,Bank transfer (automatic),Yes,No,No,0.6546053606222261,High
2480-SQIOB,Month-to-month,4,44.8,169.65,DSL,Electronic check,No,No,No,0.6545191718464838,High
1427-VERSM,Month-to-month,56,98.7,5669.5,Fiber optic,Electronic check,Yes,No,No,0.6544553057712043,High
6656-JWRQX,Month-to-month,1,30.55,30.55,DSL,Mailed check,Yes,No,No,0.6543918462488156,High
2049-BAFNW,Month-to-month,1,35.9,35.9,DSL,Mailed check,Yes,No,No,0.6537181064495151,High
0468-YRPXN,Month-to-month,29,98.8,2807.1,Fiber optic,Credit card (automatic),Yes,No,No,0.6536866681707668,High
6847-KJLTS,Month-to-month,58,100.4,5749.8,Fiber optic,Bank transfer (automatic),Yes,No,No,0.6536028443298473,High
3211-ILJTT,Month-to-month,17,70.4,1214.05,Fiber optic,Bank transfer (automatic),No,No,Yes,0.6534709357717636,High
1100-DDVRV,Month-to-month,17,49.8,836.35,DSL,Mailed check,No,No,No,0.6534496775046538,High
8654-DHAOW,Month-to-month,2,54.15,101.65,DSL,Mailed check,No,No,No,0.653253672982237,High
5055-MGMGF,Month-to-month,65,105.05,6914.95,Fiber optic,Electronic check,No,Yes,No,0.6530573926086347,High
4523-WXCEF,Month-to-month,59,101.1,6039.9,Fiber optic,Electronic check,No,No,Yes,0.6530264250836728,High
9026-LHEVG,Month-to-month,9,40.75,359.4,DSL,Electronic check,No,No,No,0.65249275658765,High
3348-CFRNX,Month-to-month,28,92.35,2602.9,Fiber optic,Mailed check,No,Yes,Yes,0.6520587633649909,High
3162-KKZXO,One year,55,100.15,5409.75,Fiber optic,Electronic check,No,No,No,0.6518969482492843,High
7658-UYUQS,Month-to-month,21,86.55,1857.25,Fiber optic,Bank transfer (automatic),No,No,No,0.6518586473350598,High
1564-HJUVY,Month-to-month,4,63.75,226.2,DSL,Bank transfer (automatic),Yes,No,No,0.6517858872273975,High
5498-TXHLF,Month-to-month,34,87.45,2874.15,Fiber optic,Electronic check,No,No,Yes,0.6516672117431198,High
8818-XYFCQ,Month-to-month,32,99.55,3204.65,Fiber optic,Credit card (automatic),No,Yes,Yes,0.6515123625226351,High
7634-WSWDB,Month-to-month,8,38.5,330.8,DSL,Electronic check,No,Yes,No,0.6512698289703629,High
4811-JBUVU,Month-to-month,30,89.9,2723.15,Fiber optic,Credit card (automatic),Yes,No,No,0.6512365254698996,High
2027-WKXMW,Month-to-month,63,108.75,6871.7,Fiber optic,Electronic check,Yes,No,No,0.6512074004853968,High
2811-POVEX,Month-to-month,23,88.45,2130.55,Fiber optic,Bank transfer (automatic),No,No,No,0.651104781082761,High
7077-XJMET,Month-to-month,12,74.15,741.4,DSL,Electronic check,Yes,No,No,0.6509907772173529,High
5572-ZDXHY,Month-to-month,22,84.3,1855.65,Fiber optic,Mailed check,No,No,Yes,0.6506512690705004,High
2040-VZIKE,Month-to-month,49,100.85,4847.35,Fiber optic,Mailed check,No,Yes,No,0.6505192003568179,High
0422-UXFAP,One year,51,98.85,4947.55,Fiber optic,Electronic check,No,No,No,0.650168080654499,High
5175-WLYXL,Month-to-month,22,78.85,1600.25,Fiber optic,Mailed check,No,No,No,0.6501273043534465,High
9699-UBQFS,Month-to-month,43,94.5,4156.8,Fiber optic,Electronic check,No,Yes,No,0.6495266231327363,High
8802-UNOJF,Month-to-month,12,83.8,1029.75,Fiber optic,Mailed check,Yes,No,Yes,0.649159244340685,High
9526-BIHHD,Month-to-month,1,29.7,29.7,DSL,Mailed check,No,Yes,Yes,0.6491445815874795,High
4989-LIXVT,Month-to-month,68,95.9,6503.2,Fiber optic,Electronic check,No,No,No,0.6490608536696664,High
9732-EQMWY,Month-to-month,49,99.4,5025.0,Fiber optic,Electronic check,No,No,No,0.649007817186259,High
2101-RANCD,Month-to-month,55,73.1,4144.9,Fiber optic,Electronic check,No,No,No,0.6487729690633642,High
1346-UFHAX,Month-to-month,13,80.0,1029.35,Fiber optic,Credit card (automatic),No,Yes,No,0.6485576610348717,High
5828-AVIPD,One year,19,100.95,1875.55,Fiber optic,Electronic check,Yes,No,Yes,0.6484415441255756,High
2227-JRSJX,Month-to-month,21,99.15,1956.4,Fiber optic,Bank transfer (automatic),Yes,No,No,0.6477010095410628,High
9732-KPKBW,Month-to-month,1,53.95,53.95,DSL,Electronic check,Yes,Yes,Yes,0.6469918171662861,High
3692-JHONH,One year,52,106.5,5621.85,Fiber optic,Electronic check,No,No,No,0.6465864498558491,High
7517-SAWMO,Month-to-month,19,73.2,1441.1,Fiber optic,Electronic check,No,Yes,Yes,0.6463879511344371,High
5895-QSXOD,Month-to-month,9,70.05,657.5,Fiber optic,Mailed check,No,No,No,0.6463559716311469,High
9667-EQRXU,Month-to-month,30,40.3,1172.95,DSL,Electronic check,No,No,Yes,0.6461365465516588,High
9206-GVPEQ,Month-to-month,13,54.45,706.85,DSL,Electronic check,Yes,Yes,Yes,0.6460522439129525,High
3481-JHUZH,Month-to-month,41,80.25,3439.0,Fiber optic,Electronic check,No,No,No,0.6458578924647285,High
1891-FZYSA,Month-to-month,69,89.95,6143.15,Fiber optic,Electronic check,No,No,Yes,0.6458115502818945,High
7410-OIEDU,Month-to-month,10,79.85,887.35,Fiber optic,Mailed check,No,Yes,No,0.6457874783835552,High
1587-FKLZB,Month-to-month,66,99.5,6822.15,Fiber optic,Credit card (automatic),No,No,Yes,0.645745116023448,High
3677-TNKIO,Month-to-month,14,71.0,914.0,Fiber optic,Credit card (automatic),No,No,Yes,0.6456234461667226,High
4911-BANWH,Month-to-month,31,86.55,2697.4,Fiber optic,Credit card (automatic),No,No,Yes,0.6455152870465399,High
7982-VCELR,Month-to-month,36,94.8,3565.65,Fiber optic,Credit card (automatic),No,No,No,0.6455094791375026,High
6834-NXDCA,Month-to-month,13,23.9,300.8,DSL,Electronic check,No,No,Yes,0.6454245758806278,High
5882-CMAZQ,Month-to-month,5,34.25,163.55,DSL,Electronic check,Yes,No,No,0.6449557434735178,High
0320-JDNQG,Month-to-month,23,99.85,2331.3,Fiber optic,Electronic check,Yes,Yes,Yes,0.6449323188485582,High
3737-XBQDD,Month-to-month,24,84.85,2048.8,Fiber optic,Bank transfer (automatic),No,No,No,0.6448344536410194,High
9643-YBLUR,Month-to-month,9,69.05,653.95,DSL,Credit card (automatic),No,No,No,0.6445075703290277,High
7967-HYCDE,Month-to-month,8,70.7,553.4,Fiber optic,Bank transfer (automatic),No,No,No,0.6443893502365996,High
2921-XWDJH,Month-to-month,38,83.45,3147.15,Fiber optic,Electronic check,No,Yes,No,0.6442587234082834,High
9644-UMGQA,Month-to-month,6,49.15,295.65,DSL,Electronic check,No,Yes,No,0.6442431993320312,High
5609-IMCGG,Month-to-month,15,84.35,1302.65,Fiber optic,Credit card (automatic),No,Yes,No,0.6441435041292768,High
2519-ERQOJ,Month-to-month,33,54.6,1803.7,DSL,Electronic check,Yes,No,No,0.6441265869570519,High
7126-RBHSD,Month-to-month,17,78.9,1348.95,Fiber optic,Electronic check,No,Yes,No,0.6438275596321485,High
2523-EWWZL,Month-to-month,27,76.1,2093.4,Fiber optic,Electronic check,No,No,No,0.643806631435987,High
9574-RKJIF,Month-to-month,30,94.4,2838.7,Fiber optic,Electronic check,No,Yes,Yes,0.6435748820533094,High
8019-ENHXU,Month-to-month,42,99.45,4138.05,Fiber optic,Electronic check,Yes,No,Yes,0.6434048754870156,High
3665-JATSN,Month-to-month,19,39.7,710.05,DSL,Electronic check,No,No,No,0.6433128892279746,High
0207-MDKNV,Month-to-month,15,105.1,1582.75,Fiber optic,Electronic check,Yes,Yes,Yes,0.6430297756023652,High
0277-BKSQP,Month-to-month,8,54.4,475.1,DSL,Electronic check,No,No,No,0.6429443934299884,High
5295-PCJOO,Month-to-month,4,49.4,184.4,DSL,Electronic check,No,Yes,Yes,0.6428916738382308,High
2235-ZGKPT,Month-to-month,4,50.85,239.55,DSL,Mailed check,No,No,Yes,0.6428836873634481,High
6022-UGGSO,Month-to-month,32,74.4,2276.95,Fiber optic,Electronic check,No,No,Yes,0.642695304004324,High
6075-SLNIL,Month-to-month,38,95.1,3691.2,Fiber optic,Credit card (automatic),No,No,No,0.6425679352130275,High
6128-AQBMT,Month-to-month,41,53.95,2215.4,DSL,Electronic check,No,No,No,0.6421550705076642,High
3761-FLYZI,Month-to-month,65,108.8,7082.45,Fiber optic,Bank transfer (automatic),No,No,No,0.6421272924221422,High
1855-AGAWH,One year,31,93.8,2939.8,Fiber optic,Electronic check,No,No,No,0.642117496781396,High
6729-GDNGC,Month-to-month,20,80.7,1614.2,Fiber optic,Bank transfer (automatic),No,No,No,0.6417135648258874,High
4828-FAZPK,Month-to-month,16,79.95,1267.95,Fiber optic,Credit card (automatic),No,No,No,0.6416839431361873,High
1548-FEHVL,Month-to-month,61,106.2,6375.2,Fiber optic,Electronic check,No,Yes,No,0.6416245378188769,High
9661-MHUMO,Month-to-month,1,49.25,49.25,DSL,Credit card (automatic),Yes,No,Yes,0.6414895801984823,High
4459-BBGHE,Month-to-month,30,44.5,1307.8,DSL,Electronic check,No,No,No,0.6414383587774571,High
5999-LCXAO,Month-to-month,1,29.9,29.9,DSL,Mailed check,No,Yes,No,0.6413330370921972,High
2476-YGEFM,Month-to-month,29,76.0,2215.25,Fiber optic,Credit card (automatic),No,No,No,0.6408829748458622,High
8016-NCFVO,Month-to-month,55,116.5,6382.55,Fiber optic,Electronic check,Yes,Yes,No,0.6408279296579548,High
3452-ABWRL,Month-to-month,47,86.05,3865.6,Fiber optic,Credit card (automatic),No,No,No,0.6408040294744419,High
6844-DZKRF,Month-to-month,2,50.2,109.25,DSL,Credit card (automatic),Yes,No,No,0.640642985477983,High
9272-LSVYH,Month-to-month,10,70.15,735.5,Fiber optic,Mailed check,No,No,No,0.640591780326462,High
0734-OXWBT,Month-to-month,3,70.7,225.65,DSL,Mailed check,Yes,No,No,0.6405223594660373,High
6921-OZMFH,Month-to-month,5,55.7,259.4,DSL,Mailed check,Yes,No,No,0.640461922248453,High
2311-QYMUQ,Month-to-month,16,89.45,1430.25,Fiber optic,Credit card (automatic),No,No,Yes,0.6404332316064919,High
3258-SANFR,Month-to-month,6,44.7,276.5,DSL,Credit card (automatic),No,No,No,0.6401823098475111,High
3987-KQDDU,Month-to-month,9,75.6,661.55,Fiber optic,Electronic check,No,Yes,No,0.6400731462679473,High
6862-CQUMB,Month-to-month,37,96.1,3646.8,Fiber optic,Credit card (automatic),No,No,No,0.6400626401217666,High
5502-RLUYV,Month-to-month,69,103.95,7446.9,Fiber optic,Electronic check,No,No,Yes,0.6397511918415383,High
5312-UXESG,Month-to-month,41,98.05,3990.6,Fiber optic,Bank transfer (automatic),No,No,No,0.639743112773682,High
9448-REEVD,Month-to-month,1,44.7,44.7,DSL,Credit card (automatic),No,No,Yes,0.6396552307009302,High
2615-YVMYX,Month-to-month,71,107.5,7713.55,Fiber optic,Electronic check,No,Yes,No,0.6396347990797991,High
2181-UAESM,Month-to-month,2,53.45,119.5,DSL,Electronic check,No,Yes,No,0.6392564913257845,High
7593-JNWRU,Month-to-month,6,44.6,260.8,DSL,Bank transfer (automatic),No,No,Yes,0.6391924233246032,High
2782-LFZVW,Month-to-month,11,58.95,601.6,DSL,Mailed check,No,No,No,0.6390165421723029,High
8286-AFUYI,Month-to-month,1,47.95,47.95,DSL,Electronic check,No,Yes,No,0.6387840988707982,High
0599-XNYDO,Month-to-month,20,69.8,1540.35,Fiber optic,Bank transfer (automatic),No,No,No,0.638757708242515,High
9526-JAWYF,Month-to-month,26,89.8,2335.3,Fiber optic,Electronic check,No,No,Yes,0.6387410699288939,High
7579-OOPEC,Month-to-month,2,50.15,115.1,DSL,Credit card (automatic),No,No,Yes,0.6384690089659125,High
4619-EVPHY,One year,20,91.0,1859.5,Fiber optic,Bank transfer (automatic),No,No,No,0.6383765155157315,High
4948-WBBKL,Month-to-month,36,74.9,2659.45,Fiber optic,Bank transfer (automatic),No,No,No,0.6382320100243816,High
3780-YVMFA,Month-to-month,8,68.55,564.35,DSL,Electronic check,Yes,No,No,0.6382253048325102,High
3932-IJWDZ,Month-to-month,45,103.65,4747.85,Fiber optic,Bank transfer (automatic),Yes,No,No,0.6381225713610797,High
3207-OYBWH,Month-to-month,57,95.25,5427.05,Fiber optic,Bank transfer (automatic),No,No,Yes,0.6380636366317254,High
8782-LKFPK,Month-to-month,44,90.4,4063.0,Fiber optic,Mailed check,No,No,No,0.6380317385363133,High
6908-VVYHM,Month-to-month,65,90.65,5931.0,Fiber optic,Electronic check,No,No,No,0.6374390758291983,High
3374-LXDEV,Month-to-month,13,89.4,1132.35,Fiber optic,Electronic check,Yes,No,Yes,0.6374301929591336,High
9777-WJJPR,Month-to-month,31,88.65,2683.2,Fiber optic,Credit card (automatic),No,No,No,0.637132756756499,High
6817-WTYHE,Month-to-month,2,44.9,111.05,DSL,Bank transfer (automatic),No,No,No,0.6370845218669937,High
3132-TVFDZ,Month-to-month,57,44.85,2572.95,DSL,Electronic check,No,No,Yes,0.6370603972658572,High
3094-JOJAI,Month-to-month,18,74.15,1387.0,Fiber optic,Mailed check,No,No,No,0.6368212046586681,High
9286-DOJGF,Month-to-month,38,74.95,2869.85,Fiber optic,Bank transfer (automatic),No,No,Yes,0.6367919686381551,High
3923-CSIHK,Month-to-month,50,71.05,3444.85,Fiber optic,Electronic check,No,No,Yes,0.6362546176545033,High
2189-WWOEW,Month-to-month,15,85.9,1269.55,Fiber optic,Bank transfer (automatic),No,No,Yes,0.6357099587155581,High
5813-UECBU,Month-to-month,33,83.85,2716.3,Fiber optic,Credit card (automatic),No,No,Yes,0.6354991463686401,High
8623-TMRBY,Month-to-month,51,84.2,4146.05,Fiber optic,Electronic check,No,No,Yes,0.6353698912229209,High
1215-VFYVK,Month-to-month,4,48.25,202.25,DSL,Mailed check,Yes,Yes,No,0.6350473986960077,High
9793-WECQC,Month-to-month,23,95.3,2192.9,Fiber optic,Mailed check,No,No,No,0.6350111663665643,High
2122-YWVYA,Month-to-month,18,75.4,1380.4,Fiber optic,Electronic check,No,Yes,No,0.6346647797529005,High
3331-HQDTW,Month-to-month,34,109.8,3587.25,Fiber optic,Mailed check,No,Yes,Yes,0.634540194139123,High
2640-PMGFL,Month-to-month,27,79.5,2180.55,Fiber optic,Electronic check,Yes,No,Yes,0.6345373848770622,High
2195-ZRVAX,Month-to-month,47,85.3,4045.65,Fiber optic,Electronic check,No,No,Yes,0.6343385491994178,High
6172-FECYY,Month-to-month,49,84.5,4254.85,Fiber optic,Electronic check,No,No,Yes,0.634081627109161,High
9469-WEJBT,Month-to-month,37,90.35,3419.3,Fiber optic,Electronic check,Yes,No,No,0.6340452691489874,High
3349-ANQNH,One year,59,99.5,5890.0,Fiber optic,Electronic check,No,No,No,0.633962062571136,High
1791-PQHBB,Month-to-month,2,61.2,125.95,DSL,Credit card (automatic),No,Yes,No,0.6337324587117028,High
2067-QYTCF,Month-to-month,64,111.15,6953.4,Fiber optic,Electronic check,Yes,No,No,0.6335105871864821,High
8982-NHAVY,One year,27,100.5,2673.45,Fiber optic,Bank transfer (automatic),No,No,No,0.6334672173429576,High
6394-MFYNG,Month-to-month,48,107.4,5121.3,Fiber optic,Bank transfer (automatic),No,No,Yes,0.6333008536246529,High
9800-ONTFE,Month-to-month,22,75.8,1615.1,Fiber optic,Bank transfer (automatic),No,No,No,0.6331576845678679,High
3571-RFHAR,Month-to-month,65,109.15,6941.2,Fiber optic,Electronic check,Yes,No,Yes,0.6331296656956329,High
7682-AZNDK,Month-to-month,34,89.85,3091.75,Fiber optic,Electronic check,No,No,No,0.632927131755688,High
1357-BIJKI,One year,50,98.25,4858.7,Fiber optic,Electronic check,No,No,No,0.6326913992149291,High
5156-UMKOW,Month-to-month,3,29.65,90.05,DSL,Mailed check,No,No,No,0.6324520812359433,High
7312-XSBAT,Month-to-month,1,49.75,49.75,DSL,Electronic check,No,Yes,No,0.6324499897714774,High
3540-RZJYU,Month-to-month,15,86.2,1270.2,Fiber optic,Electronic check,No,Yes,Yes,0.6320954634950597,High
6982-SSHFK,Month-to-month,1,44.4,44.4,DSL,Mailed check,No,No,Yes,0.6318450815319644,High
6233-HXJMX,Month-to-month,45,89.3,4192.15,Fiber optic,Credit card (automatic),No,No,No,0.6317997483632553,High
1930-WNXSB,Month-to-month,58,92.85,5305.05,Fiber optic,Electronic check,No,No,No,0.6317194363946056,High
5858-EAFCZ,Month-to-month,1,44.45,44.45,DSL,Mailed check,No,No,No,0.6316683465955717,High
2683-BPJSO,Month-to-month,29,84.45,2467.1,Fiber optic,Electronic check,No,Yes,Yes,0.6316024630521684,High
9174-FKWZE,Month-to-month,1,19.45,19.45,No,Electronic check,No internet service,No internet service,Yes,0.6314876536602976,High
2386-OWURY,Month-to-month,58,95.3,5817.7,Fiber optic,Electronic check,Yes,No,No,0.6311708305745319,High
4146-SVFUD,Month-to-month,1,44.6,44.6,DSL,Mailed check,No,No,No,0.6311379297867781,High
0322-YINQP,Month-to-month,1,48.55,48.55,DSL,Mailed check,No,Yes,Yes,0.6310860179130723,High
4116-TZAQJ,Month-to-month,9,74.25,639.65,Fiber optic,Credit card (automatic),No,Yes,Yes,0.6310731627539063,High
9369-XFEHK,Month-to-month,33,80.6,2656.5,Fiber optic,Bank transfer (automatic),No,No,Yes,0.6310431300007148,High
4143-HHPMK,Month-to-month,52,85.35,4338.6,Fiber optic,Electronic check,No,No,Yes,0.6302776350947309,High
7055-HNEOJ,Month-to-month,3,55.8,154.55,DSL,Mailed check,Yes,No,No,0.6302547320178465,High
0348-SDKOL,Month-to-month,58,102.1,5885.4,Fiber optic,Credit card (automatic),Yes,No,Yes,0.6300440533390146,High
9776-CLUJA,Month-to-month,51,77.5,3807.35,Fiber optic,Electronic check,No,Yes,Yes,0.6299132177643907,High
6946-LMSQS,One year,25,89.05,2177.45,Fiber optic,Electronic check,No,Yes,Yes,0.6295502547488014,High
2833-SLKDQ,Month-to-month,1,45.05,45.05,DSL,Mailed check,No,No,Yes,0.6295447808459049,High
6080-TCMYC,Month-to-month,40,81.2,3292.3,Fiber optic,Electronic check,No,No,No,0.6295303072563674,High
5886-VLQVU,Month-to-month,35,89.85,3161.2,Fiber optic,Bank transfer (automatic),Yes,No,No,0.6295125070174078,High
1095-JUDTC,Month-to-month,47,95.05,4504.55,Fiber optic,Electronic check,Yes,No,Yes,0.6295113662821006,High
2105-PHWON,Month-to-month,33,95.0,3008.15,Fiber optic,Credit card (automatic),Yes,No,No,0.6293807057139562,High
6240-EURKS,Month-to-month,18,35.0,553.0,DSL,Electronic check,No,No,Yes,0.6293775136462813,High
5651-YLPRD,Month-to-month,32,86.1,2723.75,Fiber optic,Electronic check,No,No,No,0.6291284555766474,High
4026-SKKHW,Month-to-month,3,50.25,152.3,DSL,Mailed check,Yes,No,No,0.6291088828716153,High
0475-RIJEP,Month-to-month,43,77.85,3365.85,Fiber optic,Electronic check,No,No,Yes,0.62901713246158,High
0823-HSCDJ,Month-to-month,52,49.15,2550.9,DSL,Electronic check,No,No,Yes,0.6289230953086735,High
6543-CPZMK,Month-to-month,9,29.95,248.95,DSL,Electronic check,No,No,Yes,0.6285269036609706,High
7129-CAKJW,Month-to-month,17,80.05,1345.65,Fiber optic,Bank transfer (automatic),No,No,No,0.6284365531109507,High
2883-ILGWO,Month-to-month,57,104.9,5913.95,Fiber optic,Bank transfer (automatic),Yes,No,No,0.628364082459047,High
5057-LCOUI,Month-to-month,39,50.75,2011.4,DSL,Electronic check,No,No,Yes,0.6282249394630008,High
6711-VTNRE,Month-to-month,36,87.55,3078.1,Fiber optic,Electronic check,Yes,No,Yes,0.6279148346749591,High
9244-ZVAPM,Month-to-month,1,45.6,45.6,DSL,Mailed check,No,No,No,0.6275937658198139,High
2884-GBPFB,Month-to-month,35,70.3,2416.55,Fiber optic,Electronic check,No,No,Yes,0.6275183620487881,High
0129-KPTWJ,Month-to-month,72,94.65,6747.35,Fiber optic,Electronic check,No,No,No,0.6273536959075183,High
8757-TFHHJ,Month-to-month,1,49.8,49.8,DSL,Credit card (automatic),No,Yes,No,0.6271118702999562,High
3946-MHCZW,Month-to-month,1,50.9,50.9,DSL,Mailed check,No,No,Yes,0.6270752428905111,High
1895-QTKDO,Month-to-month,1,43.95,43.95,DSL,Credit card (automatic),No,No,No,0.626644865491078,High
6078-VESFR,Month-to-month,13,70.45,849.1,Fiber optic,Bank transfer (automatic),No,No,No,0.6263343830821627,High
3085-QUOZK,Month-to-month,1,43.95,43.95,DSL,Mailed check,No,No,Yes,0.6261861572615065,High
7878-JGDKK,Month-to-month,4,44.55,220.75,DSL,Mailed check,No,No,No,0.6261464177873854,High
1763-WQFUK,Month-to-month,3,50.5,147.75,DSL,Mailed check,Yes,No,No,0.6260189147129434,High
3669-OYSJI,Month-to-month,1,46.2,46.2,DSL,Credit card (automatic),No,No,Yes,0.6259197042326445,High
7296-PIXQY,Month-to-month,14,70.2,1046.5,Fiber optic,Electronic check,No,No,No,0.625872489160913,High
3466-RITXD,Month-to-month,26,92.4,2349.8,Fiber optic,Credit card (automatic),No,Yes,No,0.6256610788107937,High
5671-UUNXD,One year,50,100.65,5189.75,Fiber optic,Electronic check,Yes,No,No,0.6256153665895411,High
0637-UBJRP,Month-to-month,13,84.05,1095.3,Fiber optic,Electronic check,No,Yes,Yes,0.6255112784158753,High
6145-NNPNO,Month-to-month,1,44.15,44.15,DSL,Bank transfer (automatic),No,No,No,0.625489158531149,High
1541-ETJZO,Month-to-month,1,62.05,62.05,DSL,Mailed check,Yes,No,Yes,0.6251859656424975,High
7593-XFKDI,Month-to-month,1,46.3,46.3,DSL,Mailed check,No,No,Yes,0.6251046393149806,High
5018-GWURO,Month-to-month,56,85.6,4902.8,Fiber optic,Bank transfer (automatic),No,No,No,0.6250626909800333,High
7030-NJVDP,Month-to-month,24,89.25,2210.2,Fiber optic,Electronic check,Yes,Yes,No,0.6249081922248643,High
0415-MOSGF,Month-to-month,1,44.4,44.4,DSL,Mailed check,No,No,Yes,0.6245843427465412,High
0786-VSSUD,Month-to-month,16,39.0,679.85,DSL,Mailed check,No,No,Yes,0.624512061147505,High
4983-CLMLV,Month-to-month,52,102.7,5138.1,Fiber optic,Credit card (automatic),Yes,No,No,0.6244842255896156,High
3043-TYBNO,Month-to-month,3,60.65,196.9,DSL,Mailed check,Yes,No,No,0.6242332353170209,High
0623-GDISB,Month-to-month,1,48.45,48.45,DSL,Bank transfer (automatic),No,Yes,No,0.6241903066003716,High
1794-HBQTJ,Month-to-month,1,48.6,48.6,DSL,Credit card (automatic),No,Yes,Yes,0.6241008854657385,High
2632-UCGVD,Month-to-month,66,100.05,6871.9,Fiber optic,Credit card (automatic),Yes,No,Yes,0.6239440327485093,High
0374-AACSZ,Month-to-month,1,50.15,50.15,DSL,Electronic check,No,Yes,No,0.6237688963051823,High
6888-SBYAI,Month-to-month,1,50.7,50.7,DSL,Mailed check,No,Yes,No,0.6234486314610045,High
7693-QPEFS,Month-to-month,52,72.95,3829.75,Fiber optic,Bank transfer (automatic),No,No,No,0.6233666229777612,High
2672-OJQZP,Month-to-month,1,44.75,44.75,DSL,Mailed check,No,No,No,0.6233365972082424,High
7794-JASDG,Month-to-month,1,50.75,50.75,DSL,Mailed check,No,Yes,No,0.6232702690527333,High
4818-DRBQT,Month-to-month,29,80.15,2265.25,Fiber optic,Bank transfer (automatic),No,No,Yes,0.6230302683491726,High
6313-GIDIT,Month-to-month,53,54.45,2854.55,DSL,Electronic check,No,No,Yes,0.6228570480753542,High
3838-OZURD,Month-to-month,66,105.0,7133.25,Fiber optic,Credit card (automatic),No,No,Yes,0.6228116462088648,High
1518-VOWAV,Month-to-month,9,74.65,703.55,DSL,Electronic check,No,Yes,Yes,0.6225896145258917,High
4625-EWPTF,Month-to-month,8,30.45,226.45,DSL,Electronic check,No,Yes,Yes,0.622540732861105,High
5302-BDJNT,Month-to-month,35,95.5,3418.2,Fiber optic,Electronic check,Yes,No,No,0.6224660035216893,High
5716-LIBJC,One year,13,104.15,1299.1,Fiber optic,Credit card (automatic),No,No,No,0.622305781647485,High
5493-SDRDQ,Month-to-month,2,55.1,113.35,DSL,Mailed check,No,Yes,Yes,0.6219607983684823,High
4482-FTFFX,Month-to-month,5,56.15,291.45,DSL,Electronic check,Yes,No,No,0.6219596967094119,High
9169-BSVIN,Month-to-month,12,74.75,827.05,DSL,Bank transfer (automatic),No,No,No,0.6219205476120614,High
7252-NTGSS,Month-to-month,1,45.15,45.15,DSL,Mailed check,No,No,No,0.6219085976495122,High
6464-KEXXH,Month-to-month,8,25.25,186.3,DSL,Credit card (automatic),No,No,No,0.6219069987235518,High
7075-BNDVQ,Month-to-month,4,35.0,135.75,DSL,Mailed check,No,Yes,No,0.6216414322577096,High
6582-OIVSP,Month-to-month,1,45.3,45.3,DSL,Mailed check,No,No,No,0.6213725507098944,High
7754-IXRMC,Month-to-month,1,45.35,45.35,DSL,Mailed check,No,No,No,0.6211938024196842,High
1685-BQULA,Month-to-month,40,93.4,3756.4,Fiber optic,Bank transfer (automatic),No,No,No,0.6209566370899828,High
2931-FSOHN,Month-to-month,13,59.9,788.35,DSL,Electronic check,No,No,No,0.6207146490768188,High
8824-RWFXJ,Month-to-month,3,56.15,168.15,DSL,Mailed check,No,No,Yes,0.6206850234782911,High
6416-YJTTB,Month-to-month,11,79.5,795.65,Fiber optic,Bank transfer (automatic),No,Yes,No,0.6205820021114908,High
3969-GYXEL,Month-to-month,11,76.4,838.7,Fiber optic,Electronic check,No,Yes,No,0.6205136515248835,High
8450-UYIBU,Month-to-month,35,39.85,1434.6,DSL,Electronic check,No,No,No,0.6201481542052786,High
6257-RJOHI,Month-to-month,4,50.8,202.3,DSL,Mailed check,Yes,No,No,0.6200692607823907,High
8749-JMNKX,Month-to-month,51,93.8,4750.95,Fiber optic,Bank transfer (automatic),No,Yes,Yes,0.6198745496385951,High
1853-ARAAQ,Month-to-month,26,50.35,1277.5,DSL,Credit card (automatic),No,No,No,0.6197026911512574,High
0578-SKVMF,Month-to-month,22,83.3,1845.9,Fiber optic,Electronic check,No,No,Yes,0.6194939423116277,High
9408-HRXRK,Month-to-month,45,105.15,4730.9,Fiber optic,Electronic check,No,Yes,No,0.6194030294630372,High
6745-JEFZB,Month-to-month,35,91.5,3236.35,Fiber optic,Credit card (automatic),Yes,No,No,0.6193169810457942,High
7054-LGEQW,Month-to-month,1,45.95,45.95,DSL,Mailed check,No,No,Yes,0.6190462675363456,High
4007-NHVHI,Month-to-month,56,96.85,5219.65,Fiber optic,Electronic check,No,Yes,No,0.618855204468393,High
3197-ARFOY,Month-to-month,19,105.0,2007.25,Fiber optic,Mailed check,Yes,Yes,No,0.618724555929768,High
8123-QBNAZ,Month-to-month,36,104.5,3684.95,Fiber optic,Credit card (automatic),No,Yes,No,0.6186803217003782,High
0929-PECLO,Month-to-month,63,89.6,5538.8,Fiber optic,Bank transfer (automatic),No,No,No,0.6183757168906793,High
6217-TOWGS,Month-to-month,17,75.4,1322.55,DSL,Bank transfer (automatic),No,No,No,0.6182562602752688,High
4061-UKJWL,Month-to-month,3,45.45,141.7,DSL,Mailed check,No,No,No,0.6179776737528573,High
9722-UJOJR,Month-to-month,29,70.75,1974.8,Fiber optic,Electronic check,No,No,Yes,0.6178053698040107,High
4760-THGOT,Month-to-month,43,94.1,4107.3,Fiber optic,Electronic check,No,Yes,No,0.6176191217528295,High
0924-BJCRC,Month-to-month,60,89.45,5294.6,Fiber optic,Electronic check,No,No,No,0.6175012051309721,High
0708-LGSMF,Month-to-month,13,65.85,902.25,DSL,Electronic check,No,Yes,No,0.6174218489586484,High
0929-HYQEW,Month-to-month,3,50.15,160.85,DSL,Mailed check,No,Yes,No,0.6174029025080997,High
8108-UXRQN,Month-to-month,11,50.55,565.35,DSL,Electronic check,No,Yes,No,0.6173737845160663,High
2085-BOJKI,One year,17,96.65,1588.25,Fiber optic,Bank transfer (automatic),No,No,No,0.6171691337564125,High
1910-FMXJM,Month-to-month,36,80.4,2937.65,Fiber optic,Electronic check,No,No,No,0.617126090613546,High
2037-XJFUP,One year,33,95.8,3036.75,Fiber optic,Electronic check,No,No,Yes,0.6168388613328896,High
8660-BUETV,Month-to-month,3,44.75,148.05,DSL,Mailed check,No,No,No,0.6166918704374634,High
4176-FXYBO,Month-to-month,54,109.55,6118.95,Fiber optic,Electronic check,No,Yes,No,0.6165919079933416,High
7547-EKNFS,Month-to-month,42,95.25,3959.35,Fiber optic,Bank transfer (automatic),No,No,Yes,0.6164786505653612,High
5600-PDUJF,Month-to-month,6,49.5,312.7,DSL,Credit card (automatic),Yes,No,No,0.6163888101831474,High
4432-ADRLB,Month-to-month,2,44.65,74.9,DSL,Mailed check,No,No,Yes,0.615778181646759,High
1481-ZUWZA,Month-to-month,28,94.5,2659.4,Fiber optic,Credit card (automatic),No,Yes,Yes,0.615669649258229,High
1548-ARAGG,Month-to-month,4,58.5,224.85,DSL,Mailed check,Yes,No,No,0.6156137075746326,High
0410-IPFTY,Month-to-month,31,83.85,2674.15,Fiber optic,Bank transfer (automatic),No,No,No,0.6156022808322372,High
9681-KYGYB,Month-to-month,49,88.2,4159.45,Fiber optic,Electronic check,No,Yes,No,0.6155263475977505,High
4607-CHPCA,One year,25,90.4,2178.6,Fiber optic,Electronic check,No,No,Yes,0.6154930833739795,High
3055-MJDSB,Month-to-month,9,24.6,190.1,DSL,Mailed check,No,No,No,0.6154653766433131,High
4238-HFHSN,Month-to-month,61,82.15,4904.85,Fiber optic,Electronic check,No,No,No,0.6153620466367863,High
2432-TFSMK,One year,18,89.6,1633.0,Fiber optic,Credit card (automatic),No,No,No,0.6150210014064568,High
5485-WUYWF,Month-to-month,2,66.4,94.55,DSL,Bank transfer (automatic),No,Yes,Yes,0.6148825957963076,High
3976-BWUCK,Month-to-month,30,94.1,2804.45,Fiber optic,Credit card (automatic),Yes,No,Yes,0.614862664026741,High
4957-TREIR,Month-to-month,3,64.4,195.65,DSL,Credit card (automatic),Yes,Yes,No,0.6143833961741645,High
1216-JWVUX,Month-to-month,25,75.5,1901.05,Fiber optic,Electronic check,No,No,No,0.6142414178438246,High
5697-GOMBF,Month-to-month,28,35.9,973.65,DSL,Electronic check,No,No,No,0.6142111087782651,High
0380-NEAVX,One year,34,99.85,3343.15,Fiber optic,Electronic check,No,No,No,0.6141689315001556,High
6635-CPNUN,Month-to-month,28,96.6,2684.35,Fiber optic,Credit card (automatic),No,No,No,0.6139097583850048,High
1373-ORVIZ,Month-to-month,11,66.35,740.8,DSL,Electronic check,Yes,No,Yes,0.6138709198224727,High
1501-SGHBW,Month-to-month,2,45.85,81.0,DSL,Mailed check,No,No,Yes,0.6137962430668819,High
2519-LBNQL,One year,60,104.35,6339.45,Fiber optic,Electronic check,No,No,No,0.6136623827272594,High
6537-QLGEX,Month-to-month,16,38.9,664.4,DSL,Electronic check,No,Yes,No,0.6136092686932745,High
2178-PMGCJ,Month-to-month,22,69.7,1490.4,Fiber optic,Mailed check,No,No,No,0.6135165127970817,High
7277-OZCGZ,Month-to-month,22,89.05,1886.25,Fiber optic,Electronic check,Yes,Yes,No,0.6133584939753378,High
8388-FYNPZ,Month-to-month,4,56.75,245.15,DSL,Electronic check,No,Yes,No,0.6131619907374446,High
0064-YIJGF,Month-to-month,27,75.75,1929.0,Fiber optic,Bank transfer (automatic),No,No,No,0.6129014080081031,High
8631-WUXGY,Month-to-month,46,99.8,4391.25,Fiber optic,Electronic check,No,No,No,0.6127665737439014,High
3143-ILDAL,Month-to-month,56,94.45,5124.6,Fiber optic,Electronic check,Yes,No,Yes,0.6125579988788311,High
2842-JTCCU,Month-to-month,2,46.05,80.35,DSL,Bank transfer (automatic),No,No,Yes,0.6124288997170513,High
0089-IIQKO,Month-to-month,39,99.95,3767.4,Fiber optic,Credit card (automatic),Yes,No,No,0.6119166988864044,High
0430-IHCDJ,Month-to-month,15,49.0,749.25,DSL,Electronic check,No,No,No,0.6116839293607447,High
0829-XXPLX,Month-to-month,20,89.4,1871.15,Fiber optic,Bank transfer (automatic),No,Yes,No,0.6112932946732621,High
1261-FWTTE,Month-to-month,23,34.65,768.45,DSL,Bank transfer (automatic),No,No,No,0.6112361612908024,High
9470-XCCEM,Month-to-month,35,89.65,3161.6,Fiber optic,Bank transfer (automatic),No,No,No,0.6111006858576543,High
1785-BPHTP,Month-to-month,28,85.45,2289.9,Fiber optic,Electronic check,No,No,No,0.6110880792762851,High
7636-OWBPG,Month-to-month,12,29.35,381.2,DSL,Credit card (automatic),No,No,No,0.610364809464104,High
1228-ZLNBX,Month-to-month,21,75.3,1570.7,Fiber optic,Mailed check,No,No,No,0.6101617281516467,High
4465-VDKIQ,Month-to-month,18,77.8,1358.6,Fiber optic,Electronic check,No,No,No,0.6100167324446653,High
1658-XUHBX,Month-to-month,59,88.75,5348.65,Fiber optic,Credit card (automatic),No,No,No,0.6094897977421316,High
0867-MKZVY,Month-to-month,20,82.4,1592.35,Fiber optic,Electronic check,No,Yes,Yes,0.6094136754424166,High
4462-CYWMH,Month-to-month,62,89.8,5629.55,Fiber optic,Bank transfer (automatic),No,No,No,0.6093784779888575,High
8740-XLHDR,Month-to-month,5,43.25,219.0,DSL,Mailed check,Yes,Yes,Yes,0.6093411526709575,High
3194-ORPIK,Month-to-month,50,84.4,4116.15,Fiber optic,Bank transfer (automatic),No,No,Yes,0.6088952341670477,High
5590-YRFJT,Month-to-month,20,24.45,482.8,DSL,Electronic check,No,No,Yes,0.6087123206983664,High
7009-LGECI,Month-to-month,4,50.55,235.65,DSL,Bank transfer (automatic),No,Yes,No,0.6086180313285162,High
6624-JDRDS,Month-to-month,6,29.45,161.45,DSL,Bank transfer (automatic),No,Yes,No,0.6084521970850784,High
7554-AKDQF,Month-to-month,6,45.65,323.45,DSL,Mailed check,No,No,No,0.6080637399480011,High
7504-UWHNB,Month-to-month,25,69.75,1729.35,Fiber optic,Electronic check,No,No,No,0.6077372208590367,High
4993-JCRGJ,Month-to-month,26,84.3,2281.6,Fiber optic,Mailed check,Yes,No,No,0.6076633045470757,High
7064-FRRSW,One year,48,99.0,4744.35,Fiber optic,Electronic check,No,No,No,0.6076102877277183,High
4554-YGZIH,Month-to-month,49,90.05,4547.25,Fiber optic,Credit card (automatic),No,No,Yes,0.6071216520089107,High
2674-MLXMN,Month-to-month,71,99.65,6951.15,Fiber optic,Credit card (automatic),No,No,No,0.6069135119572024,High
5712-AHQNN,Month-to-month,43,91.65,3954.1,Fiber optic,Electronic check,No,No,No,0.60610032347855,High
4526-ZJJTM,Month-to-month,25,88.4,2191.15,Fiber optic,Bank transfer (automatic),No,No,No,0.6060791028380712,High
9079-YEXQJ,Month-to-month,54,111.1,6014.85,Fiber optic,Electronic check,Yes,No,Yes,0.6060414771128323,High
8496-EJAUI,Month-to-month,19,73.85,1424.5,Fiber optic,Credit card (automatic),No,No,Yes,0.6059611257385562,High
7627-JKIAZ,Month-to-month,37,78.95,2839.65,Fiber optic,Credit card (automatic),No,No,Yes,0.6058268054976382,High
0118-JPNOY,Month-to-month,26,85.8,2193.65,Fiber optic,Credit card (automatic),No,Yes,No,0.6057710626397746,High
0577-WHMEV,Month-to-month,16,90.7,1374.9,Fiber optic,Electronic check,No,Yes,No,0.6043749588578476,High
0623-IIHUG,Month-to-month,21,41.9,840.1,DSL,Electronic check,No,Yes,Yes,0.6042377119705279,High
6135-OZQVA,Month-to-month,7,53.65,404.35,DSL,Electronic check,No,Yes,No,0.6041453582433592,High
6022-KOUQO,Month-to-month,2,29.05,44.75,DSL,Bank transfer (automatic),Yes,No,No,0.60408066643855,High
3859-CVCET,Month-to-month,4,45.65,191.05,DSL,Mailed check,No,No,Yes,0.6040319086617335,High
7551-DACSP,Month-to-month,6,55.3,324.25,DSL,Mailed check,No,No,Yes,0.6036241376418187,High
9381-NDKME,Month-to-month,24,40.65,933.3,DSL,Credit card (automatic),No,No,Yes,0.603492762608487,High
9474-PHLYD,Month-to-month,15,59.45,892.65,DSL,Electronic check,No,No,Yes,0.6033389095531113,High
5628-RKIFK,Month-to-month,49,101.55,5070.4,Fiber optic,Credit card (automatic),No,Yes,No,0.6023022649656106,High
4680-KUTAJ,Month-to-month,11,55.6,580.8,DSL,Electronic check,No,Yes,No,0.602068546059798,High
2014-MKGMH,One year,46,101.1,4674.4,Fiber optic,Electronic check,No,No,No,0.6019572992454116,High
5099-BAILX,Month-to-month,43,110.75,4687.9,Fiber optic,Bank transfer (automatic),Yes,No,Yes,0.6017536889202851,High
3500-RMZLT,Month-to-month,15,96.3,1426.75,Fiber optic,Mailed check,Yes,Yes,Yes,0.6015583374500272,High
6339-DKLMK,Month-to-month,13,31.65,389.95,DSL,Electronic check,No,No,No,0.6012896484641469,High
4570-QHXHL,Month-to-month,9,43.75,405.7,DSL,Electronic check,No,No,No,0.6010548825853018,High
7798-JVXYM,Month-to-month,14,69.65,921.4,DSL,Electronic check,Yes,No,No,0.6007529601991553,High
6646-QVXLR,One year,62,103.75,6383.35,Fiber optic,Electronic check,No,No,Yes,0.600382984442403,High
2359-KLTEK,Month-to-month,41,94.9,3848.0,Fiber optic,Bank transfer (automatic),No,No,No,0.6002449172570149,High
5419-JKZNQ,Month-to-month,30,77.9,2351.45,Fiber optic,Mailed check,No,No,No,0.6000170358526472,High
0486-HECZI,Month-to-month,55,96.75,5238.9,Fiber optic,Electronic check,No,Yes,Yes,0.5999226125563735,Medium
8718-PTMEZ,Month-to-month,13,31.05,347.25,DSL,Electronic check,No,No,Yes,0.5998670550158959,Medium
5301-GAUUY,Month-to-month,32,80.35,2596.15,Fiber optic,Bank transfer (automatic),No,No,Yes,0.5993843864046042,Medium
1101-SSWAG,Month-to-month,15,51.1,711.15,DSL,Electronic check,No,No,No,0.5992648134391948,Medium
0596-BQCEQ,Month-to-month,62,100.15,6283.3,Fiber optic,Electronic check,No,No,Yes,0.5988232784804944,Medium
0107-WESLM,Month-to-month,1,19.85,19.85,No,Electronic check,No internet service,No internet service,Yes,0.5988217065949768,Medium
0943-ZQPXH,Month-to-month,44,92.95,4122.9,Fiber optic,Bank transfer (automatic),No,No,No,0.5988154683044236,Medium
4829-AUOAX,Month-to-month,46,96.05,4399.5,Fiber optic,Bank transfer (automatic),No,No,Yes,0.5986805310039067,Medium
3569-EDBPQ,Month-to-month,24,84.35,1938.05,Fiber optic,Electronic check,Yes,Yes,No,0.5985505223469605,Medium
9108-EJFJP,Month-to-month,1,53.55,53.55,DSL,Mailed check,No,Yes,No,0.5983889426662838,Medium
3452-SRFEG,Month-to-month,49,74.6,3720.35,Fiber optic,Bank transfer (automatic),No,No,No,0.598369067424342,Medium
7271-AJDTL,Month-to-month,55,94.45,5073.1,Fiber optic,Credit card (automatic),No,No,No,0.5982519683116535,Medium
1213-NGCUN,Month-to-month,6,49.65,267.35,DSL,Bank transfer (automatic),Yes,No,Yes,0.5980530000503806,Medium
1907-YLNYW,Month-to-month,8,66.7,579.0,DSL,Electronic check,No,Yes,No,0.5978828853753374,Medium
3208-YPIOE,Month-to-month,39,75.25,3017.65,Fiber optic,Electronic check,No,No,Yes,0.597873817383309,Medium
0032-PGELS,Month-to-month,1,30.5,30.5,DSL,Bank transfer (automatic),No,Yes,Yes,0.5976189923781046,Medium
1582-RAFML,Month-to-month,1,60.1,60.1,DSL,Mailed check,Yes,No,Yes,0.5976173877841194,Medium
1842-EZJMK,Month-to-month,50,103.7,5071.05,Fiber optic,Electronic check,Yes,No,Yes,0.5976057158004836,Medium
3113-IWHLC,Month-to-month,5,55.8,274.35,DSL,Mailed check,No,Yes,No,0.5975880856374438,Medium
9940-HPQPG,Month-to-month,9,91.75,865.8,Fiber optic,Bank transfer (automatic),No,Yes,Yes,0.5975628869753362,Medium
8614-VGMMV,Month-to-month,15,49.1,679.55,DSL,Electronic check,No,No,Yes,0.5975535766361744,Medium
4471-KXAUH,Month-to-month,42,84.3,3588.4,Fiber optic,Electronic check,Yes,No,Yes,0.5972856469792992,Medium
3683-QKIUE,Month-to-month,6,50.8,288.05,DSL,Bank transfer (automatic),Yes,No,Yes,0.5968678202831706,Medium
2625-TRCZQ,Month-to-month,51,49.65,2553.35,DSL,Electronic check,No,No,No,0.5968205721885967,Medium
0730-KOAVE,Month-to-month,30,94.3,2679.7,Fiber optic,Credit card (automatic),No,Yes,No,0.5965844767932715,Medium
3009-JWMPU,One year,62,96.75,6125.4,Fiber optic,Electronic check,No,No,Yes,0.5965599442658547,Medium
9281-PKKZE,Month-to-month,46,43.95,2007.85,DSL,Electronic check,No,No,No,0.5960026499946112,Medium
7272-QDCKA,One year,28,100.2,2688.45,Fiber optic,Electronic check,No,No,No,0.5959850964633221,Medium
6038-GCYEC,Month-to-month,24,54.15,1240.25,DSL,Credit card (automatic),No,No,Yes,0.5958652382083209,Medium
5213-TWWJU,Month-to-month,28,91.0,2626.15,Fiber optic,Electronic check,Yes,No,No,0.5956094726106255,Medium
0365-GXEZS,Month-to-month,18,78.2,1468.75,Fiber optic,Electronic check,Yes,No,No,0.5953694686685331,Medium
5515-RUGKN,Month-to-month,8,54.75,438.05,DSL,Credit card (automatic),No,No,No,0.5951671897995292,Medium
9029-FEGVJ,Month-to-month,32,79.3,2570.0,Fiber optic,Mailed check,No,No,No,0.5948848598476584,Medium
4566-QVRRW,Month-to-month,11,44.05,483.7,DSL,Electronic check,No,No,Yes,0.5941636811887477,Medium
5371-VYLSX,Month-to-month,50,83.4,4113.7,Fiber optic,Electronic check,No,Yes,No,0.594156060762188,Medium
5419-KLXBN,Month-to-month,25,89.15,2257.75,Fiber optic,Bank transfer (automatic),No,No,Yes,0.5938345387366576,Medium
0363-QJVFX,Month-to-month,32,108.15,3432.9,Fiber optic,Credit card (automatic),Yes,Yes,Yes,0.5935510289223318,Medium
6905-NIQIN,Month-to-month,1,50.65,50.65,DSL,Mailed check,No,No,Yes,0.5933396032623409,Medium
5981-ZVXOT,One year,35,108.35,3726.15,Fiber optic,Electronic check,No,Yes,No,0.5932565981574028,Medium
1025-FALIX,Month-to-month,26,69.05,1815.65,Fiber optic,Credit card (automatic),No,No,No,0.5931238804888171,Medium
8178-EYZUO,Month-to-month,46,93.7,4154.8,Fiber optic,Electronic check,No,Yes,Yes,0.5924323104338691,Medium
8149-AIQCG,Month-to-month,39,73.15,2730.85,Fiber optic,Credit card (automatic),No,No,No,0.5921114828175505,Medium
7623-TRNQN,Month-to-month,1,49.9,49.9,DSL,Mailed check,Yes,No,Yes,0.5916080250206389,Medium
8158-WPEZG,Month-to-month,11,35.65,425.1,DSL,Electronic check,Yes,No,No,0.59152651482405,Medium
1356-MKYSK,Month-to-month,6,78.65,483.3,DSL,Credit card (automatic),Yes,Yes,No,0.5914465625449102,Medium
5394-SVGJV,Month-to-month,37,98.8,3475.55,Fiber optic,Bank transfer (automatic),Yes,No,Yes,0.5914211060018677,Medium
7449-HVPIV,Month-to-month,55,90.4,5099.15,Fiber optic,Credit card (automatic),No,No,No,0.5914170634480511,Medium
4636-JGAAI,Month-to-month,34,88.85,3000.25,Fiber optic,Mailed check,No,No,No,0.591274640928166,Medium
7346-MEDWM,Month-to-month,59,83.25,4949.1,Fiber optic,Electronic check,No,No,No,0.5912444010197566,Medium
7343-EOBEU,Month-to-month,3,23.6,89.05,No,Mailed check,No internet service,No internet service,No,0.5912333090901387,Medium
6825-UYPFK,Month-to-month,23,75.6,1758.6,Fiber optic,Bank transfer (automatic),No,No,Yes,0.5911941775671907,Medium
5948-UJZLF,Month-to-month,2,49.25,97.0,DSL,Mailed check,No,No,No,0.5911649509455364,Medium
9693-XMUOB,Month-to-month,59,50.25,2997.45,DSL,Electronic check,No,No,No,0.5911514418220147,Medium
2929-QNSRW,One year,56,98.25,5508.35,Fiber optic,Electronic check,No,No,Yes,0.5911348442176598,Medium
4329-YPDDQ,Month-to-month,20,108.2,2203.7,Fiber optic,Bank transfer (automatic),Yes,Yes,No,0.5904245678382767,Medium
4391-LNRXK,Month-to-month,22,94.95,2142.8,Fiber optic,Bank transfer (automatic),Yes,No,No,0.5904044403985306,Medium
3014-WJKSM,Month-to-month,29,75.3,2263.4,Fiber optic,Credit card (automatic),No,No,No,0.5903267214714196,Medium
2792-VPPET,Month-to-month,3,20.5,76.95,No,Electronic check,No internet service,No internet service,No,0.5901046930224257,Medium
3668-QPYBK,Month-to-month,2,53.85,108.15,DSL,Mailed check,No,Yes,Yes,0.5900001295973454,Medium
5208-HFSBT,Month-to-month,2,55.05,102.75,DSL,Credit card (automatic),Yes,No,Yes,0.5897693289217955,Medium
4592-IWTJI,Month-to-month,3,29.7,91.7,DSL,Credit card (automatic),No,Yes,Yes,0.5892436016499777,Medium
8647-SDTWQ,Month-to-month,57,74.3,4018.35,Fiber optic,Electronic check,No,No,No,0.5891967927146444,Medium
8725-JEDFD,Month-to-month,27,69.05,1793.25,Fiber optic,Mailed check,No,No,No,0.5890911664429395,Medium
2070-FNEXE,Month-to-month,7,76.45,503.6,Fiber optic,Bank transfer (automatic),No,Yes,Yes,0.5890386182215092,Medium
5339-TJFEK,Month-to-month,62,105.5,6487.2,Fiber optic,Electronic check,No,Yes,No,0.58893328426879,Medium
9659-QEQSY,Month-to-month,45,115.65,5125.5,Fiber optic,Electronic check,Yes,Yes,No,0.588766860589646,Medium
2478-EEWWM,Month-to-month,59,44.3,2666.75,DSL,Electronic check,No,No,No,0.5886729555329792,Medium
8327-LZKAS,One year,43,107.55,4533.9,Fiber optic,Electronic check,Yes,No,Yes,0.5884706911710144,Medium
7733-UDMTP,Month-to-month,57,55.0,3094.05,DSL,Electronic check,No,No,No,0.5883868402846902,Medium
5207-PLSTK,Month-to-month,1,48.75,48.75,DSL,Mailed check,No,Yes,No,0.5883850749466603,Medium
8677-HDZEE,Month-to-month,56,105.45,5916.95,Fiber optic,Bank transfer (automatic),Yes,No,No,0.5883700211464086,Medium
4860-IJUDE,Month-to-month,13,73.75,956.65,Fiber optic,Credit card (automatic),No,Yes,No,0.5883418307593042,Medium
8805-JNRAZ,Month-to-month,2,49.2,103.7,DSL,Mailed check,No,No,No,0.5882016161245651,Medium
2604-IJPDU,Month-to-month,20,96.55,1901.65,Fiber optic,Electronic check,Yes,Yes,No,0.588192886673163,Medium
4905-JEFDW,One year,11,41.6,470.6,DSL,Electronic check,No,No,Yes,0.5880354171967984,Medium
3845-FXCYS,Month-to-month,2,19.65,31.2,No,Electronic check,No internet service,No internet service,No,0.587865915664592,Medium
2960-NKRSO,Month-to-month,24,85.95,2107.15,Fiber optic,Electronic check,Yes,No,No,0.5878658212098169,Medium
9530-EHPOH,Month-to-month,11,53.75,608.0,DSL,Electronic check,No,No,Yes,0.5871424025403894,Medium
0621-TWIEM,Month-to-month,10,45.55,402.6,DSL,Electronic check,No,No,Yes,0.5869235426021395,Medium
4468-KAZHE,Month-to-month,20,60.0,1259.35,DSL,Electronic check,No,No,No,0.5868928521030018,Medium
2988-GBIVW,Month-to-month,70,90.85,6470.1,Fiber optic,Electronic check,No,Yes,No,0.5868523743492483,Medium
0979-PHULV,Month-to-month,69,99.45,7007.6,Fiber optic,Credit card (automatic),No,No,Yes,0.5867995723602265,Medium
9445-SZLCH,Month-to-month,36,97.35,3457.9,Fiber optic,Bank transfer (automatic),No,No,Yes,0.5867281261513603,Medium
5977-CKHON,Month-to-month,43,92.55,4039.0,Fiber optic,Bank transfer (automatic),No,No,No,0.5867160427306383,Medium
4931-TRZWN,Month-to-month,13,71.95,923.85,DSL,Electronic check,No,Yes,No,0.5864791116571069,Medium
4248-HCETZ,Month-to-month,30,79.65,2365.15,Fiber optic,Mailed check,No,No,Yes,0.5863426456662909,Medium
2565-JSLRY,Month-to-month,1,24.05,24.05,No,Mailed check,No internet service,No internet service,Yes,0.5859078432985421,Medium
2869-ADAWR,Month-to-month,45,89.3,4016.85,Fiber optic,Credit card (automatic),No,No,Yes,0.5855388211436747,Medium
7537-CBQUZ,Month-to-month,63,109.4,7031.45,Fiber optic,Bank transfer (automatic),No,Yes,No,0.5854355818639121,Medium
7421-ZLUPA,Month-to-month,8,29.25,226.95,DSL,Mailed check,No,No,No,0.5848970434608992,Medium
6917-IAYHD,Month-to-month,1,33.6,33.6,DSL,Mailed check,Yes,No,No,0.5848910896002479,Medium
6845-RGTYS,Month-to-month,47,98.75,4533.7,Fiber optic,Electronic check,No,Yes,Yes,0.5848325458267057,Medium
3195-TQDZX,Month-to-month,3,20.25,61.45,No,Electronic check,No internet service,No internet service,No,0.5846605933755987,Medium
1465-LNTLJ,Month-to-month,8,64.4,581.7,DSL,Credit card (automatic),Yes,No,No,0.5843592818195765,Medium
5649-VUKMC,One year,12,95.5,1115.15,Fiber optic,Mailed check,No,No,Yes,0.5842125921170354,Medium
8705-DWKTI,Month-to-month,52,83.8,4331.4,Fiber optic,Credit card (automatic),No,No,No,0.5838406475985568,Medium
1849-RJYIG,Month-to-month,8,60.0,487.75,DSL,Electronic check,No,Yes,No,0.583700696919689,Medium
7000-WCEVQ,Month-to-month,20,61.6,1174.35,DSL,Mailed check,No,No,Yes,0.5831066700473921,Medium
1456-TWCGB,Month-to-month,4,49.25,208.45,DSL,Mailed check,No,No,No,0.5831065623247815,Medium
8065-BVEPF,Month-to-month,65,99.1,6496.15,Fiber optic,Bank transfer (automatic),No,No,No,0.58286452158849,Medium
4307-KTUMW,Month-to-month,53,93.9,5029.2,Fiber optic,Electronic check,No,Yes,Yes,0.5824288532469658,Medium
8896-BQTTI,Month-to-month,1,25.0,25.0,No,Mailed check,No internet service,No internet service,No,0.5824015443533528,Medium
4250-WAROZ,Month-to-month,60,93.25,5774.55,Fiber optic,Electronic check,No,Yes,No,0.582089504520217,Medium
4660-IRIBM,Month-to-month,18,87.9,1500.5,Fiber optic,Mailed check,No,Yes,No,0.582013298567791,Medium
1670-SVOWZ,Month-to-month,14,89.65,1208.35,Fiber optic,Credit card (automatic),Yes,No,Yes,0.5819216508537502,Medium
8033-VCZGH,One year,50,103.95,5231.3,Fiber optic,Electronic check,No,Yes,No,0.5818336029832356,Medium
2858-EIMXH,One year,53,95.85,5016.25,Fiber optic,Credit card (automatic),No,No,No,0.5814903594150224,Medium
1689-MRZQR,Month-to-month,34,78.3,2564.3,Fiber optic,Electronic check,No,No,Yes,0.5813590859079978,Medium
5839-SUYVZ,Month-to-month,16,74.55,1170.5,Fiber optic,Credit card (automatic),Yes,No,No,0.5812931944014283,Medium
6591-QGOYB,Month-to-month,17,106.65,1672.1,Fiber optic,Bank transfer (automatic),Yes,Yes,No,0.5811366475042522,Medium
7975-TZMLR,One year,47,103.1,4889.3,Fiber optic,Electronic check,No,No,No,0.5808446358916389,Medium
5118-MUEYH,Month-to-month,48,105.1,5083.55,Fiber optic,Credit card (automatic),Yes,No,No,0.5808173687529069,Medium
3192-LNKRK,Month-to-month,34,84.05,2909.95,Fiber optic,Mailed check,No,No,No,0.5806944709274596,Medium
4950-BDEUX,Month-to-month,35,49.2,1701.65,DSL,Electronic check,No,No,No,0.5806300810838527,Medium
7641-EUYET,Month-to-month,46,100.7,4541.2,Fiber optic,Electronic check,No,Yes,Yes,0.5801427625171816,Medium
5046-NUHWD,Month-to-month,29,45.0,1228.65,DSL,Electronic check,No,Yes,No,0.5800109317516369,Medium
5973-EJGDP,Month-to-month,51,87.35,4473.0,Fiber optic,Electronic check,Yes,No,No,0.5799487697022968,Medium
1310-QRITU,Month-to-month,18,50.3,913.3,DSL,Electronic check,No,No,No,0.5798870763691039,Medium
1307-TVUFB,Month-to-month,42,79.35,3344.1,Fiber optic,Bank transfer (automatic),No,No,No,0.5795586414163444,Medium
5816-QVHRX,Month-to-month,37,100.3,3541.4,Fiber optic,Credit card (automatic),Yes,No,No,0.5794915143081528,Medium
2144-BFDSO,Month-to-month,50,108.75,5431.9,Fiber optic,Bank transfer (automatic),No,Yes,No,0.579411698696531,Medium
9210-IAHGH,Month-to-month,7,70.75,450.8,DSL,Credit card (automatic),Yes,No,Yes,0.579381015120602,Medium
8329-UTMVM,One year,27,104.65,2964.0,Fiber optic,Bank transfer (automatic),Yes,No,No,0.5793062833442645,Medium
9578-VRMNM,Month-to-month,16,65.2,1043.35,DSL,Credit card (automatic),No,No,Yes,0.5792686996158101,Medium
9812-GHVRI,Month-to-month,40,83.85,3532.25,Fiber optic,Bank transfer (automatic),No,No,No,0.5791520710297655,Medium
6646-JPPHA,Month-to-month,14,78.85,1043.8,Fiber optic,Electronic check,No,Yes,No,0.5790661800418708,Medium
7250-EQKIY,Month-to-month,1,50.45,50.45,DSL,Mailed check,No,No,Yes,0.5790543666772489,Medium
7576-JMYWV,Month-to-month,46,110.2,4972.1,Fiber optic,Electronic check,Yes,Yes,No,0.5787281244945756,Medium
0003-MKNFE,Month-to-month,9,59.9,542.4,DSL,Mailed check,No,No,No,0.5784090126248748,Medium
8988-ECPJR,Month-to-month,34,79.6,2718.3,Fiber optic,Mailed check,No,No,Yes,0.5781842747903378,Medium
5076-YVXCM,Month-to-month,51,83.4,4149.45,Fiber optic,Bank transfer (automatic),No,No,No,0.5779288202977941,Medium
6859-RKMZJ,Month-to-month,11,55.05,608.15,DSL,Bank transfer (automatic),No,No,No,0.5777597116435986,Medium
9003-CPATH,Month-to-month,42,79.9,3313.4,Fiber optic,Electronic check,No,No,No,0.5773413275660849,Medium
0060-FUALY,Month-to-month,59,94.75,5597.65,Fiber optic,Electronic check,No,Yes,No,0.5771982933018447,Medium
3062-ICYZQ,Month-to-month,51,93.8,4539.35,Fiber optic,Electronic check,No,Yes,No,0.576340340572875,Medium
2207-QPJED,Month-to-month,37,90.0,3371.75,Fiber optic,Electronic check,Yes,No,No,0.5762055028678305,Medium
6927-WTFIV,Month-to-month,20,71.3,1389.2,Fiber optic,Credit card (automatic),No,No,Yes,0.576060627455103,Medium
9412-GHEEC,Month-to-month,40,104.8,4131.95,Fiber optic,Bank transfer (automatic),Yes,No,Yes,0.5760085266870149,Medium
7351-MHQVU,Month-to-month,6,50.95,307.6,DSL,Credit card (automatic),Yes,Yes,No,0.575945133100655,Medium
3656-TKRVZ,Month-to-month,3,55.35,165.2,DSL,Electronic check,No,Yes,Yes,0.5757485997377931,Medium
3815-SLMEF,Month-to-month,3,34.25,139.35,DSL,Mailed check,Yes,Yes,Yes,0.5755707959403821,Medium
8152-UOBNY,One year,50,106.8,5347.95,Fiber optic,Electronic check,Yes,No,No,0.5753525648139333,Medium
4821-SJHJV,Month-to-month,32,89.6,2901.8,Fiber optic,Electronic check,No,Yes,No,0.5749716159318683,Medium
7426-GSWPO,Month-to-month,64,103.5,6548.65,Fiber optic,Bank transfer (automatic),No,Yes,No,0.5747551130804628,Medium
9052-VKDUW,Month-to-month,65,109.4,7227.45,Fiber optic,Credit card (automatic),No,Yes,No,0.5743252453436989,Medium
4396-KLSEH,Month-to-month,4,19.85,63.0,No,Electronic check,No internet service,No internet service,No,0.573921833598613,Medium
2325-WINES,One year,32,104.05,3416.85,Fiber optic,Credit card (automatic),No,No,No,0.5738835707300829,Medium
0585-EGDDA,Month-to-month,40,80.0,3168.75,Fiber optic,Electronic check,No,No,No,0.5738728936828961,Medium
5392-AKEMH,Month-to-month,12,45.05,523.1,DSL,Electronic check,No,No,No,0.5734358558654753,Medium
9112-WSNPU,Month-to-month,35,70.55,2419.0,Fiber optic,Electronic check,No,No,No,0.5730538238817787,Medium
4343-EJVQB,Month-to-month,7,74.35,533.6,Fiber optic,Mailed check,No,Yes,No,0.5730323452832762,Medium
8096-LOIST,Month-to-month,19,56.2,1093.4,DSL,Electronic check,No,No,No,0.5725480654316312,Medium
3688-FTHLT,Month-to-month,16,63.05,1067.05,DSL,Bank transfer (automatic),No,No,No,0.5724691698580983,Medium
2692-PFYTJ,Month-to-month,1,25.75,25.75,No,Mailed check,No internet service,No internet service,No,0.5720344598053546,Medium
1644-IRKSF,One year,33,93.8,3124.5,Fiber optic,Electronic check,No,No,Yes,0.5717616952440236,Medium
8623-ULFNQ,Month-to-month,26,66.05,1652.4,DSL,Electronic check,Yes,No,No,0.5717553623938905,Medium
2391-SOORI,Month-to-month,4,49.35,219.65,DSL,Electronic check,No,Yes,Yes,0.5712382590930322,Medium
3594-KADLU,Month-to-month,3,35.1,101.1,DSL,Mailed check,Yes,Yes,No,0.5711486755014,Medium
4566-GOLUK,Month-to-month,47,107.35,5118.95,Fiber optic,Bank transfer (automatic),Yes,No,Yes,0.5710084399373674,Medium
1421-HCERK,Month-to-month,30,105.7,3181.8,Fiber optic,Bank transfer (automatic),Yes,Yes,No,0.5708769251022855,Medium
9921-EZKBY,Month-to-month,33,95.3,3275.15,Fiber optic,Bank transfer (automatic),No,Yes,No,0.5706653583391706,Medium
7963-GQRMY,Month-to-month,3,44.3,134.5,DSL,Mailed check,No,No,Yes,0.5705485825029136,Medium
4657-FWVFY,Month-to-month,40,96.35,3915.4,Fiber optic,Credit card (automatic),No,No,No,0.5702367221870037,Medium
1575-KRZZE,Month-to-month,4,55.2,220.65,DSL,Electronic check,No,Yes,No,0.5702242515434939,Medium
5035-PGZXH,One year,56,106.8,5914.4,Fiber optic,Electronic check,No,No,No,0.5700871875834256,Medium
3345-JHUEO,Month-to-month,4,20.2,55.7,No,Electronic check,No internet service,No internet service,No,0.5697708712803106,Medium
7067-KSAZT,One year,65,106.25,6979.8,Fiber optic,Electronic check,No,No,Yes,0.5692089028149132,Medium
0419-YAAPX,Month-to-month,49,85.3,4297.95,Fiber optic,Credit card (automatic),No,No,No,0.5691898234983769,Medium
4468-YDOVK,Month-to-month,5,48.65,235.2,DSL,Bank transfer (automatic),Yes,No,No,0.5685177064306256,Medium
5103-MHMHY,Month-to-month,1,45.95,45.95,DSL,Mailed check,No,No,Yes,0.5677384214102525,Medium
3657-COGMW,Month-to-month,52,108.1,5839.3,Fiber optic,Credit card (automatic),No,Yes,No,0.5676908623346784,Medium
9776-OJUZI,Month-to-month,65,95.45,6223.3,Fiber optic,Bank transfer (automatic),No,No,No,0.5675639243334882,Medium
7927-AUXBZ,Month-to-month,30,85.15,2555.9,Fiber optic,Electronic check,Yes,No,Yes,0.5675239446127521,Medium
5568-DMXZS,Month-to-month,8,65.45,554.45,DSL,Electronic check,Yes,No,No,0.5674432869039794,Medium
1215-FIGMP,Month-to-month,60,89.9,5450.7,Fiber optic,Bank transfer (automatic),No,No,No,0.5670774503560031,Medium
7401-RUBNK,Month-to-month,18,74.8,1438.05,Fiber optic,Electronic check,No,Yes,No,0.5670231810941329,Medium
5071-FBJFS,Month-to-month,4,50.3,217.1,DSL,Electronic check,No,Yes,No,0.5669110382142526,Medium
7758-XKCBS,Month-to-month,15,29.7,438.25,DSL,Electronic check,Yes,No,Yes,0.5668866202857835,Medium
2272-UOINI,Month-to-month,7,78.5,571.05,DSL,Electronic check,Yes,Yes,No,0.5668775531259792,Medium
0265-PSUAE,Month-to-month,16,100.7,1522.7,Fiber optic,Bank transfer (automatic),No,Yes,No,0.5666088736340867,Medium
7130-YXBRO,Month-to-month,48,111.45,5315.1,Fiber optic,Bank transfer (automatic),No,Yes,No,0.566280463640344,Medium
4088-YLDSU,One year,55,104.15,5743.05,Fiber optic,Electronic check,Yes,No,Yes,0.5661987978998985,Medium
0463-ZSDNT,Month-to-month,10,56.75,503.25,DSL,Bank transfer (automatic),No,No,No,0.5660699253277,Medium
4010-YLMVT,Month-to-month,56,106.6,5893.95,Fiber optic,Credit card (automatic),No,Yes,No,0.5660599114421123,Medium
7742-MYPGI,Month-to-month,6,48.8,297.35,DSL,Mailed check,Yes,No,No,0.5659086362640647,Medium
3583-KRKMD,Month-to-month,18,75.9,1373.05,Fiber optic,Bank transfer (automatic),Yes,No,No,0.5657696469697836,Medium
0015-UOCOJ,Month-to-month,7,48.2,340.35,DSL,Electronic check,No,Yes,No,0.5656688628627492,Medium
7964-VEXDG,Month-to-month,21,80.35,1747.2,Fiber optic,Electronic check,No,Yes,No,0.5655140005886093,Medium
4250-FDVOU,Month-to-month,6,56.25,389.1,DSL,Electronic check,No,Yes,Yes,0.5649445064983447,Medium
6818-WOBHJ,Month-to-month,68,89.6,6127.6,Fiber optic,Bank transfer (automatic),No,No,Yes,0.5647834958161091,Medium
2806-MLNTI,One year,52,105.1,5376.4,Fiber optic,Bank transfer (automatic),No,No,No,0.564752131640751,Medium
3898-GUYTS,Month-to-month,45,97.05,4385.05,Fiber optic,Electronic check,Yes,Yes,No,0.5646950206641463,Medium
1767-TGTKO,Month-to-month,8,45.45,411.75,DSL,Electronic check,No,No,No,0.5645497346909865,Medium
1862-SKORY,Month-to-month,40,39.3,1637.4,DSL,Electronic check,No,No,Yes,0.5644987806881295,Medium
3845-JHAMY,Month-to-month,16,35.5,552.7,DSL,Credit card (automatic),No,No,No,0.5643894281045879,Medium
6362-QHAFM,One year,42,108.3,4586.15,Fiber optic,Electronic check,Yes,No,No,0.5642758255452358,Medium
7743-EXURX,Month-to-month,8,51.05,415.05,DSL,Electronic check,No,No,Yes,0.5637857416796284,Medium
2894-QOJRX,Month-to-month,25,34.0,853.0,DSL,Bank transfer (automatic),No,No,Yes,0.5637649569809373,Medium
9137-UIYPG,Month-to-month,35,106.9,3756.45,Fiber optic,Electronic check,Yes,Yes,No,0.5634390134639452,Medium
4226-KKDON,Month-to-month,8,66.65,520.95,DSL,Electronic check,Yes,No,No,0.5634387071683772,Medium
5522-NYKPB,Month-to-month,25,85.9,2199.05,Fiber optic,Electronic check,Yes,No,No,0.5633188846532275,Medium
9819-FBNSV,Month-to-month,37,72.25,2575.45,Fiber optic,Bank transfer (automatic),No,No,No,0.5631862137071922,Medium
4109-CYRBD,Month-to-month,29,51.6,1442.0,DSL,Electronic check,No,No,No,0.563009328883081,Medium
2985-JUUBZ,Month-to-month,40,74.55,3015.75,DSL,Electronic check,No,No,No,0.562985177074259,Medium
2267-FPIMA,Month-to-month,50,94.4,4914.9,Fiber optic,Credit card (automatic),No,Yes,No,0.5627214140279577,Medium
4256-ZWTZI,Month-to-month,5,51.0,286.8,DSL,Mailed check,Yes,No,No,0.5626770670596202,Medium
5002-GCQFH,Month-to-month,49,93.85,4733.1,Fiber optic,Bank transfer (automatic),No,Yes,No,0.5625800908268372,Medium
5136-GFPMB,Month-to-month,54,89.4,4869.5,Fiber optic,Credit card (automatic),No,No,No,0.5624638461534613,Medium
2607-FBDFF,Month-to-month,1,49.0,49.0,DSL,Credit card (automatic),Yes,No,No,0.5621349989192594,Medium
4801-JZAZL,Month-to-month,11,29.6,346.45,DSL,Electronic check,No,Yes,No,0.5615639087733302,Medium
2273-QCKXA,Month-to-month,1,49.05,49.05,DSL,Mailed check,Yes,No,No,0.561465430786125,Medium
9626-VFRGG,Month-to-month,41,88.5,3645.05,Fiber optic,Bank transfer (automatic),No,No,No,0.5613809486509458,Medium
5949-EBSQK,Month-to-month,4,61.45,229.55,DSL,Credit card (automatic),Yes,No,Yes,0.561298376386618,Medium
2842-BCQGE,Month-to-month,43,75.35,3161.4,Fiber optic,Credit card (automatic),No,No,No,0.5611482424754144,Medium
3509-GWQGF,Month-to-month,24,70.0,1732.6,Fiber optic,Credit card (automatic),No,No,No,0.561090452028107,Medium
3023-GFLBR,Month-to-month,33,86.15,2745.7,Fiber optic,Credit card (automatic),No,No,Yes,0.5610318179154096,Medium
8450-JOVAH,Month-to-month,2,56.7,113.55,DSL,Mailed check,No,Yes,Yes,0.5609935107623065,Medium
3058-WQDRE,Month-to-month,13,25.15,331.85,DSL,Bank transfer (automatic),No,No,No,0.56079475495491,Medium
4191-XOVOM,Month-to-month,63,105.4,6713.2,Fiber optic,Electronic check,Yes,No,No,0.5605912178747735,Medium
1355-KUSBG,Month-to-month,7,48.8,349.8,DSL,Electronic check,No,No,No,0.5605883661194141,Medium
8755-IWJHN,Month-to-month,69,95.35,6382.0,Fiber optic,Bank transfer (automatic),No,No,No,0.5603898683420698,Medium
7112-OPOTK,Month-to-month,33,68.25,2171.15,Fiber optic,Electronic check,No,No,Yes,0.5600593413728581,Medium
3567-PQTSO,One year,53,105.25,5576.3,Fiber optic,Electronic check,No,No,No,0.5600265503969587,Medium
2279-AXJJK,Month-to-month,52,95.65,5088.4,Fiber optic,Credit card (automatic),Yes,No,No,0.5598058334562928,Medium
6429-SHBCB,Month-to-month,19,69.6,1394.55,DSL,Mailed check,No,No,No,0.5590863454759449,Medium
7396-VJUZB,Month-to-month,4,45.25,155.35,DSL,Mailed check,No,No,No,0.5590216676261119,Medium
7929-DMBCV,Month-to-month,20,81.0,1683.7,Fiber optic,Mailed check,Yes,No,No,0.5590152368978661,Medium
4690-LLKUA,Month-to-month,17,45.05,770.6,DSL,Electronic check,No,No,Yes,0.5587530291970507,Medium
4130-MZLCC,Month-to-month,5,50.55,244.75,DSL,Bank transfer (automatic),No,No,No,0.5583898326627971,Medium
3577-AMVUX,Month-to-month,1,55.05,55.05,DSL,Mailed check,Yes,No,No,0.5582981252635015,Medium
6439-GTPCA,Month-to-month,45,87.25,3941.7,Fiber optic,Electronic check,Yes,No,Yes,0.5582855709807516,Medium
8722-NGNBH,Month-to-month,5,40.0,223.45,DSL,Mailed check,Yes,Yes,Yes,0.558241143917882,Medium
3814-MLAXC,Month-to-month,31,79.85,2404.15,Fiber optic,Credit card (automatic),Yes,No,Yes,0.5580857009095426,Medium
9233-PSYHO,One year,45,100.15,4459.8,Fiber optic,Bank transfer (automatic),No,No,No,0.5578403241786268,Medium
2676-OXPPQ,Month-to-month,6,55.7,335.65,DSL,Bank transfer (automatic),No,Yes,No,0.5576070244103679,Medium
5934-TSSAU,Month-to-month,23,75.3,1702.9,Fiber optic,Credit card (automatic),No,No,No,0.5573322267951216,Medium
0481-SUMCB,One year,45,102.15,4735.35,Fiber optic,Bank transfer (automatic),No,No,No,0.5571244391101037,Medium
0804-XBFBV,Month-to-month,11,25.2,321.05,DSL,Electronic check,No,No,No,0.5569612510703261,Medium
6559-RAKOZ,One year,49,97.95,4917.9,Fiber optic,Electronic check,Yes,No,No,0.556622635255571,Medium
9495-SKLKD,Month-to-month,45,95.95,4456.65,Fiber optic,Bank transfer (automatic),No,No,No,0.5561338832657544,Medium
2378-HTWFW,Month-to-month,35,91.0,3180.5,Fiber optic,Credit card (automatic),No,Yes,No,0.5552952726358774,Medium
0843-WTBXE,Month-to-month,53,85.45,4517.25,Fiber optic,Bank transfer (automatic),No,No,Yes,0.5550964592703339,Medium
7486-KSRVI,One year,43,100.0,4211.55,Fiber optic,Electronic check,Yes,No,Yes,0.5546421213584786,Medium
4183-WCSEP,Month-to-month,31,78.45,2435.15,Fiber optic,Electronic check,Yes,No,Yes,0.5546352036457822,Medium
8651-ENBZX,One year,60,106.0,6441.4,Fiber optic,Electronic check,Yes,No,Yes,0.5541920781750621,Medium
7521-AFHAB,Month-to-month,5,44.8,220.45,DSL,Mailed check,No,No,No,0.5540587199994429,Medium
3787-TRIAL,Month-to-month,21,26.05,565.75,DSL,Electronic check,No,No,No,0.5539211842387437,Medium
2267-WTPYD,Month-to-month,57,94.0,5438.95,Fiber optic,Credit card (automatic),No,No,No,0.5536556095098969,Medium
0106-GHRQR,Month-to-month,16,71.4,1212.1,DSL,Bank transfer (automatic),No,No,No,0.5532250828297586,Medium
9564-KCLHR,Month-to-month,1,51.25,51.25,DSL,Mailed check,Yes,No,Yes,0.553218925675277,Medium
6985-HAYWX,Month-to-month,26,79.3,2015.8,Fiber optic,Bank transfer (automatic),No,No,No,0.5530826823414953,Medium
4488-KQFDT,One year,61,103.95,6423.0,Fiber optic,Electronic check,No,No,No,0.5530441259525598,Medium
2189-UXTKY,Month-to-month,22,79.2,1742.75,DSL,Electronic check,Yes,Yes,Yes,0.5530042845435741,Medium
6351-SCJKT,Month-to-month,3,41.35,107.25,DSL,Mailed check,Yes,Yes,No,0.5526538032982382,Medium
1216-BGTSP,Month-to-month,45,108.45,4964.7,Fiber optic,Credit card (automatic),Yes,Yes,No,0.5526130255672801,Medium
3069-SSVSN,One year,1,25.85,25.85,DSL,Mailed check,No,No,No,0.5525820846756921,Medium
5630-AHZIL,Month-to-month,3,64.5,177.4,DSL,Bank transfer (automatic),Yes,Yes,No,0.5522721310821013,Medium
1656-DRSMG,Month-to-month,63,109.85,7002.95,Fiber optic,Credit card (automatic),Yes,No,No,0.5517634922231879,Medium
2873-ZLIWT,Month-to-month,40,84.85,3303.05,Fiber optic,Electronic check,Yes,No,Yes,0.5507218641857142,Medium
8544-GOQSH,Month-to-month,14,80.05,1112.3,Fiber optic,Credit card (automatic),Yes,No,No,0.5507082619596669,Medium
4797-AXPXK,Month-to-month,1,60.0,60.0,DSL,Electronic check,Yes,Yes,Yes,0.5504698285665354,Medium
2108-YKQTY,Month-to-month,4,50.7,151.3,DSL,Credit card (automatic),No,No,Yes,0.5498630644728997,Medium
9584-EXCDZ,Month-to-month,17,70.5,1165.6,Fiber optic,Bank transfer (automatic),No,No,No,0.5497162166968012,Medium
4937-QPZPO,One year,61,99.9,6241.35,Fiber optic,Electronic check,No,No,No,0.5494333596935881,Medium
3351-NGXYI,Month-to-month,16,54.1,889.0,DSL,Electronic check,No,Yes,No,0.5492353256798096,Medium
2075-RMJIK,Month-to-month,5,49.4,232.55,DSL,Mailed check,No,Yes,No,0.5487543938506351,Medium
3404-JNXAX,Month-to-month,51,80.75,4116.9,Fiber optic,Electronic check,Yes,No,No,0.5485839308671261,Medium
4647-XXZAM,Month-to-month,6,45.5,285.2,DSL,Mailed check,No,No,No,0.5485823392829193,Medium
9137-NOQKA,Month-to-month,2,19.2,37.2,No,Electronic check,No internet service,No internet service,No,0.54837073702866,Medium
0100-DUVFC,One year,70,104.8,7308.95,Fiber optic,Electronic check,No,No,No,0.548363600512291,Medium
2043-WVTQJ,Month-to-month,1,55.7,55.7,DSL,Mailed check,No,Yes,No,0.5482458021323993,Medium
9544-PYPSJ,Month-to-month,62,96.1,6019.35,Fiber optic,Credit card (automatic),No,No,No,0.5481481753932592,Medium
1935-IMVBB,Month-to-month,56,89.7,4952.95,Fiber optic,Mailed check,No,No,No,0.5481142973989492,Medium
2320-JRSDE,Month-to-month,1,19.9,19.9,No,Electronic check,No internet service,No internet service,Yes,0.5478936722645178,Medium
0178-SZBHO,Month-to-month,47,87.2,4017.45,Fiber optic,Electronic check,No,No,No,0.5475212640792041,Medium
5424-RLQLC,Month-to-month,10,59.65,638.95,DSL,Mailed check,No,No,No,0.5470931420476277,Medium
5924-IFQTT,Month-to-month,13,72.8,930.05,DSL,Electronic check,Yes,No,No,0.5470539445456756,Medium
1047-NNCBF,Month-to-month,20,70.55,1493.55,Fiber optic,Credit card (automatic),No,No,No,0.5470228786229575,Medium
2139-FQHLM,Month-to-month,19,89.95,1682.4,Fiber optic,Mailed check,Yes,No,No,0.5466806909324906,Medium
4480-MBMLB,One year,36,104.8,3886.45,Fiber optic,Bank transfer (automatic),No,No,No,0.546672243608333,Medium
2074-GUHPQ,Month-to-month,17,92.7,1556.85,Fiber optic,Credit card (automatic),Yes,No,No,0.5460757525778464,Medium
9373-WSLOY,Month-to-month,33,50.0,1750.85,DSL,Electronic check,Yes,No,No,0.5460623389804063,Medium
4067-HLYQI,Month-to-month,33,70.4,2406.1,Fiber optic,Bank transfer (automatic),No,No,No,0.5460473202197529,Medium
6353-BRMMA,Month-to-month,54,104.1,5645.8,Fiber optic,Bank transfer (automatic),No,Yes,No,0.5459546947279598,Medium
2455-USLMV,Month-to-month,31,84.75,2613.4,Fiber optic,Credit card (automatic),No,Yes,No,0.5459141897432533,Medium
0237-YFUTL,Month-to-month,50,109.65,5405.8,Fiber optic,Bank transfer (automatic),Yes,Yes,No,0.5459114931587495,Medium
3956-CJUST,Month-to-month,23,75.4,1643.55,Fiber optic,Bank transfer (automatic),No,Yes,No,0.5457047537372381,Medium
0326-VDYXE,One year,70,97.65,6982.5,Fiber optic,Electronic check,No,No,No,0.5454675522780498,Medium
4522-AKYLR,Month-to-month,13,54.8,731.3,DSL,Electronic check,No,No,No,0.5454346711722486,Medium
5707-ORNDZ,Month-to-month,9,54.55,494.05,DSL,Electronic check,No,Yes,Yes,0.545195214305384,Medium
6982-UQZLY,Month-to-month,1,20.85,20.85,No,Mailed check,No internet service,No internet service,Yes,0.544945966989514,Medium
6300-BWMJX,Month-to-month,59,93.35,5386.5,Fiber optic,Electronic check,Yes,No,No,0.5449270133167068,Medium
6789-HJBWG,Month-to-month,12,49.4,611.65,DSL,Electronic check,No,No,No,0.5449151379677123,Medium
6625-UTXEW,Month-to-month,12,51.25,612.1,DSL,Electronic check,No,No,No,0.5445740060538464,Medium
0058-EVZWM,Month-to-month,55,89.8,4959.6,Fiber optic,Bank transfer (automatic),No,Yes,No,0.5443551380572711,Medium
6664-FPDAC,One year,56,111.95,6418.9,Fiber optic,Electronic check,Yes,No,Yes,0.5437523350607846,Medium
6770-XUAGN,Month-to-month,1,21.0,21.0,No,Electronic check,No internet service,No internet service,Yes,0.5437504816109372,Medium
7821-DPRQE,Month-to-month,68,107.7,7320.9,Fiber optic,Electronic check,Yes,Yes,No,0.5435132342119511,Medium
4001-TSBTV,Month-to-month,58,91.55,5511.65,Fiber optic,Electronic check,No,No,No,0.5434893890580752,Medium
2474-LCNUE,Month-to-month,23,73.65,1642.75,DSL,Credit card (automatic),Yes,No,No,0.543412154452761,Medium
2003-CKLOR,Month-to-month,66,99.5,6710.5,Fiber optic,Electronic check,No,No,Yes,0.5433014642244439,Medium
4282-ACRXS,Month-to-month,38,24.85,955.75,DSL,Electronic check,No,No,No,0.5432365253113565,Medium
0512-FLFDW,One year,60,100.5,6029.0,Fiber optic,Credit card (automatic),No,No,No,0.5430668640169697,Medium
0980-PVMRC,Month-to-month,40,50.85,2036.55,DSL,Electronic check,No,No,No,0.5424067545926629,Medium
6917-YACBP,Month-to-month,59,89.75,5496.9,Fiber optic,Electronic check,No,Yes,No,0.5423831669147829,Medium
5804-HYIEZ,Month-to-month,70,106.05,7554.05,Fiber optic,Electronic check,No,Yes,No,0.5422486135312702,Medium
1329-VHWNP,Month-to-month,7,25.05,189.95,DSL,Bank transfer (automatic),No,No,No,0.5416956483622521,Medium
0274-JKUJR,Month-to-month,7,58.85,465.7,DSL,Mailed check,No,Yes,No,0.54090750382596,Medium
2585-KTFRE,Month-to-month,1,70.45,70.45,DSL,Bank transfer (automatic),Yes,Yes,No,0.5408437143428008,Medium
1396-QWFBJ,Month-to-month,21,74.05,1565.7,Fiber optic,Bank transfer (automatic),No,No,Yes,0.5406243803987143,Medium
3685-YLCMQ,One year,58,104.65,6219.6,Fiber optic,Electronic check,Yes,No,Yes,0.5405770415358988,Medium
0822-QGCXA,Month-to-month,27,83.85,2310.2,DSL,Electronic check,Yes,No,No,0.5405434982239211,Medium
8404-FYDIB,Month-to-month,26,86.65,2208.75,Fiber optic,Credit card (automatic),No,Yes,No,0.5404551290972058,Medium
0742-MOABM,Month-to-month,4,50.05,179.35,DSL,Mailed check,Yes,No,Yes,0.5402851101106412,Medium
2669-OIDSD,Month-to-month,48,100.05,4834.0,Fiber optic,Credit card (automatic),Yes,No,No,0.5396498050797197,Medium
0575-CUQOV,One year,60,97.95,5867.0,Fiber optic,Electronic check,No,No,No,0.5395957944971363,Medium
8751-EDEKA,Month-to-month,28,89.9,2433.5,Fiber optic,Credit card (automatic),No,No,No,0.5394685348439453,Medium
6641-XRPSU,Month-to-month,34,70.0,2416.1,Fiber optic,Credit card (automatic),No,No,Yes,0.5394016119638391,Medium
5828-DWPIL,Month-to-month,62,89.1,5618.3,Fiber optic,Electronic check,No,Yes,No,0.5393690066521931,Medium
1809-DMJHQ,Month-to-month,5,46.0,221.7,DSL,Mailed check,No,No,Yes,0.5392972044593036,Medium
1258-YMZNM,One year,27,110.5,2857.6,Fiber optic,Bank transfer (automatic),No,Yes,No,0.5392023075667302,Medium
0516-WJVXC,Month-to-month,5,54.2,308.25,DSL,Electronic check,Yes,Yes,Yes,0.5391734124976298,Medium
0899-WZRSD,Month-to-month,56,105.35,5794.45,Fiber optic,Mailed check,Yes,Yes,No,0.538446196609988,Medium
3733-LSYCE,Month-to-month,15,75.35,1114.55,Fiber optic,Bank transfer (automatic),No,No,No,0.5381571946914357,Medium
9158-VCTQB,Month-to-month,41,113.6,4594.95,Fiber optic,Bank transfer (automatic),Yes,Yes,Yes,0.5380255173026606,Medium
0406-BPDVR,One year,54,101.5,5373.1,Fiber optic,Credit card (automatic),No,No,Yes,0.537803804193072,Medium
2886-KEFUM,One year,63,107.5,6873.75,Fiber optic,Electronic check,No,No,Yes,0.5377968354501291,Medium
5575-TPIZQ,Month-to-month,46,89.15,4245.55,Fiber optic,Credit card (automatic),No,Yes,No,0.5376958602152424,Medium
2479-BRAMR,Month-to-month,41,83.75,3273.55,Fiber optic,Bank transfer (automatic),No,Yes,Yes,0.5375134205040181,Medium
7248-VZQLC,Month-to-month,47,85.2,3969.35,Fiber optic,Bank transfer (automatic),No,No,Yes,0.5375066723287358,Medium
6629-LADHQ,Month-to-month,2,50.95,123.05,DSL,Mailed check,No,Yes,No,0.5374350029998638,Medium
9774-NRNAU,Month-to-month,27,84.8,2309.55,DSL,Bank transfer (automatic),Yes,No,No,0.5374243957374241,Medium
6133-OZILE,Month-to-month,18,35.2,607.3,DSL,Electronic check,Yes,No,No,0.5372119003139862,Medium
3424-NMNBO,One year,58,108.85,6287.25,Fiber optic,Electronic check,No,Yes,Yes,0.537192246832382,Medium
1552-AAGRX,Month-to-month,30,106.4,3211.9,Fiber optic,Bank transfer (automatic),Yes,Yes,No,0.5370601971400503,Medium
4070-OKWVH,Month-to-month,52,94.6,5025.8,Fiber optic,Bank transfer (automatic),No,No,No,0.5369746192576753,Medium
3058-HJCUY,One year,41,102.6,4213.35,Fiber optic,Electronic check,Yes,No,Yes,0.5369445407544282,Medium
4724-WXVWF,Month-to-month,48,95.4,4445.3,Fiber optic,Electronic check,Yes,Yes,No,0.5368652945956546,Medium
8840-DQLGN,Month-to-month,35,100.5,3653.35,Fiber optic,Bank transfer (automatic),Yes,Yes,Yes,0.5366862422264758,Medium
8695-WDYEA,Month-to-month,1,51.25,51.25,DSL,Mailed check,No,Yes,No,0.5365753039164762,Medium
9614-RMGHA,Month-to-month,65,91.85,5940.85,Fiber optic,Bank transfer (automatic),No,No,Yes,0.5356619622284289,Medium
0257-ZESQC,Month-to-month,27,75.2,1929.35,Fiber optic,Bank transfer (automatic),No,Yes,Yes,0.5355632650617179,Medium
3521-SYVOR,Month-to-month,37,64.75,2345.2,DSL,Electronic check,No,No,Yes,0.5354590719778745,Medium
9919-YLNNG,Month-to-month,42,103.8,4327.5,Fiber optic,Bank transfer (automatic),Yes,No,No,0.5354566901667471,Medium
8885-QSQBX,Month-to-month,1,49.55,49.55,DSL,Bank transfer (automatic),No,Yes,No,0.5352829886365558,Medium
3620-MWJNE,Month-to-month,2,54.45,87.3,DSL,Mailed check,Yes,Yes,No,0.5352519497541625,Medium
8495-LJDFO,Month-to-month,64,108.95,7111.3,Fiber optic,Bank transfer (automatic),Yes,Yes,No,0.5349450510331609,Medium
4450-YOOHP,Month-to-month,39,50.65,1905.4,DSL,Credit card (automatic),No,No,No,0.5346119406290095,Medium
3707-LRWZD,One year,32,84.05,2781.85,Fiber optic,Electronic check,No,No,Yes,0.534586083830289,Medium
6807-SIWJI,One year,38,104.85,3887.25,Fiber optic,Electronic check,No,Yes,No,0.5345257873337472,Medium
4188-FRABG,Month-to-month,57,103.05,5925.75,Fiber optic,Electronic check,Yes,Yes,No,0.5343641586101047,Medium
4976-LNFVV,Month-to-month,19,34.3,577.15,DSL,Credit card (automatic),No,No,No,0.5339232188207172,Medium
3503-TYDAY,Month-to-month,43,80.45,3398.9,Fiber optic,Electronic check,No,No,No,0.5338031044972356,Medium
6726-WEXXK,One year,27,85.9,2220.1,Fiber optic,Electronic check,No,Yes,No,0.5328296894559902,Medium
0260-ZDLGK,Month-to-month,9,72.9,651.4,DSL,Mailed check,Yes,No,Yes,0.5327804212574102,Medium
2924-KHUVI,One year,56,100.55,5514.95,Fiber optic,Electronic check,No,Yes,No,0.532769970526797,Medium
8552-OBVRU,Month-to-month,48,104.5,5068.05,Fiber optic,Electronic check,Yes,Yes,No,0.5325763299600542,Medium
3537-HPKQT,Month-to-month,55,77.75,4266.4,Fiber optic,Credit card (automatic),No,No,No,0.5324729053847177,Medium
2460-FPSYH,Month-to-month,40,55.8,2109.35,DSL,Electronic check,No,Yes,Yes,0.532413463614359,Medium
6029-CSMJE,Month-to-month,17,25.65,440.2,DSL,Mailed check,No,No,No,0.5322076390306747,Medium
7245-JMTTQ,One year,51,111.5,5703.25,Fiber optic,Electronic check,Yes,No,No,0.5320768378721689,Medium
0836-SEYLU,Month-to-month,9,40.65,328.95,DSL,Mailed check,Yes,No,Yes,0.5319928081996091,Medium
4098-NAUKP,Month-to-month,68,84.65,5683.6,Fiber optic,Electronic check,No,No,No,0.5314447375257071,Medium
9822-WMWVG,Month-to-month,41,106.5,4282.4,Fiber optic,Electronic check,Yes,Yes,No,0.5314409916499059,Medium
7854-EKTJL,Month-to-month,2,19.6,35.85,No,Electronic check,No internet service,No internet service,Yes,0.53110462926847,Medium
6284-KMNUF,One year,56,98.0,5270.6,Fiber optic,Electronic check,No,Yes,No,0.5310329726373226,Medium
2522-AHJXR,Month-to-month,60,109.45,6572.85,Fiber optic,Bank transfer (automatic),Yes,Yes,No,0.5309239337217094,Medium
0471-ARVMX,One year,62,104.85,6312.9,Fiber optic,Electronic check,No,Yes,No,0.5309236869729753,Medium
1357-MVDOZ,Month-to-month,11,59.65,683.25,DSL,Bank transfer (automatic),No,No,No,0.530551269504446,Medium
8023-QHAIO,Month-to-month,56,76.85,4275.75,Fiber optic,Bank transfer (automatic),Yes,No,No,0.5302472315355854,Medium
5243-SAOTC,Month-to-month,54,79.85,4308.25,Fiber optic,Bank transfer (automatic),No,No,No,0.529907355982276,Medium
1360-JYXKQ,One year,54,99.1,5437.1,Fiber optic,Electronic check,Yes,No,No,0.5297919091520897,Medium
0080-OROZO,One year,35,99.25,3532.0,Fiber optic,Electronic check,Yes,No,No,0.5295445509276119,Medium
2219-MVUSO,Month-to-month,8,45.15,438.4,DSL,Mailed check,No,No,Yes,0.5295097917003758,Medium
6234-PFPXL,Month-to-month,22,95.9,2234.95,Fiber optic,Credit card (automatic),Yes,Yes,No,0.5294573409433259,Medium
8761-NSOBC,Month-to-month,44,100.55,4398.15,Fiber optic,Electronic check,Yes,No,Yes,0.5289861530539405,Medium
1784-EZDKJ,One year,51,106.8,5498.8,Fiber optic,Bank transfer (automatic),No,No,No,0.5289234114213287,Medium
7580-UGXNC,Month-to-month,2,54.85,104.2,DSL,Mailed check,No,Yes,Yes,0.528879778223766,Medium
3097-PYWXL,Month-to-month,4,19.95,82.9,No,Electronic check,No internet service,No internet service,No,0.5286817885087589,Medium
7921-LMDFQ,One year,51,94.0,4905.75,Fiber optic,Bank transfer (automatic),No,No,No,0.5286522435036783,Medium
6896-SRVYQ,Month-to-month,44,73.85,3122.4,Fiber optic,Electronic check,No,No,No,0.5286470979933525,Medium
8887-IPQNC,Month-to-month,7,44.25,313.45,DSL,Mailed check,No,No,No,0.5283900836089005,Medium
6952-OMNWB,Month-to-month,68,80.35,5589.3,Fiber optic,Credit card (automatic),No,No,No,0.5283693344982833,Medium
1596-BBVTG,Month-to-month,35,75.35,2636.05,Fiber optic,Credit card (automatic),No,No,Yes,0.5283578018794634,Medium
2257-BOVXD,Month-to-month,14,66.6,979.5,DSL,Credit card (automatic),Yes,No,No,0.5279046131140813,Medium
5188-HGMLP,Month-to-month,54,74.0,3919.15,Fiber optic,Bank transfer (automatic),No,No,No,0.5277107545017571,Medium
5816-SCGFC,Month-to-month,7,51.3,419.35,DSL,Mailed check,No,No,No,0.5276223293836282,Medium
3090-LETTY,Month-to-month,2,60.95,134.6,DSL,Bank transfer (automatic),No,Yes,No,0.5275790027802815,Medium
6968-GMKPR,Month-to-month,55,81.55,4509.5,Fiber optic,Electronic check,No,No,No,0.5275509051494603,Medium
2293-IJWPS,One year,57,100.75,5985.0,Fiber optic,Credit card (automatic),No,No,No,0.5273188327761258,Medium
8564-LDKFL,One year,40,106.0,4178.65,Fiber optic,Bank transfer (automatic),No,No,No,0.5270941266468269,Medium
8387-MOJJT,Month-to-month,42,77.95,3384.0,Fiber optic,Credit card (automatic),No,No,Yes,0.526997295383002,Medium
2382-BCKQJ,One year,62,100.15,6413.65,Fiber optic,Electronic check,No,No,Yes,0.5269963104341053,Medium
4323-SADQS,Month-to-month,7,34.5,279.25,DSL,Electronic check,Yes,Yes,Yes,0.5269721182550211,Medium
8242-JSVBO,Month-to-month,7,44.65,322.5,DSL,Bank transfer (automatic),No,No,No,0.5268046947959131,Medium
1450-SKCVI,Month-to-month,56,73.85,4092.85,Fiber optic,Electronic check,No,No,Yes,0.5266643535397014,Medium
2623-DRYAM,One year,70,101.75,7069.3,Fiber optic,Electronic check,No,No,No,0.5266550398459696,Medium
1169-WCVAK,Month-to-month,19,88.8,1672.35,Fiber optic,Credit card (automatic),Yes,Yes,No,0.5265277563160715,Medium
3413-DHLPB,Month-to-month,60,103.75,5969.95,Fiber optic,Bank transfer (automatic),Yes,No,No,0.5264587568648982,Medium
1750-CSKKM,Month-to-month,9,55.35,449.75,DSL,Electronic check,No,No,Yes,0.5263640222126362,Medium
6173-ITPWD,Month-to-month,47,83.35,4065.0,Fiber optic,Bank transfer (automatic),No,No,Yes,0.5263046571291776,Medium
5146-CBVOE,Month-to-month,16,75.1,1212.85,Fiber optic,Bank transfer (automatic),No,No,No,0.5260703477930391,Medium
3445-HXXGF,Month-to-month,58,45.3,2651.2,DSL,Electronic check,No,No,Yes,0.5259616678057017,Medium
7501-VTYLJ,Month-to-month,2,51.55,106.2,DSL,Mailed check,No,No,No,0.5255171576595916,Medium
4824-GUCBY,Month-to-month,22,81.7,1820.9,Fiber optic,Electronic check,No,Yes,No,0.525374819002617,Medium
2403-BCASL,One year,41,111.95,4534.9,Fiber optic,Electronic check,Yes,No,Yes,0.5250385714740233,Medium
4685-ERGHK,One year,57,86.9,4939.25,Fiber optic,Electronic check,No,No,No,0.5250231082131486,Medium
1174-FGIFN,One year,28,90.45,2509.25,Fiber optic,Electronic check,Yes,No,No,0.5249750268476535,Medium
9909-IDLEK,Month-to-month,20,96.8,1826.7,Fiber optic,Mailed check,Yes,No,No,0.5246767802874193,Medium
1442-BQPVU,Month-to-month,13,29.15,357.15,DSL,Electronic check,No,No,No,0.5246743027960509,Medium
3946-JEWRQ,One year,47,95.2,4563.0,Fiber optic,Credit card (automatic),No,No,No,0.5246385864647369,Medium
7251-LJBQN,One year,40,103.75,4188.4,Fiber optic,Credit card (automatic),Yes,No,No,0.5246379932329687,Medium
9419-IPPBE,One year,51,90.15,4554.85,Fiber optic,Electronic check,No,No,No,0.5246319596064776,Medium
5073-WXOYN,Month-to-month,60,50.8,3027.4,DSL,Electronic check,No,No,Yes,0.5245954205748748,Medium
0327-WFZSY,One year,39,100.0,3835.55,Fiber optic,Electronic check,No,No,No,0.5244377854396516,Medium
8728-SKJLR,Month-to-month,41,74.25,3089.1,Fiber optic,Electronic check,Yes,No,No,0.5240910922279173,Medium
5016-ETTFF,Month-to-month,10,29.5,255.25,DSL,Mailed check,No,No,Yes,0.5240392465952052,Medium
9688-YGXVR,Month-to-month,44,88.15,3973.2,Fiber optic,Credit card (automatic),No,No,No,0.5238778715310998,Medium
8985-OOPOS,One year,1,74.1,74.1,DSL,Credit card (automatic),Yes,No,No,0.523609613204613,Medium
2302-ANTDP,Month-to-month,48,117.45,5438.9,Fiber optic,Electronic check,Yes,Yes,Yes,0.5233757397844141,Medium
4720-VSTSI,Month-to-month,44,84.8,3862.55,Fiber optic,Bank transfer (automatic),No,No,Yes,0.523169800444426,Medium
9089-UOWJG,Month-to-month,12,58.35,740.55,DSL,Credit card (automatic),No,No,No,0.5228765452549828,Medium
3756-VNWDH,One year,65,100.75,6674.65,Fiber optic,Electronic check,No,Yes,No,0.5226925186975343,Medium
1228-FZFRV,Month-to-month,50,105.95,5341.8,Fiber optic,Credit card (automatic),No,Yes,Yes,0.5226809480261964,Medium
7147-AYBAA,Month-to-month,37,70.35,2552.9,Fiber optic,Mailed check,No,No,No,0.5224608490194188,Medium
9375-MHRRS,Month-to-month,6,50.05,288.35,DSL,Mailed check,Yes,No,No,0.522435662037657,Medium
2480-EJWYP,One year,58,97.8,5458.8,Fiber optic,Bank transfer (automatic),No,No,No,0.5223674741398895,Medium
2172-EJXVF,One year,71,105.9,7521.95,Fiber optic,Electronic check,No,No,No,0.5223149037951811,Medium
7426-WEIJX,Month-to-month,60,80.95,4859.1,Fiber optic,Electronic check,No,Yes,No,0.5222166458701497,Medium
4791-QRGMF,One year,59,99.5,5961.1,Fiber optic,Bank transfer (automatic),No,No,Yes,0.5220185106169795,Medium
8217-QYOHV,Month-to-month,5,55.75,266.95,DSL,Mailed check,Yes,Yes,No,0.5219357102298762,Medium
4361-BKAXE,Month-to-month,41,114.5,4527.45,Fiber optic,Bank transfer (automatic),Yes,Yes,Yes,0.5218680984397148,Medium
9767-FFLEM,Month-to-month,38,69.5,2625.25,Fiber optic,Credit card (automatic),No,No,No,0.5209734136005799,Medium
6538-POCHL,Month-to-month,33,79.0,2576.8,Fiber optic,Credit card (automatic),No,No,No,0.5208036217256873,Medium
3144-KMTWZ,Month-to-month,71,93.25,6669.45,Fiber optic,Bank transfer (automatic),No,No,No,0.5204175633160107,Medium
4883-QICIH,Month-to-month,32,69.75,2347.9,Fiber optic,Bank transfer (automatic),No,No,Yes,0.5202637596620054,Medium
1559-DTODC,Month-to-month,19,25.15,468.35,DSL,Bank transfer (automatic),No,No,No,0.5196656519072643,Medium
8344-WFMFH,Month-to-month,9,50.1,484.05,DSL,Electronic check,No,No,No,0.5195259346915709,Medium
0013-MHZWF,Month-to-month,9,69.4,571.45,DSL,Credit card (automatic),Yes,No,No,0.5195235202201142,Medium
6578-KRMAW,Month-to-month,32,93.4,2979.3,Fiber optic,Credit card (automatic),No,Yes,No,0.5189575995529626,Medium
5949-HGVJL,Month-to-month,26,73.05,1959.5,DSL,Electronic check,Yes,No,No,0.5185442145688123,Medium
5154-VEKBL,Month-to-month,9,58.5,539.85,DSL,Mailed check,Yes,Yes,Yes,0.5184964521048655,Medium
3945-GFWQL,Month-to-month,12,44.55,480.6,DSL,Electronic check,No,No,Yes,0.5184115672460347,Medium
0282-NVSJS,Month-to-month,12,29.3,355.9,DSL,Mailed check,Yes,No,No,0.5184003728885255,Medium
9943-VSZUV,Month-to-month,67,75.7,5060.85,Fiber optic,Mailed check,No,No,No,0.5183405744248616,Medium
0880-FVFWF,Month-to-month,56,86.4,4922.4,Fiber optic,Electronic check,No,Yes,No,0.5176022078418949,Medium
3018-TFTSU,Month-to-month,12,81.7,858.6,Fiber optic,Bank transfer (automatic),No,Yes,Yes,0.5168737262095151,Medium
4612-THJBS,One year,56,104.75,5510.65,Fiber optic,Bank transfer (automatic),No,No,Yes,0.5168551582132758,Medium
9170-CCKOU,Month-to-month,17,90.2,1454.15,Fiber optic,Credit card (automatic),No,Yes,Yes,0.5164691080665154,Medium
5131-PONJI,Month-to-month,49,90.4,4494.65,Fiber optic,Credit card (automatic),No,No,No,0.5161892981107308,Medium
0691-IFBQW,One year,46,110.0,4874.8,Fiber optic,Electronic check,No,Yes,Yes,0.5161461687552504,Medium
9356-AXGMP,One year,38,110.7,4428.6,Fiber optic,Electronic check,Yes,Yes,No,0.5161454168981973,Medium
2133-TSRRM,Month-to-month,34,105.35,3688.6,Fiber optic,Bank transfer (automatic),No,Yes,No,0.5160575871530477,Medium
2190-BCXEC,Month-to-month,40,78.85,3126.85,Fiber optic,Credit card (automatic),Yes,No,No,0.515678941397253,Medium
7850-VWJUU,Month-to-month,23,75.0,1778.5,Fiber optic,Bank transfer (automatic),No,Yes,No,0.5155588316165697,Medium
6537-OTKMY,One year,15,50.75,688.2,DSL,Electronic check,No,No,No,0.515293875082593,Medium
4232-JGKIY,Month-to-month,1,19.2,19.2,No,Electronic check,No internet service,No internet service,No,0.515280659159302,Medium
2027-OAQQC,Month-to-month,43,49.05,2076.2,DSL,Bank transfer (automatic),No,No,Yes,0.5152041122808412,Medium
8773-HHUOZ,Month-to-month,17,64.7,1093.1,DSL,Mailed check,No,No,Yes,0.5149454568017514,Medium
1205-WNWPJ,Month-to-month,7,59.5,415.95,DSL,Mailed check,Yes,No,Yes,0.5148993347616969,Medium
3426-NIYYL,Month-to-month,15,51.55,765.5,DSL,Electronic check,No,No,Yes,0.5147227176099254,Medium
1550-LOAHA,Month-to-month,32,84.15,2585.95,Fiber optic,Bank transfer (automatic),No,No,Yes,0.5143836812421909,Medium
7617-EYGLW,Month-to-month,1,19.45,19.45,No,Electronic check,No internet service,No internet service,No,0.5143318768200279,Medium
6227-HWPWX,Month-to-month,15,69.0,994.8,Fiber optic,Bank transfer (automatic),No,No,Yes,0.5141477932080767,Medium
3419-SNJJD,Month-to-month,65,105.25,6786.4,Fiber optic,Bank transfer (automatic),No,Yes,Yes,0.5139260048970758,Medium
6067-NGCEU,Month-to-month,65,111.05,7107.0,Fiber optic,Credit card (automatic),No,Yes,No,0.5135035706076053,Medium
6815-ABQFQ,One year,56,107.25,6033.3,Fiber optic,Electronic check,Yes,No,No,0.513348264232919,Medium
8069-YQQAJ,Month-to-month,14,31.1,419.7,DSL,Mailed check,No,No,No,0.5132524899564258,Medium
0999-QXNSA,Month-to-month,7,45.75,344.2,DSL,Mailed check,No,No,No,0.5129257754385078,Medium
5143-WMWOG,Month-to-month,1,19.95,19.95,No,Electronic check,No internet service,No internet service,Yes,0.5124340090495619,Medium
5433-KYGHE,Month-to-month,14,86.0,1164.05,Fiber optic,Mailed check,Yes,Yes,No,0.5122412715112542,Medium
2115-BFTIW,Month-to-month,25,70.95,1767.35,Fiber optic,Mailed check,No,No,Yes,0.5121599174274363,Medium
5553-AOINX,One year,66,104.9,6891.45,Fiber optic,Electronic check,No,No,No,0.5121469355044822,Medium
5336-UFNZP,One year,65,107.45,7047.5,Fiber optic,Electronic check,No,No,No,0.5120167489298862,Medium
4307-KWMXE,Month-to-month,10,35.75,389.8,DSL,Electronic check,Yes,No,No,0.5118186505727368,Medium
5141-ZUVBH,Month-to-month,9,93.0,870.25,Fiber optic,Bank transfer (automatic),Yes,Yes,No,0.5116703470012011,Medium
9912-OMZDS,One year,59,106.15,6256.2,Fiber optic,Electronic check,No,No,No,0.5116009941544459,Medium
4097-YODCF,One year,34,103.8,3470.8,Fiber optic,Electronic check,No,Yes,No,0.5115964629761264,Medium
0774-IFUVM,Month-to-month,11,65.15,723.35,DSL,Bank transfer (automatic),No,Yes,No,0.5114080498540656,Medium
5649-TJHOV,Month-to-month,27,36.5,1032.0,DSL,Bank transfer (automatic),No,No,Yes,0.5113235821113788,Medium
4324-AHJKS,Month-to-month,5,55.8,300.4,DSL,Credit card (automatic),No,Yes,No,0.511258240804038,Medium
8417-GSODA,One year,28,92.2,2568.15,Fiber optic,Bank transfer (automatic),No,No,No,0.5112534980375933,Medium
3606-SBKRY,One year,31,50.05,1523.4,DSL,Electronic check,No,No,No,0.5111133832007496,Medium
7251-XFOIL,Month-to-month,61,89.2,5500.6,Fiber optic,Mailed check,No,No,No,0.5110454243938735,Medium
5201-USSQZ,Month-to-month,26,85.9,2196.45,Fiber optic,Credit card (automatic),Yes,No,No,0.5109266511366023,Medium
8399-YNDCH,Month-to-month,21,60.05,1236.15,DSL,Bank transfer (automatic),No,No,Yes,0.5108296123397957,Medium
7876-BEUTG,Month-to-month,15,48.8,720.1,DSL,Mailed check,No,No,No,0.5107868908319589,Medium
6202-DYYFX,One year,22,76.0,1783.6,Fiber optic,Credit card (automatic),No,No,No,0.510746926211684,Medium
9318-NKNFC,Month-to-month,1,18.85,18.85,No,Mailed check,No internet service,No internet service,Yes,0.5105893705719771,Medium
7103-IPXPJ,One year,50,99.4,5059.75,Fiber optic,Electronic check,Yes,No,No,0.5103394144059094,Medium
0568-ONFPC,Month-to-month,5,25.9,135.0,No,Bank transfer (automatic),No internet service,No internet service,Yes,0.5103215504436298,Medium
7893-IXHRQ,Month-to-month,1,20.55,20.55,No,Electronic check,No internet service,No internet service,Yes,0.510156099213871,Medium
3164-YAXFY,Month-to-month,57,53.75,3196.0,DSL,Electronic check,No,Yes,No,0.51010094572446,Medium
2233-FAGXV,Month-to-month,5,24.3,132.25,No,Mailed check,No internet service,No internet service,No,0.509990701549133,Medium
9415-TPKRV,Month-to-month,8,55.75,446.8,DSL,Electronic check,No,No,No,0.5098677570156385,Medium
2832-SCUCO,Month-to-month,2,19.9,57.4,No,Electronic check,No internet service,No internet service,No,0.5098275863331245,Medium
5088-QZLRL,Month-to-month,1,20.65,20.65,No,Electronic check,No internet service,No internet service,No,0.5097764040087694,Medium
6410-LEFEN,Month-to-month,9,45.15,416.45,DSL,Electronic check,No,No,Yes,0.5096013227434325,Medium
8807-ARQET,Month-to-month,41,40.35,1677.85,DSL,Electronic check,No,No,No,0.509117649709533,Medium
1470-PSXNM,One year,49,93.65,4520.15,Fiber optic,Electronic check,No,No,No,0.5088814238582265,Medium
4667-OHGKG,Month-to-month,1,19.3,19.3,No,Mailed check,No internet service,No internet service,Yes,0.5088807125882006,Medium
8992-CEUEN,Month-to-month,1,18.85,18.85,No,Electronic check,No internet service,No internet service,No,0.5088419910768457,Medium
8257-RZAHR,Month-to-month,14,64.7,941.0,DSL,Bank transfer (automatic),No,Yes,Yes,0.5088099679504354,Medium
2927-QRRQV,One year,46,94.65,4312.5,Fiber optic,Electronic check,No,No,No,0.5086347927355737,Medium
2826-DXLQO,Month-to-month,7,29.8,220.45,DSL,Bank transfer (automatic),No,Yes,No,0.5086084321550465,Medium
2157-MXBJS,One year,13,75.3,989.45,DSL,Mailed check,No,No,Yes,0.5083130645445721,Medium
7669-LCRSD,Month-to-month,12,56.3,628.65,DSL,Mailed check,No,No,No,0.5082117179371485,Medium
5906-BFOZT,Month-to-month,1,19.5,19.5,No,Mailed check,No internet service,No internet service,No,0.50812124005987,Medium
6891-JPYFF,Month-to-month,48,105.25,4997.5,Fiber optic,Credit card (automatic),No,Yes,No,0.5079494343880262,Medium
7989-CHGTL,Month-to-month,1,19.6,19.6,No,Mailed check,No internet service,No internet service,Yes,0.5077414895193495,Medium
7853-WNZSY,Month-to-month,1,19.75,19.75,No,Credit card (automatic),No internet service,No internet service,No,0.507661772135211,Medium
7291-CDTMJ,Month-to-month,1,19.65,19.65,No,Bank transfer (automatic),No internet service,No internet service,No,0.5075671670038542,Medium
7124-UGSUR,One year,61,104.4,6405.0,Fiber optic,Credit card (automatic),No,No,Yes,0.5074437838293862,Medium
7047-FWEYA,One year,46,103.15,4594.65,Fiber optic,Electronic check,Yes,No,No,0.5072622179018388,Medium
5443-SCMKX,One year,58,94.3,5610.15,Fiber optic,Electronic check,No,No,No,0.5072615246964723,Medium
0431-APWVY,One year,28,90.1,2598.95,Fiber optic,Bank transfer (automatic),No,No,Yes,0.5072465409525884,Medium
2465-BLLEU,Month-to-month,1,19.75,19.75,No,Mailed check,No internet service,No internet service,No,0.507171847094988,Medium
6599-CEBNN,Month-to-month,34,73.95,2524.45,Fiber optic,Credit card (automatic),No,No,Yes,0.5071714054482926,Medium
0761-AETCS,Month-to-month,1,19.3,19.3,No,Electronic check,No internet service,No internet service,Yes,0.5071331213437634,Medium
2369-FEVNO,Month-to-month,1,19.9,19.9,No,Mailed check,No internet service,No internet service,No,0.5066021860485023,Medium
9445-ZUEQE,Month-to-month,27,85.2,2151.6,Fiber optic,Credit card (automatic),Yes,No,No,0.5065438092028576,Medium
8775-CEBBJ,Month-to-month,9,44.2,403.35,DSL,Bank transfer (automatic),No,No,Yes,0.5064718241708469,Medium
7814-LEEVE,Month-to-month,1,20.3,20.3,No,Bank transfer (automatic),No internet service,No internet service,No,0.5064078437019172,Medium
2770-NSVDG,Month-to-month,24,29.1,688.0,DSL,Electronic check,No,No,No,0.5064067248512135,Medium
0587-DMGBH,Month-to-month,8,49.85,365.55,DSL,Electronic check,No,Yes,Yes,0.5062736259996247,Medium
9700-ISPUP,Month-to-month,10,65.5,616.9,DSL,Electronic check,Yes,No,No,0.5062012588105709,Medium
9572-MTILT,Month-to-month,59,106.75,6252.9,Fiber optic,Electronic check,Yes,Yes,Yes,0.5061828625991881,Medium
6769-DYBQN,Month-to-month,46,85.0,3969.4,Fiber optic,Electronic check,No,Yes,Yes,0.5061470200642014,Medium
1432-FPAXX,Month-to-month,29,30.6,856.35,DSL,Electronic check,No,No,Yes,0.5061467535416699,Medium
4661-NJEUX,Month-to-month,1,20.05,20.05,No,Mailed check,No internet service,No internet service,No,0.5060325078585126,Medium
4320-QMLLA,Month-to-month,7,54.85,370.4,DSL,Mailed check,No,No,No,0.5059456964683201,Medium
6874-SGLHU,One year,30,97.0,3021.3,Fiber optic,Bank transfer (automatic),No,No,No,0.5059205257935294,Medium
1240-KNSEZ,Month-to-month,1,20.1,20.1,No,Mailed check,No internet service,No internet service,Yes,0.5058426115744384,Medium
1000-AJSLD,Month-to-month,1,20.1,20.1,No,Mailed check,No internet service,No internet service,Yes,0.5058426115744384,Medium
7880-XSOJX,Month-to-month,4,42.4,146.4,DSL,Mailed check,Yes,Yes,No,0.5055419929509053,Medium
1493-AMTIE,Month-to-month,1,20.2,20.2,No,Bank transfer (automatic),No internet service,No internet service,Yes,0.5054783718300034,Medium
5356-RHIPP,Month-to-month,1,20.2,20.2,No,Mailed check,No internet service,No internet service,Yes,0.5054628140038175,Medium
8305-VHZBZ,Month-to-month,1,20.2,20.2,No,Mailed check,No internet service,No internet service,Yes,0.5054628140038175,Medium
1156-ZFYDO,Month-to-month,1,19.75,19.75,No,Electronic check,No internet service,No internet service,No,0.5054240849173307,Medium
2081-KJSQF,Month-to-month,1,20.25,20.25,No,Mailed check,No internet service,No internet service,No,0.5052729128268254,Medium
2480-JZOSN,Month-to-month,1,20.65,20.65,No,Mailed check,No internet service,No internet service,No,0.5050630003195018,Medium
0356-ERHVT,Month-to-month,11,45.9,521.9,DSL,Bank transfer (automatic),No,No,No,0.5050452818622714,Medium
4558-FANTW,Month-to-month,17,91.85,1574.45,Fiber optic,Electronic check,Yes,Yes,Yes,0.505029329998873,Medium
0913-XWSCN,Month-to-month,55,85.5,4713.4,Fiber optic,Bank transfer (automatic),No,No,No,0.5050282580607033,Medium
3589-PPVKW,Month-to-month,9,44.4,348.15,DSL,Mailed check,No,No,No,0.5048245194335871,Medium
1485-YDHMM,Month-to-month,52,93.25,4631.7,Fiber optic,Bank transfer (automatic),Yes,No,No,0.5047189379483925,Medium
5996-DAOQL,Month-to-month,1,20.45,20.45,No,Mailed check,No internet service,No internet service,No,0.5045132934525345,Medium
8262-COGGB,Month-to-month,1,20.45,20.45,No,Mailed check,No internet service,No internet service,No,0.5045132934525345,Medium
4831-EOBFE,Month-to-month,29,94.65,2649.15,Fiber optic,Credit card (automatic),No,Yes,Yes,0.5042513360265497,Medium
7587-AOVVU,Month-to-month,27,100.75,2793.55,Fiber optic,Electronic check,Yes,Yes,No,0.5041972019327774,Medium
7869-ZYDST,Month-to-month,31,59.05,1882.8,DSL,Credit card (automatic),No,No,No,0.5041629279727636,Medium
5060-TQUQN,Month-to-month,30,83.55,2570.2,Fiber optic,Bank transfer (automatic),Yes,No,No,0.504118492563699,Medium
6360-SVNWV,Month-to-month,31,73.55,2094.65,Fiber optic,Credit card (automatic),No,Yes,No,0.5038864183190442,Medium
7789-HKSBS,One year,42,105.2,4599.15,Fiber optic,Bank transfer (automatic),No,Yes,No,0.50387052555544,Medium
2240-HSJQD,Month-to-month,38,81.85,3141.7,Fiber optic,Mailed check,No,No,No,0.5037249796538044,Medium
1370-GGAWX,One year,46,94.15,4408.45,Fiber optic,Electronic check,No,No,No,0.5037140846212539,Medium
1591-NFNLQ,Month-to-month,51,80.0,4242.35,Fiber optic,Credit card (automatic),No,No,Yes,0.5033816243258475,Medium
3580-REOAC,Month-to-month,10,44.85,435.4,DSL,Credit card (automatic),No,No,Yes,0.5030427215054339,Medium
7596-LDUXP,One year,12,85.15,979.05,Fiber optic,Credit card (automatic),No,Yes,No,0.5026850057539209,Medium
7621-VPNET,Month-to-month,42,85.9,3729.75,Fiber optic,Credit card (automatic),Yes,No,No,0.5026680712567884,Medium
1049-FYSYG,Month-to-month,17,35.65,646.05,DSL,Credit card (automatic),No,No,No,0.5026041854185304,Medium
1956-YIFGE,One year,22,100.05,2090.25,Fiber optic,Mailed check,No,No,No,0.5024587499527037,Medium
8910-LEDAG,Month-to-month,34,71.55,2427.35,Fiber optic,Credit card (automatic),No,No,No,0.5023329922206502,Medium
9835-ZIITK,One year,66,110.85,7491.75,Fiber optic,Electronic check,Yes,No,Yes,0.5022055791908421,Medium
3466-WAESX,Month-to-month,16,69.1,1083.7,DSL,Electronic check,No,Yes,No,0.5021130584864107,Medium
6121-VZNQB,Month-to-month,1,19.1,19.1,No,Mailed check,No internet service,No internet service,Yes,0.5018693624812348,Medium
6821-JPCDC,One year,48,97.05,4692.95,Fiber optic,Electronic check,No,No,No,0.5018204089222109,Medium
8620-RJPZN,Month-to-month,1,20.7,20.7,No,Electronic check,No internet service,No internet service,No,0.5018157514128471,Medium
1098-TDVUQ,Month-to-month,1,19.25,19.25,No,Bank transfer (automatic),No internet service,No internet service,No,0.5013151586400915,Medium
5778-BVOFB,Month-to-month,9,59.5,530.05,DSL,Bank transfer (automatic),Yes,No,No,0.5011619024248724,Medium
7246-ZGQDF,Month-to-month,1,54.5,54.5,DSL,Electronic check,Yes,Yes,No,0.5010583585001325,Medium
7298-IZWLY,Month-to-month,1,19.4,19.4,No,Mailed check,No internet service,No internet service,No,0.5007298322588946,Medium
1335-HQMKX,One year,72,101.35,7323.15,Fiber optic,Electronic check,No,No,No,0.5005016697121533,Medium
2640-LYMOV,Month-to-month,2,19.65,38.8,No,Mailed check,No internet service,No internet service,No,0.5004928133299956,Medium
4918-FYJNT,Month-to-month,55,90.45,5044.8,Fiber optic,Electronic check,Yes,No,No,0.5004851674876137,Medium
8566-YPRGL,Month-to-month,1,19.5,19.5,No,Mailed check,No internet service,No internet service,No,0.5003499865820322,Medium
2834-SPCJV,Month-to-month,52,84.1,4348.65,Fiber optic,Electronic check,No,Yes,Yes,0.5001774593034056,Medium
1622-HSHSF,Month-to-month,1,19.55,19.55,No,Mailed check,No internet service,No internet service,No,0.5001600635647072,Medium
4588-YBNIB,Month-to-month,1,19.6,19.6,No,Mailed check,No internet service,No internet service,Yes,0.49997014050119326,Medium
5482-NUPNA,Month-to-month,4,60.4,272.15,DSL,Mailed check,Yes,Yes,Yes,0.49968757818070003,Medium
1996-DBMUS,Month-to-month,48,70.65,3545.05,Fiber optic,Bank transfer (automatic),No,No,No,0.4995029996672005,Medium
4080-OGPJL,Month-to-month,8,71.15,563.65,DSL,Electronic check,Yes,Yes,Yes,0.4994179707579258,Medium
0191-ZHSKZ,Month-to-month,30,74.75,2111.3,DSL,Electronic check,No,Yes,No,0.49941308113355665,Medium
3173-NVMPX,Month-to-month,9,55.3,501.2,DSL,Mailed check,No,No,No,0.49939282863307205,Medium
4439-YRNVD,Month-to-month,10,36.25,374.0,DSL,Electronic check,Yes,No,No,0.4993206274953775,Medium
2011-TRQYE,Month-to-month,18,33.5,600.0,DSL,Credit card (automatic),No,No,Yes,0.49907813581851757,Medium
7766-CLTIC,Month-to-month,10,60.95,629.55,DSL,Mailed check,Yes,No,No,0.49888229017118063,Medium
7594-LZNWR,Month-to-month,34,69.15,2275.1,Fiber optic,Credit card (automatic),No,No,No,0.49884224075647526,Medium
4800-VHZKI,Month-to-month,1,19.9,19.9,No,Mailed check,No internet service,No internet service,Yes,0.4988306042192381,Medium
6986-IJDHX,Month-to-month,39,86.3,3266.0,Fiber optic,Mailed check,No,No,Yes,0.4987388297506904,Medium
3301-LSLWQ,Month-to-month,29,66.1,1912.15,DSL,Electronic check,No,Yes,No,0.49846641434498634,Medium
7459-RRWQZ,Month-to-month,15,64.65,994.55,DSL,Bank transfer (automatic),No,Yes,Yes,0.4983511670771404,Medium
6143-JQKEA,Month-to-month,10,45.8,436.2,DSL,Credit card (automatic),No,No,No,0.4982858491525837,Medium
7526-IVLYU,Month-to-month,3,19.65,68.35,No,Mailed check,No internet service,No internet service,No,0.49828053840257197,Medium
9948-YPTDG,Month-to-month,38,79.45,3013.05,Fiber optic,Electronic check,No,Yes,Yes,0.4982222986498541,Medium
3055-OYMSE,Month-to-month,53,73.8,4003.85,Fiber optic,Credit card (automatic),No,No,No,0.498118520886783,Medium
8713-IGZSO,Month-to-month,2,24.85,62.0,No,Mailed check,No internet service,No internet service,No,0.4978836152684834,Medium
4897-QSUYC,Month-to-month,1,20.15,20.15,No,Mailed check,No internet service,No internet service,Yes,0.49788099942831576,Medium
6128-DAFVY,Month-to-month,56,44.85,2564.95,DSL,Credit card (automatic),No,No,No,0.4978453413733827,Medium
6199-IWKGC,One year,46,100.25,4753.85,Fiber optic,Electronic check,Yes,No,No,0.4978062497127167,Medium
2955-PSXOE,Month-to-month,1,20.2,20.2,No,Bank transfer (automatic),No internet service,No internet service,Yes,0.4977066394445645,Medium
7839-QRKXN,Month-to-month,1,20.2,20.2,No,Mailed check,No internet service,No internet service,Yes,0.4976910800853049,Medium
0643-OKLRP,Month-to-month,47,80.35,3825.85,Fiber optic,Electronic check,No,Yes,Yes,0.49762901069660087,Medium
2876-VBBBL,Month-to-month,1,20.25,20.25,No,Mailed check,No internet service,No internet service,Yes,0.49750116140855594,Medium
0670-KDOMA,Month-to-month,1,20.25,20.25,No,Mailed check,No internet service,No internet service,No,0.49750116140855594,Medium
8073-IJDCM,Month-to-month,1,20.3,20.3,No,Mailed check,No internet service,No internet service,Yes,0.4973112434528693,Medium
2931-SVLTV,Month-to-month,40,110.1,4469.1,Fiber optic,Credit card (automatic),Yes,Yes,No,0.4971963375324295,Medium
4634-JLRJT,Month-to-month,1,20.35,20.35,No,Mailed check,No internet service,No internet service,No,0.49712132627304423,Medium
3865-QBWSJ,Month-to-month,38,80.45,3162.65,Fiber optic,Mailed check,No,Yes,No,0.49697074194499935,Medium
0603-OLQDC,Month-to-month,12,69.85,837.5,DSL,Mailed check,No,Yes,No,0.4969396917802351,Medium
7550-WIQVA,One year,50,108.25,5431.4,Fiber optic,Electronic check,No,Yes,No,0.49680952134283696,Medium
6469-QJKZW,Month-to-month,4,20.15,91.4,No,Electronic check,No internet service,No internet service,No,0.4964313404738798,Medium
9501-UKKNL,Month-to-month,59,51.7,3005.8,DSL,Electronic check,Yes,No,No,0.49639198140003377,Medium
7636-XUHWW,Month-to-month,2,19.9,33.7,No,Credit card (automatic),No internet service,No internet service,No,0.4963118798771131,Medium
3808-HFKDE,Month-to-month,20,44.35,927.15,DSL,Electronic check,No,No,No,0.4957618997116836,Medium
3717-LNXKW,Month-to-month,38,91.7,3479.05,Fiber optic,Bank transfer (automatic),No,Yes,No,0.4956367345429045,Medium
4390-KYULV,Month-to-month,3,20.55,51.15,No,Credit card (automatic),No internet service,No internet service,Yes,0.495588852733873,Medium
7966-YOTQW,Month-to-month,10,54.5,568.2,DSL,Credit card (automatic),No,Yes,No,0.495375503901792,Medium
7549-MYGPK,Month-to-month,63,100.55,6215.35,Fiber optic,Electronic check,No,Yes,Yes,0.4953704471553128,Medium
4832-VRBMR,One year,65,103.15,6792.45,Fiber optic,Bank transfer (automatic),No,No,No,0.49519427408174665,Medium
3162-ZJZFU,Month-to-month,53,92.55,4779.45,Fiber optic,Electronic check,Yes,No,No,0.4949946803470042,Medium
6614-VBEGU,Month-to-month,24,69.45,1614.05,DSL,Bank transfer (automatic),No,No,No,0.4948971907184628,Medium
6288-LBEAR,Month-to-month,23,79.1,1783.75,Fiber optic,Mailed check,Yes,No,No,0.4948066358765438,Medium
4430-YHXGG,Month-to-month,4,25.45,84.2,No,Mailed check,No internet service,No internet service,No,0.49447492894005873,Medium
2436-QBZFP,Month-to-month,22,39.2,849.9,DSL,Electronic check,No,No,No,0.4943340788258694,Medium
9039-ZVJDC,Month-to-month,3,19.1,53.05,No,Mailed check,No internet service,No internet service,No,0.4942909149389418,Medium
6184-DYUOB,Month-to-month,3,19.6,55.25,No,Mailed check,No internet service,No internet service,No,0.4940178569511008,Medium
9350-VLHMB,Month-to-month,67,89.55,6373.1,Fiber optic,Bank transfer (automatic),No,No,No,0.49391880404227456,Medium
5542-DHSXL,Month-to-month,4,54.7,235.05,DSL,Mailed check,No,Yes,No,0.4938117279936234,Medium
4693-VWVBO,Month-to-month,3,19.55,61.05,No,Electronic check,No internet service,No internet service,No,0.49379711594977,Medium
3584-WKTTW,One year,51,111.55,5720.35,Fiber optic,Electronic check,Yes,Yes,No,0.4937230590991155,Medium
4280-DLSHD,Month-to-month,8,54.75,445.85,DSL,Mailed check,No,No,No,0.4934444879337537,Medium
1449-XQEMT,Month-to-month,3,19.8,58.15,No,Mailed check,No internet service,No internet service,Yes,0.49297431958433835,Medium
3744-ZBHON,Month-to-month,3,20.2,65.95,No,Electronic check,No internet service,No internet service,No,0.49264767107078933,Medium
0463-WZZKO,Month-to-month,3,20.75,67.1,No,Credit card (automatic),No internet service,No internet service,No,0.49257990290347003,Medium
3511-APPBJ,One year,23,99.95,2292.75,Fiber optic,Credit card (automatic),No,Yes,No,0.4924660973600519,Medium
2045-BMBTJ,Month-to-month,33,59.45,1884.65,DSL,Bank transfer (automatic),No,Yes,No,0.492413296583989,Medium
4986-MXSFP,Month-to-month,2,20.0,40.9,No,Mailed check,No internet service,No internet service,No,0.49232450191664884,Medium
0898-XCGTF,One year,61,96.5,5673.7,Fiber optic,Bank transfer (automatic),No,No,No,0.4920752123506928,Medium
0268-QKIWO,Month-to-month,3,19.75,58.85,No,Electronic check,No internet service,No internet service,Yes,0.4917941403531754,Medium
1703-MGIAB,Month-to-month,17,69.0,1108.0,DSL,Mailed check,Yes,No,No,0.4917414602170588,Medium
3345-PBBFH,Month-to-month,8,49.55,393.45,DSL,Bank transfer (automatic),No,No,No,0.4916071835526819,Medium
3594-IVHJZ,Month-to-month,2,20.45,42.45,No,Mailed check,No internet service,No internet service,No,0.49105000610414723,Medium
0871-OPBXW,Month-to-month,2,20.05,39.25,No,Mailed check,No internet service,No internet service,No,0.4909718667554623,Medium
4958-GZWIY,Month-to-month,7,48.7,340.25,DSL,Electronic check,No,No,Yes,0.49097101244606545,Medium
1422-DGUBX,One year,32,79.25,2619.15,Fiber optic,Electronic check,Yes,No,No,0.4908257762562735,Medium
0887-WBJVH,One year,53,93.45,4872.2,Fiber optic,Electronic check,Yes,No,No,0.4907487680832211,Medium
6270-OMFIW,One year,60,94.4,5610.25,Fiber optic,Electronic check,No,No,Yes,0.4905353157383939,Medium
1919-RTPQD,Month-to-month,7,44.75,333.65,DSL,Electronic check,No,No,No,0.49035055260736216,Medium
7916-VCCPB,Month-to-month,16,73.25,1195.75,Fiber optic,Bank transfer (automatic),No,No,No,0.48993655653330465,Medium
1061-PNTHC,Month-to-month,56,109.6,5953.0,Fiber optic,Mailed check,Yes,Yes,No,0.48898589104855256,Medium
4080-IIARD,Month-to-month,13,76.2,981.45,DSL,Electronic check,Yes,Yes,No,0.48875647550976026,Medium
7402-PWYJJ,One year,53,91.15,4862.5,Fiber optic,Electronic check,Yes,No,No,0.48873992629815816,Medium
9873-MNDKV,Month-to-month,11,44.65,472.25,DSL,Mailed check,No,No,No,0.4883682601555939,Medium
5066-GFJMM,Month-to-month,3,19.9,45.75,No,Mailed check,No internet service,No internet service,No,0.4882560909556127,Medium
7730-IUTDZ,Month-to-month,43,75.2,3198.6,Fiber optic,Electronic check,No,Yes,Yes,0.4881150035023578,Medium
3007-FDPEA,Month-to-month,2,20.7,39.85,No,Bank transfer (automatic),No internet service,No internet service,No,0.48805777976231085,Medium
4081-DYXAV,One year,19,44.85,893.55,DSL,Credit card (automatic),No,No,Yes,0.48791346866267504,Medium
6668-CNMFP,One year,19,89.35,1686.85,Fiber optic,Bank transfer (automatic),Yes,No,No,0.48785408061468694,Medium
2239-JALAW,One year,58,103.25,6017.65,Fiber optic,Bank transfer (automatic),No,No,Yes,0.48760582150782716,Medium
0420-BWTPW,Month-to-month,8,25.5,215.2,DSL,Mailed check,No,No,Yes,0.4870201473493071,Medium
3999-WRNGR,Month-to-month,60,49.75,3069.45,DSL,Electronic check,No,No,No,0.48700513767662706,Medium
1087-UDSIH,Month-to-month,3,19.6,59.75,No,Mailed check,No internet service,No internet service,Yes,0.4869412976427976,Medium
7950-XWOVN,Month-to-month,11,34.7,383.55,DSL,Mailed check,No,No,No,0.48674120508241003,Medium
2000-MPKCA,One year,58,107.75,6332.75,Fiber optic,Electronic check,No,Yes,No,0.48655489130879526,Medium
5287-QWLKY,Month-to-month,71,105.1,7548.1,Fiber optic,Credit card (automatic),No,Yes,Yes,0.48615046602327106,Medium
2957-LOLHO,Month-to-month,12,45.4,518.9,DSL,Bank transfer (automatic),No,No,Yes,0.4861382795541061,Medium
7074-STDCN,Month-to-month,39,40.6,1494.5,DSL,Electronic check,Yes,No,No,0.48613326546435137,Medium
7203-OYKCT,One year,72,104.95,7544.3,Fiber optic,Electronic check,No,No,No,0.4859635797807849,Medium
2947-DOMLJ,Month-to-month,1,50.6,50.6,DSL,Mailed check,No,Yes,Yes,0.48589544317915156,Medium
2393-DIVAI,Month-to-month,3,20.0,61.7,No,Mailed check,No internet service,No internet service,No,0.48576067887253604,Medium
1024-KPRBB,One year,38,89.1,3342.0,Fiber optic,Mailed check,No,No,No,0.48566016169669274,Medium
0222-CNVPT,Month-to-month,52,48.8,2555.05,DSL,Credit card (automatic),No,Yes,No,0.4854397490969686,Medium
2408-TZMJL,One year,59,110.15,6448.05,Fiber optic,Electronic check,No,Yes,Yes,0.48502546806491315,Medium
6942-LBFDP,Month-to-month,2,20.55,33.6,No,Mailed check,No internet service,No internet service,No,0.4846583517277763,Medium
7976-CICYS,Month-to-month,4,20.7,83.75,No,Credit card (automatic),No internet service,No internet service,No,0.484212876840275,Medium
3873-NFTGI,Month-to-month,14,55.5,767.55,DSL,Credit card (automatic),No,No,No,0.48395815087165733,Medium
0690-SRQID,Month-to-month,4,19.65,67.55,No,Mailed check,No internet service,No internet service,No,0.4836752321324177,Medium
1074-AMIOH,Month-to-month,53,108.25,5935.1,Fiber optic,Bank transfer (automatic),Yes,No,No,0.483406781748655,Medium
5149-TGWDZ,One year,21,104.55,2239.4,Fiber optic,Mailed check,Yes,No,No,0.4831304320930118,Medium
5527-ACHSO,Month-to-month,11,70.5,829.3,DSL,Mailed check,Yes,No,No,0.48269305846058586,Medium
8444-WRIDW,Month-to-month,66,80.45,5224.35,Fiber optic,Credit card (automatic),No,No,Yes,0.48235685561448927,Medium
8201-AAXCB,Month-to-month,25,60.35,1404.65,DSL,Electronic check,No,No,No,0.48230098746771444,Medium
5334-JLAXU,Month-to-month,60,94.1,5475.9,Fiber optic,Credit card (automatic),No,Yes,No,0.4821878089482281,Medium
9277-JOOMO,Month-to-month,3,24.6,86.35,No,Mailed check,No internet service,No internet service,No,0.48177408974399455,Medium
9391-YZEJW,One year,62,94.0,5757.2,Fiber optic,Bank transfer (automatic),No,No,No,0.48144163070785895,Medium
1600-DILPE,Month-to-month,12,45.0,524.35,DSL,Bank transfer (automatic),No,No,No,0.48104856832883347,Medium
1453-RZFON,Month-to-month,1,49.9,49.9,DSL,Mailed check,No,Yes,No,0.48078811849351577,Medium
4640-UHDOS,Month-to-month,13,55.95,734.35,DSL,Electronic check,No,No,Yes,0.48059677670794515,Medium
1353-LJWEM,Month-to-month,11,60.9,688.5,DSL,Electronic check,Yes,No,No,0.48044965269434087,Medium
1480-IVEVR,One year,35,81.6,2815.25,Fiber optic,Bank transfer (automatic),No,No,No,0.4800749871814976,Medium
0303-WMMRN,Month-to-month,5,19.25,86.05,No,Mailed check,No internet service,No internet service,No,0.47942255852809446,Medium
5144-PQCDZ,Month-to-month,4,19.95,59.25,No,Mailed check,No internet service,No internet service,No,0.4793637872819579,Medium
5802-ADBRC,One year,50,104.4,5232.9,Fiber optic,Mailed check,No,Yes,No,0.4792146324824399,Medium
7041-TXQJH,Month-to-month,37,40.2,1478.85,DSL,Credit card (automatic),No,No,No,0.478487088284749,Medium
0691-NIKRI,One year,40,105.95,4335.2,Fiber optic,Credit card (automatic),Yes,No,No,0.47824719920395975,Medium
5274-XHAKY,Month-to-month,41,94.3,3893.6,Fiber optic,Bank transfer (automatic),No,Yes,No,0.4779988216835653,Medium
7722-CVFXN,One year,54,105.2,5637.85,Fiber optic,Electronic check,Yes,No,No,0.4778422407730725,Medium
6627-CFOSN,Month-to-month,59,99.45,5623.7,Fiber optic,Bank transfer (automatic),No,Yes,No,0.47775827449600533,Medium
5402-HTOTQ,Month-to-month,16,55.3,875.35,DSL,Electronic check,No,No,No,0.4772789690832189,Medium
8679-JOEVF,Month-to-month,16,59.4,1023.9,DSL,Electronic check,Yes,No,Yes,0.4770460101408211,Medium
7398-LXGYX,Month-to-month,44,84.8,3626.35,Fiber optic,Credit card (automatic),No,Yes,No,0.47668598291319436,Medium
2320-SLKMB,Month-to-month,26,44.45,1183.8,DSL,Credit card (automatic),Yes,No,No,0.475929792890779,Medium
9537-VHDTA,Month-to-month,1,51.2,51.2,DSL,Mailed check,No,Yes,No,0.47585943963069216,Medium
5939-XAIXZ,Month-to-month,19,56.1,1033.9,DSL,Mailed check,No,No,No,0.47576651006767645,Medium
8746-OQQRW,Month-to-month,4,25.25,101.9,No,Mailed check,No internet service,No internet service,No,0.475116366292444,Medium
6253-WRFHY,One year,13,64.75,877.35,DSL,Electronic check,No,No,No,0.47504038131555854,Medium
0807-ZABDG,Month-to-month,3,55.1,154.65,DSL,Mailed check,Yes,Yes,Yes,0.47495516284774053,Medium
4628-WQCQQ,One year,35,85.15,3030.6,Fiber optic,Electronic check,No,No,Yes,0.47491112868621027,Medium
1091-SOZGA,One year,56,99.8,5515.45,Fiber optic,Credit card (automatic),No,No,No,0.4748001253501005,Medium
1217-VASWC,One year,43,100.55,4304.0,Fiber optic,Bank transfer (automatic),No,No,No,0.4742952283355668,Medium
5712-VBOXD,Month-to-month,4,20.15,68.45,No,Credit card (automatic),No internet service,No internet service,No,0.47415067860692145,Medium
4628-CTTLA,Month-to-month,57,39.3,2111.45,DSL,Electronic check,No,No,Yes,0.47377673580123164,Medium
9862-KJTYK,Month-to-month,19,25.35,566.1,DSL,Credit card (automatic),No,No,No,0.47323144585942767,Medium
5337-IIWKZ,Month-to-month,34,44.85,1442.6,DSL,Electronic check,Yes,No,No,0.4730058751959859,Medium
4869-EPIUS,One year,56,80.9,4557.5,Fiber optic,Electronic check,No,No,No,0.47295544244263904,Medium
3541-ZNUHK,Month-to-month,55,85.1,4600.95,Fiber optic,Electronic check,No,Yes,No,0.471935328294455,Medium
1698-XFZCI,One year,61,107.75,6521.9,Fiber optic,Electronic check,No,Yes,No,0.47186131992475366,Medium
3694-GLTJM,Month-to-month,5,19.65,92.05,No,Credit card (automatic),No internet service,No internet service,No,0.4717243927740656,Medium
7133-VBDCG,Month-to-month,25,79.85,2015.35,Fiber optic,Bank transfer (automatic),No,Yes,Yes,0.47132919404046314,Medium
8868-GAGIO,Month-to-month,45,84.55,3713.95,Fiber optic,Mailed check,No,Yes,No,0.4712721674839648,Medium
0520-FDVVT,One year,35,102.35,3626.1,Fiber optic,Bank transfer (automatic),No,No,Yes,0.47095763579456595,Medium
2669-QVCRG,Month-to-month,41,81.3,3190.65,Fiber optic,Credit card (automatic),No,Yes,No,0.470348043230726,Medium
5174-ITUMV,One year,67,105.4,6989.45,Fiber optic,Electronic check,No,No,No,0.47018816087468757,Medium
2732-ISEZX,Month-to-month,5,20.5,104.3,No,Mailed check,No internet service,No internet service,No,0.4701811080209155,Medium
1089-HDMKP,Month-to-month,11,54.55,601.25,DSL,Electronic check,Yes,No,No,0.4700543442579293,Medium
7356-IWLFW,Month-to-month,46,80.0,3769.7,Fiber optic,Bank transfer (automatic),No,No,No,0.4700265830390076,Medium
1899-VXWXM,One year,48,106.1,5082.8,Fiber optic,Credit card (automatic),No,No,Yes,0.47001333245713633,Medium
5198-EFNBM,One year,57,90.65,5199.8,Fiber optic,Electronic check,No,No,No,0.46990977806925927,Medium
1803-BGNBD,Month-to-month,12,54.3,654.5,DSL,Electronic check,Yes,No,No,0.46931378858371653,Medium
0691-JVSYA,One year,53,94.85,5000.2,Fiber optic,Bank transfer (automatic),No,No,Yes,0.4693107231178178,Medium
2433-KMEAS,Month-to-month,22,54.45,1127.35,DSL,Electronic check,No,Yes,Yes,0.46922056669996554,Medium
9103-CXVOK,Month-to-month,1,19.75,19.75,No,Electronic check,No internet service,No internet service,No,0.4690990626761432,Medium
0811-GSDTP,Month-to-month,13,30.15,382.2,DSL,Electronic check,No,No,No,0.4690660260644881,Medium
6207-WIOLX,Month-to-month,25,58.6,1502.65,DSL,Credit card (automatic),No,Yes,Yes,0.4689705285670636,Medium
3689-MOZGR,Month-to-month,29,31.2,926.2,DSL,Electronic check,Yes,No,No,0.4679137068988133,Medium
9489-UTFKA,Month-to-month,8,60.9,551.95,DSL,Bank transfer (automatic),No,Yes,No,0.46781480286104604,Medium
8963-JLGJT,Month-to-month,3,55.9,157.55,DSL,Mailed check,No,Yes,No,0.46779154765973563,Medium
5136-RGMZO,Month-to-month,31,71.05,2168.15,DSL,Electronic check,Yes,No,No,0.467704499380964,Medium
5686-CMAWK,One year,17,86.75,1410.25,Fiber optic,Electronic check,Yes,No,No,0.46769108951724103,Medium
5311-IHLEI,Month-to-month,12,50.95,605.75,DSL,Bank transfer (automatic),Yes,Yes,No,0.4676852878043718,Medium
5827-MWCZK,Month-to-month,56,96.95,5432.2,Fiber optic,Credit card (automatic),Yes,No,No,0.4675043331720493,Medium
5136-KCKGI,One year,33,103.7,3467.0,Fiber optic,Mailed check,No,Yes,Yes,0.46728356097258894,Medium
8919-FYFQZ,Month-to-month,44,30.35,1359.7,DSL,Electronic check,No,No,Yes,0.4670915361038495,Medium
8980-WQFWL,Month-to-month,35,62.1,2096.1,DSL,Electronic check,No,No,No,0.4670347941581389,Medium
2817-NTQDO,Month-to-month,13,45.55,597.0,DSL,Credit card (automatic),Yes,Yes,Yes,0.4668682339009458,Medium
7909-FIOIY,Month-to-month,19,24.85,434.8,DSL,Mailed check,No,No,No,0.46683235742444407,Medium
6854-EXGSF,Month-to-month,8,65.5,573.15,DSL,Bank transfer (automatic),No,Yes,No,0.4667964466190363,Medium
9481-IEBZY,Month-to-month,72,112.9,8061.5,Fiber optic,Credit card (automatic),Yes,Yes,No,0.46675611464897493,Medium
6572-ADKRS,Month-to-month,46,74.8,3548.3,Fiber optic,Credit card (automatic),No,No,No,0.46650566866646315,Medium
5897-ZYEKH,One year,67,105.6,7112.15,Fiber optic,Electronic check,No,Yes,No,0.4664946691428111,Medium
4132-POCZS,Month-to-month,52,39.9,2020.9,DSL,Electronic check,No,Yes,No,0.46647670999120705,Medium
5370-IIVVL,One year,37,104.5,3778.0,Fiber optic,Credit card (automatic),Yes,No,No,0.4663581275463711,Medium
0523-VNGTF,Month-to-month,52,50.5,2566.3,DSL,Electronic check,Yes,No,No,0.4661722222185544,Medium
9518-RWHZL,One year,64,100.05,6254.2,Fiber optic,Credit card (automatic),No,No,Yes,0.4659037180489628,Medium
4695-VADHF,Month-to-month,18,57.45,990.85,DSL,Electronic check,No,No,Yes,0.46559930381468406,Medium
8979-CAMGB,One year,64,102.1,6688.1,Fiber optic,Electronic check,Yes,No,No,0.4650965951104826,Medium
0621-HJWXJ,Month-to-month,63,81.55,5029.05,Fiber optic,Bank transfer (automatic),No,No,No,0.4649646891964854,Medium
2684-EIWEO,Month-to-month,30,91.7,2758.15,Fiber optic,Credit card (automatic),No,Yes,Yes,0.46475183108700197,Medium
9705-IOVQQ,One year,61,99.0,5969.3,Fiber optic,Electronic check,No,No,No,0.46397703703382603,Medium
9374-YOLBJ,Month-to-month,1,19.25,19.25,No,Electronic check,No internet service,No internet service,No,0.46325326864419497,Medium
7905-NJMXS,Month-to-month,7,64.2,475.0,DSL,Electronic check,Yes,Yes,No,0.46324877526367586,Medium
7128-GGCNO,Month-to-month,46,72.8,3249.4,Fiber optic,Bank transfer (automatic),No,No,No,0.46295923349251794,Medium
3522-CDKHF,Month-to-month,32,75.5,2324.7,Fiber optic,Bank transfer (automatic),No,Yes,No,0.46288073181327044,Medium
5423-BHIXO,Month-to-month,32,54.2,1739.6,DSL,Electronic check,No,No,No,0.46281762807736543,Medium
0314-TKOSI,Month-to-month,6,55.15,322.9,DSL,Mailed check,No,Yes,No,0.4627701372557355,Medium
8329-GWVPJ,Month-to-month,50,69.75,3557.7,Fiber optic,Bank transfer (automatic),No,No,No,0.46276928583824156,Medium
3679-XASPY,Month-to-month,1,19.45,19.45,No,Electronic check,No internet service,No internet service,No,0.4624977646303027,Medium
6179-GJPSO,Month-to-month,43,108.15,4600.7,Fiber optic,Credit card (automatic),Yes,Yes,Yes,0.46241040644767745,Medium
1814-DKOLC,Month-to-month,5,25.45,134.75,No,Mailed check,No internet service,No internet service,No,0.4616624356036572,Medium
4781-ZXYGU,Month-to-month,1,20.15,20.15,No,Bank transfer (automatic),No internet service,No internet service,No,0.4616075999441439,Medium
3763-GCZHZ,One year,66,104.05,6890.0,Fiber optic,Electronic check,Yes,No,Yes,0.4615970436660186,Medium
7595-EHCDL,Month-to-month,32,50.6,1653.45,DSL,Credit card (automatic),No,No,No,0.46151363752909935,Medium
6728-VOIFY,One year,63,96.0,6109.75,Fiber optic,Electronic check,No,No,No,0.4613541360872704,Medium
2740-JFBOK,Month-to-month,10,24.0,226.55,No,Electronic check,No internet service,No internet service,No,0.46125644247479886,Medium
3807-BPOMJ,One year,55,94.75,5276.1,Fiber optic,Electronic check,No,Yes,No,0.46111887131792484,Medium
2911-UREFD,Month-to-month,39,55.9,2184.35,DSL,Electronic check,No,Yes,Yes,0.4609882174324463,Medium
3807-XHCJH,Month-to-month,1,20.0,20.0,No,Electronic check,No internet service,No internet service,No,0.46042102667997886,Medium
3016-KSVCP,Month-to-month,29,33.75,1009.25,DSL,Mailed check,No,No,No,0.4603096986066537,Medium
8679-LZBMD,One year,44,90.65,3974.15,Fiber optic,Bank transfer (automatic),No,No,No,0.4601324768428492,Medium
8229-MYEJZ,Month-to-month,10,51.2,498.25,DSL,Electronic check,No,No,No,0.46013180247797,Medium
3982-DQLUS,Month-to-month,65,85.75,5688.45,Fiber optic,Electronic check,No,Yes,No,0.4596886662326493,Medium
0461-CVKMU,Month-to-month,23,83.8,1900.25,Fiber optic,Electronic check,Yes,No,Yes,0.4595739699057218,Medium
5028-HTLJB,Month-to-month,1,20.05,20.05,No,Mailed check,No internet service,No internet service,Yes,0.45956238353729917,Medium
7750-EYXWZ,One year,12,60.65,743.3,DSL,Electronic check,Yes,No,No,0.4593440188583115,Medium
8791-GFXLZ,Month-to-month,12,49.05,593.05,DSL,Bank transfer (automatic),No,No,No,0.45921887276178236,Medium
3325-FUYCG,One year,28,106.1,2847.4,Fiber optic,Electronic check,No,Yes,Yes,0.45886871141017066,Medium
6549-NNDYT,Month-to-month,13,30.85,394.1,DSL,Bank transfer (automatic),No,Yes,No,0.4584884678334158,Medium
8799-OXZMD,Month-to-month,28,29.75,790.7,DSL,Mailed check,No,No,No,0.45845981937305885,Medium
1423-BMPBQ,Month-to-month,1,19.0,19.0,No,Mailed check,No internet service,No internet service,No,0.4582102998651174,Medium
3701-SFMUH,Month-to-month,7,69.7,516.15,DSL,Credit card (automatic),No,Yes,No,0.45772673211397275,Medium
5955-EPOAZ,Month-to-month,6,20.95,109.5,No,Mailed check,No internet service,No internet service,No,0.4576963787241164,Medium
8267-ZNYVZ,One year,33,103.75,3361.05,Fiber optic,Electronic check,Yes,Yes,Yes,0.4573359131505471,Medium
1710-RCXUS,One year,51,90.35,4614.55,Fiber optic,Credit card (automatic),No,No,No,0.45729646551222974,Medium
0956-ACVZC,One year,54,94.1,5060.9,Fiber optic,Credit card (automatic),No,No,No,0.4572778175668704,Medium
6897-UUBNU,Month-to-month,29,89.65,2623.65,Fiber optic,Mailed check,Yes,No,No,0.45671401368631265,Medium
9629-NHXFW,Month-to-month,1,19.4,19.4,No,Mailed check,No internet service,No internet service,No,0.4567019167380476,Medium
9481-SFCQY,Month-to-month,14,59.8,824.85,DSL,Credit card (automatic),No,No,No,0.4566673330820047,Medium
4138-NAXED,Month-to-month,51,81.0,4085.75,Fiber optic,Bank transfer (automatic),No,No,No,0.4565985949057621,Medium
5438-QMDDL,Month-to-month,19,59.8,1130.85,DSL,Mailed check,No,No,No,0.4564155308985212,Medium
5325-UWTWJ,Month-to-month,31,90.55,2929.75,Fiber optic,Credit card (automatic),Yes,Yes,No,0.4563944738053853,Medium
1871-MOWRM,Month-to-month,12,80.85,866.45,Fiber optic,Bank transfer (automatic),Yes,Yes,Yes,0.45616103750037734,Medium
3308-MHOOC,Month-to-month,1,19.2,19.2,No,Mailed check,No internet service,No internet service,No,0.45615633413992773,Medium
7661-CPURM,One year,19,87.7,1725.95,Fiber optic,Credit card (automatic),Yes,No,No,0.4557927988882076,Medium
1724-IQWNM,Month-to-month,1,19.3,19.3,No,Mailed check,No internet service,No internet service,No,0.45577943384459957,Medium
0617-FHSGK,Month-to-month,49,75.2,3678.3,Fiber optic,Credit card (automatic),No,No,Yes,0.45529574241211124,Medium
2195-VVRJF,Month-to-month,18,59.1,1011.05,DSL,Credit card (automatic),No,Yes,No,0.4552941239393749,Medium
1725-MIMXW,Month-to-month,1,19.45,19.45,No,Mailed check,No internet service,No internet service,Yes,0.45521417848991136,Medium
4672-FOTSD,Month-to-month,12,67.25,832.3,DSL,Electronic check,Yes,Yes,No,0.4548604716274064,Medium
1169-SAOCL,One year,49,106.65,5168.1,Fiber optic,Bank transfer (automatic),Yes,No,No,0.4544284336790586,Medium
7853-GVUDZ,Month-to-month,1,20.15,20.15,No,Credit card (automatic),No internet service,No internet service,Yes,0.4543617654806494,Medium
8294-UIMBA,One year,30,94.4,2638.1,Fiber optic,Bank transfer (automatic),Yes,No,No,0.45399612661102,Medium
3339-EAQNV,One year,72,97.25,7133.1,Fiber optic,Credit card (automatic),No,No,No,0.4532665993310292,Medium
9795-VOWON,One year,7,24.35,150.85,DSL,Credit card (automatic),No,No,No,0.4532423768491478,Medium
3714-JTVOV,Month-to-month,42,74.15,3229.4,Fiber optic,Credit card (automatic),No,Yes,Yes,0.453140912354923,Medium
1208-NBVFH,Month-to-month,20,49.6,939.8,DSL,Electronic check,No,No,No,0.4531186186918628,Medium
6507-DTJZV,Month-to-month,13,66.4,831.75,DSL,Credit card (automatic),No,No,No,0.4528505014809595,Medium
6599-GZWCM,One year,13,74.65,966.25,Fiber optic,Mailed check,No,No,No,0.452828475137844,Medium
4255-DDUOU,Month-to-month,1,20.5,20.5,No,Mailed check,No internet service,No internet service,Yes,0.4525580370947923,Medium
1020-JPQOW,Month-to-month,56,90.55,5116.6,Fiber optic,Electronic check,Yes,No,No,0.4524298711995371,Medium
5868-YTYKS,Month-to-month,1,20.25,20.25,No,Mailed check,No internet service,No internet service,No,0.4522014668089882,Medium
1596-OQSPS,Month-to-month,11,51.1,531.15,DSL,Electronic check,No,No,No,0.4520201796004239,Medium
1591-MQJTP,One year,51,93.65,4839.15,Fiber optic,Bank transfer (automatic),No,Yes,No,0.45176249839469534,Medium
8961-QDZZJ,One year,57,95.0,5535.8,Fiber optic,Electronic check,No,No,No,0.4514919640782411,Medium
2475-MROZF,Month-to-month,30,95.0,2852.4,Fiber optic,Credit card (automatic),Yes,Yes,No,0.45131700970219024,Medium
7285-KLOTR,One year,12,78.85,876.75,DSL,Electronic check,No,Yes,No,0.45129786799972976,Medium
3842-QTGDL,Month-to-month,16,80.75,1321.3,Fiber optic,Bank transfer (automatic),No,Yes,No,0.45129255634376736,Medium
7016-BPGEU,Month-to-month,29,25.1,712.85,DSL,Credit card (automatic),No,No,Yes,0.4511902857550873,Medium
5067-XJQFU,One year,66,108.45,7076.35,Fiber optic,Electronic check,Yes,No,No,0.4509628772280859,Medium
0130-SXOUN,Month-to-month,66,89.4,5976.9,Fiber optic,Credit card (automatic),No,No,No,0.45087177157558994,Medium
9821-BESNZ,One year,66,104.25,6860.6,Fiber optic,Electronic check,Yes,No,No,0.4508331450174625,Medium
1110-KYLGQ,Month-to-month,63,108.25,6780.1,Fiber optic,Credit card (automatic),No,Yes,No,0.45037345729792827,Medium
0959-WHOKV,One year,42,99.0,4298.45,Fiber optic,Electronic check,No,Yes,No,0.4497641302356981,Medium
9500-LTVBP,Month-to-month,35,80.05,2835.9,Fiber optic,Credit card (automatic),Yes,No,No,0.44969413221802285,Medium
8205-MQUGY,Month-to-month,12,49.2,571.15,DSL,Electronic check,No,Yes,No,0.44967614878691897,Medium
8267-KFGYD,Month-to-month,1,21.05,21.05,No,Mailed check,No internet service,No internet service,No,0.4491922537920664,Medium
9314-QDMDW,One year,11,61.25,729.95,DSL,Electronic check,No,No,No,0.4491866071036314,Medium
5708-EVONK,Month-to-month,58,93.4,5435.6,Fiber optic,Bank transfer (automatic),No,Yes,Yes,0.4489357558614785,Medium
6576-FBXOJ,One year,17,54.6,934.8,DSL,Electronic check,Yes,No,No,0.4488881887066217,Medium
4701-AHWMW,Month-to-month,55,54.55,2978.3,DSL,Bank transfer (automatic),Yes,No,Yes,0.4487038300400704,Medium
4851-BQDNX,One year,40,85.05,3355.65,Fiber optic,Electronic check,No,No,No,0.44866008785217854,Medium
5133-VRSAB,Month-to-month,8,29.35,216.45,DSL,Mailed check,No,Yes,No,0.44853330938502994,Medium
8597-CWYHH,One year,43,94.35,3921.3,Fiber optic,Mailed check,No,No,No,0.44848892531278517,Medium
8976-OQHGT,Month-to-month,4,56.5,235.1,DSL,Mailed check,Yes,No,Yes,0.4483545006954439,Medium
8263-OKETD,Month-to-month,20,68.9,1370.35,DSL,Credit card (automatic),Yes,No,No,0.4479155549909085,Medium
0877-SDMBN,One year,54,103.95,5639.05,Fiber optic,Bank transfer (automatic),No,Yes,Yes,0.44714267980562794,Medium
8945-MUQUF,One year,51,94.8,4837.6,Fiber optic,Electronic check,No,Yes,Yes,0.44681881169059173,Medium
8189-HBVRW,Month-to-month,53,90.8,4921.2,Fiber optic,Electronic check,No,Yes,No,0.44677060103852234,Medium
5898-IGSLP,Month-to-month,31,89.3,2823.0,Fiber optic,Electronic check,Yes,Yes,No,0.4465316027263316,Medium
3313-QKNKB,One year,59,85.55,5084.65,Fiber optic,Electronic check,No,No,Yes,0.44651784904298214,Medium
9571-EDEBV,One year,71,98.65,6962.85,Fiber optic,Credit card (automatic),No,No,No,0.4464409575497182,Medium
3407-QGWLG,Month-to-month,3,20.05,75.45,No,Mailed check,No internet service,No internet service,No,0.44637934402754065,Medium
4123-FCVCB,One year,12,75.85,854.45,DSL,Mailed check,Yes,No,No,0.44624954295510183,Medium
6777-TGHTM,One year,53,106.95,5785.5,Fiber optic,Credit card (automatic),No,Yes,Yes,0.4461014939593827,Medium
3190-XFANI,One year,49,100.6,5069.65,Fiber optic,Bank transfer (automatic),Yes,No,Yes,0.44596990395566094,Medium
5780-INQIK,Month-to-month,8,49.4,408.25,DSL,Electronic check,Yes,No,No,0.44551798139670273,Medium
3780-DDGSE,Month-to-month,35,76.05,2747.2,DSL,Electronic check,Yes,No,No,0.4454992604679083,Medium
0215-BQKGS,Month-to-month,30,84.3,2438.6,Fiber optic,Credit card (automatic),No,Yes,No,0.44549687727284754,Medium
7694-VLBWQ,One year,67,104.1,7040.85,Fiber optic,Electronic check,No,No,Yes,0.4442215794530084,Medium
4194-WHFCB,Month-to-month,59,96.65,5580.8,Fiber optic,Bank transfer (automatic),Yes,No,No,0.44420345622916246,Medium
6689-VRRTK,One year,44,109.8,4860.35,Fiber optic,Credit card (automatic),No,Yes,No,0.4440594260985925,Medium
2731-GJRDG,One year,32,109.55,3608.0,Fiber optic,Bank transfer (automatic),Yes,Yes,No,0.44377626931611164,Medium
4987-GQWPO,Month-to-month,17,25.1,382.8,DSL,Credit card (automatic),No,No,No,0.4437218787338484,Medium
2778-OCLGR,Month-to-month,24,39.1,971.3,DSL,Bank transfer (automatic),No,Yes,Yes,0.44350224198438926,Medium
1104-FEJAM,Month-to-month,28,64.4,1802.15,DSL,Electronic check,No,No,No,0.4434358736477254,Medium
4350-ZTLPI,One year,53,108.95,5718.2,Fiber optic,Bank transfer (automatic),Yes,No,No,0.4424148409870048,Medium
7993-NQLJE,Month-to-month,15,75.1,1151.55,Fiber optic,Mailed check,No,Yes,No,0.44222989694253956,Medium
4819-HJPIW,Month-to-month,18,25.15,476.8,DSL,Mailed check,No,No,No,0.4419005635934277,Medium
2153-MREFK,One year,37,99.2,3754.6,Fiber optic,Electronic check,Yes,Yes,Yes,0.44155660045473744,Medium
5298-GSTLM,One year,60,101.4,6176.6,Fiber optic,Bank transfer (automatic),No,Yes,No,0.44134436665362853,Medium
8190-ZTQFB,One year,41,51.35,2075.1,DSL,Electronic check,No,No,No,0.44125770860920205,Medium
3982-XWFZQ,Month-to-month,42,50.25,2203.65,DSL,Electronic check,No,No,Yes,0.44082349679072647,Medium
2957-JIRMN,One year,62,84.45,4959.15,Fiber optic,Electronic check,No,No,No,0.44070450635265673,Medium
6050-IJRHS,One year,70,106.5,7397.0,Fiber optic,Electronic check,No,No,No,0.4404565993210577,Medium
9591-YVTEB,Month-to-month,55,44.85,2479.05,DSL,Electronic check,No,Yes,No,0.44017623240803355,Medium
7683-CBDKJ,Month-to-month,14,65.45,937.6,DSL,Electronic check,No,Yes,Yes,0.4400289601957146,Medium
3927-NLNRY,One year,53,94.25,4867.95,Fiber optic,Bank transfer (automatic),No,No,Yes,0.43999929291495654,Medium
4710-NKCAW,Month-to-month,5,64.4,316.9,DSL,Credit card (automatic),Yes,Yes,No,0.43948727543603855,Medium
2673-CXQEU,One year,56,110.5,6139.5,Fiber optic,Electronic check,No,Yes,No,0.43944333465147484,Medium
8049-WJCLQ,Month-to-month,10,60.2,563.5,DSL,Mailed check,No,No,No,0.43933373107077167,Medium
0618-XWMSS,Month-to-month,28,74.9,2068.55,Fiber optic,Bank transfer (automatic),No,Yes,Yes,0.43926045033461203,Medium
4012-ZTHBR,Month-to-month,21,44.95,926.25,DSL,Electronic check,No,No,No,0.4390530916482619,Medium
5701-SVCWR,Month-to-month,1,24.0,24.0,No,Mailed check,No internet service,No internet service,No,0.43895143287291644,Medium
6231-WFGFH,Month-to-month,4,20.5,77.6,No,Mailed check,No internet service,No internet service,No,0.4388528370524026,Medium
1867-TJHTS,Month-to-month,58,79.8,4526.85,Fiber optic,Bank transfer (automatic),No,Yes,No,0.4387480500233227,Medium
7188-CBBBA,One year,65,95.5,6153.85,Fiber optic,Electronic check,No,No,No,0.4385598026809224,Medium
4431-EDMIQ,Month-to-month,7,75.7,554.05,DSL,Electronic check,Yes,Yes,No,0.4385390784376842,Medium
2826-UWHIS,Month-to-month,45,81.4,3775.85,Fiber optic,Bank transfer (automatic),No,No,No,0.43847167239739565,Medium
6397-JNZZG,Month-to-month,43,55.55,2342.2,DSL,Credit card (automatic),No,No,Yes,0.4379346941311313,Medium
4118-CEVPF,One year,35,110.8,3836.3,Fiber optic,Bank transfer (automatic),Yes,Yes,No,0.4379344143494917,Medium
8878-RYUKI,Month-to-month,52,59.45,3043.7,DSL,Electronic check,No,No,No,0.43767924643769657,Medium
7134-MJPDY,One year,66,102.85,6976.75,Fiber optic,Credit card (automatic),Yes,No,No,0.4376614423990205,Medium
7673-LPRNY,One year,23,78.55,1843.05,DSL,Electronic check,No,Yes,No,0.43758599570637136,Medium
7826-VVKWT,Two year,24,96.55,2263.45,Fiber optic,Electronic check,No,No,No,0.4372418121305641,Medium
3604-WLABM,Month-to-month,10,54.25,583.0,DSL,Electronic check,Yes,No,No,0.4372093099603843,Medium
5309-TAIKL,Month-to-month,7,62.8,418.3,DSL,Bank transfer (automatic),Yes,No,No,0.4371740392035401,Medium
3870-MQAMG,One year,54,110.35,5893.15,Fiber optic,Electronic check,Yes,No,Yes,0.4370547412723164,Medium
7319-VENRZ,Month-to-month,7,64.3,445.95,DSL,Bank transfer (automatic),Yes,No,No,0.43651109207730304,Medium
8715-KKTFG,One year,61,103.3,6518.35,Fiber optic,Bank transfer (automatic),Yes,No,No,0.4364836711881967,Medium
8250-ZNGGW,Month-to-month,5,59.9,287.85,DSL,Credit card (automatic),Yes,Yes,No,0.43597837076517226,Medium
1976-AZZPJ,Month-to-month,7,34.2,256.6,DSL,Mailed check,No,Yes,No,0.43579951875588246,Medium
1855-CFULU,Month-to-month,4,20.05,91.45,No,Mailed check,No internet service,No internet service,No,0.4356548171833156,Medium
6008-NAIXK,One year,54,55.45,2966.95,DSL,Electronic check,No,No,No,0.4355790849462213,Medium
6967-QIQRV,One year,15,101.9,1667.25,Fiber optic,Electronic check,Yes,Yes,No,0.43554924709430104,Medium
0870-VEMYL,Month-to-month,5,53.85,259.8,DSL,Credit card (automatic),Yes,Yes,Yes,0.43551547960388526,Medium
1170-SASML,Month-to-month,69,85.4,5869.4,Fiber optic,Bank transfer (automatic),No,No,No,0.4354540698038912,Medium
1958-RNRKS,Month-to-month,30,49.9,1441.95,DSL,Electronic check,No,No,No,0.4353134825041647,Medium
4452-QIIEB,Month-to-month,7,43.9,278.4,DSL,Mailed check,No,No,No,0.4351599597661277,Medium
7989-AWGEH,Month-to-month,49,39.2,1838.15,DSL,Electronic check,No,Yes,No,0.43491723606986504,Medium
0471-LVHGK,One year,41,73.0,3001.2,DSL,Electronic check,No,No,Yes,0.4347836714254066,Medium
2284-VFLKH,One year,49,99.25,4920.8,Fiber optic,Credit card (automatic),Yes,No,No,0.4346845096841061,Medium
4913-EHYUI,One year,56,104.55,5794.65,Fiber optic,Bank transfer (automatic),No,Yes,Yes,0.4345486571522281,Medium
4415-WNGVR,One year,12,79.2,943.85,DSL,Electronic check,Yes,Yes,No,0.43402738687599346,Medium
4524-QCSSM,Month-to-month,26,44.65,1156.55,DSL,Bank transfer (automatic),No,Yes,No,0.4339582089259259,Medium
5201-FRKKS,Month-to-month,25,74.3,1952.25,Fiber optic,Bank transfer (automatic),No,Yes,No,0.4337575133742498,Medium
2080-SRCDE,Month-to-month,1,25.4,25.4,No,Mailed check,No internet service,No internet service,No,0.4337198547686574,Medium
1848-LBZHY,Month-to-month,7,50.3,355.1,DSL,Bank transfer (automatic),No,Yes,No,0.43353091050504844,Medium
8999-XXGNS,One year,72,105.75,7629.85,Fiber optic,Credit card (automatic),No,No,No,0.433490106665137,Medium
3528-HFRIQ,Month-to-month,71,52.3,3765.05,DSL,Bank transfer (automatic),No,No,No,0.43332111278803853,Medium
9327-QSDED,Month-to-month,8,43.55,335.4,DSL,Mailed check,No,No,No,0.43329508815995427,Medium
8091-TTVAX,One year,58,100.35,5681.1,Fiber optic,Credit card (automatic),No,No,No,0.43253723882320605,Medium
3170-GWYKC,Month-to-month,60,104.95,6236.75,Fiber optic,Bank transfer (automatic),Yes,Yes,No,0.4324986034639727,Medium
1448-CYWKC,One year,58,105.2,6225.4,Fiber optic,Credit card (automatic),No,No,No,0.43240873879256597,Medium
0668-OGMHD,Month-to-month,21,28.5,629.35,DSL,Electronic check,No,Yes,No,0.43207944203993115,Medium
9881-VCZEP,Month-to-month,25,54.1,1373.0,DSL,Electronic check,No,No,No,0.43206701490480165,Medium
7799-DSEWS,Month-to-month,18,68.35,1299.8,DSL,Electronic check,Yes,Yes,No,0.4317671032491493,Medium
4785-NKHCX,Month-to-month,5,20.05,94.15,No,Bank transfer (automatic),No internet service,No internet service,No,0.4313843238754044,Medium
6425-YQLLO,One year,66,105.95,6975.25,Fiber optic,Credit card (automatic),Yes,No,Yes,0.43094258857060375,Medium
7409-JURKQ,One year,53,111.8,5809.75,Fiber optic,Bank transfer (automatic),Yes,No,No,0.430763900939276,Medium
6713-OKOMC,Month-to-month,10,29.75,301.9,DSL,Mailed check,No,Yes,No,0.4299151295854501,Medium
1984-FCOWB,One year,70,109.5,7674.55,Fiber optic,Electronic check,Yes,No,Yes,0.4295828002796178,Medium
7410-KTVFV,Month-to-month,18,49.55,878.35,DSL,Mailed check,No,No,Yes,0.4293063326183542,Medium
2937-FTHUR,Month-to-month,18,64.8,1166.7,DSL,Electronic check,No,Yes,No,0.4293007774438448,Medium
8627-ZYGSZ,One year,47,78.9,3650.35,Fiber optic,Electronic check,No,No,No,0.42927799296474195,Medium
3629-WEAAM,Month-to-month,8,64.1,504.05,DSL,Mailed check,Yes,No,No,0.42856217088182935,Medium
2207-OBZNX,Month-to-month,7,51.0,354.05,DSL,Mailed check,No,Yes,Yes,0.4285139825426735,Medium
8421-WZOOW,Month-to-month,57,95.3,5567.45,Fiber optic,Credit card (automatic),Yes,No,No,0.42782220557322437,Medium
3030-YZADT,Month-to-month,9,44.95,431.0,DSL,Mailed check,No,No,Yes,0.4277695669665594,Medium
6954-OOYZZ,Month-to-month,18,44.35,768.05,DSL,Bank transfer (automatic),No,No,No,0.4277547218506451,Medium
8706-HRADD,Month-to-month,21,43.55,1011.5,DSL,Mailed check,Yes,Yes,No,0.4275789923925915,Medium
7874-ECPQJ,Month-to-month,4,20.05,85.5,No,Bank transfer (automatic),No internet service,No internet service,No,0.42718069337597375,Medium
6281-FKEWS,One year,44,49.05,2265.0,DSL,Electronic check,No,No,No,0.4271633402615343,Medium
8455-HIRAQ,Month-to-month,8,44.45,369.3,DSL,Mailed check,No,No,No,0.4268092850338353,Medium
9701-CDXHR,Month-to-month,51,69.15,3649.6,Fiber optic,Mailed check,No,No,No,0.4263803113770149,Medium
6345-HOVES,Month-to-month,34,25.05,852.7,DSL,Bank transfer (automatic),No,No,No,0.4263676150636922,Medium
8920-NAVAY,One year,62,110.75,7053.35,Fiber optic,Bank transfer (automatic),Yes,No,No,0.4262046322725697,Medium
2898-LSJGD,One year,21,55.95,1157.05,DSL,Electronic check,No,Yes,Yes,0.425884502054492,Medium
9825-YCXWZ,One year,41,101.1,4016.2,Fiber optic,Bank transfer (automatic),Yes,No,No,0.4257420906715815,Medium
5876-HZVZM,Month-to-month,6,55.9,365.35,DSL,Credit card (automatic),No,Yes,Yes,0.42532981435674644,Medium
4945-RVMTE,Month-to-month,28,59.55,1646.45,DSL,Bank transfer (automatic),No,No,No,0.4251887830597761,Medium
0701-TJSEF,Month-to-month,9,68.25,576.95,DSL,Bank transfer (automatic),Yes,Yes,No,0.42511572582717105,Medium
0228-MAUWC,Month-to-month,19,59.55,1144.6,DSL,Electronic check,Yes,No,No,0.42510823135110026,Medium
6473-ULUHT,Month-to-month,16,84.9,1398.25,DSL,Electronic check,Yes,Yes,No,0.42491808607898607,Medium
9833-TGFHX,One year,42,97.1,4016.75,Fiber optic,Electronic check,No,Yes,No,0.42481927598922486,Medium
8901-HJXTF,Month-to-month,12,29.2,309.1,DSL,Mailed check,No,No,Yes,0.42476667642192556,Medium
9360-AHGNL,One year,43,109.55,4830.25,Fiber optic,Mailed check,Yes,Yes,Yes,0.4246649891206756,Medium
9154-QDGTH,One year,43,104.3,4451.85,Fiber optic,Credit card (automatic),Yes,No,No,0.42462577583665373,Medium
9058-HRZSV,Month-to-month,65,94.4,6126.15,Fiber optic,Electronic check,No,Yes,No,0.42436533127027126,Medium
5186-EJEGL,Month-to-month,9,69.5,653.25,DSL,Mailed check,Yes,Yes,No,0.42418407191645985,Medium
0595-ITUDF,Month-to-month,64,91.8,5960.5,Fiber optic,Electronic check,No,Yes,No,0.4236877242530863,Medium
9975-SKRNR,Month-to-month,1,18.9,18.9,No,Mailed check,No internet service,No internet service,No,0.4236791353532308,Medium
8198-RKSZG,Month-to-month,14,80.45,1137.05,DSL,Credit card (automatic),Yes,No,No,0.423640016023476,Medium
3886-CERTZ,One year,72,109.25,8109.8,Fiber optic,Electronic check,Yes,No,Yes,0.4235723013657118,Medium
1015-OWJKI,Month-to-month,1,19.05,19.05,No,Mailed check,No internet service,No internet service,No,0.4231227385035304,Medium
9441-QHEVC,Month-to-month,1,19.1,19.1,No,Mailed check,No internet service,No internet service,No,0.422937316140116,Medium
9101-NTIXF,Month-to-month,2,19.4,50.6,No,Mailed check,No internet service,No internet service,No,0.422914360091617,Medium
2303-PJYHN,Month-to-month,2,19.85,52.0,No,Bank transfer (automatic),No internet service,No internet service,No,0.4228659832193421,Medium
2305-MRGLV,Month-to-month,28,76.55,2065.4,Fiber optic,Bank transfer (automatic),Yes,No,No,0.42272273957858797,Medium
7926-IJOOU,Month-to-month,1,19.3,19.3,No,Credit card (automatic),No internet service,No internet service,No,0.4226740843329006,Medium
1663-MHLHE,Month-to-month,1,19.2,19.2,No,Mailed check,No internet service,No internet service,No,0.4225665365912682,Medium
2810-FTLEM,Month-to-month,16,50.15,762.25,DSL,Electronic check,No,Yes,Yes,0.42245427141833686,Medium
6633-SYEUS,Month-to-month,23,83.2,2032.3,Fiber optic,Bank transfer (automatic),Yes,No,No,0.4222646452888552,Medium
2308-STERM,Month-to-month,2,19.4,61.05,No,Mailed check,No internet service,No internet service,No,0.4221090843286844,Medium
5447-WZAFP,One year,53,100.3,5200.8,Fiber optic,Mailed check,No,No,No,0.42209131606819017,Medium
4310-KEDTB,Month-to-month,26,29.8,786.5,DSL,Mailed check,No,No,No,0.4218261927424603,Medium
5766-ZJYBB,Month-to-month,1,19.4,19.4,No,Mailed check,No internet service,No internet service,Yes,0.42182523959564666,Medium
8393-JMVMB,Month-to-month,1,19.45,19.45,No,Mailed check,No internet service,No internet service,No,0.42163997024067096,Medium
8150-QUDFX,Month-to-month,2,19.85,51.6,No,Mailed check,No internet service,No internet service,No,0.4213136936902582,Medium
1029-QFBEN,Month-to-month,1,19.55,19.55,No,Mailed check,No internet service,No internet service,Yes,0.4212694977502482,Medium
7601-WFVZV,Month-to-month,1,19.55,19.55,No,Mailed check,No internet service,No internet service,No,0.4212694977502482,Medium
6344-SFJVH,Month-to-month,20,24.9,505.95,DSL,Credit card (automatic),No,No,No,0.42121886570450395,Medium
2272-JKMSI,One year,62,110.8,6840.95,Fiber optic,Electronic check,Yes,No,No,0.421098007409878,Medium
1194-SPVSP,Month-to-month,1,19.65,19.65,No,Bank transfer (automatic),No internet service,No internet service,No,0.4209142842211799,Medium
3785-NRHYR,Month-to-month,1,19.65,19.65,No,Mailed check,No internet service,No internet service,No,0.42089911388246026,Medium
6141-OOXUQ,Month-to-month,1,19.65,19.65,No,Mailed check,No internet service,No internet service,Yes,0.42089911388246026,Medium
7957-RYHQD,Month-to-month,40,79.2,3233.85,Fiber optic,Credit card (automatic),No,Yes,Yes,0.42077812262656583,Medium
9844-FELAJ,One year,70,107.9,7475.85,Fiber optic,Electronic check,Yes,No,No,0.4207433489522565,Medium
6615-ZGEDR,Month-to-month,1,19.7,19.7,No,Mailed check,No internet service,No internet service,Yes,0.4207139553056856,Medium
4237-CLSMM,Month-to-month,2,20.0,38.0,No,Mailed check,No internet service,No internet service,No,0.4206039770839435,Medium
2995-UPRYS,One year,40,99.2,4062.2,Fiber optic,Credit card (automatic),Yes,No,Yes,0.4205499593295716,Medium
3717-OFRTN,Month-to-month,1,19.75,19.75,No,Bank transfer (automatic),No internet service,No internet service,No,0.42054398571736795,Medium
7239-HZZCX,Month-to-month,1,19.75,19.75,No,Mailed check,No internet service,No internet service,Yes,0.42052881903287803,Medium
3930-ZGWVE,Month-to-month,1,19.75,19.75,No,Mailed check,No internet service,No internet service,No,0.42052881903287803,Medium
9103-TCIHJ,Month-to-month,15,55.7,899.8,DSL,Mailed check,No,Yes,Yes,0.4204906027702745,Medium
4646-QZXTF,Month-to-month,7,81.25,580.1,DSL,Bank transfer (automatic),Yes,Yes,No,0.420478580686442,Medium
0366-NQSHS,Month-to-month,2,19.35,46.35,No,Mailed check,No internet service,No internet service,No,0.4204082873266544,Medium
4892-VLANZ,Month-to-month,1,19.8,19.8,No,Mailed check,No internet service,No internet service,Yes,0.42034370511342223,Medium
9426-SXNHE,Month-to-month,2,18.75,53.15,No,Bank transfer (automatic),No internet service,No internet service,No,0.42025011644264926,Medium
8652-YHIYU,One year,16,79.5,1264.2,Fiber optic,Credit card (automatic),Yes,No,No,0.42023547039790776,Medium
2346-DJQTB,Month-to-month,35,24.15,812.5,DSL,Electronic check,No,No,No,0.41987128847011884,Medium
6286-SUUWT,Month-to-month,1,19.95,19.95,No,Mailed check,No internet service,No internet service,No,0.4197884979686373,Medium
4877-EVATK,Month-to-month,1,20.0,20.0,No,Mailed check,No internet service,No internet service,Yes,0.4196034739559365,Medium
7698-YFGEZ,Month-to-month,1,20.0,20.0,No,Mailed check,No internet service,No internet service,No,0.4196034739559365,Medium
1349-WXNGG,Month-to-month,1,20.05,20.05,No,Bank transfer (automatic),No internet service,No internet service,Yes,0.4194336281679234,Medium
1732-FEKLD,One year,54,94.75,5121.75,Fiber optic,Bank transfer (automatic),No,No,No,0.41941881102425665,Medium
8749-CLJXC,Month-to-month,1,20.05,20.05,No,Mailed check,No internet service,No internet service,No,0.4194184725431368,Medium
7096-UCLNH,Month-to-month,1,20.05,20.05,No,Mailed check,No internet service,No internet service,No,0.4194184725431368,Medium
3030-ZKIWL,Month-to-month,1,20.05,20.05,No,Mailed check,No internet service,No internet service,No,0.4194184725431368,Medium
3148-BLQJT,Month-to-month,1,20.1,20.1,No,Mailed check,No internet service,No internet service,Yes,0.41923349377947305,Medium
1066-JKSGK,Month-to-month,1,20.15,20.15,No,Mailed check,No internet service,No internet service,Yes,0.41904853771415534,Medium
1934-SJVJK,Month-to-month,1,20.15,20.15,No,Mailed check,No internet service,No internet service,Yes,0.41904853771415534,Medium
7310-EGVHZ,Month-to-month,1,20.2,20.2,No,Bank transfer (automatic),No internet service,No internet service,No,0.4188787544368339,Medium
8048-DSDFQ,Month-to-month,1,20.2,20.2,No,Mailed check,No internet service,No internet service,No,0.41886360439636783,Medium
6380-ARCEH,Month-to-month,1,20.2,20.2,No,Mailed check,No internet service,No internet service,No,0.41886360439636783,Medium
3247-MHJKM,Month-to-month,1,20.2,20.2,No,Mailed check,No internet service,No internet service,No,0.41886360439636783,Medium
4786-UKSNZ,Month-to-month,1,20.2,20.2,No,Mailed check,No internet service,No internet service,Yes,0.41886360439636783,Medium
5312-IRCFR,One year,64,92.85,5980.75,Fiber optic,Electronic check,No,No,No,0.4188345410426797,Medium
4211-MMAZN,Month-to-month,1,20.25,20.25,No,Mailed check,No internet service,No internet service,Yes,0.4186786938752702,Medium
8203-XJZRC,Month-to-month,1,20.25,20.25,No,Mailed check,No internet service,No internet service,No,0.4186786938752702,Medium
1625-JAIIY,One year,68,83.0,5685.8,Fiber optic,Electronic check,No,No,Yes,0.41861682765339214,Medium
6806-YDEUL,Month-to-month,6,19.5,106.8,No,Bank transfer (automatic),No internet service,No internet service,No,0.4186026491089462,Medium
5469-CTCWN,One year,61,106.0,6547.7,Fiber optic,Electronic check,No,Yes,Yes,0.4185086997176435,Medium
9122-UMROB,Month-to-month,1,20.3,20.3,No,Mailed check,No internet service,No internet service,No,0.4184938061999965,Medium
2676-ISHSF,Month-to-month,1,20.3,20.3,No,Mailed check,No internet service,No internet service,No,0.4184938061999965,Medium
0103-CSITQ,One year,57,109.4,6252.7,Fiber optic,Bank transfer (automatic),Yes,No,No,0.41844941858735835,Medium
3590-TCXTB,Month-to-month,1,20.35,20.35,No,Mailed check,No internet service,No internet service,No,0.4183089414196552,Medium
6579-JPICP,Month-to-month,1,20.4,20.4,No,Mailed check,No internet service,No internet service,No,0.41812409958333,Medium
6647-ZEDXT,One year,30,110.45,3327.05,Fiber optic,Credit card (automatic),Yes,No,No,0.41810062237545753,Medium
9708-KFDBY,Month-to-month,1,20.55,20.55,No,Credit card (automatic),No internet service,No internet service,No,0.41804650340897603,Medium
8812-ZRHFP,One year,30,86.45,2538.05,Fiber optic,Electronic check,No,No,No,0.41802916486375435,Medium
2668-TZSPS,Month-to-month,1,20.45,20.45,No,Mailed check,No internet service,No internet service,No,0.4179392807400789,Medium
0673-IGUQO,Month-to-month,1,20.45,20.45,No,Mailed check,No internet service,No internet service,No,0.4179392807400789,Medium
4184-VODJZ,One year,63,91.35,5764.7,Fiber optic,Electronic check,No,No,No,0.4178712364979906,Medium
5651-CPDND,Month-to-month,10,46.0,492.1,DSL,Mailed check,No,No,No,0.41786550448401577,Medium
4745-LSPLO,Month-to-month,1,20.5,20.5,No,Mailed check,No internet service,No internet service,Yes,0.41775448493893413,Medium
4925-LMHOK,Month-to-month,15,58.6,939.7,DSL,Credit card (automatic),Yes,No,Yes,0.4176243148940537,Medium
3976-NLDEZ,Month-to-month,1,20.6,20.6,No,Mailed check,No internet service,No internet service,No,0.41738496265896646,Medium
5049-GLYVG,Month-to-month,1,20.6,20.6,No,Mailed check,No internet service,No internet service,Yes,0.41738496265896646,Medium
2700-LUEVA,Month-to-month,1,20.75,20.75,No,Credit card (automatic),No internet service,No internet service,No,0.41730740527966426,Medium
0292-WEGCH,Month-to-month,54,86.2,4524.05,DSL,Electronic check,Yes,No,No,0.41726111939731475,Medium
4753-PADAS,One year,67,105.7,6816.95,Fiber optic,Bank transfer (automatic),No,No,No,0.41720071038859113,Medium
2252-JHJGE,One year,61,104.0,6363.45,Fiber optic,Electronic check,No,Yes,No,0.417083273249165,Medium
0639-TSIQW,Month-to-month,67,102.95,6886.25,Fiber optic,Credit card (automatic),No,Yes,Yes,0.4167700150374646,Medium
4013-GUXND,Month-to-month,1,20.8,20.8,No,Mailed check,No internet service,No internet service,No,0.4166461967588997,Medium
9972-VAFJJ,One year,53,94.0,4871.45,Fiber optic,Electronic check,Yes,No,No,0.4166409347849795,Medium
3572-UOLYZ,Month-to-month,46,84.8,3958.85,Fiber optic,Bank transfer (automatic),Yes,No,No,0.4165801810754885,Medium
9659-ZTWSM,One year,66,107.35,7051.95,Fiber optic,Bank transfer (automatic),Yes,No,No,0.41650045963366045,Medium
4501-VCPFK,Month-to-month,26,35.75,1022.5,DSL,Electronic check,Yes,No,No,0.41612798089577413,Medium
6728-WYQBC,Month-to-month,1,20.95,20.95,No,Bank transfer (automatic),No internet service,No internet service,No,0.416107489277526,Medium
4291-HYEBC,One year,28,39.1,1096.6,DSL,Electronic check,No,No,No,0.41610505071146175,Medium
9974-JFBHQ,Month-to-month,64,99.15,6171.2,Fiber optic,Credit card (automatic),Yes,No,No,0.4159951124360611,Medium
9254-RBFON,One year,17,98.6,1704.95,Fiber optic,Bank transfer (automatic),Yes,No,Yes,0.41596179254843746,Medium
7017-VFULY,Month-to-month,2,20.1,43.15,No,Bank transfer (automatic),No internet service,No internet service,No,0.4158884439737761,Medium
5945-AZYHT,One year,71,109.6,7854.15,Fiber optic,Electronic check,No,Yes,No,0.41581065837240594,Medium
9396-ZSFLL,Month-to-month,15,48.85,631.4,DSL,Mailed check,No,No,No,0.4157558010205896,Medium
4908-XAXAY,One year,49,89.85,4287.2,Fiber optic,Bank transfer (automatic),No,No,No,0.4156564614231849,Medium
2111-DWYHN,Month-to-month,1,21.1,21.1,No,Mailed check,No internet service,No internet service,No,0.4155387504223457,Medium
4393-RYCRE,One year,44,106.05,4510.8,Fiber optic,Electronic check,No,Yes,No,0.4154794500955301,Medium
2208-NQBCT,Month-to-month,26,81.95,2070.05,Fiber optic,Electronic check,No,Yes,No,0.4153756737396518,Medium
6569-KTMDU,Month-to-month,1,19.1,19.1,No,Mailed check,No internet service,No internet service,No,0.4153687104097177,Medium
4324-BZCKL,Month-to-month,10,55.55,551.3,DSL,Mailed check,No,No,No,0.4152802353579375,Medium
7302-ZHMHP,Month-to-month,1,19.15,19.15,No,Mailed check,No internet service,No internet service,No,0.41518424047171026,Medium
1394-SUIUH,Month-to-month,44,85.15,3670.5,Fiber optic,Electronic check,Yes,Yes,No,0.41515971958915227,Medium
5651-WYIPH,Month-to-month,18,49.85,865.75,DSL,Credit card (automatic),No,No,No,0.41510928578147455,Medium
2220-IAHLS,Month-to-month,1,19.4,19.4,No,Credit card (automatic),No internet service,No internet service,No,0.4147379521585858,Medium
5919-VCZYM,Month-to-month,2,20.05,42.7,No,Mailed check,No internet service,No internet service,No,0.41455975390000394,Medium
1641-BYBTK,Month-to-month,6,20.2,98.35,No,Mailed check,No internet service,No internet service,No,0.41433462362734785,Medium
2533-TIBIX,Month-to-month,15,30.2,469.65,DSL,Bank transfer (automatic),No,Yes,No,0.41426117042148175,Medium
2576-HXMPA,Month-to-month,1,19.55,19.55,No,Credit card (automatic),No internet service,No internet service,No,0.41418485868258054,Medium
8547-NSBBO,Month-to-month,35,96.75,3403.4,Fiber optic,Mailed check,Yes,Yes,No,0.4141513988737222,Medium
7551-JOHTI,Month-to-month,1,19.5,19.5,No,Mailed check,No internet service,No internet service,Yes,0.41389361920598206,Medium
1905-OEILC,Month-to-month,1,19.5,19.5,No,Mailed check,No internet service,No internet service,No,0.41389361920598206,Medium
3936-QQFLL,Month-to-month,2,19.75,39.3,No,Mailed check,No internet service,No internet service,No,0.4138576550637788,Medium
8739-QOTTN,Month-to-month,2,20.35,41.85,No,Mailed check,No internet service,No internet service,No,0.41379066388575825,Medium
8605-ITULD,Month-to-month,1,19.55,19.55,No,Mailed check,No internet service,No internet service,No,0.4137093407934185,Medium
2866-IKBTM,Month-to-month,1,19.55,19.55,No,Mailed check,No internet service,No internet service,No,0.4137093407934185,Medium
8329-IBCTI,Month-to-month,1,19.65,19.65,No,Mailed check,No internet service,No internet service,Yes,0.4133408564934516,Medium
7721-DVEKZ,Month-to-month,1,19.65,19.65,No,Mailed check,No internet service,No internet service,No,0.4133408564934516,Medium
0970-QXPXW,Month-to-month,1,19.65,19.65,No,Mailed check,No internet service,No internet service,No,0.4133408564934516,Medium
8562-GHPPI,Month-to-month,1,19.8,19.8,No,Credit card (automatic),No internet service,No internet service,No,0.4132635175461604,Medium
2828-SLQPF,Month-to-month,19,45.0,865.85,DSL,Bank transfer (automatic),No,No,No,0.4132311395684142,Medium
4710-FDUIZ,One year,56,100.3,5614.45,Fiber optic,Credit card (automatic),No,No,Yes,0.41319786299780653,Medium
8904-OPDCK,Month-to-month,54,24.95,1364.75,DSL,Bank transfer (automatic),No,No,No,0.41314086872725064,Medium
6124-ACRHJ,Month-to-month,1,19.75,19.75,No,Mailed check,No internet service,No internet service,No,0.41297246921628833,Medium
2542-HYGIQ,Month-to-month,1,19.95,19.95,No,Credit card (automatic),No internet service,No internet service,No,0.4127110037891135,Medium
1135-LMECX,Month-to-month,1,19.85,19.85,No,Mailed check,No internet service,No internet service,No,0.41260417934866245,Medium
6773-LQTVT,Month-to-month,29,35.65,1025.15,DSL,Mailed check,No,No,No,0.41260353617100254,Medium
4360-QRAVE,Month-to-month,37,36.65,1315.0,DSL,Electronic check,No,No,No,0.4125452246360822,Medium
2654-VBVPB,Month-to-month,1,19.9,19.9,No,Bank transfer (automatic),No internet service,No internet service,No,0.4124351534487641,Medium
7878-RTCZG,Month-to-month,1,19.9,19.9,No,Mailed check,No internet service,No internet service,No,0.41242007106416306,Medium
6654-QGBZZ,Month-to-month,1,19.9,19.9,No,Mailed check,No internet service,No internet service,No,0.41242007106416306,Medium
3900-AQPHZ,Month-to-month,1,19.9,19.9,No,Mailed check,No internet service,No internet service,Yes,0.41242007106416306,Medium
8967-SZQAS,Month-to-month,14,50.45,765.45,DSL,Electronic check,No,No,No,0.41236058672037906,Medium
4903-UYAVB,Month-to-month,5,19.35,126.05,No,Mailed check,No internet service,No internet service,Yes,0.4123342982266006,Medium
3154-CFSZG,Month-to-month,47,90.05,4137.2,Fiber optic,Electronic check,No,Yes,No,0.412209534638883,Medium
4177-JPDFU,Month-to-month,12,34.0,442.45,DSL,Mailed check,Yes,No,No,0.4121922676753775,Medium
0816-TSPHQ,Month-to-month,2,20.75,44.2,No,Mailed check,No internet service,No internet service,No,0.4120488105586579,Medium
0396-HUJBP,Month-to-month,2,19.3,44.4,No,Mailed check,No internet service,No internet service,No,0.41184435795183044,Medium
5074-FBGHB,One year,64,104.65,6889.8,Fiber optic,Credit card (automatic),Yes,No,No,0.4118235518920424,Medium
5843-TTHGI,Month-to-month,18,50.0,892.7,DSL,Mailed check,No,No,No,0.4117321328866506,Medium
8050-WYBND,One year,22,49.45,1031.4,DSL,Credit card (automatic),No,No,No,0.4116799852953606,Medium
8974-OVACP,Month-to-month,1,20.15,20.15,No,Mailed check,No internet service,No internet service,No,0.4114998980638969,Medium
3090-QFUVD,Month-to-month,1,20.3,20.3,No,Credit card (automatic),No internet service,No internet service,No,0.4114226620064676,Medium
7530-HDYDS,Month-to-month,38,84.25,3264.5,Fiber optic,Credit card (automatic),Yes,No,Yes,0.41127498900945203,Medium
7629-WIXZF,One year,7,59.1,369.25,DSL,Electronic check,No,Yes,No,0.411270646653095,Medium
5811-IWXYM,One year,52,101.25,5301.1,Fiber optic,Bank transfer (automatic),No,No,No,0.4112562938688357,Medium
0096-FCPUF,Month-to-month,30,64.5,1888.45,DSL,Mailed check,No,Yes,No,0.4111460720157539,Medium
7808-DVWEP,Month-to-month,3,20.0,49.65,No,Bank transfer (automatic),No internet service,No internet service,No,0.41090275678754146,Medium
3347-YJZZE,Month-to-month,29,80.1,2211.8,DSL,Credit card (automatic),No,No,No,0.4108973787229183,Medium
1135-HIORI,One year,64,111.45,7266.95,Fiber optic,Electronic check,Yes,No,No,0.41086870812632204,Medium
1222-LRYKO,Month-to-month,6,26.35,184.05,No,Mailed check,No internet service,No internet service,No,0.4108359078802906,Medium
2592-YKDIF,Month-to-month,1,20.35,20.35,No,Mailed check,No internet service,No internet service,No,0.4107642046591347,Medium
1963-VAUKV,Month-to-month,1,20.4,20.4,No,Mailed check,No internet service,No internet service,Yes,0.4105803435134632,Medium
3727-JEZTU,Month-to-month,1,20.4,20.4,No,Mailed check,No internet service,No internet service,No,0.4105803435134632,Medium
1986-PHGZF,Month-to-month,18,58.4,964.9,DSL,Credit card (automatic),No,Yes,No,0.41056381543096776,Medium
3842-IYKUE,Month-to-month,35,85.3,2917.5,Fiber optic,Credit card (automatic),Yes,No,Yes,0.4102662930772103,Medium
9753-OYLBX,Month-to-month,1,20.5,20.5,No,Mailed check,No internet service,No internet service,No,0.41021269620466927,Medium
2002-MZHWP,Month-to-month,1,20.5,20.5,No,Mailed check,No internet service,No internet service,Yes,0.41021269620466927,Medium
4676-MQUEA,One year,50,101.9,5265.5,Fiber optic,Bank transfer (automatic),No,Yes,No,0.4101835765458404,Medium
2379-GYFLQ,One year,46,94.9,4422.95,Fiber optic,Credit card (automatic),No,No,No,0.41014854858304256,Medium
1685-VAYJF,Month-to-month,11,45.2,492.0,DSL,Credit card (automatic),No,No,No,0.4099522701832123,Medium
5067-DGXLL,Month-to-month,2,20.25,36.8,No,Mailed check,No internet service,No internet service,No,0.40976574668460725,Medium
6575-SUVOI,Month-to-month,25,69.5,1752.65,DSL,Credit card (automatic),Yes,Yes,No,0.40932525227259137,Medium
6776-TLWOI,Month-to-month,3,19.85,64.55,No,Mailed check,No internet service,No internet service,Yes,0.4092585681537473,Medium
0550-DCXLH,Month-to-month,13,73.35,931.55,DSL,Mailed check,Yes,No,No,0.409064821722627,Medium
0549-CYCQN,One year,51,79.6,3974.7,Fiber optic,Bank transfer (automatic),No,No,No,0.4090479279252589,Medium
6723-WSNTY,One year,66,108.1,7181.95,Fiber optic,Credit card (automatic),Yes,No,No,0.4088796780290709,Medium
2621-UDNLU,Month-to-month,3,20.85,72.0,No,Mailed check,No internet service,No internet service,No,0.4087764660105318,Medium
0188-GWFLE,Month-to-month,2,20.05,33.7,No,Mailed check,No internet service,No internet service,No,0.4087636307699158,Medium
0426-TIRNE,Month-to-month,1,20.9,20.9,No,Mailed check,No internet service,No internet service,Yes,0.4087431137601466,Medium
7434-SHXLS,Month-to-month,1,20.9,20.9,No,Mailed check,No internet service,No internet service,Yes,0.4087431137601466,Medium
7243-LCGGZ,Month-to-month,1,20.9,20.9,No,Mailed check,No internet service,No internet service,No,0.4087431137601466,Medium
2709-UQGNP,Month-to-month,10,51.65,524.5,DSL,Mailed check,No,Yes,No,0.4086014443202124,Medium
5624-BQSSA,Month-to-month,1,20.95,20.95,No,Mailed check,No internet service,No internet service,Yes,0.4085595300072855,Medium
9700-ZCLOT,Month-to-month,2,20.0,32.7,No,Mailed check,No internet service,No internet service,No,0.4083686615597503,Medium
5702-SKUOB,Month-to-month,4,19.6,93.45,No,Mailed check,No internet service,No internet service,No,0.4076603797770289,Medium
8410-BGQXN,Month-to-month,4,19.4,93.4,No,Mailed check,No internet service,No internet service,No,0.4073690545232197,Medium
9818-XQCUV,Month-to-month,2,20.35,45.3,No,Mailed check,No internet service,No internet service,No,0.4072202891827453,Medium
0853-NWIFK,One year,45,100.3,4483.95,Fiber optic,Electronic check,No,Yes,No,0.4070961457965929,Medium
4195-SMMNX,Month-to-month,2,20.35,33.2,No,Mailed check,No internet service,No internet service,Yes,0.4069578915942446,Medium
9163-GHAYE,Month-to-month,15,48.85,736.8,DSL,Electronic check,No,No,No,0.40645035869054824,Medium
0719-SYFRB,Month-to-month,12,61.65,713.75,DSL,Mailed check,Yes,Yes,Yes,0.4062027374530776,Medium
5569-IDSEY,One year,71,105.7,7472.15,Fiber optic,Bank transfer (automatic),No,No,No,0.4060556138907325,Medium
8095-WANWK,Month-to-month,10,45.25,428.7,DSL,Mailed check,No,No,No,0.4056346963675361,Medium
8006-PYCSW,Month-to-month,2,20.1,39.8,No,Mailed check,No internet service,No internet service,No,0.4049285653523582,Medium
4767-HZZHQ,Month-to-month,30,82.05,2570.2,Fiber optic,Bank transfer (automatic),No,No,No,0.4048944088647175,Medium
2342-CKIAO,Month-to-month,2,20.3,41.2,No,Mailed check,No internet service,No internet service,No,0.4048380902321838,Medium
1041-RXHRA,Month-to-month,41,70.25,2868.05,Fiber optic,Bank transfer (automatic),No,No,Yes,0.4046800646178417,Medium
5222-JCXZT,Month-to-month,4,19.0,78.9,No,Mailed check,No internet service,No internet service,No,0.4046598345532031,Medium
5268-DSMNQ,One year,62,97.95,5936.55,Fiber optic,Credit card (automatic),No,No,No,0.40463900747588066,Medium
1796-JANOW,Month-to-month,2,19.95,38.15,No,Mailed check,No internet service,No internet service,No,0.4046120207096869,Medium
6686-YPGHK,Month-to-month,47,85.5,4042.3,Fiber optic,Mailed check,No,Yes,Yes,0.4045986634272336,Medium
5481-NTDOH,One year,67,107.05,7142.5,Fiber optic,Credit card (automatic),No,Yes,No,0.404527196580744,Medium
1699-HPSBG,One year,12,59.8,727.8,DSL,Electronic check,Yes,No,Yes,0.40450712468293915,Medium
9402-CXWPL,One year,70,98.9,6838.6,Fiber optic,Electronic check,No,No,No,0.40409810986936395,Medium
7129-AZJDE,One year,34,78.95,2647.2,Fiber optic,Bank transfer (automatic),No,No,No,0.4034741625168133,Medium
3806-YAZOV,Month-to-month,3,18.8,56.0,No,Mailed check,No internet service,No internet service,No,0.40327924696121975,Medium
1352-VHKAJ,Month-to-month,27,71.6,1957.1,DSL,Bank transfer (automatic),Yes,No,No,0.4032509912021318,Medium
2604-XVDAM,Month-to-month,12,43.8,540.95,DSL,Bank transfer (automatic),No,No,No,0.40301975064870377,Medium
3316-UWXUY,Month-to-month,50,93.5,4747.5,Fiber optic,Credit card (automatic),Yes,Yes,No,0.40301058214759117,Medium
7234-KMNRQ,Month-to-month,4,19.0,73.45,No,Mailed check,No internet service,No internet service,No,0.4029016744691388,Medium
0883-EIBTI,Month-to-month,2,19.5,31.55,No,Mailed check,No internet service,No internet service,Yes,0.40260715638111405,Medium
6620-JDYNW,Month-to-month,18,60.6,1156.35,DSL,Mailed check,No,Yes,No,0.4020355468848997,Medium
6394-HHHZM,Month-to-month,3,20.7,57.5,No,Mailed check,No internet service,No internet service,No,0.40203438566444455,Medium
7446-YPODE,Month-to-month,11,60.25,662.95,DSL,Bank transfer (automatic),No,Yes,No,0.40155563088550944,Medium
2839-RFSQE,Month-to-month,2,20.65,38.7,No,Mailed check,No internet service,No internet service,Yes,0.4015127623617417,Medium
0137-UDEUO,Month-to-month,3,19.85,63.75,No,Mailed check,No internet service,No internet service,Yes,0.4014221684607368,Medium
5562-YJQGT,Month-to-month,2,20.35,35.1,No,Credit card (automatic),No internet service,No internet service,No,0.40116070815876564,Medium
3709-OIJEA,One year,26,85.2,2184.6,Fiber optic,Electronic check,Yes,No,No,0.40096191639117307,Medium
4558-CGYCZ,Month-to-month,4,19.75,78.3,No,Mailed check,No internet service,No internet service,No,0.40076983907556396,Medium
6734-CKRSM,Month-to-month,3,20.0,63.6,No,Mailed check,No internet service,No internet service,No,0.4006197415795023,Medium
3179-GBRWV,Month-to-month,21,64.95,1339.8,DSL,Bank transfer (automatic),No,Yes,No,0.40052576458735073,Medium
0872-JCPIB,Month-to-month,17,65.75,1111.2,DSL,Bank transfer (automatic),No,Yes,No,0.400234506524848,Medium
4003-FUSHP,Month-to-month,19,61.55,1093.2,DSL,Credit card (automatic),Yes,No,No,0.400203763489666,Medium
0330-BGYZE,One year,60,102.5,6157.6,Fiber optic,Bank transfer (automatic),No,No,No,0.40015160353436063,Medium
1051-GEJLJ,Month-to-month,2,19.5,27.55,No,Mailed check,No internet service,No internet service,No,0.40005162669372707,Medium
4472-VESGY,Month-to-month,52,98.15,4993.4,Fiber optic,Bank transfer (automatic),No,Yes,No,0.3997646558642799,Medium
8166-ORCHU,One year,33,93.55,3055.5,Fiber optic,Electronic check,Yes,Yes,No,0.3997300334268679,Medium
3256-EZDBI,Month-to-month,51,29.45,1459.35,DSL,Credit card (automatic),No,No,No,0.3996011217230262,Medium
5180-UCIIQ,Month-to-month,22,40.05,880.2,DSL,Mailed check,No,Yes,Yes,0.3991359327033194,Medium
7089-XXAYG,One year,25,38.1,970.4,DSL,Credit card (automatic),No,No,No,0.3988867601775105,Medium
0030-FNXPP,Month-to-month,3,19.85,57.2,No,Mailed check,No internet service,No internet service,No,0.3986244198650289,Medium
2458-EOMRE,Month-to-month,11,64.05,733.95,DSL,Bank transfer (automatic),No,Yes,No,0.3986030842369235,Medium
0178-CIIKR,Month-to-month,3,19.95,58.0,No,Mailed check,No internet service,No internet service,No,0.3984745208607433,Medium
9770-LXDBK,Month-to-month,3,20.4,63.15,No,Mailed check,No internet service,No internet service,No,0.3984612220723641,Medium
7856-GANIL,One year,45,98.7,4525.8,Fiber optic,Bank transfer (automatic),Yes,No,No,0.39812023610455854,Medium
1794-SWWKL,Month-to-month,15,59.65,867.1,DSL,Bank transfer (automatic),Yes,No,No,0.3979889234624085,Medium
8111-BKVDS,Month-to-month,10,40.7,449.3,DSL,Bank transfer (automatic),No,Yes,No,0.39777766846240487,Medium
2782-JEEBU,Month-to-month,21,36.0,780.15,DSL,Mailed check,Yes,No,No,0.3975678370137825,Medium
3566-VVORZ,Month-to-month,12,45.9,505.95,DSL,Bank transfer (automatic),No,No,No,0.3975398451965714,Medium
4450-MDZFX,Month-to-month,60,74.35,4453.3,Fiber optic,Bank transfer (automatic),No,No,No,0.39742782552864503,Medium
6959-GQEGV,Month-to-month,45,75.95,3273.8,DSL,Electronic check,No,Yes,No,0.39718497509467404,Medium
6131-FOYAS,Month-to-month,35,59.6,2094.9,DSL,Electronic check,No,Yes,No,0.3970173692905765,Medium
5533-RJFTJ,Month-to-month,49,30.2,1453.1,DSL,Bank transfer (automatic),No,No,No,0.3969766679908438,Medium
9142-KZXOP,Month-to-month,44,68.85,2958.95,Fiber optic,Credit card (automatic),No,No,No,0.3968402382876001,Medium
6791-YBNAK,Month-to-month,18,25.55,467.85,DSL,Credit card (automatic),No,No,No,0.39674504225346846,Medium
0961-ZWLVI,One year,49,109.2,5290.45,Fiber optic,Credit card (automatic),No,Yes,No,0.396733231602793,Medium
7544-ZVIKX,One year,58,105.05,6004.85,Fiber optic,Bank transfer (automatic),Yes,No,No,0.39665148493564123,Medium
9139-WQQDY,One year,49,100.45,4941.8,Fiber optic,Mailed check,No,No,Yes,0.3966439832247539,Medium
8053-WWDRO,Month-to-month,6,19.5,146.3,No,Bank transfer (automatic),No internet service,No internet service,Yes,0.3965932713773786,Medium
4567-AKPIA,One year,41,109.1,4454.25,Fiber optic,Bank transfer (automatic),Yes,No,No,0.3963012566250999,Medium
7716-YTYHG,One year,48,82.05,4029.95,Fiber optic,Mailed check,No,No,Yes,0.3957280782312599,Medium
0909-SDHNU,Month-to-month,7,29.8,201.95,DSL,Mailed check,No,Yes,No,0.3957275029953004,Medium
6377-KSLXC,Month-to-month,5,19.95,107.05,No,Mailed check,No internet service,No internet service,No,0.39570535374215926,Medium
1193-RTSLK,Month-to-month,38,83.9,3233.6,Fiber optic,Credit card (automatic),No,Yes,Yes,0.39565919781775655,Medium
6366-XIVKZ,Month-to-month,13,63.15,816.8,DSL,Mailed check,No,Yes,No,0.3952533597797926,Medium
1142-IHLOO,One year,51,87.55,4475.9,Fiber optic,Credit card (automatic),No,No,No,0.3949813412219376,Medium
2439-QKJUL,Month-to-month,5,20.25,109.8,No,Mailed check,No internet service,No internet service,No,0.3949433415489272,Medium
0409-WTMPL,One year,58,110.65,6526.65,Fiber optic,Credit card (automatic),No,Yes,No,0.39493396610378817,Medium
0423-UDIJQ,Month-to-month,9,49.2,447.9,DSL,Mailed check,Yes,No,No,0.39481821844178416,Medium
9367-OIUXP,Month-to-month,4,20.7,73.05,No,Mailed check,No internet service,No internet service,No,0.3944224480681536,Medium
3865-ZYKAD,Month-to-month,69,84.9,5785.65,Fiber optic,Credit card (automatic),No,Yes,No,0.39429062660440434,Medium
4338-EYCER,Month-to-month,21,54.6,1125.2,DSL,Bank transfer (automatic),No,No,No,0.3942382372882675,Medium
7395-XWZOY,Month-to-month,20,55.0,1165.55,DSL,Credit card (automatic),Yes,Yes,No,0.3942253440743326,Medium
5140-FOMCQ,One year,59,109.15,6557.75,Fiber optic,Credit card (automatic),No,Yes,No,0.394166320210492,Medium
6345-ULYRW,One year,44,88.4,3912.9,Fiber optic,Mailed check,No,No,Yes,0.3941215641030655,Medium
0567-GGCAC,Month-to-month,7,61.4,438.9,DSL,Electronic check,No,Yes,No,0.39380077820994425,Medium
1502-XFCVR,One year,58,106.45,6145.85,Fiber optic,Electronic check,No,Yes,Yes,0.39369887776437157,Medium
1336-EZFZY,Month-to-month,4,20.05,83.3,No,Mailed check,No internet service,No internet service,No,0.3934594498183971,Medium
4397-FRLTA,Month-to-month,4,20.15,84.5,No,Mailed check,No internet service,No internet service,No,0.39335419005700656,Medium
8992-OBVDG,Month-to-month,21,61.65,1393.6,DSL,Mailed check,No,No,No,0.3930409769305455,Medium
6211-WHMYA,Month-to-month,64,43.85,2751.0,DSL,Electronic check,Yes,No,No,0.3929032986086582,Medium
2159-TURXX,Month-to-month,5,20.05,95.55,No,Credit card (automatic),No internet service,No internet service,No,0.3927285211381199,Medium
1410-RSCMR,Month-to-month,7,71.35,515.75,DSL,Credit card (automatic),Yes,Yes,No,0.3926679874509594,Medium
8433-WPJTV,One year,65,103.9,6767.1,Fiber optic,Bank transfer (automatic),Yes,No,No,0.39266404380290354,Medium
4673-KKSLS,Month-to-month,31,87.6,2724.25,Fiber optic,Electronic check,Yes,Yes,No,0.3924572071538466,Medium
7622-NXQZR,Month-to-month,28,30.1,810.85,DSL,Credit card (automatic),Yes,No,No,0.39242354548938074,Medium
2065-MMKGR,One year,29,71.0,2080.1,DSL,Credit card (automatic),No,No,No,0.39227561086672674,Medium
0278-YXOOG,Month-to-month,5,21.05,113.85,No,Mailed check,No internet service,No internet service,Yes,0.39207126860049946,Medium
9618-LFJRU,Month-to-month,4,20.45,82.85,No,Credit card (automatic),No internet service,No internet service,No,0.39182844958823043,Medium
6439-LAJXL,Month-to-month,9,68.95,593.85,DSL,Mailed check,Yes,Yes,No,0.39179045121809564,Medium
7611-YKYTC,Month-to-month,22,75.0,1573.95,Fiber optic,Bank transfer (automatic),No,Yes,No,0.39174743838037973,Medium
8409-WQJUX,One year,25,54.2,1423.15,DSL,Electronic check,Yes,No,No,0.39163460080550105,Medium
2091-MJTFX,Month-to-month,30,51.2,1561.5,DSL,Credit card (automatic),Yes,No,Yes,0.39088263755115604,Medium
8663-UPDGF,Month-to-month,26,69.5,1800.05,DSL,Bank transfer (automatic),No,Yes,No,0.3907923140770903,Medium
4608-LCIMN,Month-to-month,8,44.65,369.15,DSL,Bank transfer (automatic),No,No,No,0.39067448420361955,Medium
6680-NENYN,Two year,43,104.6,4759.85,Fiber optic,Electronic check,No,No,Yes,0.39036060716142496,Medium
7968-QUXNS,Month-to-month,6,18.95,110.15,No,Mailed check,No internet service,No internet service,No,0.39025105964295803,Medium
6890-PFRQX,Month-to-month,18,69.5,1199.4,DSL,Mailed check,No,Yes,No,0.39023431219406773,Medium
0516-OOHAR,One year,28,100.35,2799.0,Fiber optic,Bank transfer (automatic),No,No,No,0.3902067584791957,Medium
9323-HGFWY,One year,27,101.9,2681.15,Fiber optic,Credit card (automatic),Yes,Yes,No,0.3901527583484583,Medium
5687-DKDTV,Month-to-month,4,20.35,77.5,No,Mailed check,No internet service,No internet service,Yes,0.3901425620846488,Medium
3977-QCRSL,Month-to-month,5,20.15,117.95,No,Mailed check,No internet service,No internet service,No,0.3901105651834214,Medium
6621-YOBKI,Month-to-month,5,20.35,92.75,No,Mailed check,No internet service,No internet service,No,0.3900794709603665,Medium
0442-ZXKVS,One year,54,115.6,6431.05,Fiber optic,Bank transfer (automatic),Yes,Yes,No,0.3899901079948345,Medium
3920-HIHMQ,Month-to-month,26,49.5,1265.65,DSL,Mailed check,No,No,No,0.38993981369053077,Medium
1153-GNOLC,One year,33,39.1,1309.0,DSL,Electronic check,No,No,No,0.38979595649026216,Medium
9986-BONCE,Month-to-month,4,20.95,85.5,No,Bank transfer (automatic),No internet service,No internet service,Yes,0.3897828077466727,Medium
4140-WJAWW,Month-to-month,5,19.85,108.05,No,Credit card (automatic),No internet service,No internet service,Yes,0.38950474997762446,Medium
3199-NPKCN,One year,67,111.25,7511.65,Fiber optic,Electronic check,Yes,Yes,No,0.3893839922677682,Medium
3363-EWLGO,Month-to-month,5,19.95,109.6,No,Mailed check,No internet service,No internet service,No,0.3889481966511686,Medium
3675-EQOZA,Month-to-month,5,20.65,93.55,No,Bank transfer (automatic),No internet service,No internet service,No,0.3888372771444667,Medium
7054-ENNGU,Month-to-month,9,50.85,466.6,DSL,Mailed check,No,No,No,0.3887924986904421,Medium
7787-BNTZM,Month-to-month,6,20.15,130.5,No,Bank transfer (automatic),No internet service,No internet service,No,0.38877546583071443,Medium
5846-QFDFI,Month-to-month,33,88.6,2888.7,Fiber optic,Credit card (automatic),Yes,No,No,0.38873428425098305,Medium
3410-MHHUM,One year,44,94.4,4295.35,Fiber optic,Electronic check,No,No,No,0.3883120600038921,Medium
7610-TVOPG,Month-to-month,15,26.35,378.6,No,Electronic check,No internet service,No internet service,No,0.3881979313796651,Medium
4692-NNQRU,One year,21,79.2,1742.45,Fiber optic,Electronic check,Yes,No,No,0.3880743578735709,Medium
6898-MDLZW,Month-to-month,12,53.75,648.65,DSL,Mailed check,Yes,No,No,0.3877869988037092,Medium
7356-AYNJP,One year,4,23.9,97.5,No,Electronic check,No internet service,No internet service,No,0.38778554096537066,Medium
6797-UCJHZ,One year,66,104.6,6819.45,Fiber optic,Credit card (automatic),No,No,No,0.38689867452689936,Medium
8495-PRWFH,Month-to-month,42,55.65,2421.75,DSL,Electronic check,No,No,No,0.38680626744928215,Medium
5206-XZZQI,Month-to-month,53,80.6,4348.1,Fiber optic,Mailed check,Yes,No,No,0.386585035436422,Medium
5473-KHBPS,One year,52,95.7,4976.15,Fiber optic,Credit card (automatic),No,No,No,0.3862242569859139,Medium
5445-GLVOT,Month-to-month,22,49.8,1049.05,DSL,Electronic check,No,Yes,No,0.386223416103708,Medium
6097-EQISJ,One year,66,102.45,6615.15,Fiber optic,Credit card (automatic),No,No,Yes,0.38614165291780483,Medium
9069-LGEUL,Month-to-month,23,59.95,1406.0,DSL,Bank transfer (automatic),No,Yes,No,0.3860791802923948,Medium
9101-BWFSS,One year,50,108.55,5610.7,Fiber optic,Electronic check,Yes,Yes,Yes,0.385935955113306,Medium
6839-ITVZJ,Month-to-month,26,60.05,1616.15,DSL,Electronic check,Yes,No,Yes,0.3857221231945545,Medium
5624-RYAMH,Month-to-month,9,19.5,178.85,No,Electronic check,No internet service,No internet service,No,0.38550561889470614,Medium
4377-VDHYI,One year,32,90.8,3023.85,Fiber optic,Electronic check,No,Yes,No,0.385306144244273,Medium
6743-HHQPF,Month-to-month,42,25.1,1097.15,DSL,Credit card (automatic),No,No,No,0.3852271930279925,Medium
0699-NDKJM,Month-to-month,57,58.75,3437.45,DSL,Bank transfer (automatic),No,Yes,No,0.38458860726840166,Medium
2294-DMMUS,Month-to-month,62,70.45,4300.45,DSL,Credit card (automatic),No,No,No,0.3844818130109972,Medium
0799-DDIHE,Month-to-month,15,46.3,639.45,DSL,Electronic check,No,No,No,0.3841796043572324,Medium
7025-IWFHT,One year,41,89.55,3729.75,Fiber optic,Electronic check,Yes,No,No,0.38415170721722985,Medium
3230-WYKIR,One year,18,82.0,1425.45,DSL,Credit card (automatic),Yes,No,Yes,0.3841450313093358,Medium
9970-QBCDA,Month-to-month,6,19.7,129.55,No,Credit card (automatic),No internet service,No internet service,No,0.383838618356573,Medium
9027-YFHQJ,Month-to-month,7,25.05,152.95,No,Bank transfer (automatic),No internet service,No internet service,No,0.3836800204051121,Medium
7746-AWNQW,Month-to-month,28,35.75,961.4,DSL,Mailed check,Yes,No,No,0.3831672133027454,Medium
1925-GMVBW,Month-to-month,5,20.55,96.1,No,Credit card (automatic),No internet service,No internet service,No,0.3830555783514344,Medium
1324-NLTJE,Month-to-month,15,55.0,757.1,DSL,Credit card (automatic),Yes,No,Yes,0.3830189992445679,Medium
0365-TRTPY,Month-to-month,37,91.2,3382.3,Fiber optic,Bank transfer (automatic),No,Yes,No,0.38299197350591213,Medium
7776-QGYJC,Month-to-month,39,81.5,3107.3,Fiber optic,Bank transfer (automatic),Yes,No,No,0.3829837123395298,Medium
7721-JXEAW,Month-to-month,59,41.05,2452.7,DSL,Bank transfer (automatic),No,No,Yes,0.38296519988265587,Medium
8070-AAWZP,Month-to-month,24,34.25,828.2,DSL,Mailed check,Yes,No,No,0.3825235646025143,Medium
2659-VXMWZ,One year,67,111.3,7482.1,Fiber optic,Electronic check,No,Yes,Yes,0.38209388660816085,Medium
4402-FTBXC,Month-to-month,54,89.8,4667.0,Fiber optic,Mailed check,No,Yes,No,0.3820865996521894,Medium
9828-QHFBK,Month-to-month,24,51.15,1275.7,DSL,Electronic check,No,Yes,No,0.3820585253244587,Medium
2446-ZKVAF,Month-to-month,18,56.8,1074.65,DSL,Credit card (automatic),No,No,No,0.38203882876268686,Medium
1684-FLBGS,Month-to-month,23,69.5,1652.1,DSL,Credit card (automatic),Yes,No,No,0.38202050727613124,Medium
3858-XHYJO,One year,40,105.75,4228.55,Fiber optic,Bank transfer (automatic),No,Yes,No,0.3819554934386964,Medium
6490-FGZAT,Month-to-month,6,20.65,109.3,No,Mailed check,No internet service,No internet service,No,0.3818136845004975,Medium
3521-MNKLV,Month-to-month,24,49.7,1167.8,DSL,Mailed check,No,No,No,0.3816222457180687,Medium
7824-PANSQ,Month-to-month,58,80.65,4807.35,Fiber optic,Bank transfer (automatic),Yes,No,No,0.3814610038233176,Medium
2259-OUUSZ,One year,7,35.5,249.55,DSL,Credit card (automatic),Yes,No,No,0.3813884630994404,Medium
8847-GEOOQ,Month-to-month,60,60.2,3582.4,DSL,Bank transfer (automatic),Yes,No,No,0.3813777923061384,Medium
8148-BPLZQ,Month-to-month,34,49.8,1734.2,DSL,Electronic check,No,No,No,0.3813229500331696,Medium
7607-QKKTJ,One year,45,95.0,4368.85,Fiber optic,Credit card (automatic),No,No,No,0.38075059330514294,Medium
7109-MFBYV,Month-to-month,26,45.45,1233.15,DSL,Electronic check,No,No,No,0.38047918803281117,Medium
2229-VWQJH,Month-to-month,24,49.3,1233.25,DSL,Credit card (automatic),No,No,No,0.3804025938393259,Medium
3373-YZZYM,Month-to-month,1,19.2,19.2,No,Mailed check,No internet service,No internet service,No,0.3801779841946914,Medium
4939-KYYPY,Month-to-month,27,59.45,1611.65,DSL,Electronic check,Yes,No,No,0.38002694770561396,Medium
6483-OATDN,Month-to-month,8,51.3,411.6,DSL,Credit card (automatic),No,Yes,No,0.3798543353663057,Medium
2108-GLPQB,Month-to-month,25,55.55,1405.3,DSL,Credit card (automatic),No,No,No,0.37982727896414686,Medium
5850-BDWCY,Month-to-month,6,20.2,123.65,No,Mailed check,No internet service,No internet service,No,0.379704108830301,Medium
4826-TZEVA,Month-to-month,40,74.8,2971.7,Fiber optic,Credit card (automatic),No,No,No,0.37934270464663494,Medium
5174-RNGBH,Month-to-month,9,66.25,620.55,DSL,Mailed check,Yes,No,Yes,0.378608080110229,Medium
1229-RCALF,One year,64,115.0,7396.15,Fiber optic,Electronic check,Yes,Yes,No,0.37838981782200887,Medium
0247-SLUJI,Month-to-month,1,19.7,19.7,No,Mailed check,No internet service,No internet service,No,0.3783894615768476,Medium
5734-EJKXG,One year,61,118.6,7365.7,Fiber optic,Electronic check,Yes,Yes,No,0.3780561802658212,Medium
2758-RNWXS,One year,35,89.2,3251.3,Fiber optic,Electronic check,Yes,Yes,No,0.37792079420817803,Medium
5515-IDEJJ,Month-to-month,1,19.9,19.9,No,Mailed check,No internet service,No internet service,Yes,0.3776749746168496,Medium
6972-SNKKW,Month-to-month,6,20.0,109.2,No,Mailed check,No internet service,No internet service,No,0.3776074493534418,Medium
3506-LCJDC,Month-to-month,1,19.95,19.95,No,Bank transfer (automatic),No internet service,No internet service,Yes,0.3775110615119876,Medium
2692-AQCPF,One year,65,108.05,7118.9,Fiber optic,Credit card (automatic),Yes,No,No,0.37732526818710876,Medium
1573-LGXBA,One year,57,97.55,5598.0,Fiber optic,Credit card (automatic),No,No,No,0.37710210074617023,Medium
5198-HQAEN,One year,35,89.7,3165.6,Fiber optic,Electronic check,Yes,No,No,0.37701282621894094,Medium
6469-MRVET,One year,1,20.2,20.2,No,Electronic check,No internet service,No internet service,No,0.37697993196176005,Medium
3723-BFBGR,Month-to-month,24,54.8,1291.3,DSL,Credit card (automatic),No,No,No,0.3766733601211434,Medium
1360-RCYRT,Month-to-month,23,30.35,678.75,DSL,Bank transfer (automatic),Yes,No,No,0.3761321327522405,Medium
7789-CRUVC,Month-to-month,61,94.2,5895.45,Fiber optic,Credit card (automatic),Yes,Yes,No,0.375976931689312,Medium
7241-AJHFS,Month-to-month,32,87.65,2766.4,Fiber optic,Bank transfer (automatic),Yes,Yes,No,0.3754689042072427,Medium
2928-HLDBA,Month-to-month,6,20.7,112.75,No,Mailed check,No internet service,No internet service,No,0.3749911382045089,Medium
6158-DWPZT,One year,9,24.1,259.8,DSL,Bank transfer (automatic),No,No,Yes,0.3749421599985923,Medium
9099-FTUHS,Month-to-month,23,54.4,1249.25,DSL,Electronic check,No,Yes,No,0.3749154427336547,Medium
1309-XGFSN,One year,52,80.85,4079.55,DSL,Electronic check,No,No,No,0.3747879858940536,Medium
0440-MOGPM,One year,41,80.55,3263.9,DSL,Electronic check,No,No,No,0.37459311446212357,Medium
1925-LFCZZ,One year,55,50.05,2743.45,DSL,Bank transfer (automatic),No,No,No,0.3744623461575167,Medium
4075-JFPGR,One year,51,93.5,4619.55,Fiber optic,Electronic check,No,Yes,No,0.37421156894225005,Medium
8003-EWNDZ,Month-to-month,10,21.2,222.65,No,Electronic check,No internet service,No internet service,No,0.37405586875496594,Medium
1297-VQDRP,One year,68,107.15,7379.8,Fiber optic,Credit card (automatic),Yes,No,No,0.3738919611757985,Medium
2616-UUTFK,Month-to-month,33,72.75,2447.45,DSL,Bank transfer (automatic),No,Yes,No,0.37366938027663715,Medium
6778-JFCMK,One year,24,50.6,1288.75,DSL,Mailed check,No,Yes,No,0.37292628286807905,Medium
9033-EOXWV,One year,12,74.05,872.65,DSL,Mailed check,Yes,No,Yes,0.3728848376154677,Medium
3733-ZEECP,Month-to-month,22,51.1,1232.9,DSL,Electronic check,Yes,No,No,0.372794716310301,Medium
5701-ZIKJE,Month-to-month,13,50.55,610.75,DSL,Mailed check,Yes,No,No,0.37267051082067393,Medium
2722-VOJQL,One year,64,105.65,6903.1,Fiber optic,Credit card (automatic),Yes,No,Yes,0.37256049176435163,Medium
9494-BDNNC,One year,66,95.3,6273.4,Fiber optic,Electronic check,No,No,No,0.3721159973840879,Medium
4760-XOHVN,Month-to-month,1,19.45,19.45,No,Mailed check,No internet service,No internet service,Yes,0.37199232269857424,Medium
3307-TLCUD,Month-to-month,17,34.4,592.75,DSL,Mailed check,No,Yes,No,0.3719402260686206,Medium
6227-FBDXH,One year,69,99.5,6841.45,Fiber optic,Bank transfer (automatic),No,No,No,0.3714835285320996,Medium
5510-BOIUJ,Month-to-month,1,19.25,19.25,No,Mailed check,No internet service,No internet service,Yes,0.37147874335524633,Medium
3156-QLHBO,Month-to-month,2,19.25,48.35,No,Mailed check,No internet service,No internet service,No,0.3713096537884212,Medium
0786-IVLAW,One year,66,108.1,7238.6,Fiber optic,Bank transfer (automatic),No,No,No,0.37097843781101764,Medium
3466-BYAVD,Month-to-month,15,69.5,1071.4,DSL,Mailed check,Yes,No,No,0.3708590877847687,Medium
9644-KVCNC,One year,66,92.15,6056.9,Fiber optic,Bank transfer (automatic),No,No,No,0.3707574310153266,Medium
0927-CNGRH,Month-to-month,1,19.55,19.55,No,Mailed check,No internet service,No internet service,No,0.3704151201498282,Medium
9138-EFSMO,One year,26,78.95,2034.25,Fiber optic,Bank transfer (automatic),No,No,No,0.3699172188183386,Medium
0733-VUNUW,Month-to-month,24,55.65,1400.55,DSL,Bank transfer (automatic),No,Yes,Yes,0.3699166151158278,Medium
3086-RUCRN,Month-to-month,66,103.1,6595.0,Fiber optic,Bank transfer (automatic),Yes,Yes,No,0.3698692774466428,Medium
9962-BFPDU,Month-to-month,1,20.05,20.05,No,Mailed check,No internet service,No internet service,No,0.36986512245101144,Medium
1755-RMCXH,Month-to-month,2,20.3,40.25,No,Mailed check,No internet service,No internet service,No,0.36974030197433433,Medium
6849-WLEYG,Month-to-month,1,19.75,19.75,No,Mailed check,No internet service,No internet service,Yes,0.36970673510909063,Medium
1840-BIUOG,One year,20,68.7,1416.2,DSL,Electronic check,Yes,No,No,0.36935777338991327,Medium
4291-HPAXL,Month-to-month,1,19.85,19.85,No,Mailed check,No internet service,No internet service,No,0.36935275269644813,Medium
6137-MFAJN,Month-to-month,48,44.8,2104.55,DSL,Electronic check,No,Yes,No,0.36922095253879184,Medium
7136-RVDTZ,One year,70,45.25,3264.45,DSL,Electronic check,No,No,Yes,0.3691760655130708,Medium
8205-OTCHB,One year,22,43.75,903.6,DSL,Bank transfer (automatic),No,No,Yes,0.3689791612928461,Medium
6769-DCQLI,One year,52,105.0,5426.85,Fiber optic,Bank transfer (automatic),Yes,No,Yes,0.36893655296911865,Medium
2898-MRKPI,One year,68,101.05,6770.5,Fiber optic,Credit card (automatic),No,No,No,0.3688905883000306,Medium
1543-LLLFT,One year,61,98.3,6066.55,Fiber optic,Mailed check,Yes,No,No,0.3688799202364211,Medium
4323-OHFOW,One year,70,105.55,7195.35,Fiber optic,Bank transfer (automatic),Yes,No,No,0.3688042841746798,Medium
2812-SFXMJ,Month-to-month,1,20.05,20.05,No,Mailed check,No internet service,No internet service,No,0.36864520971224857,Medium
6849-OYAMU,One year,19,100.0,1888.65,Fiber optic,Bank transfer (automatic),Yes,No,Yes,0.36861760102126573,Medium
3803-KMQFW,Month-to-month,1,20.55,20.55,No,Mailed check,No internet service,No internet service,Yes,0.36809630350877703,Medium
5732-IKGQH,One year,52,104.45,5481.25,Fiber optic,Bank transfer (automatic),Yes,Yes,No,0.3678202783466501,Medium
1409-PHXTF,Two year,54,110.45,6077.75,Fiber optic,Electronic check,Yes,No,No,0.3677718509850383,Medium
2716-GFZOR,Month-to-month,43,86.1,3551.65,Fiber optic,Credit card (automatic),No,Yes,No,0.36717184534541286,Medium
8375-KVTHK,One year,68,100.3,6754.35,Fiber optic,Electronic check,Yes,No,No,0.36702573419356155,Medium
4456-RHSNB,Month-to-month,19,49.6,962.9,DSL,Bank transfer (automatic),No,No,No,0.3669731294945987,Medium
7989-VCQOH,Month-to-month,18,83.25,1611.15,DSL,Electronic check,Yes,Yes,No,0.3668324105929755,Medium
8735-IJJEG,Month-to-month,14,50.2,668.85,DSL,Credit card (automatic),No,No,No,0.36683082654176724,Medium
5018-HEKFO,Month-to-month,10,24.5,270.15,No,Mailed check,No internet service,No internet service,No,0.3667722595608885,Medium
8734-FNWVH,Month-to-month,31,59.7,1825.5,DSL,Bank transfer (automatic),No,No,No,0.3665106073836821,Medium
1810-BOHSY,One year,51,96.4,4911.05,Fiber optic,Credit card (automatic),No,Yes,No,0.3663711734071401,Medium
1768-HNVGJ,Month-to-month,45,70.05,3062.45,DSL,Electronic check,Yes,Yes,No,0.366273641026602,Medium
3645-DEYGF,Month-to-month,1,20.75,20.75,No,Mailed check,No internet service,No internet service,No,0.36617327255338694,Medium
7502-BNYGS,Month-to-month,46,69.1,3168.0,DSL,Credit card (automatic),No,No,No,0.3660383089151695,Medium
9342-VNIMQ,Month-to-month,33,54.65,1665.2,DSL,Bank transfer (automatic),No,No,No,0.3658809060642228,Medium
5968-XQIVE,One year,72,89.7,6588.95,Fiber optic,Electronic check,No,No,No,0.36569448753685446,Medium
3126-WQMGH,Month-to-month,49,52.15,2583.75,DSL,Credit card (automatic),No,No,No,0.36559223515875233,Medium
5951-AOFIH,Month-to-month,33,66.4,2245.4,DSL,Credit card (automatic),No,No,No,0.36549965878720253,Medium
4827-USJHP,Month-to-month,20,51.8,1023.85,DSL,Mailed check,No,No,No,0.3654549007068344,Medium
2959-EEXWB,Month-to-month,45,50.9,2333.85,DSL,Bank transfer (automatic),No,Yes,No,0.3654506065910376,Medium
8644-XYTSV,Month-to-month,42,40.15,1626.05,DSL,Bank transfer (automatic),No,Yes,No,0.3654079246774732,Medium
0620-XEFWH,Month-to-month,4,18.85,84.2,No,Mailed check,No internet service,No internet service,No,0.3652945710150704,Medium
0187-WZNAB,Month-to-month,27,74.4,1972.35,Fiber optic,Mailed check,No,Yes,No,0.3642203354731894,Medium
1732-VHUBQ,Month-to-month,47,70.55,3309.25,Fiber optic,Bank transfer (automatic),No,No,Yes,0.36403276473690066,Medium
9817-APLHW,Month-to-month,12,25.0,316.2,No,Electronic check,No internet service,No internet service,No,0.36393297716609674,Medium
8970-ANWXO,One year,23,73.75,1756.6,DSL,Mailed check,Yes,No,No,0.36381916307442136,Medium
3890-RTCMS,Month-to-month,16,49.45,799.0,DSL,Mailed check,Yes,No,No,0.36339663192910515,Medium
4789-KWMXN,One year,47,110.85,5275.8,Fiber optic,Credit card (automatic),Yes,Yes,Yes,0.363392869465772,Medium
6907-CQGPN,Month-to-month,29,34.3,1004.75,DSL,Electronic check,Yes,No,No,0.36315371203809693,Medium
3736-BLEPA,One year,28,91.25,2483.65,Fiber optic,Bank transfer (automatic),Yes,No,No,0.3628452276990183,Medium
2270-CHBFN,Month-to-month,44,95.1,4060.55,Fiber optic,Credit card (automatic),Yes,Yes,No,0.36260504251441195,Medium
2410-CIYFZ,Month-to-month,2,20.4,42.9,No,Mailed check,No internet service,No internet service,No,0.3624700820420307,Medium
1134-YWTYF,Month-to-month,27,53.8,1389.85,DSL,Electronic check,Yes,No,No,0.3622876223772842,Medium
7776-QWNFX,Month-to-month,30,50.4,1527.5,DSL,Bank transfer (automatic),No,No,Yes,0.36223028361060966,Medium
2087-QAREY,Month-to-month,22,54.7,1178.75,DSL,Mailed check,No,No,No,0.36205819432158887,Medium
2750-BJLSB,One year,47,103.7,4730.6,Fiber optic,Electronic check,Yes,Yes,No,0.3620481172344713,Medium
4868-AADLV,One year,66,116.25,7862.25,Fiber optic,Electronic check,Yes,Yes,No,0.36197059020671596,Medium
0953-LGOVU,Month-to-month,12,35.5,432.25,DSL,Mailed check,Yes,No,No,0.36195436722868113,Medium
3896-RCYYE,Month-to-month,67,53.4,3579.15,DSL,Credit card (automatic),Yes,No,No,0.36193753826063296,Medium
4701-MLJPN,Month-to-month,31,55.25,1715.65,DSL,Electronic check,Yes,No,Yes,0.3617367808597961,Medium
7175-NTIXE,Month-to-month,25,76.15,1992.95,DSL,Credit card (automatic),Yes,Yes,No,0.36165497224294824,Medium
0048-LUMLS,One year,37,91.2,3247.55,Fiber optic,Credit card (automatic),No,No,No,0.36151761659381115,Medium
0895-LMRSF,One year,23,64.9,1509.8,DSL,Bank transfer (automatic),No,No,No,0.3613621588684101,Medium
5343-SGUBI,One year,52,80.2,4297.6,Fiber optic,Mailed check,No,No,No,0.36121283311364993,Medium
3255-GRXMG,Month-to-month,18,45.65,747.2,DSL,Credit card (automatic),No,No,No,0.36088972321418183,Medium
8992-VONJD,Month-to-month,13,56.0,764.55,DSL,Electronic check,No,Yes,No,0.3607998910166619,Medium
7740-KKCXF,Month-to-month,51,30.05,1529.45,DSL,Credit card (automatic),No,No,No,0.36037015591264493,Medium
1666-JZPZT,Month-to-month,27,49.0,1291.35,DSL,Mailed check,No,No,No,0.3603319760016575,Medium
5740-YHGTW,Month-to-month,70,97.55,6669.05,Fiber optic,Credit card (automatic),No,Yes,No,0.36001838737714453,Medium
1465-WCZVT,Month-to-month,3,19.65,60.65,No,Mailed check,No internet service,No internet service,No,0.3595061303290243,Medium
7785-RDVIG,Month-to-month,3,19.3,54.7,No,Mailed check,No internet service,No internet service,No,0.3587196148670469,Medium
9036-CSKBW,One year,51,107.45,5680.9,Fiber optic,Bank transfer (automatic),No,Yes,No,0.35869152411140115,Medium
3097-IDVPU,Month-to-month,19,50.1,910.45,DSL,Credit card (automatic),No,No,No,0.3584652642348552,Medium
6476-YHMGA,Month-to-month,15,76.5,1155.6,DSL,Bank transfer (automatic),Yes,No,No,0.3581989629523026,Medium
1707-HABPF,One year,46,91.3,4126.35,Fiber optic,Bank transfer (automatic),No,No,No,0.35813589751035824,Medium
1360-XFJMR,One year,67,109.7,7344.45,Fiber optic,Credit card (automatic),Yes,No,No,0.35798302978876817,Medium
3893-JRNFS,Month-to-month,68,39.9,2796.35,DSL,Bank transfer (automatic),No,No,No,0.35776318191660034,Medium
3794-NFNCH,Month-to-month,30,50.0,1474.9,DSL,Mailed check,No,No,No,0.3577202900608809,Medium
8930-XOTDP,Month-to-month,18,55.95,1082.8,DSL,Mailed check,No,No,No,0.3576779820907468,Medium
0487-RPVUM,Month-to-month,61,99.4,5943.65,Fiber optic,Bank transfer (automatic),Yes,Yes,No,0.3575335648328458,Medium
1697-NVVGY,Month-to-month,19,66.4,1286.05,DSL,Bank transfer (automatic),No,Yes,No,0.3573178292518182,Medium
4187-CINZD,One year,46,95.25,4424.2,Fiber optic,Credit card (automatic),No,No,Yes,0.3572039185107206,Medium
2155-AMQRX,Month-to-month,28,54.9,1505.15,DSL,Credit card (automatic),Yes,No,No,0.35695627004728714,Medium
7964-ZRKKG,One year,67,88.4,5798.3,Fiber optic,Bank transfer (automatic),No,No,No,0.3564646772135637,Medium
7130-CTCUS,Month-to-month,16,54.55,825.1,DSL,Bank transfer (automatic),No,Yes,No,0.35638920060728935,Medium
7521-YXVZY,Month-to-month,3,19.95,58.3,No,Mailed check,No internet service,No internet service,No,0.35592944363322065,Medium
4250-ZBWLV,One year,68,108.45,7176.55,Fiber optic,Electronic check,Yes,No,Yes,0.3557204983511029,Medium
2560-PPCHE,One year,65,105.05,6744.25,Fiber optic,Bank transfer (automatic),Yes,No,No,0.3556635680243938,Medium
0369-ZGOVK,One year,28,70.4,1992.2,Fiber optic,Bank transfer (automatic),No,No,No,0.3556525786964896,Medium
7016-NVRIC,One year,29,90.1,2656.7,Fiber optic,Bank transfer (automatic),No,Yes,No,0.35556048306041643,Medium
4712-AUQZO,Month-to-month,18,33.6,550.35,DSL,Mailed check,No,Yes,No,0.3555590395524763,Medium
7078-NVFAM,Month-to-month,32,35.15,1051.05,DSL,Electronic check,No,Yes,No,0.3554709355380127,Medium
8735-DCXNF,Month-to-month,10,54.95,568.85,DSL,Credit card (automatic),Yes,Yes,No,0.35499992150423554,Medium
7854-EDSSA,Month-to-month,22,59.0,1254.7,DSL,Electronic check,No,Yes,Yes,0.35434812251912673,Medium
5376-PCKNB,One year,72,104.45,7459.0,Fiber optic,Credit card (automatic),No,No,No,0.35390296121040243,Medium
6341-AEVKX,One year,62,104.3,6613.65,Fiber optic,Electronic check,Yes,Yes,No,0.35385531056490854,Medium
2851-STERV,One year,35,73.0,2471.25,DSL,Electronic check,Yes,No,No,0.35375167169148075,Medium
5678-VFNEQ,One year,71,104.1,7412.25,Fiber optic,Credit card (automatic),No,Yes,No,0.3533113959773031,Medium
6322-PJJDJ,Two year,49,94.8,4690.65,Fiber optic,Electronic check,No,No,No,0.3531935480815989,Medium
5985-BEHZK,One year,72,105.0,7578.05,Fiber optic,Credit card (automatic),No,No,No,0.3528738655833229,Medium
2748-MYRVK,One year,63,99.9,6137.0,Fiber optic,Bank transfer (automatic),No,No,Yes,0.35270271095544625,Medium
8952-WCVCD,One year,41,104.45,4162.05,Fiber optic,Bank transfer (automatic),No,Yes,No,0.3526733197838352,Medium
7764-BDPEE,Month-to-month,3,20.85,60.65,No,Mailed check,No internet service,No internet service,No,0.35266726485280436,Medium
6421-SZVEM,One year,28,82.85,2320.8,Fiber optic,Bank transfer (automatic),No,Yes,No,0.3525363051580198,Medium
4726-DLWQN,Month-to-month,50,70.35,3454.6,DSL,Bank transfer (automatic),No,Yes,No,0.35203454779661275,Medium
3413-CSSTH,Month-to-month,41,55.7,2237.55,DSL,Bank transfer (automatic),No,No,No,0.35192079143665744,Medium
7036-ZZKBD,Month-to-month,31,66.4,2019.8,DSL,Credit card (automatic),Yes,No,No,0.35181070362377703,Medium
3039-MJSLN,Month-to-month,3,20.2,50.6,No,Bank transfer (automatic),No internet service,No internet service,No,0.35163957101165516,Medium
1257-SXUXQ,Month-to-month,5,19.45,86.05,No,Mailed check,No internet service,No internet service,No,0.35153623977862386,Medium
5921-NGYRH,Month-to-month,64,73.55,4764.0,Fiber optic,Mailed check,No,Yes,No,0.35147818426941907,Medium
3472-OAOOR,Month-to-month,19,34.95,610.2,DSL,Mailed check,No,Yes,No,0.35131927890785,Medium
4020-KIUDI,Month-to-month,6,19.85,138.85,No,Credit card (automatic),No internet service,No internet service,No,0.35127352139362145,Medium
4274-DRSQT,One year,66,88.9,6000.1,Fiber optic,Bank transfer (automatic),No,No,No,0.3511921289508055,Medium
2796-UUZZO,Month-to-month,63,80.3,4896.35,Fiber optic,Credit card (automatic),No,No,No,0.35115961668810214,Medium
9831-BPFRI,One year,39,89.55,3474.45,Fiber optic,Electronic check,Yes,No,Yes,0.3507097241505423,Medium
2843-CQMEG,Month-to-month,24,49.7,1218.25,DSL,Mailed check,No,No,No,0.3506416007501486,Medium
2234-XADUH,One year,72,103.2,7362.9,Fiber optic,Credit card (automatic),No,No,No,0.35058783788064096,Medium
9651-GTSAQ,One year,53,106.1,5769.75,Fiber optic,Bank transfer (automatic),No,Yes,Yes,0.3503283608931219,Medium
9249-FXSCK,One year,52,111.25,5916.45,Fiber optic,Credit card (automatic),Yes,Yes,Yes,0.3501913644171552,Medium
7740-BTPUX,Two year,55,113.6,6292.7,Fiber optic,Electronic check,Yes,No,No,0.3499342679598265,Medium
5240-CAOYT,Month-to-month,57,87.55,4884.85,Fiber optic,Bank transfer (automatic),Yes,Yes,No,0.34986414463327264,Medium
2946-KIQSP,Month-to-month,35,33.45,1175.85,DSL,Mailed check,Yes,No,No,0.34986190612612267,Medium
6505-OZNPG,Two year,6,63.4,348.8,DSL,Mailed check,Yes,Yes,No,0.3494296671475681,Medium
5366-OBVMR,Month-to-month,18,50.3,908.75,DSL,Mailed check,Yes,No,No,0.34926373491779855,Medium
3724-UCSHY,Month-to-month,6,19.55,122.9,No,Mailed check,No internet service,No internet service,No,0.3489588072837433,Medium
0031-PVLZI,Month-to-month,4,20.35,76.35,No,Mailed check,No internet service,No internet service,Yes,0.3486904264111321,Medium
4160-AMJTL,Month-to-month,8,19.65,164.3,No,Electronic check,No internet service,No internet service,Yes,0.34863867890870326,Medium
2739-CCZMB,Month-to-month,5,20.35,122.0,No,Credit card (automatic),No internet service,No internet service,No,0.34832471328947995,Medium
6574-MCOEH,One year,33,79.15,2531.4,DSL,Electronic check,Yes,No,No,0.3480805735701913,Medium
4816-OKWNX,One year,50,103.4,5236.4,Fiber optic,Bank transfer (automatic),Yes,No,No,0.34797228791947904,Medium
6738-ISCBM,One year,44,54.0,2440.25,DSL,Electronic check,No,Yes,No,0.3478301822224024,Medium
6549-YMFAW,Month-to-month,9,21.25,204.55,No,Mailed check,No internet service,No internet service,No,0.3476429171755233,Medium
3059-NGMXB,Month-to-month,14,69.2,944.65,DSL,Mailed check,No,Yes,No,0.3476064617873358,Medium
0233-FTHAV,One year,60,79.2,4765.0,Fiber optic,Bank transfer (automatic),No,No,No,0.3475884350496897,Medium
2186-QZEYA,Month-to-month,29,58.55,1718.95,DSL,Bank transfer (automatic),No,Yes,No,0.34740437721150025,Medium
8769-KKTPH,One year,63,99.65,6311.2,Fiber optic,Credit card (automatic),No,Yes,No,0.34721929253189693,Medium
8404-VLQFB,Month-to-month,15,25.25,394.85,No,Electronic check,No internet service,No internet service,No,0.34661965515014487,Medium
5760-WRAHC,Month-to-month,22,69.75,1545.4,DSL,Mailed check,Yes,Yes,No,0.3464251291017356,Medium
9057-MSWCO,Month-to-month,27,30.75,805.1,DSL,Credit card (automatic),No,Yes,Yes,0.34620718889894075,Medium
9929-PLVPA,Month-to-month,4,20.4,94.5,No,Credit card (automatic),No internet service,No internet service,No,0.3461808812835828,Medium
8268-YDIXR,One year,56,93.15,5253.95,Fiber optic,Electronic check,No,Yes,No,0.34611988139070626,Medium
0206-TBWLC,One year,54,114.65,6049.5,Fiber optic,Mailed check,Yes,Yes,No,0.3460881442989424,Medium
1346-PJWTK,Month-to-month,61,94.15,5731.85,Fiber optic,Credit card (automatic),Yes,No,No,0.3460363120801357,Medium
6728-DKUCO,One year,72,104.15,7303.05,Fiber optic,Electronic check,No,Yes,No,0.3457115506418243,Medium
2586-CWXVV,Month-to-month,54,30.4,1621.35,DSL,Electronic check,No,No,No,0.34555424636587584,Medium
4800-CZMPC,One year,48,103.25,5037.55,Fiber optic,Credit card (automatic),No,Yes,Yes,0.3445559509967975,Medium
8292-TYSPY,Month-to-month,19,55.0,1046.5,DSL,Credit card (automatic),Yes,No,Yes,0.34439833380544604,Medium
5315-CKEQK,One year,28,51.0,1381.8,DSL,Electronic check,No,No,No,0.3443002143153761,Medium
5440-VHLUL,One year,69,105.2,7386.05,Fiber optic,Bank transfer (automatic),Yes,No,No,0.34418133024888115,Medium
2972-YDYUW,One year,57,94.7,5468.95,Fiber optic,Electronic check,Yes,No,No,0.34407021875376637,Medium
4016-BJKTZ,Two year,25,108.9,2809.05,Fiber optic,Electronic check,Yes,No,No,0.3439165793808333,Medium
3253-HKOKL,One year,52,100.3,5244.45,Fiber optic,Electronic check,No,Yes,No,0.343861143435156,Medium
4923-ADWXJ,Month-to-month,25,65.8,1679.65,DSL,Bank transfer (automatic),Yes,No,No,0.34382451973691114,Medium
0820-FNRNX,Month-to-month,17,66.7,1077.05,DSL,Mailed check,Yes,No,No,0.34372713441485625,Medium
7797-EJMDP,Month-to-month,8,66.05,574.5,DSL,Bank transfer (automatic),Yes,Yes,No,0.3435566784902667,Medium
8849-PRIQJ,One year,67,109.4,7281.6,Fiber optic,Electronic check,Yes,Yes,No,0.34348517537249634,Medium
5593-SUAOO,One year,24,83.15,2033.05,Fiber optic,Bank transfer (automatic),No,No,No,0.3428644700282611,Medium
8634-CILSZ,One year,69,104.7,7220.35,Fiber optic,Bank transfer (automatic),Yes,No,Yes,0.3428517017659684,Medium
2794-XIMMO,One year,53,60.45,3184.25,DSL,Electronic check,Yes,No,Yes,0.3426034159417425,Medium
7219-TLZHO,Month-to-month,4,20.85,62.9,No,Mailed check,No internet service,No internet service,No,0.3422981982908451,Medium
4455-BFSPD,One year,61,101.15,6383.9,Fiber optic,Bank transfer (automatic),Yes,No,No,0.34221544799590786,Medium
1345-GKDZZ,Month-to-month,6,19.55,128.6,No,Mailed check,No internet service,No internet service,No,0.34190579768894763,Medium
3786-WOVKF,One year,72,106.85,7677.4,Fiber optic,Bank transfer (automatic),No,Yes,No,0.3417754692848956,Medium
9578-FOMUK,Month-to-month,15,24.8,324.15,No,Electronic check,No internet service,No internet service,No,0.34157171161344446,Medium
9107-UKCKY,One year,61,79.8,4914.8,DSL,Electronic check,No,No,No,0.3412775368339859,Medium
1518-OMDIK,Month-to-month,33,44.55,1462.6,DSL,Credit card (automatic),No,No,No,0.34125418580855743,Medium
1113-IUJYX,One year,14,105.95,1348.9,Fiber optic,Mailed check,Yes,Yes,Yes,0.3410393367078374,Medium
0991-BRRFB,Month-to-month,18,49.4,874.8,DSL,Electronic check,No,Yes,Yes,0.3401194118297849,Medium
9565-JSNFM,One year,38,70.45,2597.6,Fiber optic,Bank transfer (automatic),No,No,Yes,0.34008393157926853,Medium
6164-HXUGH,Month-to-month,6,19.85,119.3,No,Mailed check,No internet service,No internet service,No,0.3398202360374311,Medium
8905-IAZPF,One year,69,95.65,6744.2,Fiber optic,Credit card (automatic),No,No,No,0.3394477314266678,Medium
3077-RSNTJ,Month-to-month,6,19.7,113.5,No,Mailed check,No internet service,No internet service,No,0.3393384606412242,Medium
9294-TDIPC,Month-to-month,5,20.2,83.75,No,Mailed check,No internet service,No internet service,No,0.3392893840746973,Medium
7266-GSSJX,Month-to-month,11,20.45,250.8,No,Electronic check,No internet service,No internet service,No,0.3387536330374073,Medium
9074-KGVOX,Month-to-month,50,39.45,2021.35,DSL,Credit card (automatic),No,Yes,No,0.33828592921454387,Medium
7080-TNUWP,One year,70,95.0,6602.9,Fiber optic,Bank transfer (automatic),No,No,No,0.33811610747516796,Medium
7143-BQIBA,Month-to-month,10,62.25,612.95,DSL,Bank transfer (automatic),Yes,Yes,No,0.3379766813687666,Medium
7148-XZPHA,Month-to-month,55,79.4,4238.45,Fiber optic,Electronic check,Yes,No,No,0.3378820776444009,Medium
7623-HKYRK,Month-to-month,6,19.7,111.65,No,Mailed check,No internet service,No internet service,No,0.3377925217160865,Medium
8259-NFJTV,Month-to-month,7,34.65,246.6,DSL,Mailed check,Yes,Yes,No,0.3375698871550108,Medium
3128-YOVTD,Month-to-month,51,79.15,4018.55,Fiber optic,Bank transfer (automatic),No,Yes,No,0.3371423855760575,Medium
5168-MQQCA,One year,72,108.5,8003.8,Fiber optic,Bank transfer (automatic),Yes,No,No,0.3371387070857494,Medium
7123-WQUHX,One year,38,95.0,3605.6,Fiber optic,Bank transfer (automatic),Yes,No,No,0.3369699971492223,Medium
4476-OSWTN,One year,69,110.55,7610.1,Fiber optic,Mailed check,Yes,Yes,No,0.33693186505304257,Medium
4283-IVYCI,Month-to-month,9,64.95,547.8,DSL,Mailed check,Yes,Yes,No,0.33636160674332144,Medium
0156-FVPTA,Month-to-month,22,54.2,1152.7,DSL,Electronic check,Yes,Yes,Yes,0.33596897232459355,Medium
6261-LHRTG,Month-to-month,26,54.75,1406.9,DSL,Credit card (automatic),No,No,No,0.3359294998790546,Medium
7619-ODSGN,Month-to-month,24,54.75,1338.15,DSL,Electronic check,No,Yes,Yes,0.33588844126821316,Medium
4719-UMSIY,Month-to-month,6,19.65,100.9,No,Mailed check,No internet service,No internet service,No,0.3358594514774388,Medium
5285-MVEHD,One year,56,105.6,6068.65,Fiber optic,Credit card (automatic),No,Yes,No,0.33542276754089356,Medium
1017-FBQMM,One year,62,106.05,6703.5,Fiber optic,Credit card (automatic),Yes,No,No,0.3350908943880843,Medium
4747-LCAQL,Month-to-month,25,79.0,1902.0,DSL,Mailed check,Yes,Yes,No,0.3349344556877343,Medium
9837-FWLCH,Month-to-month,12,19.2,239.0,No,Electronic check,No internet service,No internet service,No,0.3349191289718033,Medium
2359-QWQUL,One year,39,104.7,4134.85,Fiber optic,Credit card (automatic),Yes,Yes,Yes,0.3345529290956592,Medium
6402-SSEJG,One year,25,61.05,1540.2,DSL,Electronic check,No,Yes,No,0.33444085820946107,Medium
2486-WYVVE,One year,31,79.3,2484.0,DSL,Mailed check,Yes,No,No,0.3344118570819039,Medium
7868-BGSZA,One year,43,80.2,3581.6,DSL,Electronic check,No,Yes,No,0.33433938709290034,Medium
0239-OXEXL,Month-to-month,46,84.25,3847.6,Fiber optic,Mailed check,No,Yes,No,0.3340435086277576,Medium
3639-XJHKQ,Month-to-month,19,60.6,1297.8,DSL,Electronic check,No,Yes,No,0.33392196212770797,Medium
5966-EMAZU,One year,64,108.5,6880.85,Fiber optic,Mailed check,Yes,Yes,No,0.3337257079256294,Medium
8182-PNAGI,Month-to-month,12,50.25,593.75,DSL,Bank transfer (automatic),Yes,No,Yes,0.33358077727054397,Medium
8044-BGWPI,Month-to-month,12,21.15,306.05,No,Electronic check,No internet service,No internet service,No,0.3329014175415789,Medium
7879-CGSFV,One year,55,100.9,5552.05,Fiber optic,Mailed check,No,Yes,No,0.33278344340067784,Medium
4486-EFAEB,Month-to-month,13,20.4,251.65,No,Electronic check,No internet service,No internet service,No,0.3327559548461159,Medium
2237-ZFSMY,One year,39,95.55,3692.85,Fiber optic,Electronic check,Yes,Yes,Yes,0.3326311235232259,Medium
4083-BFNYK,One year,38,95.0,3591.25,Fiber optic,Credit card (automatic),No,Yes,No,0.3324149960346787,Medium
3682-YEUWS,Month-to-month,10,24.4,253.9,No,Mailed check,No internet service,No internet service,No,0.3321641939189858,Medium
0931-MHTEM,One year,54,100.05,5299.65,Fiber optic,Credit card (automatic),No,Yes,No,0.33179033140077696,Medium
7883-ROJOC,Month-to-month,19,44.9,839.65,DSL,Mailed check,No,No,No,0.33169783175249307,Medium
8317-BVKSO,Month-to-month,14,20.05,299.3,No,Electronic check,No internet service,No internet service,No,0.33087431295093506,Medium
7163-OCEQI,One year,22,78.65,1663.75,DSL,Mailed check,Yes,No,No,0.3307138358019225,Medium
8082-GHXOP,Month-to-month,13,44.0,659.35,DSL,Mailed check,No,No,No,0.3305708212889728,Medium
0447-BEMNG,Month-to-month,48,45.3,2145.0,DSL,Bank transfer (automatic),No,Yes,Yes,0.33018554991625365,Medium
0743-HRVFF,One year,51,56.15,2898.95,DSL,Electronic check,Yes,No,No,0.3299096593280496,Medium
9079-LWTFD,Month-to-month,47,100.75,4669.2,Fiber optic,Mailed check,Yes,Yes,No,0.3298433070224523,Medium
8849-GYOKR,One year,54,106.55,5763.3,Fiber optic,Bank transfer (automatic),No,Yes,Yes,0.32972645401379336,Medium
9475-NNDGC,One year,71,113.15,7953.25,Fiber optic,Bank transfer (automatic),Yes,No,No,0.3297089290544516,Medium
3160-TYXLT,Month-to-month,53,46.3,2546.85,DSL,Bank transfer (automatic),No,Yes,No,0.32953446178897344,Medium
4833-QTJNO,Month-to-month,67,83.85,5588.8,Fiber optic,Bank transfer (automatic),No,Yes,No,0.32942952435113254,Medium
6968-MHOMU,One year,58,45.0,2689.35,DSL,Credit card (automatic),No,No,No,0.3286253130361404,Medium
6475-VHUIZ,Month-to-month,23,54.25,1221.55,DSL,Electronic check,Yes,No,No,0.3280520938784275,Medium
0584-BJQGZ,Month-to-month,25,78.35,1837.9,DSL,Bank transfer (automatic),Yes,Yes,No,0.32768267573307663,Medium
9909-DFRJA,One year,26,95.85,2475.35,Fiber optic,Bank transfer (automatic),Yes,Yes,No,0.32762773688519786,Medium
0440-QEXBZ,Month-to-month,44,50.15,2139.1,DSL,Mailed check,No,No,No,0.32699666517882187,Medium
1179-INLAT,One year,3,19.45,69.25,No,Mailed check,No internet service,No internet service,No,0.3268958926555208,Medium
6733-LRIZX,Two year,35,108.95,4025.5,Fiber optic,Electronic check,Yes,Yes,No,0.32687278764026767,Medium
3863-QSTYI,Month-to-month,59,64.65,3735.45,DSL,Electronic check,Yes,No,No,0.32641993546798975,Medium
6383-ZTSIW,One year,39,99.1,3877.95,Fiber optic,Mailed check,No,Yes,No,0.32638761710608816,Medium
8731-WBBMB,Month-to-month,26,81.9,2078.55,DSL,Bank transfer (automatic),Yes,No,No,0.3263389001436542,Medium
3640-JQGJG,Month-to-month,13,44.8,559.2,DSL,Bank transfer (automatic),No,No,No,0.3255558336117151,Medium
9978-HYCIN,One year,47,84.95,4018.05,Fiber optic,Bank transfer (automatic),No,No,No,0.3254295736333368,Medium
3570-YUEKJ,Month-to-month,42,49.55,2077.95,DSL,Electronic check,No,No,No,0.32534062944211734,Medium
8295-FHIVV,Month-to-month,7,19.4,168.65,No,Mailed check,No internet service,No internet service,No,0.32523855062339746,Medium
0384-RVBPI,Month-to-month,20,64.4,1398.6,DSL,Credit card (automatic),No,Yes,No,0.32471504566379206,Medium
6198-PNNSZ,One year,56,109.8,6109.65,Fiber optic,Bank transfer (automatic),No,Yes,No,0.3246305448672284,Medium
1447-PJGGA,Two year,57,95.25,5464.65,Fiber optic,Electronic check,No,No,Yes,0.3235396409664842,Medium
1120-BMWUB,Month-to-month,16,53.9,834.15,DSL,Mailed check,Yes,No,Yes,0.32344429673105796,Medium
3402-XRIUO,Month-to-month,22,63.55,1381.8,DSL,Mailed check,Yes,Yes,No,0.323387151155549,Medium
4365-MSDYN,Month-to-month,8,19.55,161.15,No,Bank transfer (automatic),No internet service,No internet service,No,0.3219555560159379,Medium
4541-RMRLG,Month-to-month,7,19.25,112.3,No,Electronic check,No internet service,No internet service,Yes,0.32163123291593043,Medium
9820-RMCQV,Month-to-month,11,48.55,501.0,DSL,Credit card (automatic),No,Yes,Yes,0.321063263040111,Medium
2402-TAIRZ,One year,37,80.05,3019.1,Fiber optic,Electronic check,No,No,No,0.32087216686112163,Medium
9060-HJJRW,One year,51,56.4,2928.5,DSL,Credit card (automatic),No,No,No,0.32083555791772367,Medium
1386-ZIKUV,Month-to-month,7,18.95,130.55,No,Mailed check,No internet service,No internet service,No,0.3208004999341089,Medium
1347-KTTTA,One year,64,102.45,6654.1,Fiber optic,Credit card (automatic),Yes,No,No,0.3207116780355287,Medium
7919-ZODZZ,One year,10,65.9,660.05,DSL,Mailed check,No,No,No,0.3200590367236091,Medium
4355-CVPVS,One year,56,88.9,4968.0,Fiber optic,Bank transfer (automatic),No,No,No,0.31999440576198696,Medium
7632-MNYOY,One year,66,110.9,7432.05,Fiber optic,Credit card (automatic),Yes,No,Yes,0.31967383703118857,Medium
1304-SEGFY,Two year,72,97.85,6841.3,Fiber optic,Electronic check,No,No,No,0.31946250106795393,Medium
9788-YTFGE,Month-to-month,7,19.95,147.5,No,Mailed check,No internet service,No internet service,No,0.3191989927753555,Medium
7516-GMHUV,Two year,50,105.05,5163.3,Fiber optic,Credit card (automatic),No,Yes,No,0.31839413860623234,Medium
6981-TDRFT,One year,44,54.3,2317.1,DSL,Electronic check,Yes,No,No,0.31831861753380897,Medium
9763-GRSKD,Month-to-month,13,49.95,587.45,DSL,Mailed check,No,Yes,No,0.31819137668122166,Medium
4929-ROART,Month-to-month,18,56.25,969.85,DSL,Mailed check,No,Yes,No,0.31800761360164853,Medium
8033-ATFAS,Month-to-month,39,59.85,2341.5,DSL,Mailed check,No,No,No,0.3178444606611565,Medium
6333-YDVLT,One year,65,110.0,7138.65,Fiber optic,Credit card (automatic),Yes,Yes,No,0.31730074335777664,Medium
9378-FXTIZ,One year,54,70.15,3715.65,DSL,Credit card (automatic),No,No,Yes,0.31664271065550065,Medium
7088-FBAWU,Month-to-month,17,74.55,1215.8,DSL,Mailed check,No,Yes,No,0.31621059596862644,Medium
6447-GORXK,Month-to-month,31,25.0,789.2,DSL,Credit card (automatic),No,No,No,0.3157651502476091,Medium
0308-IVGOK,One year,11,40.4,422.6,DSL,Credit card (automatic),Yes,No,No,0.3157027548063538,Medium
4277-UDIEF,Month-to-month,24,81.0,1923.85,DSL,Bank transfer (automatic),Yes,Yes,No,0.3155428092703534,Medium
6258-NGCNG,Month-to-month,7,23.5,173.0,No,Mailed check,No internet service,No internet service,No,0.315178750648317,Medium
0750-EBAIU,One year,52,91.25,4738.3,Fiber optic,Electronic check,No,Yes,No,0.3149237659345593,Medium
4700-UBQMV,One year,21,75.9,1549.75,DSL,Bank transfer (automatic),No,Yes,No,0.31460288711018575,Medium
5150-LJNSR,One year,31,98.05,3082.1,Fiber optic,Bank transfer (automatic),No,Yes,No,0.31458380808263453,Medium
3981-QSVQI,Month-to-month,8,19.7,168.9,No,Bank transfer (automatic),No internet service,No internet service,No,0.3145516371186188,Medium
4374-YMUSQ,One year,34,116.25,3899.05,Fiber optic,Credit card (automatic),Yes,Yes,No,0.3131986471653339,Medium
3221-CJMSG,Month-to-month,24,51.1,1269.6,DSL,Credit card (automatic),Yes,No,No,0.31312067139023547,Medium
6563-VNPMN,Month-to-month,45,85.7,3778.1,Fiber optic,Bank transfer (automatic),Yes,Yes,No,0.31306526452712324,Medium
8627-EHGIP,One year,44,53.95,2375.4,DSL,Mailed check,No,No,Yes,0.3126026174518743,Medium
4525-VZCZG,One year,54,105.85,5826.65,Fiber optic,Electronic check,Yes,Yes,No,0.3123513071595766,Medium
6994-ORCWG,One year,14,54.25,773.2,DSL,Mailed check,No,No,No,0.31207072002140734,Medium
8080-POTJR,One year,30,79.3,2427.1,DSL,Credit card (automatic),No,Yes,No,0.312026947390745,Medium
9025-ZRPVR,Month-to-month,9,18.95,185.6,No,Mailed check,No internet service,No internet service,Yes,0.311487250806073,Medium
3680-CTHUH,One year,60,116.6,7049.5,Fiber optic,Credit card (automatic),Yes,Yes,No,0.3113841774189965,Medium
9114-VEPUF,One year,62,96.1,6001.45,Fiber optic,Electronic check,No,Yes,No,0.3111909955945678,Medium
2896-TBNBE,One year,40,80.8,3132.75,Fiber optic,Electronic check,No,No,No,0.3111822533453518,Medium
9863-JZAIC,Month-to-month,35,55.0,2010.55,DSL,Mailed check,No,No,Yes,0.310962621306906,Medium
0484-FFVBJ,One year,32,64.85,2010.95,DSL,Bank transfer (automatic),No,No,No,0.31076317648090246,Medium
5766-XQXMQ,Month-to-month,29,68.85,1970.5,DSL,Bank transfer (automatic),No,Yes,Yes,0.3107166168372398,Medium
7140-ADSMJ,Month-to-month,8,20.45,162.3,No,Credit card (automatic),No internet service,No internet service,No,0.3106919159694208,Medium
6994-FGRHH,One year,70,106.15,7475.1,Fiber optic,Electronic check,Yes,No,No,0.31010631859951365,Medium
6794-HKIAJ,Month-to-month,62,90.7,5586.45,Fiber optic,Bank transfer (automatic),No,Yes,No,0.30994831993874994,Medium
7663-ZTEGJ,One year,29,100.55,2830.45,Fiber optic,Credit card (automatic),Yes,No,No,0.3099244763829161,Medium
3428-MMGUB,Two year,60,89.55,5231.2,Fiber optic,Electronic check,No,No,No,0.30985420020006155,Medium
2530-FMFXO,Two year,56,103.2,5873.75,Fiber optic,Electronic check,Yes,No,No,0.3097886689063493,Medium
7311-MQJCH,One year,5,19.55,99.6,No,Electronic check,No internet service,No internet service,No,0.3095992414867991,Medium
0036-IHMOT,One year,55,103.7,5656.75,Fiber optic,Bank transfer (automatic),Yes,No,No,0.30940527845016225,Medium
5832-EXGTT,Month-to-month,29,60.2,1834.15,DSL,Mailed check,No,Yes,No,0.3092502041258997,Medium
8563-IIOXK,One year,7,49.75,331.3,DSL,Electronic check,No,Yes,Yes,0.3091350413153488,Medium
6303-KFWSL,One year,29,55.25,1620.2,DSL,Electronic check,No,No,No,0.30912901551967137,Medium
8671-KKKOS,Month-to-month,46,45.55,2062.15,DSL,Electronic check,No,Yes,No,0.30896775863222586,Medium
5639-NTUPK,Month-to-month,13,52.1,670.65,DSL,Credit card (automatic),No,Yes,No,0.30895562943867944,Medium
9391-DXGGG,One year,44,89.15,3990.75,Fiber optic,Credit card (automatic),No,No,No,0.3088962982258923,Medium
9480-BQJEI,One year,62,92.3,5731.45,Fiber optic,Bank transfer (automatic),No,Yes,No,0.30881115813550486,Medium
6092-QZVPP,Month-to-month,36,79.2,2854.95,DSL,Credit card (automatic),Yes,Yes,No,0.30875817221494506,Medium
4139-JPIAM,Month-to-month,51,44.45,2181.55,DSL,Credit card (automatic),Yes,Yes,No,0.30867214939753823,Medium
4544-RXFMG,One year,8,43.45,345.5,DSL,Mailed check,No,No,No,0.3083525984203225,Medium
0678-RLHVP,Two year,53,105.55,5682.25,Fiber optic,Electronic check,No,No,No,0.3083383330895705,Medium
0708-SJDIS,Month-to-month,34,65.0,2157.5,DSL,Mailed check,Yes,No,No,0.3082818157856251,Medium
9938-EKRGF,Month-to-month,15,84.45,1287.85,DSL,Mailed check,Yes,Yes,No,0.3079289264736296,Medium
2908-ZTPNF,Month-to-month,36,34.85,1267.2,DSL,Bank transfer (automatic),Yes,No,No,0.3076960211429548,Medium
5155-AZQPB,Month-to-month,28,49.9,1410.25,DSL,Mailed check,No,No,No,0.3075845374378164,Medium
2978-XXSOG,Month-to-month,22,59.05,1253.5,DSL,Mailed check,Yes,Yes,No,0.3075733349475256,Medium
7639-SUPCW,Month-to-month,22,48.8,1054.6,DSL,Credit card (automatic),No,Yes,Yes,0.30731449489809315,Medium
2696-ECXKC,One year,55,100.9,5448.6,Fiber optic,Mailed check,No,Yes,No,0.30713836178566484,Medium
9115-YQHGA,Month-to-month,40,51.1,2092.9,DSL,Electronic check,Yes,No,No,0.30682198216240336,Medium
5206-HPJKM,Month-to-month,17,55.5,934.15,DSL,Credit card (automatic),No,Yes,No,0.30677999840943937,Medium
3703-TTEPD,Month-to-month,21,65.35,1424.4,DSL,Bank transfer (automatic),No,Yes,No,0.3066379489574311,Medium
2040-OBMLJ,One year,31,81.7,2548.65,Fiber optic,Credit card (automatic),Yes,No,No,0.3065760757343995,Medium
2805-EDJPQ,One year,56,99.75,5608.4,Fiber optic,Credit card (automatic),Yes,No,No,0.30647711207487294,Medium
5989-OMNJE,One year,24,57.6,1367.75,DSL,Electronic check,No,Yes,No,0.3064607802112438,Medium
0723-VSOBE,One year,45,34.2,1596.6,DSL,Electronic check,No,No,No,0.30637307756648685,Medium
1492-QGCLU,Month-to-month,53,85.7,4616.1,DSL,Electronic check,Yes,Yes,No,0.3063279250617966,Medium
6906-MPARY,One year,40,89.6,3488.15,Fiber optic,Credit card (automatic),Yes,No,No,0.3062819902797335,Medium
1545-ACTAS,One year,48,99.7,4977.2,Fiber optic,Bank transfer (automatic),No,Yes,No,0.30616133266484585,Medium
9040-KZVWO,One year,26,75.5,2018.1,Fiber optic,Bank transfer (automatic),No,No,No,0.30607762643192227,Medium
9575-IWCAZ,One year,6,25.1,171.0,No,Mailed check,No internet service,No internet service,No,0.3060760553674671,Medium
3468-DRVQJ,One year,10,70.3,676.15,DSL,Electronic check,No,Yes,No,0.3059142022706122,Medium
9097-ZUBYC,Month-to-month,14,48.8,664.4,DSL,Bank transfer (automatic),Yes,No,No,0.305444394791489,Medium
9512-PHSMG,Month-to-month,10,20.55,252.75,No,Mailed check,No internet service,No internet service,No,0.3053208394880057,Medium
5151-HQRDG,Month-to-month,37,55.05,2030.75,DSL,Mailed check,No,Yes,No,0.30528685833684494,Medium
3865-YIOTT,One year,72,106.1,7848.5,Fiber optic,Bank transfer (automatic),No,Yes,No,0.3051182231872097,Medium
9470-RTWDV,One year,26,82.0,2083.1,DSL,Credit card (automatic),Yes,No,No,0.3044095230539997,Medium
2931-VUVJN,One year,59,94.05,5483.9,Fiber optic,Electronic check,Yes,Yes,No,0.30433520405488085,Medium
1530-ZTDOZ,Month-to-month,49,40.65,2070.75,DSL,Bank transfer (automatic),No,Yes,No,0.3042987496365566,Medium
4860-YZGZM,Month-to-month,10,20.0,185.4,No,Electronic check,No internet service,No internet service,No,0.3038765483973916,Medium
1697-BCSHV,Month-to-month,58,66.8,3970.4,DSL,Bank transfer (automatic),No,No,No,0.3037152002914468,Medium
7083-YNSKY,Month-to-month,15,25.4,399.6,No,Credit card (automatic),No internet service,No internet service,Yes,0.3036205465500734,Medium
5448-VWNAM,Month-to-month,19,75.9,1375.6,DSL,Mailed check,Yes,Yes,No,0.30292291977703667,Medium
2212-LYASK,One year,27,45.85,1246.4,DSL,Credit card (automatic),No,No,No,0.30263091138543524,Medium
8213-TAZPM,One year,69,108.75,7493.05,Fiber optic,Bank transfer (automatic),Yes,No,No,0.30230182495086616,Medium
3948-XHGNA,Month-to-month,24,49.55,1210.4,DSL,Bank transfer (automatic),No,Yes,Yes,0.302149353247569,Medium
3642-GKTCT,One year,61,115.1,6993.65,Fiber optic,Mailed check,Yes,Yes,No,0.30165056678828855,Medium
0516-UXRMT,One year,62,92.05,5755.8,Fiber optic,Electronic check,No,Yes,No,0.30161590350694395,Medium
2923-ARZLG,One year,0,19.7,0.0,No,Mailed check,No internet service,No internet service,No,0.30126717718329227,Medium
6497-TILVL,Month-to-month,7,50.7,350.35,DSL,Mailed check,No,Yes,No,0.3012058253692629,Medium
6035-RIIOM,Two year,54,97.2,5129.45,Fiber optic,Bank transfer (automatic),No,No,No,0.3010023014738529,Medium
4472-LVYGI,Two year,0,52.55,0.0,DSL,Bank transfer (automatic),Yes,Yes,No,0.30083074547036,Medium
8439-LTUGF,Month-to-month,10,20.0,198.6,No,Credit card (automatic),No internet service,No internet service,No,0.30073509166730755,Medium
7811-JIVPF,Month-to-month,23,49.7,1081.25,DSL,Credit card (automatic),No,No,No,0.30063535791058416,Medium
4742-DRORA,One year,60,95.4,5812.0,Fiber optic,Bank transfer (automatic),No,Yes,No,0.30051419557967973,Medium
5197-PYEPU,One year,42,94.45,3923.8,Fiber optic,Credit card (automatic),No,Yes,No,0.3004531539021569,Medium
0114-RSRRW,Month-to-month,10,19.95,187.75,No,Bank transfer (automatic),No internet service,No internet service,No,0.3004013390153757,Medium
1265-XTECC,One year,68,96.55,6581.9,Fiber optic,Credit card (automatic),No,Yes,Yes,0.30032936532247206,Medium
3675-YDUPJ,Month-to-month,10,19.85,193.05,No,Mailed check,No internet service,No internet service,No,0.30032915809874944,Medium
8561-NMTBD,One year,67,112.35,7388.45,Fiber optic,Credit card (automatic),Yes,No,No,0.3000801845287353,Medium
6804-GDMOI,Two year,61,106.6,6428.4,Fiber optic,Electronic check,Yes,No,Yes,0.299918635098578,Low
7108-DGVUU,One year,21,71.7,1497.05,DSL,Bank transfer (automatic),No,No,No,0.2997014666105819,Low
4190-MFLUW,Month-to-month,10,55.2,528.35,DSL,Credit card (automatic),Yes,No,Yes,0.29945041817695794,Low
0580-PIQHM,One year,41,101.6,3930.55,Fiber optic,Bank transfer (automatic),No,Yes,No,0.2993443919669354,Low
7803-XOCCZ,Month-to-month,52,84.05,4326.8,Fiber optic,Bank transfer (automatic),Yes,Yes,No,0.2992819542187694,Low
7820-ZYGNY,One year,63,90.45,5825.5,Fiber optic,Credit card (automatic),No,No,No,0.29924737624166103,Low
9554-DFKIC,Month-to-month,30,54.45,1588.7,DSL,Bank transfer (automatic),No,Yes,No,0.29923146372145487,Low
9839-ETQOE,Month-to-month,43,40.45,1912.85,DSL,Electronic check,No,Yes,No,0.2990853674686372,Low
1614-JBEBI,Month-to-month,8,20.7,137.6,No,Mailed check,No internet service,No internet service,No,0.2990417331803523,Low
3275-RHRNE,One year,28,60.0,1682.05,DSL,Credit card (automatic),Yes,No,No,0.29855060765959074,Low
4580-TMHJU,Month-to-month,43,56.15,2499.3,DSL,Electronic check,No,No,Yes,0.2977217699127273,Low
9762-YAQAA,One year,39,81.4,3213.75,Fiber optic,Credit card (automatic),No,No,No,0.2976179079934504,Low
8894-JVDCV,One year,62,115.05,7133.45,Fiber optic,Credit card (automatic),Yes,Yes,No,0.2976075640171881,Low
6655-LHBYW,One year,50,114.35,5791.1,Fiber optic,Credit card (automatic),Yes,Yes,No,0.29758663439984123,Low
3638-DIMPH,One year,13,43.8,592.65,DSL,Electronic check,No,No,No,0.29743187988462755,Low
6465-GSRCL,One year,67,106.6,7244.7,Fiber optic,Bank transfer (automatic),Yes,No,No,0.2973483726274509,Low
0665-XHDJU,Two year,72,99.4,7285.7,Fiber optic,Electronic check,No,No,No,0.2971845238367439,Low
7614-QVWQL,One year,49,51.8,2541.25,DSL,Bank transfer (automatic),No,No,Yes,0.29647372435840136,Low
8548-AWOFC,Month-to-month,66,63.85,4264.6,DSL,Electronic check,Yes,No,No,0.29642055092025665,Low
8034-RYTVV,One year,55,84.25,4589.85,Fiber optic,Credit card (automatic),No,Yes,No,0.2959792341821231,Low
3417-TSCIC,One year,29,24.85,788.05,DSL,Mailed check,No,No,No,0.295788242058225,Low
8319-QBEHW,One year,26,39.95,1023.75,DSL,Bank transfer (automatic),No,No,No,0.29565762105326737,Low
3847-BAERP,Month-to-month,10,20.9,247.0,No,Mailed check,No internet service,No internet service,No,0.29551679951366827,Low
2599-CZABP,One year,14,44.6,641.25,DSL,Electronic check,No,No,No,0.29524833126486477,Low
0851-DFJKB,Month-to-month,15,58.95,955.15,DSL,Electronic check,Yes,Yes,No,0.29516747043126623,Low
7706-DZNKK,Month-to-month,11,20.45,237.3,No,Credit card (automatic),No internet service,No internet service,No,0.29515174527751237,Low
0440-UEDAI,One year,53,94.45,5042.75,Fiber optic,Credit card (automatic),Yes,No,No,0.29494204357387094,Low
5730-RIITO,Month-to-month,43,33.45,1500.25,DSL,Credit card (automatic),No,Yes,No,0.2947580217995854,Low
6749-UTDVX,Two year,72,103.65,7634.8,Fiber optic,Electronic check,No,No,No,0.294640967235129,Low
4936-YPJNK,Month-to-month,10,19.9,199.45,No,Mailed check,No internet service,No internet service,No,0.2943536045429861,Low
1385-TQOZW,Month-to-month,9,20.45,147.55,No,Credit card (automatic),No internet service,No internet service,No,0.2939775201908558,Low
9609-BENEA,One year,35,69.0,2441.7,DSL,Electronic check,Yes,No,No,0.2938839427988464,Low
3571-DPYUH,One year,58,94.7,5430.35,Fiber optic,Credit card (automatic),Yes,No,No,0.2936677723237419,Low
0193-ESZXP,One year,58,105.5,6205.5,Fiber optic,Credit card (automatic),Yes,Yes,Yes,0.29351347462684574,Low
3733-UOCWF,One year,61,85.55,5251.75,Fiber optic,Bank transfer (automatic),Yes,No,No,0.29332845736767515,Low
9152-AMKAK,Two year,6,80.25,493.4,DSL,Mailed check,Yes,Yes,No,0.29329238605567487,Low
5397-TUPSH,One year,65,70.95,4555.2,Fiber optic,Bank transfer (automatic),No,No,No,0.2926770115288359,Low
1679-JRFBR,One year,70,108.15,7930.55,Fiber optic,Credit card (automatic),No,Yes,No,0.29262804961439204,Low
5014-WUQMG,One year,47,96.1,4391.45,Fiber optic,Electronic check,No,Yes,No,0.29232471683087136,Low
4316-XCSLJ,Month-to-month,17,50.3,846.8,DSL,Mailed check,No,Yes,No,0.29213334994187046,Low
7361-YPXFS,Month-to-month,28,64.45,1867.6,DSL,Bank transfer (automatic),Yes,No,No,0.2920161611699351,Low
1397-XKKWR,One year,7,35.3,264.8,DSL,Mailed check,No,Yes,No,0.2919109353732002,Low
8785-EPNCG,Month-to-month,11,23.15,245.2,No,Credit card (automatic),No internet service,No internet service,Yes,0.2916387838089566,Low
9746-MDMBK,One year,47,113.45,5317.8,Fiber optic,Bank transfer (automatic),Yes,Yes,No,0.2910044372784089,Low
9633-DENPU,Month-to-month,47,58.6,2723.4,DSL,Bank transfer (automatic),No,No,No,0.29060421603533587,Low
5223-UZAVK,One year,64,100.3,6603.8,Fiber optic,Credit card (automatic),No,Yes,No,0.2904076625411728,Low
2055-SIFSS,Month-to-month,55,51.65,2838.55,DSL,Bank transfer (automatic),No,No,No,0.2903780334341386,Low
0479-HMSWA,Two year,26,105.45,2715.3,Fiber optic,Electronic check,Yes,No,No,0.2903668325460135,Low
1784-BXEFA,Month-to-month,10,20.55,187.35,No,Mailed check,No internet service,No internet service,No,0.2902254316935104,Low
5307-UVGNB,Month-to-month,53,48.7,2495.2,DSL,Bank transfer (automatic),No,Yes,No,0.29007522938855007,Low
2925-MXLSX,One year,30,68.95,2038.7,DSL,Credit card (automatic),No,No,No,0.29005883909755864,Low
8008-ESFLK,One year,53,110.5,5835.5,Fiber optic,Electronic check,Yes,Yes,No,0.28942503738918957,Low
3523-QRQLL,One year,22,69.5,1498.2,DSL,Bank transfer (automatic),No,No,Yes,0.2893171526682579,Low
2452-SNHFZ,Month-to-month,47,75.45,3545.1,Fiber optic,Credit card (automatic),No,Yes,No,0.2888442046286681,Low
1428-IEDPR,Two year,52,109.3,5731.4,Fiber optic,Electronic check,Yes,Yes,No,0.28809942287037393,Low
7299-GNVPL,Month-to-month,23,84.4,1936.85,Fiber optic,Mailed check,Yes,Yes,No,0.28773980314012565,Low
1131-SUEKT,One year,61,98.45,6145.2,Fiber optic,Bank transfer (automatic),Yes,No,No,0.2875407222096937,Low
0744-GKNGE,Month-to-month,64,86.8,5327.25,Fiber optic,Bank transfer (automatic),Yes,Yes,No,0.28733177244244673,Low
2019-HDCZY,Two year,63,102.6,6296.75,Fiber optic,Electronic check,No,No,No,0.28673458395577556,Low
4332-MUOEZ,One year,20,94.3,1818.3,Fiber optic,Credit card (automatic),Yes,Yes,No,0.2866946472537987,Low
0308-GIQJT,One year,71,105.75,7382.85,Fiber optic,Bank transfer (automatic),Yes,No,No,0.2863709758323286,Low
1116-DXXDF,Two year,39,100.45,3801.7,Fiber optic,Electronic check,No,Yes,No,0.2857706869197058,Low
5294-IMHHT,One year,53,97.75,5043.2,Fiber optic,Bank transfer (automatic),Yes,No,No,0.2854807371491951,Low
1921-KYSAY,One year,41,68.6,2877.05,DSL,Electronic check,Yes,No,No,0.28530744476698894,Low
5688-KZTSN,Month-to-month,15,20.0,288.05,No,Electronic check,No internet service,No internet service,Yes,0.2852049756806498,Low
0136-IFMYD,Two year,69,109.95,7634.25,Fiber optic,Electronic check,Yes,No,No,0.28520090182539887,Low
9039-RBEEE,Month-to-month,39,48.95,1880.85,DSL,Credit card (automatic),Yes,Yes,Yes,0.28516081836644874,Low
4797-MIWUM,Month-to-month,7,20.25,174.7,No,Bank transfer (automatic),No internet service,No internet service,No,0.2851586215309927,Low
2242-MFOTG,One year,33,80.1,2603.3,Fiber optic,Bank transfer (automatic),No,Yes,No,0.2842541297228259,Low
6296-DDOOR,One year,19,58.2,1045.25,DSL,Electronic check,No,No,No,0.28387175995232405,Low
3863-IUBJR,One year,12,53.65,696.35,DSL,Credit card (automatic),No,No,Yes,0.28381627724787756,Low
5640-CAXOA,One year,30,40.35,1187.05,DSL,Credit card (automatic),Yes,No,No,0.28334390108183294,Low
6873-UDNLD,Month-to-month,40,67.45,2731.0,DSL,Electronic check,No,Yes,No,0.28324268994738194,Low
3104-OWCGK,One year,60,90.95,5453.4,Fiber optic,Electronic check,No,No,Yes,0.28286655023940827,Low
6617-WLBQC,One year,23,81.85,1810.85,Fiber optic,Credit card (automatic),No,Yes,No,0.28265845892827934,Low
4926-UMJZD,Month-to-month,31,49.2,1498.55,DSL,Mailed check,Yes,No,No,0.2825554103011755,Low
5478-JJVZK,Month-to-month,33,60.9,2033.85,DSL,Mailed check,No,Yes,No,0.2825225035463165,Low
4423-JWZJN,One year,64,90.25,5629.15,Fiber optic,Credit card (automatic),No,No,No,0.28234160524226126,Low
5996-NRVXR,One year,40,98.15,4116.8,Fiber optic,Credit card (automatic),Yes,Yes,No,0.2823284169907855,Low
9896-UYMIE,One year,66,114.3,7383.7,Fiber optic,Bank transfer (automatic),Yes,Yes,No,0.2819153574408009,Low
5446-DKWYW,One year,61,65.2,3965.05,DSL,Electronic check,No,No,No,0.28167308082566034,Low
6900-RBKER,Two year,52,89.45,4577.75,Fiber optic,Credit card (automatic),No,No,No,0.28163307561747974,Low
4531-AUZNK,One year,51,95.15,5000.05,Fiber optic,Mailed check,Yes,Yes,No,0.28160695906939304,Low
9496-IVVRP,Month-to-month,11,51.0,581.7,DSL,Bank transfer (automatic),No,Yes,No,0.2814787758329557,Low
4489-SNOJF,Month-to-month,35,72.25,2568.55,DSL,Electronic check,Yes,Yes,Yes,0.28142934882266163,Low
6305-YLBMM,One year,69,104.05,7262.0,Fiber optic,Bank transfer (automatic),Yes,No,Yes,0.2811743487886894,Low
4785-QRJHC,One year,46,59.9,2816.65,DSL,Bank transfer (automatic),Yes,No,Yes,0.280899611765831,Low
8582-KRHPJ,Month-to-month,50,35.0,1782.4,DSL,Mailed check,No,Yes,No,0.280799594133105,Low
8314-DPQHL,One year,9,50.8,463.6,DSL,Mailed check,Yes,Yes,No,0.280454518723911,Low
0655-YDGFJ,Month-to-month,29,48.95,1323.7,DSL,Bank transfer (automatic),No,No,No,0.2801485624217089,Low
2931-XIQBR,One year,50,103.05,5153.5,Fiber optic,Mailed check,Yes,No,No,0.2800267585944973,Low
3948-FVVRP,Month-to-month,9,54.8,452.8,DSL,Mailed check,Yes,No,No,0.27971581752326163,Low
7940-UQQUG,One year,64,104.4,6721.6,Fiber optic,Bank transfer (automatic),Yes,Yes,No,0.2796818108576505,Low
0218-QNVAS,One year,71,100.55,7113.75,Fiber optic,Bank transfer (automatic),No,No,No,0.27900917740993186,Low
4023-RTIQM,One year,31,50.4,1580.1,DSL,Credit card (automatic),No,Yes,No,0.2789624855758585,Low
7382-DFJTU,Month-to-month,18,55.2,1058.1,DSL,Credit card (automatic),Yes,No,No,0.2788773776975297,Low
4163-KIUHY,Month-to-month,35,25.6,901.25,No,Electronic check,No internet service,No internet service,No,0.2788365793492153,Low
3070-BDOQC,Two year,60,99.65,5941.05,Fiber optic,Electronic check,No,No,No,0.278787995053249,Low
4759-PXTAN,One year,59,80.1,4693.2,DSL,Electronic check,Yes,No,No,0.27869626408348935,Low
9200-NLNPD,One year,56,54.05,2959.8,DSL,Bank transfer (automatic),Yes,No,No,0.2786242392505884,Low
8591-NXRCV,Month-to-month,41,74.65,3090.65,DSL,Bank transfer (automatic),Yes,Yes,No,0.27847499346637355,Low
3621-CHYVB,Month-to-month,57,49.9,2782.4,DSL,Bank transfer (automatic),Yes,Yes,No,0.27771348132000073,Low
9738-QLWTP,One year,39,81.9,3219.75,Fiber optic,Electronic check,Yes,No,No,0.27749064853929034,Low
8496-DMZUK,One year,30,90.4,2820.65,Fiber optic,Bank transfer (automatic),No,Yes,No,0.2774323290713443,Low
4189-NAKJS,One year,26,51.55,1295.4,DSL,Credit card (automatic),No,No,No,0.2772644563846753,Low
1735-XMJVH,Month-to-month,8,19.35,152.6,No,Mailed check,No internet service,No internet service,No,0.2769875898877727,Low
7055-VKGDA,One year,54,105.4,5643.4,Fiber optic,Credit card (automatic),Yes,Yes,Yes,0.27683258383310555,Low
5590-ZSKRV,Month-to-month,8,54.65,482.25,DSL,Mailed check,No,Yes,No,0.27678485579183787,Low
1585-MQSSU,Month-to-month,17,51.5,900.5,DSL,Mailed check,Yes,No,Yes,0.2766498191482539,Low
8402-EIVQS,One year,67,100.9,6733.15,Fiber optic,Credit card (automatic),No,Yes,No,0.276315091540414,Low
4644-PIZRT,One year,17,70.35,1201.65,DSL,Bank transfer (automatic),No,Yes,No,0.2762237227549671,Low
1264-FUHCX,One year,49,56.3,2780.6,DSL,Credit card (automatic),Yes,No,No,0.2760250541273168,Low
1629-DQQVB,Month-to-month,14,50.1,709.5,DSL,Bank transfer (automatic),No,Yes,No,0.27593084330821055,Low
8984-EYLLL,Two year,64,105.25,6823.4,Fiber optic,Electronic check,Yes,No,No,0.27577976108787006,Low
0810-BDHAW,One year,24,78.4,1832.4,DSL,Electronic check,No,Yes,No,0.27549269487944816,Low
2690-DVRVK,One year,5,20.55,99.45,No,Electronic check,No internet service,No internet service,No,0.2752584314779319,Low
2858-MOFSQ,One year,17,55.85,937.5,DSL,Mailed check,No,No,Yes,0.2750077833977905,Low
7470-DYNOE,One year,53,61.1,3357.9,DSL,Electronic check,No,No,No,0.2749453529837361,Low
1004-NOZNR,One year,56,94.8,5264.3,Fiber optic,Credit card (automatic),No,Yes,No,0.2748099180966295,Low
8851-RAGOV,Month-to-month,25,71.05,1837.7,DSL,Mailed check,Yes,Yes,No,0.2747920385772327,Low
9076-AXYIK,Two year,64,102.1,6538.45,Fiber optic,Electronic check,Yes,No,No,0.27469268510557787,Low
3470-BTGQO,Month-to-month,21,45.65,985.05,DSL,Mailed check,No,No,No,0.274628936634946,Low
7674-YTAFD,One year,33,79.95,2684.85,Fiber optic,Bank transfer (automatic),Yes,No,No,0.2745979793089675,Low
1163-ONYEY,Month-to-month,41,74.55,3023.55,DSL,Credit card (automatic),No,Yes,No,0.274268908364187,Low
1852-XEMDW,Month-to-month,22,65.05,1427.55,DSL,Mailed check,No,Yes,No,0.2740929318342931,Low
8133-ANHHJ,One year,49,103.0,5166.2,Fiber optic,Bank transfer (automatic),Yes,Yes,No,0.2739890898770864,Low
0795-GMVQO,One year,67,109.9,7332.4,Fiber optic,Credit card (automatic),No,Yes,No,0.27393370217735985,Low
4198-VFOEA,One year,12,33.6,435.45,DSL,Mailed check,Yes,Yes,No,0.27390030471049404,Low
1096-ADRUX,One year,66,74.25,4859.25,Fiber optic,Bank transfer (automatic),No,No,No,0.2737690631014291,Low
2001-EWBQU,Two year,60,104.7,6333.8,Fiber optic,Electronic check,No,No,No,0.27353292045334604,Low
6732-FZUGP,One year,47,94.9,4615.25,Fiber optic,Credit card (automatic),No,Yes,No,0.273221613795551,Low
6368-NWMCE,Month-to-month,38,68.15,2656.3,DSL,Credit card (automatic),Yes,No,No,0.27319149304021995,Low
7872-RDDLZ,Month-to-month,67,54.9,3725.5,DSL,Electronic check,No,No,No,0.2731468136341068,Low
8401-EMUWF,Month-to-month,42,69.4,3058.3,DSL,Bank transfer (automatic),No,Yes,No,0.2730427644591082,Low
3272-VUHPV,Month-to-month,8,56.3,401.5,DSL,Bank transfer (automatic),Yes,No,No,0.27248696138770406,Low
3391-JSQEW,Month-to-month,40,50.15,2058.5,DSL,Mailed check,No,No,No,0.272319513969997,Low
9770-KXGQU,One year,53,98.6,5311.85,Fiber optic,Mailed check,No,Yes,No,0.2722502177651643,Low
1376-HHBDV,Month-to-month,30,48.8,1536.75,DSL,Mailed check,No,Yes,No,0.2721518439413304,Low
2250-IVBWA,Month-to-month,64,81.05,5135.35,Fiber optic,Electronic check,No,Yes,No,0.27209788729697354,Low
5149-CUZUJ,One year,28,92.9,2768.35,Fiber optic,Bank transfer (automatic),Yes,No,No,0.27194754986032915,Low
1099-BTKWT,One year,68,54.4,3723.65,DSL,Electronic check,No,Yes,No,0.2718750280083784,Low
6103-LIANB,Two year,59,99.5,5861.75,Fiber optic,Credit card (automatic),No,No,No,0.27174956964894204,Low
2577-GVSIL,One year,35,73.45,2661.1,DSL,Bank transfer (automatic),Yes,No,No,0.27155785262755006,Low
2363-BJLSL,Month-to-month,62,80.4,4981.15,DSL,Bank transfer (automatic),Yes,No,No,0.27057494244758373,Low
5832-TRLPB,One year,29,75.35,2243.9,DSL,Bank transfer (automatic),Yes,No,No,0.27046666134564046,Low
3714-XPXBW,Month-to-month,37,78.9,2976.95,DSL,Credit card (automatic),Yes,Yes,No,0.2698460469747042,Low
7572-KPVKK,Two year,62,104.05,6590.5,Fiber optic,Electronic check,Yes,No,No,0.2696665728641715,Low
1114-CENIM,Month-to-month,54,55.0,3092.65,DSL,Credit card (automatic),No,No,Yes,0.269522216750797,Low
5120-ZBLAI,One year,50,75.7,3876.2,DSL,Bank transfer (automatic),No,No,No,0.26948785322585184,Low
4827-LTQRJ,One year,66,110.6,7210.85,Fiber optic,Credit card (automatic),Yes,Yes,No,0.26941515565855384,Low
9092-GDZKO,Month-to-month,22,24.85,493.4,No,Credit card (automatic),No internet service,No internet service,No,0.2690874151288586,Low
4282-MSACW,One year,68,117.2,8035.95,Fiber optic,Credit card (automatic),Yes,Yes,No,0.2688952041561165,Low
0689-DSXGL,Month-to-month,52,85.8,4433.3,Fiber optic,Bank transfer (automatic),Yes,No,No,0.2687989172642056,Low
2277-BKJKN,Two year,71,99.2,7213.75,Fiber optic,Electronic check,No,No,No,0.26852922074740654,Low
8100-HZZLJ,Month-to-month,43,63.95,2737.05,DSL,Electronic check,No,Yes,No,0.26829220904108425,Low
6837-HAEVO,Two year,69,105.0,7297.75,Fiber optic,Electronic check,No,No,No,0.2682129978851098,Low
3327-YBAKM,One year,64,96.9,6314.35,Fiber optic,Mailed check,Yes,Yes,No,0.2678868299635995,Low
7159-NOKYQ,Two year,67,93.15,6368.2,Fiber optic,Electronic check,No,No,No,0.267545741356636,Low
5808-TOTXO,One year,3,20.55,57.4,No,Credit card (automatic),No internet service,No internet service,No,0.2673933850645132,Low
8405-IGQFX,One year,63,90.05,5817.0,Fiber optic,Credit card (automatic),Yes,No,No,0.26693371195549354,Low
4116-IQRFR,One year,4,24.1,73.1,No,Credit card (automatic),No internet service,No internet service,No,0.26691891847169347,Low
7094-MSZAO,Month-to-month,10,20.05,218.5,No,Credit card (automatic),No internet service,No internet service,No,0.2668909502181616,Low
1337-BOZWO,One year,18,46.4,812.4,DSL,Credit card (automatic),No,No,No,0.26687911990970986,Low
8199-ZLLSA,One year,67,118.35,7804.15,Fiber optic,Bank transfer (automatic),Yes,Yes,Yes,0.2665531370653346,Low
7605-SNLQG,Month-to-month,45,50.25,2221.55,DSL,Credit card (automatic),No,No,No,0.2664717749446492,Low
1202-KKGFU,Month-to-month,12,54.2,690.5,DSL,Bank transfer (automatic),Yes,Yes,No,0.26645789155991784,Low
1950-KSVVJ,One year,45,113.3,5032.25,Fiber optic,Mailed check,Yes,Yes,No,0.2663349611697305,Low
7997-EASSD,One year,63,81.2,4965.1,Fiber optic,Credit card (automatic),Yes,No,No,0.26618521272171575,Low
7013-PSXHK,One year,40,80.75,3208.65,DSL,Mailed check,Yes,No,No,0.26587360852337366,Low
6583-SZVGP,Two year,48,108.1,5067.45,Fiber optic,Bank transfer (automatic),No,No,No,0.26562491520672454,Low
0142-GVYSN,Month-to-month,26,20.3,511.25,No,Electronic check,No internet service,No internet service,No,0.26507358543542264,Low
2495-TTHBQ,One year,4,20.4,84.75,No,Mailed check,No internet service,No internet service,No,0.26450517265572315,Low
5202-IVJNU,Month-to-month,39,30.1,1131.3,DSL,Credit card (automatic),No,No,Yes,0.2643953921116369,Low
4895-TMWIR,Month-to-month,11,19.95,214.75,No,Mailed check,No internet service,No internet service,Yes,0.2643644263348563,Low
6705-LNMDD,Month-to-month,20,50.0,1003.05,DSL,Mailed check,Yes,No,No,0.26403829851711713,Low
2969-WGHQO,One year,7,69.45,477.05,DSL,Electronic check,No,Yes,No,0.26372997204299553,Low
5176-LDKUH,One year,48,75.15,3772.65,Fiber optic,Electronic check,No,No,No,0.26342709986352353,Low
4495-LHSSK,Month-to-month,18,57.65,992.7,DSL,Mailed check,No,Yes,No,0.2633916638089317,Low
0098-BOWSO,Month-to-month,27,19.4,529.8,No,Electronic check,No internet service,No internet service,No,0.26338092920395434,Low
8231-BSWXX,One year,71,79.05,5552.5,Fiber optic,Credit card (automatic),No,No,No,0.26313961743692843,Low
3633-CDBUW,One year,17,80.85,1445.95,DSL,Electronic check,Yes,No,No,0.2627776088491571,Low
9677-AVKED,One year,53,84.6,4449.75,DSL,Electronic check,Yes,No,No,0.2627080865553237,Low
1208-DNHLN,One year,23,48.35,1067.15,DSL,Credit card (automatic),No,No,Yes,0.2627005772120954,Low
0623-EJQEG,One year,65,93.55,6069.25,Fiber optic,Electronic check,Yes,Yes,No,0.2626530114019715,Low
5013-SBUIH,Two year,50,109.65,5551.15,Fiber optic,Electronic check,Yes,Yes,Yes,0.2624084792633386,Low
5619-PTMIK,Month-to-month,46,53.1,2459.8,DSL,Electronic check,No,Yes,No,0.26238356878748664,Low
8756-RDDLT,Month-to-month,68,44.95,3085.35,DSL,Electronic check,Yes,No,No,0.26207339601185503,Low
4002-BQWPQ,Month-to-month,25,81.75,2028.8,DSL,Bank transfer (automatic),Yes,Yes,No,0.2615739616555924,Low
3096-WPXBT,One year,61,100.7,6018.65,Fiber optic,Credit card (automatic),No,Yes,No,0.2613309955191831,Low
0128-MKWSG,Month-to-month,26,45.8,1147.0,DSL,Mailed check,Yes,Yes,No,0.2612032225692849,Low
3209-ZPKFI,Month-to-month,47,54.25,2538.2,DSL,Electronic check,No,No,No,0.2612010289965774,Low
5566-SOEZD,One year,27,80.65,2209.75,Fiber optic,Credit card (automatic),No,Yes,No,0.2611639195226734,Low
4119-ZYPZY,Two year,71,106.8,7623.2,Fiber optic,Electronic check,Yes,No,No,0.2609509252518151,Low
0864-FVJNJ,One year,64,113.35,7222.75,Fiber optic,Electronic check,Yes,Yes,No,0.26063514253425296,Low
3285-UCQVC,Month-to-month,37,28.6,973.55,DSL,Credit card (automatic),Yes,No,Yes,0.26053056179410006,Low
1095-WGNGG,Two year,61,101.05,5971.25,Fiber optic,Bank transfer (automatic),No,No,No,0.2604945265211601,Low
2851-MMUTZ,Month-to-month,27,56.15,1439.35,DSL,Mailed check,Yes,No,No,0.2604377775762818,Low
4075-WKNIU,Two year,0,73.35,0.0,DSL,Mailed check,Yes,No,No,0.2602574700261439,Low
6728-CZFEI,One year,15,56.15,931.9,DSL,Mailed check,No,No,No,0.2602074251081584,Low
5913-INRQV,One year,34,90.15,3128.8,Fiber optic,Mailed check,Yes,Yes,No,0.26009888693218014,Low
7964-YESJC,Month-to-month,24,66.3,1559.45,DSL,Mailed check,No,Yes,No,0.26004389790820887,Low
6156-UZDLF,One year,26,87.15,2274.1,Fiber optic,Credit card (automatic),Yes,Yes,No,0.25999319816572664,Low
8944-AILEF,Month-to-month,15,19.45,340.85,No,Credit card (automatic),No internet service,No internet service,No,0.2599180134982103,Low
3450-WXOAT,Month-to-month,46,45.2,2065.15,DSL,Credit card (automatic),No,No,No,0.2598280314122535,Low
0002-ORFBO,One year,9,65.6,593.3,DSL,Mailed check,Yes,No,No,0.2597973612555545,Low
0939-EREMR,Month-to-month,13,53.45,718.1,DSL,Mailed check,Yes,No,No,0.2593546059652566,Low
1125-SNVCK,Month-to-month,49,43.8,2106.05,DSL,Mailed check,No,No,No,0.2592717675768129,Low
4182-BGSIQ,Month-to-month,10,19.8,196.75,No,Bank transfer (automatic),No internet service,No internet service,No,0.2591773232780474,Low
8910-ICHIU,One year,46,95.65,4664.2,Fiber optic,Credit card (automatic),No,Yes,No,0.2591674890790518,Low
8474-UMLNT,Month-to-month,13,67.8,842.25,DSL,Bank transfer (automatic),Yes,Yes,No,0.2591359126554331,Low
5173-ZXXXL,One year,2,19.95,47.7,No,Mailed check,No internet service,No internet service,No,0.2590556194063177,Low
0917-EZOLA,Two year,72,104.15,7689.95,Fiber optic,Bank transfer (automatic),No,No,Yes,0.2588524051472698,Low
6242-SGYTS,One year,62,94.95,5791.85,Fiber optic,Credit card (automatic),No,Yes,No,0.2587080402434519,Low
8624-GIOUT,Month-to-month,49,59.75,2934.3,DSL,Credit card (automatic),No,Yes,Yes,0.25826011020437445,Low
4422-QVIJA,Month-to-month,35,50.15,1655.35,DSL,Mailed check,No,No,No,0.2582302001848424,Low
0696-UKTOX,Month-to-month,23,54.15,1312.45,DSL,Electronic check,Yes,No,No,0.2580722488546913,Low
9086-YJYXS,One year,34,77.2,2753.8,DSL,Bank transfer (automatic),No,No,No,0.25793407341862834,Low
2266-SJNAT,One year,72,109.15,7789.6,Fiber optic,Credit card (automatic),Yes,No,No,0.2578891874515162,Low
4079-VTGLK,Two year,30,74.85,2181.75,DSL,Electronic check,No,No,No,0.25776548815702266,Low
5193-QLVZB,Two year,63,104.75,6536.5,Fiber optic,Bank transfer (automatic),No,No,No,0.2576916816918472,Low
6214-EDAKZ,Month-to-month,22,55.15,1206.05,DSL,Electronic check,Yes,No,Yes,0.2576904502537865,Low
3011-WQKSZ,Month-to-month,19,20.0,377.55,No,Electronic check,No internet service,No internet service,No,0.2575018020042425,Low
8752-GHJFU,One year,71,92.0,6585.2,Fiber optic,Electronic check,Yes,Yes,No,0.25741355865867643,Low
8017-UVSZU,Month-to-month,40,56.6,2379.1,DSL,Credit card (automatic),No,No,No,0.25716606758426763,Low
2889-FPWRM,One year,72,117.8,8684.8,Fiber optic,Bank transfer (automatic),Yes,Yes,Yes,0.2571411994122273,Low
1400-WIVLL,Two year,57,107.95,5969.85,Fiber optic,Electronic check,Yes,No,No,0.25712216806753646,Low
8318-LCNBW,One year,35,53.15,1930.9,DSL,Credit card (automatic),No,Yes,No,0.25694658274001664,Low
3038-PQIUY,Month-to-month,38,66.15,2522.4,DSL,Bank transfer (automatic),No,Yes,No,0.2568306635664682,Low
9504-DSHWM,Month-to-month,20,59.2,1191.2,DSL,Bank transfer (automatic),Yes,Yes,No,0.25621343620041265,Low
6112-KTHFQ,Month-to-month,13,19.3,279.3,No,Mailed check,No internet service,No internet service,No,0.2561872418680278,Low
0186-CAERR,One year,71,116.3,8309.55,Fiber optic,Bank transfer (automatic),Yes,Yes,No,0.2561773432835801,Low
6302-JGYRJ,One year,31,79.45,2587.7,DSL,Mailed check,Yes,No,Yes,0.2560793674193641,Low
2307-FYNNL,Two year,65,109.05,7108.2,Fiber optic,Electronic check,Yes,Yes,No,0.255913455711261,Low
1371-WEPDS,One year,40,55.8,2283.3,DSL,Electronic check,No,No,No,0.25565938838452723,Low
8809-RIHDD,Two year,72,103.4,7372.65,Fiber optic,Electronic check,No,No,Yes,0.25557901736445865,Low
6260-XLACS,One year,4,19.7,117.8,No,Mailed check,No internet service,No internet service,No,0.25552033903608873,Low
2324-EFHVG,Two year,64,104.4,6692.65,Fiber optic,Bank transfer (automatic),No,No,No,0.2552969669605391,Low
2391-IPLOP,One year,50,69.65,3442.15,DSL,Electronic check,Yes,No,No,0.25504674007418915,Low
0373-AIVNJ,One year,9,39.55,373.0,DSL,Mailed check,No,Yes,No,0.254663465525582,Low
8224-IVVPA,Month-to-month,27,56.7,1652.95,DSL,Mailed check,No,Yes,No,0.25428815524746107,Low
5027-YOCXN,One year,51,110.05,5686.4,Fiber optic,Credit card (automatic),Yes,Yes,No,0.2539058800584868,Low
9495-REDIY,One year,25,40.65,970.55,DSL,Credit card (automatic),No,Yes,No,0.2536328081773674,Low
3729-OWRVL,Two year,65,110.35,7246.15,Fiber optic,Electronic check,Yes,Yes,No,0.25353081506139874,Low
1442-OKRJE,One year,66,103.15,7031.3,Fiber optic,Bank transfer (automatic),No,Yes,No,0.25351624652473437,Low
5616-PRTNT,Month-to-month,20,19.4,374.5,No,Electronic check,No internet service,No internet service,Yes,0.25348152833819465,Low
0257-KXZGU,Month-to-month,32,62.45,2045.55,DSL,Bank transfer (automatic),No,No,No,0.2531170850849889,Low
4946-EDSEW,Month-to-month,11,19.25,180.3,No,Mailed check,No internet service,No internet service,Yes,0.2527435895827051,Low
2639-UGMAZ,One year,71,56.45,3985.35,DSL,Electronic check,No,Yes,No,0.25270161285623416,Low
5995-OIGLP,Month-to-month,12,56.65,654.85,DSL,Mailed check,Yes,Yes,Yes,0.2526376904239068,Low
0824-VWDPO,One year,45,96.75,4442.75,Fiber optic,Bank transfer (automatic),No,Yes,No,0.2524570406507883,Low
6598-RFFVI,One year,2,19.3,28.3,No,Credit card (automatic),No internet service,No internet service,Yes,0.25214782554965975,Low
6131-JLWZM,Month-to-month,13,20.3,275.4,No,Mailed check,No internet service,No internet service,No,0.2519882170274989,Low
6837-BJYDQ,One year,3,19.6,61.35,No,Mailed check,No internet service,No internet service,No,0.2518661894573223,Low
3758-CKOQL,One year,59,107.0,6152.3,Fiber optic,Credit card (automatic),Yes,Yes,No,0.2515009239888802,Low
1060-ENTOF,One year,67,105.4,7035.6,Fiber optic,Credit card (automatic),Yes,Yes,No,0.2514357615551589,Low
9013-AQORL,Month-to-month,48,45.55,2108.35,DSL,Credit card (automatic),No,No,No,0.2512892286528956,Low
2202-OUTMO,Month-to-month,34,60.85,2003.6,DSL,Bank transfer (automatic),Yes,Yes,No,0.2512851522045085,Low
0533-UCAAU,One year,57,71.1,4140.1,DSL,Credit card (automatic),No,No,No,0.2499803606223877,Low
5756-JYOJT,One year,11,64.9,697.25,DSL,Credit card (automatic),Yes,No,No,0.24990123145090626,Low
2371-KFUOG,One year,58,99.15,5720.95,Fiber optic,Bank transfer (automatic),No,Yes,No,0.24981510847406152,Low
4626-OZDTJ,One year,51,78.65,3950.85,DSL,Credit card (automatic),Yes,No,No,0.24962531865297533,Low
8216-AZUUZ,Two year,42,100.4,4303.65,Fiber optic,Electronic check,Yes,No,No,0.24962250381714943,Low
5872-OEQNH,One year,60,44.45,2773.9,DSL,Electronic check,No,Yes,No,0.24943641272129896,Low
7629-WFGLW,One year,56,95.65,5471.75,Fiber optic,Electronic check,Yes,Yes,No,0.24936824914180472,Low
1389-WNUIB,One year,20,76.0,1588.75,DSL,Bank transfer (automatic),No,Yes,No,0.24913660224228087,Low
2558-BUOZZ,One year,47,94.8,4535.85,Fiber optic,Bank transfer (automatic),No,Yes,No,0.24910790302649047,Low
9364-YKUVW,Month-to-month,15,19.8,309.4,No,Mailed check,No internet service,No internet service,No,0.24907087329638303,Low
3537-RYBHH,Month-to-month,47,67.45,3252.0,DSL,Credit card (automatic),No,Yes,No,0.2490624572600392,Low
7105-MXJLL,One year,26,60.7,1597.4,DSL,Mailed check,No,No,No,0.2489657889580471,Low
5353-WILCI,Month-to-month,28,56.05,1522.65,DSL,Electronic check,No,Yes,No,0.24887991983759555,Low
5195-KPUNQ,One year,53,96.75,5206.55,Fiber optic,Mailed check,Yes,Yes,No,0.24869107517387984,Low
3092-IGHWF,One year,67,87.4,5918.8,Fiber optic,Electronic check,No,No,Yes,0.24852695291718058,Low
5555-RNPGT,Month-to-month,10,24.8,223.9,No,Credit card (automatic),No internet service,No internet service,No,0.2484820580884795,Low
7777-UNYHB,Month-to-month,12,20.1,232.4,No,Credit card (automatic),No internet service,No internet service,No,0.24786763634967782,Low
5345-BMKWB,Month-to-month,8,20.25,158.35,No,Mailed check,No internet service,No internet service,No,0.24779577439590988,Low
0396-UKGAI,Month-to-month,23,55.3,1284.2,DSL,Bank transfer (automatic),Yes,No,No,0.2477435979596342,Low
1322-AGOQM,Month-to-month,46,30.3,1380.1,DSL,Bank transfer (automatic),No,No,Yes,0.2475427176671176,Low
4830-FAXFM,Month-to-month,19,24.1,439.2,No,Credit card (automatic),No internet service,No internet service,No,0.2474413507625161,Low
2801-NISEI,Month-to-month,24,54.95,1348.5,DSL,Electronic check,Yes,Yes,No,0.247344381014841,Low
2530-ENDWQ,Two year,71,93.7,6585.35,Fiber optic,Bank transfer (automatic),No,No,Yes,0.24734154122841548,Low
4393-OBCRR,One year,3,20.25,71.2,No,Mailed check,No internet service,No internet service,No,0.24683563086229057,Low
0975-UYDTX,One year,26,90.1,2312.55,DSL,Credit card (automatic),Yes,Yes,No,0.24673519720688572,Low
5445-PZWGX,One year,62,102.0,6529.25,Fiber optic,Electronic check,Yes,Yes,Yes,0.2463479876300336,Low
2332-EFBJY,Month-to-month,16,19.7,342.4,No,Mailed check,No internet service,No internet service,Yes,0.24525662937938167,Low
9259-PACGQ,Month-to-month,34,62.65,2274.9,DSL,Electronic check,Yes,Yes,Yes,0.24522819731704704,Low
1383-EZRWL,Month-to-month,7,20.05,164.85,No,Mailed check,No internet service,No internet service,Yes,0.24481803364041227,Low
2320-YKQBO,Month-to-month,7,19.3,144.95,No,Mailed check,No internet service,No internet service,No,0.24480911152276275,Low
6870-ECSHE,One year,2,20.45,34.8,No,Mailed check,No internet service,No internet service,No,0.2448041788145933,Low
0750-EKNGL,Month-to-month,7,20.75,141.1,No,Mailed check,No internet service,No internet service,No,0.24451217218289753,Low
9518-IMLHK,Month-to-month,31,72.45,2156.25,DSL,Bank transfer (automatic),Yes,Yes,No,0.24442725973918206,Low
6840-RESVB,One year,24,84.8,1990.5,DSL,Mailed check,Yes,Yes,No,0.24421832619227907,Low
9391-LMANN,One year,53,95.95,5036.9,Fiber optic,Electronic check,No,Yes,No,0.24421397182437418,Low
4504-YOULA,Month-to-month,35,59.45,2136.9,DSL,Credit card (automatic),No,Yes,No,0.24372113532588044,Low
8189-DUKMV,One year,4,20.5,79.05,No,Bank transfer (automatic),No internet service,No internet service,No,0.243718079558475,Low
9031-ZVQPT,Two year,72,108.2,7840.6,Fiber optic,Electronic check,Yes,No,No,0.24363673676532172,Low
6933-VLYFX,One year,31,59.95,1848.8,DSL,Electronic check,Yes,Yes,No,0.24343901021083642,Low
4829-ZLJTK,Two year,72,112.4,8046.85,Fiber optic,Electronic check,No,Yes,No,0.24330861884106236,Low
9357-UJRUN,One year,24,58.35,1346.9,DSL,Electronic check,Yes,Yes,No,0.24330851880106077,Low
4389-UEFCZ,Two year,72,105.5,7544.0,Fiber optic,Electronic check,No,Yes,No,0.243003058681712,Low
8909-BOLNL,One year,3,21.2,52.05,No,Mailed check,No internet service,No internet service,No,0.24268390637380535,Low
7845-URHJN,Month-to-month,8,20.15,156.25,No,Bank transfer (automatic),No internet service,No internet service,Yes,0.2421719532017631,Low
5619-XZZKR,One year,4,19.95,68.2,No,Mailed check,No internet service,No internet service,No,0.24214208904939125,Low
6671-NGWON,Month-to-month,7,20.35,150.6,No,Mailed check,No internet service,No internet service,No,0.24165444838458994,Low
9822-BIIGN,Month-to-month,53,71.85,3827.9,DSL,Electronic check,Yes,Yes,No,0.24148668153165453,Low
0787-LHDYT,Month-to-month,16,20.6,330.25,No,Credit card (automatic),No internet service,No internet service,No,0.24143729422081,Low
7217-JYHOQ,Month-to-month,24,70.3,1706.45,DSL,Credit card (automatic),Yes,Yes,No,0.24139232513825445,Low
3530-CRZSB,Month-to-month,7,20.65,155.9,No,Mailed check,No internet service,No internet service,No,0.24128054301454124,Low
1009-IRMNA,Month-to-month,7,20.0,137.6,No,Bank transfer (automatic),No internet service,No internet service,Yes,0.24113492614392326,Low
5709-LVOEQ,Two year,0,80.85,0.0,DSL,Mailed check,No,Yes,No,0.24096469452906197,Low
2419-FSORS,Two year,72,108.4,7719.5,Fiber optic,Electronic check,Yes,No,No,0.24079009953014208,Low
6297-NOOPG,Two year,70,110.5,7752.05,Fiber optic,Electronic check,Yes,No,No,0.24075683693881886,Low
9128-CPXKI,Two year,59,95.8,5655.45,Fiber optic,Electronic check,No,No,No,0.24070078405007106,Low
9134-WYRVP,One year,51,86.35,4267.15,Fiber optic,Mailed check,No,Yes,No,0.24042396605694377,Low
2023-VQFDL,Month-to-month,18,19.0,348.8,No,Electronic check,No internet service,No internet service,No,0.2403415217602234,Low
6286-ZHAOK,Month-to-month,20,25.55,507.4,No,Bank transfer (automatic),No internet service,No internet service,No,0.24000088960588462,Low
6979-TNDEU,Month-to-month,8,19.2,156.85,No,Mailed check,No internet service,No internet service,No,0.2391543093259925,Low
2233-TXSIU,One year,17,44.45,792.15,DSL,Credit card (automatic),No,Yes,No,0.23902216692780126,Low
4429-WYGFR,Month-to-month,26,49.15,1237.3,DSL,Bank transfer (automatic),Yes,No,No,0.23901161904092588,Low
8845-LWKGE,One year,30,64.5,1985.15,DSL,Electronic check,Yes,No,No,0.2389805475096674,Low
2862-JVEOY,One year,6,19.15,124.4,No,Mailed check,No internet service,No internet service,No,0.2389206910263861,Low
5396-IZEPB,Month-to-month,9,19.7,180.7,No,Credit card (automatic),No internet service,No internet service,No,0.23887609739935028,Low
4683-WYDOU,Two year,62,107.6,6912.7,Fiber optic,Bank transfer (automatic),Yes,No,No,0.23884586102011474,Low
6661-EIPZC,Month-to-month,48,29.5,1423.05,DSL,Credit card (automatic),Yes,No,No,0.23822899619759563,Low
7107-UBYKY,Month-to-month,35,25.75,882.55,No,Electronic check,No internet service,No internet service,No,0.23791244668184622,Low
4419-UJMUS,Two year,69,99.35,6856.45,Fiber optic,Electronic check,Yes,No,No,0.23790152607648463,Low
0310-VQXAM,Month-to-month,9,19.85,178.8,No,Mailed check,No internet service,No internet service,No,0.2377529441440362,Low
8406-LNMHF,One year,59,82.95,4903.15,Fiber optic,Credit card (automatic),No,Yes,No,0.23774759403106085,Low
2791-SFVEW,Month-to-month,9,20.15,238.15,No,Bank transfer (automatic),No internet service,No internet service,No,0.2375472061994028,Low
3716-LRGXK,Two year,60,101.15,6067.4,Fiber optic,Credit card (automatic),No,No,No,0.236916695717486,Low
1984-GPTEH,Month-to-month,29,25.15,702.0,No,Electronic check,No internet service,No internet service,No,0.2368916322429925,Low
2001-MCUUW,Two year,46,108.65,4903.2,Fiber optic,Electronic check,Yes,No,No,0.23686016051007733,Low
6778-EICRF,One year,24,74.8,1821.2,DSL,Mailed check,No,Yes,No,0.23671593471693606,Low
4776-XSKYQ,One year,12,30.25,368.85,DSL,Credit card (automatic),Yes,No,No,0.23661365836240586,Low
1353-GHZOS,One year,22,59.75,1374.35,DSL,Bank transfer (automatic),No,Yes,No,0.2365757888656984,Low
6202-JVYEU,One year,9,19.9,164.6,No,Electronic check,No internet service,No internet service,No,0.23629771313416056,Low
5837-LXSDN,One year,21,58.85,1215.45,DSL,Credit card (automatic),No,No,No,0.23626023332333257,Low
8947-YRTDV,One year,32,94.8,3131.55,Fiber optic,Mailed check,No,Yes,No,0.23623964298631359,Low
4083-EUGRJ,Month-to-month,9,20.25,178.5,No,Mailed check,No internet service,No internet service,Yes,0.23623785919461085,Low
8963-MQVYN,Month-to-month,22,20.55,469.85,No,Electronic check,No internet service,No internet service,No,0.23621613776171219,Low
4568-TTZRT,Month-to-month,9,20.4,181.8,No,Mailed check,No internet service,No internet service,No,0.23604487218395437,Low
6386-SZZKH,Two year,49,107.95,5293.2,Fiber optic,Bank transfer (automatic),Yes,No,Yes,0.23602076086598464,Low
8929-KSWIH,Two year,25,99.3,2513.5,Fiber optic,Bank transfer (automatic),Yes,No,No,0.23571684368934553,Low
8079-XRJRS,One year,65,89.75,5769.6,Fiber optic,Electronic check,No,Yes,Yes,0.23549824372784656,Low
5084-OOVCJ,Month-to-month,17,55.35,920.5,DSL,Credit card (automatic),Yes,Yes,No,0.2351804492328469,Low
8646-JCOMS,One year,66,90.55,6130.95,Fiber optic,Bank transfer (automatic),Yes,No,No,0.23507523098482708,Low
0076-LVEPS,Month-to-month,29,45.0,1242.45,DSL,Mailed check,Yes,Yes,No,0.23489249980110444,Low
2428-ZMCTB,Month-to-month,10,19.75,208.25,No,Credit card (automatic),No internet service,No internet service,No,0.23457145343785324,Low
6865-JZNKO,Month-to-month,30,55.3,1530.6,DSL,Bank transfer (automatic),No,Yes,No,0.2340713695668695,Low
9388-ZEYVT,One year,43,44.15,1931.3,DSL,Electronic check,Yes,No,No,0.23404186069544353,Low
7566-DSRLQ,Two year,72,110.15,7998.8,Fiber optic,Electronic check,Yes,No,No,0.233441052249403,Low
5651-CRHKQ,One year,41,86.2,3339.05,Fiber optic,Bank transfer (automatic),Yes,No,No,0.23338827151914376,Low
6266-QHOJZ,One year,65,89.85,5844.65,Fiber optic,Electronic check,Yes,Yes,No,0.2331312546157655,Low
5081-NWSUP,One year,10,64.9,685.55,DSL,Mailed check,Yes,No,No,0.23282043353798376,Low
1991-VOPLL,Month-to-month,9,19.05,157.65,No,Mailed check,No internet service,No internet service,No,0.2327985473806194,Low
0380-ZCSBI,Month-to-month,10,20.0,198.7,No,Credit card (automatic),No internet service,No internet service,No,0.23271615971562112,Low
1395-OFUWC,Month-to-month,43,29.3,1224.05,DSL,Credit card (automatic),No,No,No,0.23230657390865184,Low
7435-ZNUYY,One year,6,20.6,116.6,No,Mailed check,No internet service,No internet service,No,0.2323051464920147,Low
3915-ODIYG,One year,60,71.75,4374.55,DSL,Electronic check,No,Yes,No,0.23221093726166364,Low
1121-QSIVB,One year,44,77.55,3471.1,DSL,Mailed check,No,No,No,0.23199705049928673,Low
3941-XTSKM,One year,42,45.1,2049.05,DSL,Credit card (automatic),No,No,No,0.23173000652317802,Low
0345-XMMUG,Two year,46,108.9,4854.3,Fiber optic,Credit card (automatic),Yes,No,No,0.23171989127524217,Low
6278-FEPBZ,Month-to-month,9,20.25,186.15,No,Mailed check,No internet service,No internet service,No,0.23150011975559429,Low
9691-HKOVS,One year,55,90.15,4916.95,DSL,Electronic check,Yes,Yes,No,0.23110018782300554,Low
2967-MXRAV,One year,1,18.8,18.8,No,Mailed check,No internet service,No internet service,No,0.23080068050487498,Low
4903-CNOZC,One year,29,70.9,1964.6,DSL,Credit card (automatic),No,No,No,0.23073882792630887,Low
1237-WIYYZ,Month-to-month,18,19.55,389.25,No,Mailed check,No internet service,No internet service,No,0.2306654662839627,Low
7727-SHVZV,Month-to-month,9,19.5,150.35,No,Bank transfer (automatic),No internet service,No internet service,No,0.230379913651782,Low
9848-JQJTX,Two year,72,100.9,7459.05,Fiber optic,Bank transfer (automatic),No,No,No,0.23032353355326016,Low
4418-LZMSV,Month-to-month,13,61.8,750.1,DSL,Bank transfer (automatic),Yes,No,No,0.23028852407210715,Low
0297-RBCSG,One year,19,65.35,1231.85,DSL,Bank transfer (automatic),Yes,No,No,0.23023635436144663,Low
9853-JFZDU,Month-to-month,35,56.85,1861.1,DSL,Electronic check,Yes,No,No,0.23004606183543772,Low
2812-ENYMO,One year,26,54.55,1362.85,DSL,Credit card (automatic),Yes,Yes,No,0.23003048896341297,Low
0305-SQECB,One year,11,36.05,402.6,DSL,Mailed check,Yes,Yes,No,0.2297509148774464,Low
0285-INHLN,Month-to-month,27,54.75,1510.3,DSL,Credit card (automatic),No,Yes,No,0.2296521316641629,Low
5294-CDGWY,One year,51,59.3,3014.65,DSL,Electronic check,No,Yes,Yes,0.22944210885703317,Low
0661-KBKPA,One year,53,78.75,3942.45,DSL,Mailed check,Yes,No,No,0.22938610750527152,Low
5056-FIMPT,One year,43,106.0,4532.3,Fiber optic,Credit card (automatic),Yes,Yes,No,0.2290961966673101,Low
0835-JKADZ,Two year,71,111.25,7984.15,Fiber optic,Electronic check,Yes,No,No,0.22905267932012074,Low
6784-XYJAE,One year,36,55.8,1941.5,DSL,Electronic check,No,No,No,0.22903092769924277,Low
1140-UKVZG,Month-to-month,17,24.8,475.25,No,Mailed check,No internet service,No internet service,No,0.2287848676688001,Low
3635-JBPSG,Two year,15,38.8,603.0,DSL,Mailed check,No,No,No,0.22859759783880326,Low
5562-BETPV,One year,1,19.65,19.65,No,Mailed check,No internet service,No internet service,No,0.22851587454364403,Low
2533-QVMSK,Two year,61,94.1,5638.3,Fiber optic,Electronic check,Yes,No,Yes,0.22848105780964237,Low
8224-UAXBZ,One year,58,45.35,2540.1,DSL,Electronic check,No,Yes,No,0.22846152975075273,Low
2636-SJDOU,One year,64,84.3,5289.05,Fiber optic,Credit card (automatic),No,Yes,No,0.22834830887845606,Low
1064-FBXNK,One year,1,19.85,19.85,No,Credit card (automatic),No internet service,No internet service,No,0.22832577035785379,Low
0997-YTLNY,Month-to-month,19,48.8,953.65,DSL,Mailed check,Yes,No,No,0.22829548491530388,Low
5724-BIDBU,One year,49,55.35,2633.95,DSL,Electronic check,No,Yes,No,0.22822660876823295,Low
4510-PYUSH,Month-to-month,38,57.15,2250.65,DSL,Credit card (automatic),No,Yes,Yes,0.22818556580911087,Low
4837-QUSFT,One year,65,100.15,6643.5,Fiber optic,Bank transfer (automatic),Yes,Yes,No,0.22802867038132846,Low
6265-SXWBU,One year,69,95.75,6511.25,Fiber optic,Credit card (automatic),No,No,No,0.22763193682100194,Low
5863-OOKCL,Month-to-month,10,18.85,163.2,No,Mailed check,No internet service,No internet service,No,0.22758556352284526,Low
0723-FDLAY,One year,44,85.25,3704.15,DSL,Bank transfer (automatic),Yes,No,No,0.227572719079959,Low
0052-DCKON,One year,66,115.8,7942.15,Fiber optic,Bank transfer (automatic),Yes,Yes,No,0.22752462404196155,Low
0112-QWPNC,One year,49,84.35,4059.35,DSL,Electronic check,Yes,Yes,Yes,0.22746011661614324,Low
8659-HDIYE,Month-to-month,64,74.65,4869.35,DSL,Credit card (automatic),Yes,No,No,0.22745219927480873,Low
6295-OSINB,Two year,72,109.65,7880.25,Fiber optic,Electronic check,No,Yes,No,0.22689255691472496,Low
1810-MVMAI,Month-to-month,30,67.6,2000.2,DSL,Electronic check,Yes,Yes,No,0.2267331629502887,Low
2239-CFOUJ,One year,1,20.4,20.4,No,Mailed check,No internet service,No internet service,No,0.22651312719242267,Low
0536-ACXIP,Two year,72,109.55,8165.1,Fiber optic,Electronic check,No,Yes,No,0.22650725806537797,Low
3552-CTCYF,Two year,63,104.8,6597.25,Fiber optic,Bank transfer (automatic),No,No,No,0.2263194457854765,Low
3594-UVONA,One year,35,85.95,3110.1,DSL,Credit card (automatic),Yes,Yes,Yes,0.22624918818156467,Low
9932-WBWIK,Month-to-month,11,20.35,215.25,No,Mailed check,No internet service,No internet service,No,0.22605287046989422,Low
0516-QREYC,Month-to-month,24,20.3,459.95,No,Mailed check,No internet service,No internet service,No,0.2257813317571075,Low
2371-JUNGC,Month-to-month,11,20.25,208.0,No,Mailed check,No internet service,No internet service,No,0.22577651065677842,Low
0594-UFTUL,Month-to-month,13,19.85,252.0,No,Mailed check,No internet service,No internet service,No,0.2254364251144123,Low
5985-TBABQ,One year,32,74.75,2282.95,DSL,Mailed check,No,Yes,No,0.22529120164747163,Low
7531-GQHME,Month-to-month,12,20.05,265.45,No,Credit card (automatic),No internet service,No internet service,No,0.22523303858069146,Low
9798-DRYDS,One year,17,61.95,1070.7,DSL,Mailed check,Yes,No,No,0.2250845925194968,Low
9411-TPQQV,One year,40,54.55,2236.2,DSL,Bank transfer (automatic),Yes,Yes,No,0.22485219649452282,Low
8065-QBYTO,One year,71,99.65,7181.25,Fiber optic,Credit card (automatic),Yes,Yes,No,0.22463353701970387,Low
4822-LPTYJ,Two year,72,103.75,7346.2,Fiber optic,Bank transfer (automatic),No,No,No,0.22457651631249606,Low
4353-HYOJD,Month-to-month,27,49.85,1336.15,DSL,Mailed check,No,No,No,0.22436796886484603,Low
5360-LJCNJ,Two year,71,105.15,7555.0,Fiber optic,Bank transfer (automatic),No,No,No,0.22370992540599818,Low
5944-UGLLK,One year,53,54.9,3045.75,DSL,Credit card (automatic),Yes,No,No,0.22368267698936925,Low
9256-JTBNZ,Month-to-month,11,20.3,246.3,No,Bank transfer (automatic),No internet service,No internet service,No,0.22353356780004519,Low
8457-XIGKN,Month-to-month,20,19.6,356.15,No,Credit card (automatic),No internet service,No internet service,No,0.22304504569215738,Low
4011-ARPHK,Month-to-month,27,50.35,1411.35,DSL,Mailed check,No,Yes,No,0.2229009203334402,Low
5286-YHCVC,Two year,72,104.8,7470.1,Fiber optic,Bank transfer (automatic),No,No,No,0.22286747403468127,Low
8942-DBMHZ,Month-to-month,12,20.45,255.35,No,Mailed check,No internet service,No internet service,No,0.222659341490663,Low
8815-LMFLX,Month-to-month,25,25.4,546.85,No,Bank transfer (automatic),No internet service,No internet service,No,0.22258021960435745,Low
9715-WZCLW,Two year,71,97.2,6910.3,Fiber optic,Electronic check,No,Yes,No,0.22242960696216013,Low
8350-NYMVI,Month-to-month,39,41.1,1597.05,DSL,Bank transfer (automatic),Yes,No,No,0.2218918120611682,Low
0815-MFZGM,Two year,42,99.0,4135.0,Fiber optic,Credit card (automatic),Yes,No,No,0.22179884591344665,Low
2830-LEWOA,One year,61,103.9,6449.15,Fiber optic,Credit card (automatic),Yes,No,No,0.22175602080169354,Low
4464-JCOLN,One year,2,19.85,35.9,No,Mailed check,No internet service,No internet service,Yes,0.2215325788038002,Low
6481-OGDOO,One year,67,90.6,6056.15,Fiber optic,Credit card (automatic),No,Yes,Yes,0.22149618332462068,Low
3324-OIRTO,One year,71,104.65,7288.4,Fiber optic,Bank transfer (automatic),No,Yes,No,0.2205655036060675,Low
4501-UYKBC,One year,46,69.1,3255.35,DSL,Credit card (automatic),Yes,No,No,0.2205561839271524,Low
3318-ISQFQ,Month-to-month,20,19.5,413.0,No,Bank transfer (automatic),No internet service,No internet service,No,0.22049971966403764,Low
4623-ZKHLY,Month-to-month,22,20.45,471.55,No,Bank transfer (automatic),No internet service,No internet service,No,0.2202714521240185,Low
3750-RNQKR,Month-to-month,12,19.45,246.25,No,Mailed check,No internet service,No internet service,No,0.22011020238370552,Low
1744-JHKYS,Month-to-month,34,24.7,780.2,No,Electronic check,No internet service,No internet service,No,0.21996719495247213,Low
9592-ERDKV,One year,37,79.25,2911.8,DSL,Mailed check,No,Yes,No,0.2199087619742576,Low
4697-LUPSU,One year,2,20.2,34.75,No,Mailed check,No internet service,No internet service,No,0.21977341047223706,Low
9114-AAFQH,One year,48,65.65,3094.65,DSL,Electronic check,No,No,No,0.21977194090182106,Low
5025-GOOKI,Month-to-month,20,18.9,347.65,No,Credit card (automatic),No internet service,No internet service,No,0.21974153645584316,Low
8152-VETUR,Two year,72,97.7,6869.7,Fiber optic,Credit card (automatic),No,No,No,0.2196647758508812,Low
6289-CPNLD,One year,33,73.9,2405.05,DSL,Mailed check,Yes,No,Yes,0.21946694853617257,Low
4765-OXPPD,Month-to-month,9,65.0,663.05,DSL,Mailed check,Yes,Yes,Yes,0.21934375647424473,Low
8107-RZLNV,Two year,72,106.3,7565.35,Fiber optic,Bank transfer (automatic),No,No,No,0.2191211964723435,Low
3623-FQBOX,Month-to-month,21,19.95,416.4,No,Mailed check,No internet service,No internet service,No,0.21882371430601594,Low
2882-DDZPG,Month-to-month,12,19.45,227.45,No,Bank transfer (automatic),No internet service,No internet service,No,0.21863785184109233,Low
1539-LNKHM,Month-to-month,12,20.4,266.6,No,Mailed check,No internet service,No internet service,No,0.21838259115634567,Low
3969-JQABI,Month-to-month,58,65.25,3791.6,DSL,Credit card (automatic),No,Yes,No,0.2181695259314503,Low
9330-VOFSZ,Two year,60,110.8,6640.7,Fiber optic,Credit card (automatic),Yes,No,No,0.21814019811721697,Low
3752-CQSJI,Month-to-month,13,20.45,254.5,No,Mailed check,No internet service,No internet service,No,0.21813345155949912,Low
2294-SALNE,One year,23,86.8,1940.8,Fiber optic,Mailed check,Yes,No,No,0.2181022729784376,Low
2165-VOEGB,One year,46,105.2,4822.85,Fiber optic,Bank transfer (automatic),Yes,Yes,Yes,0.2179348012622403,Low
4713-ZBURT,Two year,45,99.7,4634.35,Fiber optic,Bank transfer (automatic),No,No,No,0.21749181563214376,Low
8550-XSXUQ,One year,48,70.55,3420.5,DSL,Credit card (automatic),No,No,No,0.2173153557955478,Low
1563-IWQEX,Month-to-month,12,19.7,220.35,No,Mailed check,No internet service,No internet service,No,0.2171967849668353,Low
6838-HVLXG,Month-to-month,12,20.3,246.7,No,Mailed check,No internet service,No internet service,No,0.21717011663840752,Low
1136-XGEQU,One year,50,84.15,4164.4,DSL,Credit card (automatic),Yes,No,No,0.21663704453518995,Low
7459-IMVYU,Month-to-month,38,69.95,2657.55,DSL,Electronic check,Yes,Yes,No,0.216525066166439,Low
9546-KDTRB,Month-to-month,19,24.7,465.85,No,Bank transfer (automatic),No internet service,No internet service,No,0.21652266364915898,Low
3115-JPJDD,One year,59,81.25,4639.45,Fiber optic,Credit card (automatic),No,Yes,No,0.21651480045770521,Low
6648-INWPS,Month-to-month,16,20.15,341.35,No,Electronic check,No internet service,No internet service,No,0.2165114989481105,Low
3181-MIZBN,Month-to-month,16,19.75,313.4,No,Electronic check,No internet service,No internet service,No,0.21623918394886224,Low
3374-TTZTK,Two year,52,106.3,5487.0,Fiber optic,Electronic check,Yes,Yes,No,0.21621522900466697,Low
0289-IVARM,Month-to-month,35,60.55,1982.6,DSL,Electronic check,No,Yes,No,0.2161669201733191,Low
5681-LLOEI,One year,43,91.25,4013.8,Fiber optic,Credit card (automatic),Yes,Yes,No,0.21606763766265305,Low
9367-TCUYN,Month-to-month,12,20.1,223.6,No,Mailed check,No internet service,No internet service,No,0.21605990202909972,Low
6408-OTUBZ,One year,66,104.55,6779.05,Fiber optic,Bank transfer (automatic),Yes,Yes,No,0.21594291070521568,Low
5440-FLBQG,Two year,69,108.4,7318.2,Fiber optic,Bank transfer (automatic),Yes,No,Yes,0.21565652398408247,Low
0201-MIBOL,Two year,66,102.4,6471.85,Fiber optic,Bank transfer (automatic),No,Yes,No,0.21557174274063967,Low
2272-WUSPA,Two year,72,110.75,7751.7,Fiber optic,Electronic check,No,Yes,No,0.21556815885395972,Low
4732-RRJZC,Month-to-month,7,20.25,144.35,No,Mailed check,No internet service,No internet service,No,0.21553446760386766,Low
8035-BUYVG,One year,40,42.35,1716.45,DSL,Electronic check,No,Yes,Yes,0.21535715824454482,Low
5578-NKCXI,One year,58,99.25,5846.65,Fiber optic,Credit card (automatic),No,Yes,No,0.21529202383886076,Low
4000-VGMQP,One year,38,78.95,2862.55,DSL,Credit card (automatic),No,No,No,0.21501272118816261,Low
3696-XRIEN,One year,50,82.5,4179.1,DSL,Credit card (automatic),Yes,Yes,No,0.21496282030380678,Low
2129-ALKBS,Month-to-month,40,26.2,1077.5,No,Electronic check,No internet service,No internet service,No,0.21470250532125149,Low
5089-IFSDP,Two year,58,109.45,6144.55,Fiber optic,Bank transfer (automatic),No,Yes,Yes,0.2143929664223096,Low
9786-IJYDL,Two year,35,113.2,3914.05,Fiber optic,Mailed check,Yes,Yes,No,0.2140889062326828,Low
2466-NEJOJ,Month-to-month,8,19.65,169.75,No,Credit card (automatic),No internet service,No internet service,No,0.21395255390805612,Low
8565-HBFNN,One year,69,107.2,7317.1,Fiber optic,Credit card (automatic),Yes,Yes,No,0.21364397541213534,Low
3099-OONVS,Month-to-month,25,54.3,1296.8,DSL,Electronic check,Yes,Yes,No,0.21329312708621428,Low
4129-LYCOI,Two year,67,104.0,7039.05,Fiber optic,Electronic check,Yes,No,No,0.2131885015834813,Low
0725-CXOTM,One year,36,89.65,3348.1,DSL,Credit card (automatic),Yes,Yes,No,0.2131727799044725,Low
6035-BXTTY,Month-to-month,32,54.65,1830.1,DSL,Bank transfer (automatic),Yes,No,No,0.2129783955498954,Low
8610-ZIKJJ,One year,2,20.3,31.9,No,Mailed check,No internet service,No internet service,No,0.21287151918278963,Low
9513-DXHDA,One year,27,81.7,2212.55,DSL,Electronic check,Yes,Yes,No,0.21252979440415823,Low
6674-KVJHG,One year,11,25.2,245.15,No,Electronic check,No internet service,No internet service,No,0.21245166033956103,Low
6993-YCOBK,Two year,60,110.6,6586.85,Fiber optic,Electronic check,Yes,Yes,No,0.21235829838521592,Low
1371-DWPAZ,Two year,0,56.05,0.0,DSL,Credit card (automatic),Yes,Yes,No,0.21225574490565982,Low
0748-RDGGM,One year,70,109.5,7534.65,Fiber optic,Bank transfer (automatic),Yes,Yes,Yes,0.21207138734575712,Low
7228-PAQPD,One year,14,59.1,772.85,DSL,Credit card (automatic),Yes,No,No,0.21184657425356618,Low
2958-NHPPS,Month-to-month,23,20.85,473.9,No,Electronic check,No internet service,No internet service,No,0.21144752460455712,Low
5539-HIVAK,Month-to-month,28,25.7,734.6,No,Mailed check,No internet service,No internet service,No,0.21142351693091482,Low
6075-QMNRR,Month-to-month,52,49.75,2535.55,DSL,Bank transfer (automatic),No,Yes,No,0.2112602073380149,Low
3012-VFFMN,Month-to-month,7,20.65,158.95,No,Mailed check,No internet service,No internet service,No,0.21084234378195793,Low
1488-SYSFC,Month-to-month,31,20.65,702.05,No,Electronic check,No internet service,No internet service,No,0.21076146223988282,Low
3351-NQLDI,One year,67,94.35,6341.45,Fiber optic,Credit card (automatic),Yes,Yes,Yes,0.21071922710345056,Low
6838-YAUVY,Two year,54,95.1,5064.85,Fiber optic,Bank transfer (automatic),Yes,No,No,0.21055909973150064,Low
5774-XZTQC,Month-to-month,7,20.45,150.75,No,Mailed check,No internet service,No internet service,No,0.21046749347884353,Low
5504-WSIUR,One year,70,90.25,6385.95,Fiber optic,Bank transfer (automatic),Yes,No,No,0.21035717811104926,Low
9867-NNXLC,Month-to-month,22,20.05,470.2,No,Mailed check,No internet service,No internet service,No,0.2102006158127908,Low
7336-RLLRH,One year,27,80.85,2204.35,DSL,Mailed check,Yes,Yes,No,0.20986261575353832,Low
4622-YNKIJ,Two year,33,88.95,3027.65,Fiber optic,Electronic check,Yes,Yes,No,0.20985813718505184,Low
1334-PDUKM,One year,68,86.45,5762.95,Fiber optic,Credit card (automatic),No,No,No,0.20978988478014207,Low
1159-WFSGR,Month-to-month,16,20.4,321.4,No,Electronic check,No internet service,No internet service,No,0.2092718473215781,Low
9402-ROUMJ,One year,67,100.25,6689.0,Fiber optic,Bank transfer (automatic),Yes,Yes,No,0.20908797001961396,Low
7762-URZQH,Two year,66,106.05,6981.35,Fiber optic,Credit card (automatic),No,Yes,Yes,0.20907900050764014,Low
5857-XRECV,One year,2,20.5,38.25,No,Bank transfer (automatic),No internet service,No internet service,No,0.2089643916113369,Low
4003-OCTMP,One year,31,64.0,1910.75,DSL,Electronic check,Yes,Yes,No,0.20894356362223432,Low
9143-CANJF,Month-to-month,24,55.15,1319.85,DSL,Electronic check,Yes,Yes,No,0.20891838492496737,Low
2775-SEFEE,Two year,0,61.9,0.0,DSL,Bank transfer (automatic),Yes,Yes,No,0.20885661553125628,Low
7954-MLBUN,Two year,31,99.45,3109.9,Fiber optic,Bank transfer (automatic),Yes,No,No,0.20883374042807365,Low
2330-PQGDQ,One year,51,84.2,4299.75,Fiber optic,Bank transfer (automatic),Yes,No,No,0.20866402908929627,Low
5236-PERKL,Two year,57,112.95,6465.0,Fiber optic,Bank transfer (automatic),No,Yes,Yes,0.20863231538977486,Low
9350-ZXYJC,Two year,4,25.3,116.95,No,Credit card (automatic),No internet service,No internet service,No,0.20860661467987063,Low
9146-JRIOX,Month-to-month,14,25.55,372.45,No,Mailed check,No internet service,No internet service,No,0.20842754255269133,Low
9139-TWBAS,One year,26,47.85,1190.5,DSL,Bank transfer (automatic),No,Yes,No,0.20833642752355716,Low
1696-MZVAU,One year,39,25.25,947.75,DSL,Credit card (automatic),No,No,No,0.2082961710833811,Low
9488-FYQAU,Two year,63,109.25,6841.4,Fiber optic,Bank transfer (automatic),Yes,No,No,0.20826288705056906,Low
4906-ZHGPK,One year,54,70.7,3770.0,DSL,Electronic check,Yes,No,No,0.20810708224635183,Low
3898-BSJYF,One year,10,73.55,693.3,DSL,Credit card (automatic),Yes,Yes,No,0.20809553861667823,Low
4801-KFYKL,Month-to-month,8,19.45,159.2,No,Bank transfer (automatic),No internet service,No internet service,No,0.20708818210977945,Low
4806-DXQCE,Two year,70,113.65,7714.65,Fiber optic,Electronic check,Yes,Yes,No,0.20699629395577404,Low
0489-WMEMG,One year,23,49.45,1119.35,DSL,Electronic check,Yes,No,No,0.20692975715406764,Low
9391-TTOYH,Month-to-month,23,19.5,470.2,No,Mailed check,No internet service,No internet service,No,0.20674328984488152,Low
1150-FTQGN,One year,60,94.15,5811.8,Fiber optic,Bank transfer (automatic),No,Yes,No,0.20663352947681293,Low
0356-OBMAC,Two year,56,99.9,5706.3,Fiber optic,Bank transfer (automatic),Yes,No,No,0.2063356484367801,Low
1708-PBBOA,One year,42,54.75,2348.45,DSL,Electronic check,Yes,Yes,No,0.2062934760665533,Low
5153-LXKDT,Two year,68,110.2,7467.5,Fiber optic,Electronic check,No,Yes,No,0.2062780504606603,Low
8752-IMQOS,One year,5,20.1,85.1,No,Mailed check,No internet service,No internet service,No,0.20624415130999518,Low
1850-AKQEP,Month-to-month,8,20.35,178.7,No,Mailed check,No internet service,No internet service,No,0.2062299316333207,Low
7718-UPSKJ,One year,69,106.4,7251.9,Fiber optic,Credit card (automatic),Yes,Yes,No,0.20612305133930592,Low
6718-BDGHG,One year,43,64.85,2908.2,DSL,Bank transfer (automatic),Yes,No,No,0.20609856706275617,Low
1730-VFMWO,Month-to-month,34,50.2,1815.3,DSL,Bank transfer (automatic),Yes,No,No,0.20583502347294724,Low
3096-YXENJ,Two year,65,107.65,7082.85,Fiber optic,Bank transfer (automatic),Yes,No,No,0.20582875341189913,Low
0895-LNKRC,One year,6,19.45,113.5,No,Mailed check,No internet service,No internet service,No,0.20568841276650265,Low
6568-POCUI,Two year,45,95.2,4285.8,Fiber optic,Credit card (automatic),Yes,No,No,0.2056404642670805,Low
3597-YASZG,Two year,70,104.45,7349.35,Fiber optic,Bank transfer (automatic),Yes,No,No,0.20555483902942953,Low
8465-SBRXP,Two year,38,94.9,3616.25,Fiber optic,Bank transfer (automatic),Yes,No,No,0.20549710547533387,Low
2120-SMPEX,Month-to-month,25,20.15,536.35,No,Mailed check,No internet service,No internet service,No,0.20541550721284876,Low
4186-ZBUEW,One year,36,70.7,2511.95,DSL,Mailed check,Yes,No,No,0.20529204163823353,Low
7446-KQISO,Two year,45,109.75,4900.65,Fiber optic,Bank transfer (automatic),Yes,No,No,0.20527811569887516,Low
2519-TWKFS,One year,25,55.1,1466.1,DSL,Mailed check,Yes,No,No,0.2051744183353198,Low
5915-DGNVC,One year,49,71.8,3472.05,DSL,Electronic check,No,Yes,No,0.20506946905007373,Low
6766-HFKLA,Two year,56,103.2,5744.35,Fiber optic,Bank transfer (automatic),Yes,No,No,0.20475377582392668,Low
6500-JVEGC,One year,68,101.35,7110.75,Fiber optic,Bank transfer (automatic),No,Yes,No,0.2046279647595721,Low
1282-IHQAC,One year,70,44.05,3011.65,DSL,Credit card (automatic),No,No,No,0.2045318795011159,Low
5297-MDOIR,One year,63,81.15,5224.5,Fiber optic,Credit card (automatic),No,Yes,No,0.20449849366125028,Low
2450-ZKEED,One year,11,53.8,651.55,DSL,Bank transfer (automatic),Yes,No,No,0.20446013422293802,Low
1444-VVSGW,One year,70,115.65,7968.85,Fiber optic,Credit card (automatic),Yes,Yes,Yes,0.20418213748096828,Low
8204-TIFGJ,Month-to-month,23,20.3,470.6,No,Bank transfer (automatic),No internet service,No internet service,No,0.20409414929634184,Low
8707-HOEDG,Two year,70,110.2,7689.8,Fiber optic,Electronic check,Yes,No,No,0.2040363135683904,Low
8780-RSYYU,Month-to-month,25,19.2,532.1,No,Credit card (automatic),No internet service,No internet service,No,0.2036831208356123,Low
8016-ZMGMO,One year,66,70.85,4738.85,DSL,Bank transfer (automatic),No,No,No,0.20354117633331914,Low
0303-UNCIP,One year,41,65.0,2531.8,DSL,Mailed check,No,No,No,0.20336501869556328,Low
1162-ECVII,Two year,72,109.75,7932.5,Fiber optic,Bank transfer (automatic),Yes,No,No,0.20323218455826472,Low
5693-PIPCS,Two year,41,99.65,4220.35,Fiber optic,Credit card (automatic),Yes,No,No,0.20315188876062606,Low
4598-ZADCK,One year,53,53.6,2879.2,DSL,Electronic check,Yes,Yes,No,0.2030717247214182,Low
7036-TYDEC,Two year,69,104.0,7028.5,Fiber optic,Electronic check,Yes,No,No,0.2029000655535503,Low
4366-CTOUZ,Two year,50,100.2,5038.45,Fiber optic,Mailed check,Yes,No,No,0.20224915346296693,Low
1702-CCFNJ,Month-to-month,52,61.35,3169.55,DSL,Bank transfer (automatic),Yes,No,No,0.20167454207821464,Low
9586-JGQKH,Two year,64,105.4,6794.75,Fiber optic,Bank transfer (automatic),Yes,No,No,0.20166147212228328,Low
4694-PHWFW,Month-to-month,8,19.95,170.9,No,Mailed check,No internet service,No internet service,No,0.20165197379628666,Low
7691-XVTZH,Two year,68,89.95,5974.3,Fiber optic,Bank transfer (automatic),No,No,No,0.20156564148152778,Low
2930-UOTMB,Month-to-month,31,65.25,1994.3,DSL,Credit card (automatic),Yes,Yes,Yes,0.20147991621322262,Low
6480-YAGIY,One year,45,112.2,5031.85,Fiber optic,Credit card (automatic),Yes,Yes,No,0.20136116191760745,Low
0661-KQHNK,One year,6,19.0,105.5,No,Credit card (automatic),No internet service,No internet service,No,0.20129458985033877,Low
8865-TNMNX,One year,10,49.55,475.7,DSL,Mailed check,No,No,No,0.20128230492064988,Low
2205-LPVGL,One year,58,89.85,5125.75,Fiber optic,Bank transfer (automatic),Yes,Yes,No,0.20126557396073877,Low
6968-URWQU,One year,43,56.35,2391.15,DSL,Mailed check,No,No,No,0.20116639109371087,Low
2724-FJDYW,One year,39,54.85,2191.7,DSL,Bank transfer (automatic),Yes,No,No,0.20115439001226498,Low
6196-HBOBZ,Two year,65,99.35,6347.55,Fiber optic,Electronic check,No,Yes,No,0.20098328701209933,Low
0377-JBKKT,Month-to-month,22,57.95,1271.8,DSL,Mailed check,Yes,Yes,No,0.2008896059724317,Low
7432-FFVAR,One year,46,90.95,4236.6,Fiber optic,Bank transfer (automatic),Yes,No,No,0.20088811084945993,Low
5748-RNCJT,Two year,69,106.5,7348.8,Fiber optic,Bank transfer (automatic),Yes,No,Yes,0.20081025201417677,Low
1045-LTCYT,Month-to-month,8,21.05,139.75,No,Credit card (automatic),No internet service,No internet service,No,0.20077578544329497,Low
7208-PSIHR,Two year,70,104.3,7188.5,Fiber optic,Bank transfer (automatic),Yes,No,No,0.20073489821292495,Low
2834-JRTUA,Two year,71,108.05,7532.15,Fiber optic,Electronic check,Yes,Yes,Yes,0.20065982295903817,Low
7184-LRUUR,One year,22,65.25,1441.8,DSL,Bank transfer (automatic),No,No,No,0.20053660911478088,Low
2717-HVIZY,Month-to-month,8,20.05,163.6,No,Mailed check,No internet service,No internet service,No,0.20052474163356435,Low
9972-NKTFD,Month-to-month,28,54.65,1517.5,DSL,Bank transfer (automatic),Yes,No,No,0.20049724498663773,Low
5414-OFQCB,Two year,57,90.45,5229.8,Fiber optic,Credit card (automatic),Yes,No,No,0.20015172246314034,Low
8735-NBLWT,Month-to-month,9,20.4,184.1,No,Mailed check,No internet service,No internet service,No,0.20005305856983946,Low
4654-DLAMQ,One year,64,97.0,6430.9,Fiber optic,Bank transfer (automatic),No,Yes,No,0.2000528343384972,Low
7654-YWJUF,One year,43,84.25,3539.25,Fiber optic,Bank transfer (automatic),Yes,Yes,No,0.20001397630066026,Low
1832-PEUTS,Two year,62,89.1,5411.65,Fiber optic,Credit card (automatic),No,No,No,0.19942426848452655,Low
5382-TEMLV,Month-to-month,45,50.9,2298.55,DSL,Bank transfer (automatic),No,Yes,No,0.1993725644734459,Low
8089-UZWLX,Two year,71,104.05,7413.55,Fiber optic,Bank transfer (automatic),No,No,No,0.1993628355627,Low
4054-CUMIA,Month-to-month,18,20.25,401.95,No,Mailed check,No internet service,No internet service,No,0.19917493831576585,Low
2338-BQEZT,Month-to-month,55,50.55,2832.75,DSL,Credit card (automatic),No,Yes,No,0.19891392227555446,Low
4063-EIKNQ,Month-to-month,11,20.95,267.35,No,Bank transfer (automatic),No internet service,No internet service,No,0.1988604437709559,Low
5304-EFJLP,Two year,72,111.65,8022.85,Fiber optic,Bank transfer (automatic),Yes,No,No,0.1983508271826418,Low
4159-NAAIX,Two year,63,97.45,6253.0,Fiber optic,Bank transfer (automatic),No,No,No,0.1983264364736746,Low
6933-FHBZC,One year,26,56.05,1553.2,DSL,Mailed check,No,No,No,0.19806820099363376,Low
7812-FZHPE,Month-to-month,17,24.1,409.9,No,Mailed check,No internet service,No internet service,Yes,0.197968564057028,Low
6250-CGGUN,One year,54,84.4,4484.05,Fiber optic,Electronic check,Yes,Yes,No,0.1978883861404507,Low
5815-HGGHV,One year,20,64.15,1274.45,DSL,Mailed check,Yes,Yes,No,0.1977325807177348,Low
2911-IJORQ,One year,37,90.6,3358.65,DSL,Bank transfer (automatic),Yes,Yes,No,0.19743092822288758,Low
8822-KNBHV,One year,48,83.45,3887.85,DSL,Credit card (automatic),No,Yes,No,0.1972218559322447,Low
7762-ONLJY,One year,6,19.7,94.45,No,Mailed check,No internet service,No internet service,No,0.19710691948571882,Low
9308-ANMVE,Month-to-month,47,55.3,2654.05,DSL,Electronic check,No,Yes,No,0.19685464158912197,Low
9522-ZSINC,One year,13,19.95,253.8,No,Electronic check,No internet service,No internet service,No,0.1967569375465253,Low
0117-LFRMW,Month-to-month,37,40.2,1448.8,DSL,Bank transfer (automatic),No,Yes,Yes,0.19674838437006748,Low
4826-DXMUP,One year,35,72.1,2495.15,DSL,Mailed check,Yes,No,No,0.19660192800309648,Low
7816-VGHTO,Two year,6,40.55,217.5,DSL,Mailed check,Yes,No,No,0.19658446691709763,Low
9405-GPBBG,Two year,64,110.5,7069.25,Fiber optic,Credit card (automatic),Yes,No,No,0.19652048209154288,Low
4139-SUGLD,Month-to-month,31,35.4,1077.5,DSL,Bank transfer (automatic),Yes,Yes,Yes,0.19643119114469518,Low
0842-IWYCP,Month-to-month,46,44.95,2168.9,DSL,Bank transfer (automatic),No,No,No,0.19624284121419935,Low
0201-OAMXR,One year,70,115.55,8127.6,Fiber optic,Credit card (automatic),Yes,Yes,Yes,0.19616604853028444,Low
1877-HKBQX,One year,11,54.6,617.85,DSL,Mailed check,Yes,Yes,No,0.19615673348852453,Low
7134-HBPBS,Two year,72,108.1,7774.05,Fiber optic,Bank transfer (automatic),Yes,No,No,0.19548626133068395,Low
7956-XQWGU,Month-to-month,27,19.4,460.25,No,Credit card (automatic),No internet service,No internet service,No,0.1954551909037888,Low
4881-GQJTW,Month-to-month,14,19.6,300.4,No,Credit card (automatic),No internet service,No internet service,No,0.19540026074744554,Low
9754-CLVZW,Month-to-month,26,38.85,1025.15,DSL,Credit card (automatic),Yes,Yes,No,0.19530833293535033,Low
1474-JUWSM,One year,58,68.4,3972.25,DSL,Electronic check,Yes,Yes,No,0.1951088371410769,Low
2773-OVBPK,Two year,67,111.3,7567.2,Fiber optic,Bank transfer (automatic),Yes,No,No,0.19505813707122668,Low
5229-DTFYB,Two year,41,98.8,3959.15,Fiber optic,Bank transfer (automatic),Yes,No,No,0.19444791238261072,Low
2499-AJYUA,Two year,72,110.8,7882.25,Fiber optic,Credit card (automatic),Yes,No,No,0.19440229379112844,Low
3192-NQECA,Two year,68,110.0,7611.85,Fiber optic,Bank transfer (automatic),Yes,No,Yes,0.19426725015123142,Low
9933-QRGTX,Two year,60,97.2,5611.75,Fiber optic,Electronic check,Yes,Yes,No,0.19425360748305098,Low
4712-UYOOI,Month-to-month,20,20.0,417.65,No,Electronic check,No internet service,No internet service,No,0.19400539208564327,Low
1527-SXDPN,Two year,52,96.25,4990.25,Fiber optic,Bank transfer (automatic),Yes,No,Yes,0.19371628039373712,Low
3259-FDWOY,Two year,71,106.0,7723.7,Fiber optic,Bank transfer (automatic),No,No,Yes,0.1935185764235083,Low
6476-EPYZR,Month-to-month,12,20.5,255.5,No,Mailed check,No internet service,No internet service,No,0.19345142255367492,Low
4682-BLBUC,One year,44,70.95,3250.45,DSL,Electronic check,Yes,No,No,0.19322250039496755,Low
3061-BCKYI,Month-to-month,14,19.9,283.75,No,Mailed check,No internet service,No internet service,No,0.19309461907164663,Low
4104-PVRPS,Month-to-month,24,53.6,1315.35,DSL,Mailed check,Yes,Yes,No,0.19306631529131665,Low
3518-FSTWG,Two year,72,109.55,7920.7,Fiber optic,Bank transfer (automatic),No,Yes,No,0.19304415744207082,Low
0960-HUWBM,Two year,65,104.1,6700.05,Fiber optic,Bank transfer (automatic),Yes,No,No,0.19294342270314838,Low
0384-LPITE,One year,40,62.05,2511.55,DSL,Credit card (automatic),No,Yes,No,0.1927537522976042,Low
5663-QBGIS,Two year,72,98.35,6929.4,Fiber optic,Bank transfer (automatic),No,No,No,0.19273116035665205,Low
8467-WYNSR,Month-to-month,22,55.1,1253.15,DSL,Mailed check,Yes,Yes,No,0.19269967860539433,Low
2634-HCZGT,One year,53,60.05,3229.65,DSL,Electronic check,Yes,Yes,Yes,0.19264983982925346,Low
9052-DHNKM,One year,26,61.55,1581.95,DSL,Electronic check,No,Yes,No,0.19254089950772688,Low
9955-QOPOY,One year,69,60.8,4263.4,DSL,Credit card (automatic),Yes,No,No,0.19219521010828747,Low
4770-QAZXN,Month-to-month,13,19.45,232.1,No,Credit card (automatic),No internet service,No internet service,No,0.19209844977369522,Low
7753-USQYQ,One year,55,64.2,3627.3,DSL,Electronic check,Yes,No,No,0.19207518437093551,Low
0621-JFHOL,Two year,10,29.6,299.05,DSL,Mailed check,Yes,No,No,0.1919625372044741,Low
2868-LLSKM,One year,68,83.65,5733.4,Fiber optic,Bank transfer (automatic),Yes,No,No,0.19187169626496167,Low
1218-VKFPE,Month-to-month,12,19.0,233.55,No,Mailed check,No internet service,No internet service,Yes,0.19182425463370306,Low
0607-MVMGC,One year,45,78.75,3600.65,DSL,Credit card (automatic),No,No,No,0.1912461581066721,Low
9711-FJTBX,One year,56,85.85,4793.8,Fiber optic,Mailed check,Yes,No,No,0.1911733873668568,Low
9351-LZYGF,Month-to-month,42,66.4,2727.8,DSL,Credit card (automatic),Yes,Yes,No,0.19113980960718438,Low
1696-HXOWK,One year,71,95.65,6856.95,Fiber optic,Mailed check,No,Yes,No,0.19101941313464804,Low
9931-KGHOA,Month-to-month,46,55.0,2473.95,DSL,Bank transfer (automatic),No,Yes,No,0.190933504810298,Low
1898-JSNDC,One year,39,58.6,2224.5,DSL,Credit card (automatic),No,No,No,0.19082864890224807,Low
7182-OVLBJ,Two year,62,101.15,6638.35,Fiber optic,Bank transfer (automatic),No,Yes,No,0.19072042111780899,Low
8220-OCUFY,One year,21,60.25,1258.35,DSL,Electronic check,Yes,Yes,No,0.19058340717064004,Low
0667-NSRGI,One year,48,69.55,3435.6,DSL,Mailed check,Yes,No,No,0.19047168702689288,Low
9845-PEEKO,Two year,59,79.2,4590.35,Fiber optic,Credit card (automatic),No,No,No,0.19043098053410468,Low
2469-DTSGX,Two year,72,111.65,7943.45,Fiber optic,Electronic check,Yes,No,No,0.19038730270825963,Low
4091-TVOCN,One year,48,78.75,3682.45,DSL,Credit card (automatic),No,Yes,No,0.19019932901398834,Low
0068-FIGTF,One year,27,78.2,2078.95,DSL,Mailed check,Yes,No,No,0.1901096979006759,Low
3648-GZPHF,One year,32,36.25,1151.05,DSL,Mailed check,Yes,No,No,0.19006435087361656,Low
4654-GGUII,One year,18,40.2,711.95,DSL,Mailed check,Yes,Yes,No,0.1899812541999963,Low
7998-ZLXWN,Month-to-month,15,20.45,330.8,No,Credit card (automatic),No internet service,No internet service,No,0.18984593239144817,Low
8138-EALND,Month-to-month,15,19.75,311.6,No,Mailed check,No internet service,No internet service,No,0.18984439513998919,Low
9730-DRTMJ,One year,32,72.8,2333.05,DSL,Credit card (automatic),Yes,Yes,No,0.18973679381447947,Low
0323-XWWTN,Two year,3,26.4,121.25,No,Mailed check,No internet service,No internet service,No,0.18950412549039117,Low
6893-ODYYE,One year,50,90.1,4549.45,Fiber optic,Credit card (automatic),Yes,Yes,No,0.18949886480456365,Low
9309-BZGNT,One year,69,29.8,2134.3,DSL,Credit card (automatic),No,No,No,0.1892228884900145,Low
3282-ZISZV,One year,32,83.7,2633.3,DSL,Credit card (automatic),Yes,No,No,0.18920779391107662,Low
8097-VBQTZ,Month-to-month,54,69.9,3883.3,DSL,Mailed check,Yes,Yes,No,0.1891541474916891,Low
2056-EVGZL,One year,68,105.75,7322.5,Fiber optic,Credit card (automatic),Yes,No,No,0.18908414100588478,Low
2150-WLKUW,One year,40,63.9,2635.0,DSL,Bank transfer (automatic),No,No,No,0.1890061708480863,Low
5269-NRGDP,One year,42,73.15,3088.25,DSL,Electronic check,Yes,No,No,0.1888576612378348,Low
6941-KXRRV,One year,48,58.95,2789.7,DSL,Bank transfer (automatic),No,No,No,0.18874388603663392,Low
6319-QSUSR,Month-to-month,11,19.7,216.2,No,Credit card (automatic),No internet service,No internet service,No,0.18862953083149292,Low
5161-XEUVX,Two year,37,94.3,3460.95,Fiber optic,Mailed check,Yes,No,No,0.1883172914215683,Low
5012-YSPJJ,Month-to-month,31,54.35,1647.0,DSL,Mailed check,Yes,No,No,0.18820116283938065,Low
0208-BPQEJ,Month-to-month,12,19.4,198.1,No,Bank transfer (automatic),No internet service,No internet service,No,0.1880602556594847,Low
7666-WKRON,Two year,39,80.45,3201.55,Fiber optic,Electronic check,Yes,No,Yes,0.1878829741325145,Low
6861-OKBCE,Month-to-month,11,20.1,221.35,No,Credit card (automatic),No internet service,No internet service,Yes,0.18777116335847152,Low
7641-TQFHN,Two year,39,100.55,3895.35,Fiber optic,Mailed check,Yes,No,No,0.18748223743448392,Low
2651-ZCBXV,Two year,54,108.0,5760.65,Fiber optic,Credit card (automatic),Yes,Yes,No,0.1872727985791741,Low
5829-NVSQN,One year,23,68.75,1689.45,DSL,Bank transfer (automatic),Yes,Yes,No,0.18703087182728897,Low
1036-GUDCL,Month-to-month,60,79.05,4663.4,DSL,Credit card (automatic),Yes,Yes,No,0.1865885546593998,Low
0106-UGRDO,Two year,69,116.0,8182.85,Fiber optic,Electronic check,Yes,Yes,No,0.18648991434432172,Low
4043-MKDTV,Two year,71,105.25,7291.75,Fiber optic,Electronic check,Yes,No,No,0.18648942003671942,Low
3197-NNYNB,Two year,65,105.1,6631.85,Fiber optic,Credit card (automatic),No,No,No,0.18628791260595925,Low
8707-RMEZH,One year,69,87.3,6055.55,Fiber optic,Credit card (automatic),No,Yes,No,0.18615458547622785,Low
6036-TTFYU,Month-to-month,16,19.6,314.45,No,Mailed check,No internet service,No internet service,No,0.18605045285644314,Low
4795-WRNVT,Month-to-month,40,65.1,2586.0,DSL,Mailed check,No,Yes,No,0.18586808912867028,Low
8261-GWDBQ,Two year,60,116.05,6925.9,Fiber optic,Bank transfer (automatic),Yes,Yes,No,0.18521564814972147,Low
0347-UBKUZ,Month-to-month,15,19.9,320.45,No,Mailed check,No internet service,No internet service,No,0.18514291270946504,Low
0080-EMYVY,One year,14,51.45,727.85,DSL,Credit card (automatic),No,No,No,0.18509945484368953,Low
0547-HURJB,Month-to-month,12,21.05,235.8,No,Credit card (automatic),No internet service,No internet service,No,0.1850579664636855,Low
8879-XUAHX,Two year,71,116.25,8564.75,Fiber optic,Electronic check,Yes,Yes,No,0.18498959693100583,Low
2223-KAGMX,Month-to-month,15,19.4,289.3,No,Bank transfer (automatic),No internet service,No internet service,Yes,0.1849465977882348,Low
6040-CGACY,Month-to-month,15,19.6,299.4,No,Mailed check,No internet service,No internet service,No,0.1848868823147636,Low
6419-ZTTLE,One year,23,20.75,485.2,No,Electronic check,No internet service,No internet service,No,0.18486169122067272,Low
7244-QWYHG,One year,50,44.45,2188.45,DSL,Bank transfer (automatic),Yes,Yes,No,0.1847114146202422,Low
2316-ESMLS,One year,12,33.15,444.75,DSL,Credit card (automatic),Yes,Yes,No,0.18462868535659477,Low
0484-JPBRU,Month-to-month,41,25.25,996.45,No,Bank transfer (automatic),No internet service,No internet service,No,0.18453065845846803,Low
2150-UWTFY,Month-to-month,22,61.15,1422.05,DSL,Mailed check,No,Yes,Yes,0.18439854512150988,Low
5577-OTWWW,Month-to-month,15,19.75,297.3,No,Bank transfer (automatic),No internet service,No internet service,Yes,0.18431578209988098,Low
7931-PXHFC,One year,38,62.3,2354.8,DSL,Mailed check,Yes,No,Yes,0.1843011080484019,Low
0716-BQNDX,Two year,57,93.75,5625.55,Fiber optic,Electronic check,Yes,Yes,No,0.1842393765459061,Low
5954-BDFSG,Two year,72,107.5,7853.7,Fiber optic,Credit card (automatic),Yes,No,No,0.18411448392843077,Low
8573-CGOCC,Month-to-month,16,19.75,294.9,No,Credit card (automatic),No internet service,No internet service,No,0.18405860936486212,Low
4488-PSYCG,Month-to-month,16,20.25,327.45,No,Bank transfer (automatic),No internet service,No internet service,Yes,0.183949351272561,Low
7317-GGVPB,Two year,71,108.6,7690.9,Fiber optic,Credit card (automatic),Yes,No,Yes,0.18372427404316571,Low
0742-LAFQK,Two year,72,99.15,7422.1,Fiber optic,Electronic check,No,Yes,No,0.18367070577111114,Low
9362-MWODR,Month-to-month,40,64.1,2460.35,DSL,Credit card (automatic),Yes,Yes,No,0.1835607176595132,Low
0392-BZIUW,Two year,72,105.0,7589.8,Fiber optic,Credit card (automatic),No,Yes,No,0.1834491250481119,Low
5032-USPKF,One year,38,84.1,3187.65,DSL,Bank transfer (automatic),No,Yes,No,0.18324899187188143,Low
5701-GUXDC,One year,26,35.4,978.6,DSL,Credit card (automatic),No,Yes,No,0.1830620586581213,Low
3441-CGZJH,One year,43,60.4,2640.55,DSL,Credit card (automatic),Yes,Yes,No,0.18268290645985008,Low
3137-NYQQI,One year,17,64.8,1175.6,DSL,Mailed check,No,Yes,No,0.18248366283939357,Low
2746-DIJLO,One year,41,56.3,2364.0,DSL,Credit card (automatic),No,No,No,0.1824329701130399,Low
2546-KZAAT,One year,52,75.4,3865.45,DSL,Mailed check,No,Yes,No,0.18222245275234164,Low
4403-BWPAY,One year,14,24.8,321.7,No,Credit card (automatic),No internet service,No internet service,No,0.1822101434212955,Low
6992-TKNYO,One year,38,69.0,2669.45,DSL,Credit card (automatic),Yes,No,No,0.1821612182130607,Low
4079-ULGFR,Month-to-month,16,20.0,275.7,No,Mailed check,No internet service,No internet service,No,0.1819926662304727,Low
8996-ZROXE,One year,57,53.5,3035.8,DSL,Electronic check,Yes,No,No,0.18171860564721415,Low
9199-PWQVC,One year,63,79.7,4786.15,DSL,Credit card (automatic),No,Yes,No,0.1813116832858747,Low
6257-DTAYD,Two year,71,104.15,7365.3,Fiber optic,Credit card (automatic),Yes,No,No,0.18101928232946543,Low
9555-SAHUZ,Month-to-month,38,54.5,2076.05,DSL,Electronic check,No,Yes,No,0.18099044171469367,Low
2887-JPYLU,Month-to-month,41,45.2,1841.9,DSL,Bank transfer (automatic),No,No,No,0.18094856932382852,Low
6308-CQRBU,Two year,71,109.25,7707.7,Fiber optic,Electronic check,Yes,No,No,0.18064447700615224,Low
8788-DOXSU,One year,59,61.35,3645.5,DSL,Bank transfer (automatic),No,No,No,0.18030360388304506,Low
3224-DFQNQ,One year,66,89.0,5898.6,Fiber optic,Electronic check,Yes,Yes,No,0.18015051129414703,Low
3301-VKTGC,One year,68,85.5,5696.6,Fiber optic,Bank transfer (automatic),No,Yes,No,0.18013060364423564,Low
7233-IOQNP,Month-to-month,43,34.0,1505.35,DSL,Bank transfer (automatic),Yes,Yes,No,0.18007612366552456,Low
0565-JUPYD,One year,63,104.5,6590.8,Fiber optic,Credit card (automatic),Yes,Yes,No,0.17994893068064416,Low
2292-XQWSV,One year,40,60.3,2448.5,DSL,Mailed check,Yes,No,No,0.1798479626493169,Low
8263-QMNTJ,Two year,72,115.55,8425.3,Fiber optic,Electronic check,Yes,Yes,No,0.17977727456315729,Low
8226-BXGES,One year,64,89.45,5692.65,Fiber optic,Bank transfer (automatic),No,Yes,No,0.17975361161524647,Low
3229-USWAR,One year,34,79.95,2727.3,DSL,Bank transfer (automatic),Yes,Yes,No,0.17966832069075223,Low
1545-JFUML,Two year,71,99.0,6994.6,Fiber optic,Electronic check,No,Yes,No,0.17963684497371046,Low
5756-OZRIO,One year,61,64.05,3902.6,DSL,Bank transfer (automatic),No,No,No,0.17957729562932942,Low
8246-SHFGA,Month-to-month,17,21.1,385.55,No,Credit card (automatic),No internet service,No internet service,No,0.1794972366006244,Low
9695-IDRZR,Two year,34,116.15,3946.9,Fiber optic,Credit card (automatic),Yes,Yes,No,0.17926232983068485,Low
6603-QWSPR,Two year,46,104.4,4904.2,Fiber optic,Bank transfer (automatic),Yes,No,No,0.1792277822820444,Low
0487-VVUVK,Month-to-month,25,19.15,477.6,No,Mailed check,No internet service,No internet service,No,0.1790981054989826,Low
5447-VYTKW,Month-to-month,27,53.45,1461.45,DSL,Mailed check,Yes,Yes,No,0.17888787662163347,Low
7839-NUIAA,Month-to-month,61,59.8,3641.5,DSL,Electronic check,No,Yes,No,0.17880357885187748,Low
8041-TMEID,Two year,63,108.5,6991.9,Fiber optic,Credit card (automatic),No,Yes,No,0.1787741220125006,Low
9498-FIMXL,One year,8,19.2,161.95,No,Mailed check,No internet service,No internet service,No,0.17863262170848107,Low
6616-AALSR,Two year,65,104.3,6725.3,Fiber optic,Credit card (automatic),No,Yes,No,0.1781651507030511,Low
2038-YSEZE,Month-to-month,29,67.45,1801.1,DSL,Mailed check,Yes,Yes,No,0.1778532432285176,Low
8200-KLNYW,One year,21,80.9,1714.95,DSL,Mailed check,Yes,Yes,No,0.17776967212354175,Low
3090-HAWSU,Two year,61,111.6,6876.05,Fiber optic,Credit card (automatic),Yes,Yes,Yes,0.17771828320717983,Low
1301-LOPVR,One year,29,55.35,1636.95,DSL,Credit card (automatic),Yes,Yes,No,0.1774759776963724,Low
3486-KHMLI,Month-to-month,21,24.7,467.15,No,Mailed check,No internet service,No internet service,No,0.1773363372454021,Low
6082-GLJIX,Month-to-month,18,19.25,331.35,No,Mailed check,No internet service,No internet service,No,0.1772925645355879,Low
5092-STPKP,Month-to-month,24,56.35,1381.2,DSL,Credit card (automatic),Yes,Yes,No,0.17709484746822723,Low
1090-PYKCI,One year,69,105.1,7234.8,Fiber optic,Credit card (automatic),Yes,Yes,No,0.1770430097240479,Low
3824-RHKVR,Month-to-month,17,19.7,340.35,No,Credit card (automatic),No internet service,No internet service,No,0.1769523916945308,Low
1183-CANVH,One year,23,60.0,1347.15,DSL,Bank transfer (automatic),Yes,No,No,0.17677001210560606,Low
4137-JOPHL,Two year,50,89.7,4304.5,Fiber optic,Bank transfer (automatic),Yes,No,No,0.17625642848588968,Low
1291-CUOCY,Two year,72,110.6,7962.2,Fiber optic,Credit card (automatic),Yes,No,No,0.17624592304223355,Low
7542-CYDDM,Month-to-month,18,20.05,358.5,No,Mailed check,No internet service,No internet service,No,0.17614817528888263,Low
5795-KTGUD,Two year,68,110.8,7553.6,Fiber optic,Bank transfer (automatic),No,Yes,No,0.1761198932838472,Low
4670-TABXH,Two year,72,109.75,7758.9,Fiber optic,Credit card (automatic),Yes,No,No,0.17599356527413856,Low
0557-ASKVU,One year,18,54.4,957.1,DSL,Credit card (automatic),Yes,No,No,0.1758403090748065,Low
7663-CUXZB,Two year,59,113.75,6561.25,Fiber optic,Electronic check,Yes,Yes,No,0.17583651639970405,Low
6967-PEJLL,One year,37,40.2,1525.35,DSL,Electronic check,Yes,Yes,No,0.17542274703554112,Low
6598-KELSS,One year,50,43.05,2208.05,DSL,Bank transfer (automatic),No,Yes,No,0.1754054173427395,Low
5090-EMGTC,Two year,59,100.05,6034.85,Fiber optic,Mailed check,Yes,No,No,0.17510079018514282,Low
7519-JTWQH,Two year,69,110.5,7455.45,Fiber optic,Bank transfer (automatic),Yes,No,No,0.1748998429978712,Low
8348-JLBUG,One year,64,80.3,5017.7,Fiber optic,Credit card (automatic),No,Yes,No,0.17484380985912287,Low
8631-XVRZL,One year,9,20.15,163.7,No,Mailed check,No internet service,No internet service,No,0.17477700233642532,Low
5018-LXQQG,Month-to-month,30,66.3,1923.5,DSL,Bank transfer (automatic),Yes,Yes,No,0.1747723575938538,Low
7657-DYEPJ,One year,38,70.15,2497.35,DSL,Credit card (automatic),Yes,No,Yes,0.17474124543680675,Low
7901-IIDQV,One year,24,54.6,1242.25,DSL,Bank transfer (automatic),Yes,No,No,0.17473604158388203,Low
4815-YOSUK,One year,72,104.9,7537.5,Fiber optic,Credit card (automatic),Yes,Yes,No,0.17460358360893005,Low
1057-FOGLZ,Month-to-month,18,19.65,391.7,No,Mailed check,No internet service,No internet service,No,0.17434666656352343,Low
5671-RQRLP,Two year,70,75.65,5411.4,Fiber optic,Credit card (automatic),No,No,No,0.17412196943422156,Low
2926-JEJJC,One year,8,20.2,140.95,No,Bank transfer (automatic),No internet service,No internet service,No,0.17359525977082385,Low
5278-PNYOX,Two year,49,100.65,4917.75,Fiber optic,Credit card (automatic),Yes,No,No,0.17357432295826683,Low
3612-YUNGG,Two year,64,109.2,6741.15,Fiber optic,Credit card (automatic),Yes,No,No,0.1735136618604728,Low
8819-ZBYNA,Two year,58,109.1,6393.65,Fiber optic,Credit card (automatic),Yes,Yes,No,0.1733047213313608,Low
0266-CLZKZ,Two year,67,105.65,6717.9,Fiber optic,Bank transfer (automatic),Yes,No,No,0.17322515757778678,Low
4808-YNLEU,One year,35,62.15,2215.45,DSL,Bank transfer (automatic),No,Yes,No,0.1732250665781989,Low
0164-APGRB,Two year,72,114.9,8496.7,Fiber optic,Electronic check,Yes,Yes,No,0.17289836593459743,Low
2483-XSSMZ,One year,39,47.85,1886.4,DSL,Electronic check,No,Yes,No,0.17284770929023383,Low
7156-MXBJE,One year,43,85.1,3662.25,DSL,Credit card (automatic),Yes,No,No,0.17280936064636213,Low
4369-NYSCF,One year,56,75.75,4284.65,DSL,Bank transfer (automatic),Yes,No,No,0.17268856995463058,Low
4199-QHJNM,Two year,67,102.9,6989.7,Fiber optic,Bank transfer (automatic),Yes,No,No,0.1725777177170065,Low
1536-YHDOE,One year,17,62.1,1096.65,DSL,Mailed check,Yes,Yes,No,0.17257668963279413,Low
4578-PHJYZ,One year,52,68.75,3482.85,DSL,Electronic check,Yes,No,No,0.17247762024768482,Low
8777-MBMTS,Two year,65,105.85,6725.5,Fiber optic,Credit card (automatic),Yes,No,No,0.1724122181172216,Low
6435-VWCCY,Two year,65,92.7,5968.4,Fiber optic,Credit card (automatic),No,Yes,No,0.17231706157152174,Low
4328-VUFWD,One year,39,59.3,2209.15,DSL,Electronic check,Yes,No,No,0.17225036009601963,Low
9386-LDCZR,One year,43,90.65,3882.3,Fiber optic,Credit card (automatic),Yes,Yes,No,0.17223226207626546,Low
8309-PPCED,Two year,72,110.45,7982.5,Fiber optic,Bank transfer (automatic),Yes,No,No,0.17221767563498785,Low
9861-PDSZP,Two year,72,108.05,7806.6,Fiber optic,Credit card (automatic),Yes,No,No,0.17195781417983938,Low
8221-EQDGL,Month-to-month,35,61.0,2130.45,DSL,Mailed check,No,Yes,No,0.17108527831917977,Low
2243-FNMMI,Month-to-month,20,19.4,415.4,No,Mailed check,No internet service,No internet service,No,0.17103769217002898,Low
2988-QRAJY,Two year,69,110.05,7430.75,Fiber optic,Credit card (automatic),No,Yes,No,0.17099203663006277,Low
4385-ZKVNW,Month-to-month,44,54.9,2549.1,DSL,Bank transfer (automatic),Yes,No,No,0.17075839051603262,Low
6734-FQAJX,Two year,67,105.05,7171.7,Fiber optic,Electronic check,Yes,Yes,No,0.17075245530467212,Low
5327-CNLUQ,Two year,48,96.9,4473.45,Fiber optic,Bank transfer (automatic),No,Yes,No,0.17072059909250095,Low
5537-UXXVS,Month-to-month,20,19.25,375.25,No,Bank transfer (automatic),No internet service,No internet service,No,0.17060434818519926,Low
4611-ANLQC,One year,60,50.05,2911.5,DSL,Electronic check,No,Yes,No,0.1705485064332112,Low
0496-AHOOK,One year,24,74.4,1712.9,DSL,Bank transfer (automatic),Yes,Yes,No,0.1705390235840887,Low
7105-BENQF,One year,15,64.85,950.75,DSL,Mailed check,No,Yes,No,0.17013854592532351,Low
6924-TDGMT,One year,11,20.55,184.95,No,Mailed check,No internet service,No internet service,No,0.1700230773780377,Low
7049-GKVZY,One year,17,79.85,1387.35,DSL,Credit card (automatic),Yes,Yes,No,0.1696713728528466,Low
2054-PJOCK,One year,60,80.55,4847.05,DSL,Credit card (automatic),Yes,No,No,0.16951513541738011,Low
7102-JJVTX,One year,9,48.6,422.3,DSL,Mailed check,No,Yes,No,0.1694899330858452,Low
1171-TYKUR,Month-to-month,47,25.4,1139.2,No,Electronic check,No internet service,No internet service,No,0.16939308125765637,Low
3205-MXZRA,One year,26,59.45,1507.0,DSL,Credit card (automatic),Yes,No,No,0.16934895851548773,Low
2683-JXWQQ,Month-to-month,61,33.6,2117.2,DSL,Bank transfer (automatic),No,Yes,No,0.16933483148030254,Low
7136-IHZJA,Month-to-month,40,71.35,2847.2,DSL,Mailed check,Yes,Yes,No,0.16932843558580274,Low
4922-CVPDX,Two year,26,73.5,1905.7,DSL,Credit card (automatic),No,No,No,0.16926699217070448,Low
4815-TUMEQ,One year,10,19.3,185.2,No,Mailed check,No internet service,No internet service,No,0.16925233824667063,Low
6937-GCDGQ,One year,19,48.95,955.6,DSL,Bank transfer (automatic),No,Yes,No,0.16911862672026973,Low
5271-YNWVR,Two year,68,113.15,7856.0,Fiber optic,Electronic check,Yes,Yes,Yes,0.16909539338348095,Low
2408-PSJVE,Month-to-month,44,61.9,2924.05,DSL,Mailed check,Yes,No,No,0.169013347298123,Low
4049-ZPALD,Two year,64,99.0,6375.8,Fiber optic,Bank transfer (automatic),No,Yes,No,0.1689265189140584,Low
3387-PLKUI,Month-to-month,13,18.8,251.25,No,Mailed check,No internet service,No internet service,No,0.16889959688719527,Low
4318-RAJVY,One year,10,19.8,198.25,No,Mailed check,No internet service,No internet service,No,0.1688187822177448,Low
6502-KUGLL,Month-to-month,14,59.45,780.85,DSL,Bank transfer (automatic),Yes,Yes,No,0.16878568439212482,Low
5998-DZLYR,Two year,61,94.35,5703.0,Fiber optic,Bank transfer (automatic),Yes,No,No,0.16867792161997652,Low
4576-CSAJH,One year,22,55.15,1193.05,DSL,Credit card (automatic),Yes,No,Yes,0.16840427956140505,Low
9924-JPRMC,Two year,72,118.2,8547.15,Fiber optic,Electronic check,Yes,Yes,No,0.16840097074657212,Low
7541-YLXCL,One year,36,65.4,2498.4,DSL,Mailed check,Yes,No,Yes,0.16800419558907195,Low
9967-ATRFS,Month-to-month,19,19.9,367.55,No,Mailed check,No internet service,No internet service,No,0.1678660629802417,Low
5260-UMPWX,Month-to-month,26,20.25,493.95,No,Credit card (automatic),No internet service,No internet service,No,0.16774781528749896,Low
8498-XXGWA,Month-to-month,65,55.15,3673.15,DSL,Mailed check,No,Yes,No,0.1674425401269997,Low
5160-UXJED,One year,17,44.6,681.4,DSL,Mailed check,No,No,No,0.16743459708442998,Low
0134-XWXCE,One year,44,74.85,3268.05,DSL,Bank transfer (automatic),Yes,No,No,0.16741743381443622,Low
6869-FGJJC,One year,68,79.6,5461.45,Fiber optic,Credit card (automatic),No,No,No,0.16735446427123482,Low
9866-OCCKE,Two year,72,109.75,8075.35,Fiber optic,Mailed check,Yes,Yes,No,0.16714289186283848,Low
8984-HPEMB,Two year,71,118.65,8477.6,Fiber optic,Electronic check,Yes,Yes,No,0.166894923587579,Low
4057-FKCZK,Two year,58,82.5,4828.05,Fiber optic,Bank transfer (automatic),No,No,No,0.16680666000788444,Low
4616-ULAOA,Two year,65,110.8,7245.9,Fiber optic,Credit card (automatic),Yes,No,No,0.16671011447208012,Low
5386-THSLQ,One year,66,45.55,3027.25,DSL,Bank transfer (automatic),No,No,No,0.1665489099170361,Low
1621-YNCJH,Two year,36,106.05,3834.4,Fiber optic,Credit card (automatic),Yes,Yes,No,0.16652965354181157,Low
5514-YQENT,Two year,41,111.15,4507.15,Fiber optic,Electronic check,Yes,Yes,No,0.16630053854310578,Low
6682-QJDGB,Month-to-month,40,55.25,2139.2,DSL,Mailed check,No,Yes,Yes,0.16606825735243502,Low
9170-GYZJC,Month-to-month,41,79.9,3326.2,DSL,Credit card (automatic),Yes,Yes,Yes,0.16579855298346652,Low
7771-ZONAT,Two year,22,56.75,1304.85,DSL,Bank transfer (automatic),Yes,No,No,0.16563802295027927,Low
7691-KGKGP,Month-to-month,53,65.0,3363.8,DSL,Credit card (automatic),Yes,No,No,0.16553486742140852,Low
2790-XUYMV,One year,71,85.45,6028.95,Fiber optic,Credit card (automatic),No,Yes,No,0.1655027596523146,Low
7971-HLVXI,Two year,72,84.5,6130.85,Fiber optic,Credit card (automatic),No,No,No,0.1653606707014786,Low
5777-ZPQNC,One year,12,20.15,260.7,No,Electronic check,No internet service,No internet service,No,0.16514913443000118,Low
2144-ESWKO,One year,43,35.2,1463.7,DSL,Credit card (automatic),No,Yes,No,0.16508833371533901,Low
7047-YXDMZ,Month-to-month,21,20.0,417.7,No,Mailed check,No internet service,No internet service,No,0.16486074096087397,Low
2434-EEVDB,Two year,64,94.6,5948.7,Fiber optic,Credit card (automatic),No,Yes,No,0.16467886973744786,Low
2877-VDUER,One year,35,40.9,1383.6,DSL,Mailed check,Yes,No,No,0.16463392009384353,Low
9558-IHEZX,Two year,71,106.75,7283.25,Fiber optic,Credit card (automatic),No,Yes,No,0.1642724825204599,Low
8853-TZDGH,Two year,72,111.6,8012.75,Fiber optic,Bank transfer (automatic),Yes,No,No,0.16423749021035897,Low
2522-WLNSF,One year,34,64.2,2106.3,DSL,Bank transfer (automatic),Yes,No,No,0.16412730931432298,Low
0895-UADGO,Two year,8,44.55,343.45,DSL,Mailed check,Yes,Yes,No,0.16404276538977572,Low
8823-RLPWL,Two year,72,110.65,8065.65,Fiber optic,Credit card (automatic),No,Yes,No,0.1636279451239633,Low
6341-JVQGF,One year,31,81.15,2545.75,DSL,Mailed check,Yes,Yes,No,0.16361395617107868,Low
3022-BEXHZ,Two year,67,111.2,7530.8,Fiber optic,Bank transfer (automatic),Yes,No,No,0.16356689808120592,Low
9000-PLFUZ,Two year,60,49.45,2907.55,DSL,Credit card (automatic),No,No,No,0.1635556516522172,Low
5777-KJIRB,One year,40,50.25,2023.55,DSL,Mailed check,No,No,No,0.16341004585570096,Low
5214-NLTIT,Two year,72,90.8,6511.8,Fiber optic,Credit card (automatic),No,No,No,0.16331608792343727,Low
1891-QRQSA,Two year,64,111.6,7099.0,Fiber optic,Bank transfer (automatic),Yes,Yes,No,0.16327513276668731,Low
0670-ANMUU,One year,71,97.65,6687.85,Fiber optic,Credit card (automatic),Yes,Yes,No,0.16324369214082265,Low
1866-ZSLJM,Month-to-month,21,20.5,402.85,No,Credit card (automatic),No internet service,No internet service,No,0.1631704674171656,Low
4730-AWNAU,One year,36,60.7,2234.55,DSL,Credit card (automatic),Yes,Yes,No,0.16295579868211724,Low
2710-WYVXG,Two year,3,71.1,213.35,DSL,Mailed check,Yes,Yes,No,0.16269469994157257,Low
8071-SBTRN,Two year,70,111.15,7737.55,Fiber optic,Mailed check,No,Yes,No,0.16245332500317047,Low
8681-ICONS,Month-to-month,29,20.65,654.85,No,Mailed check,No internet service,No internet service,No,0.16240709720639973,Low
6506-EYCNH,Month-to-month,28,19.55,543.8,No,Bank transfer (automatic),No internet service,No internet service,No,0.16238492536455693,Low
1097-FSPVW,Month-to-month,42,54.55,2455.05,DSL,Credit card (automatic),No,Yes,No,0.16232386805775256,Low
2197-OMWGI,Two year,68,53.0,3656.25,DSL,Electronic check,No,No,No,0.16209180226288794,Low
0628-CNQRM,One year,22,67.5,1544.05,DSL,Bank transfer (automatic),Yes,Yes,Yes,0.16205219091963965,Low
6620-HVDUJ,Month-to-month,24,60.45,1440.75,DSL,Bank transfer (automatic),Yes,Yes,No,0.1619174197114429,Low
7445-WMRBW,One year,48,73.85,3581.4,DSL,Bank transfer (automatic),Yes,No,No,0.16190801651784748,Low
3363-DTIVD,Two year,71,105.55,7405.5,Fiber optic,Electronic check,No,Yes,No,0.16158607861286947,Low
5961-VUSRV,One year,12,19.35,219.35,No,Bank transfer (automatic),No internet service,No internet service,No,0.16150234206256667,Low
5049-MUBWG,One year,26,75.0,1908.35,DSL,Bank transfer (automatic),Yes,Yes,No,0.16134648244860614,Low
0020-JDNXP,One year,34,61.25,1993.2,DSL,Mailed check,Yes,Yes,No,0.16120069866194062,Low
7923-IYJWY,Two year,67,116.1,7839.85,Fiber optic,Credit card (automatic),Yes,Yes,No,0.16117410631670576,Low
3190-FZATL,Month-to-month,14,19.95,268.4,No,Mailed check,No internet service,No internet service,No,0.16110496867817792,Low
6481-LXPWL,One year,56,36.1,1971.5,DSL,Credit card (automatic),No,No,No,0.16067847691897882,Low
5203-XEHAX,One year,34,64.35,2053.05,DSL,Electronic check,No,Yes,No,0.16047495279330082,Low
7672-VFMXZ,Month-to-month,57,55.7,3171.6,DSL,Electronic check,Yes,Yes,No,0.1601430550159809,Low
1338-CECEE,One year,41,68.5,2839.95,DSL,Bank transfer (automatic),No,No,No,0.15985012291247494,Low
1729-VLAZJ,One year,10,40.25,411.45,DSL,Mailed check,Yes,Yes,No,0.15963078745309622,Low
5791-KAJFD,One year,56,68.75,3808.0,DSL,Bank transfer (automatic),No,Yes,No,0.15960047652036125,Low
7781-EWARA,One year,70,60.35,4138.7,DSL,Electronic check,Yes,No,No,0.15958585683791582,Low
1247-QBVSH,Month-to-month,43,50.2,2169.4,DSL,Mailed check,No,No,No,0.15947565098330296,Low
3823-KYNQY,One year,12,24.95,280.4,No,Credit card (automatic),No internet service,No internet service,No,0.15891695049965276,Low
7032-LMBHI,One year,37,64.65,2347.85,DSL,Bank transfer (automatic),No,Yes,No,0.15881032980400037,Low
4942-VZZOM,One year,64,66.15,4392.5,DSL,Credit card (automatic),No,Yes,No,0.15871515941992695,Low
0813-TAXXS,Two year,55,77.8,4323.35,DSL,Bank transfer (automatic),No,No,No,0.1584675182800171,Low
3259-KNMRR,Two year,57,79.75,4438.2,DSL,Bank transfer (automatic),No,No,No,0.15840802553853894,Low
0862-PRCBS,Two year,68,103.75,7039.45,Fiber optic,Credit card (automatic),Yes,No,No,0.15826113929246113,Low
8741-LQOBK,Month-to-month,46,35.05,1620.25,DSL,Bank transfer (automatic),No,Yes,No,0.15793791735581256,Low
5384-ZTTWP,Month-to-month,15,19.8,272.95,No,Mailed check,No internet service,No internet service,No,0.15788025511450055,Low
0907-HQNTS,Two year,70,113.0,7987.6,Fiber optic,Credit card (automatic),Yes,Yes,No,0.15776605310048106,Low
8387-UGUSU,Month-to-month,15,20.05,284.3,No,Mailed check,No internet service,No internet service,No,0.1577616117276952,Low
3354-OADJP,One year,8,54.25,447.75,DSL,Bank transfer (automatic),Yes,Yes,No,0.1577314373508284,Low
8777-PVYGU,One year,52,64.3,3410.6,DSL,Mailed check,No,Yes,No,0.15747149027430898,Low
4134-BSXLX,Month-to-month,28,60.9,1785.65,DSL,Mailed check,Yes,Yes,No,0.15745858923015787,Low
7696-AMHOD,One year,49,78.0,3824.2,DSL,Credit card (automatic),No,No,No,0.15743261107855297,Low
2578-JQPHZ,Two year,44,100.1,4378.35,Fiber optic,Bank transfer (automatic),Yes,No,No,0.15733998798847557,Low
8821-KVZKQ,One year,70,58.4,4113.15,DSL,Bank transfer (automatic),Yes,No,No,0.1572362139581958,Low
7707-PYBBH,Month-to-month,40,61.9,2647.1,DSL,Mailed check,Yes,Yes,No,0.15684546451265938,Low
8075-GXIUB,One year,9,19.85,183.15,No,Credit card (automatic),No internet service,No internet service,No,0.15681292706371597,Low
1599-MMYRQ,One year,62,81.45,4983.05,Fiber optic,Credit card (automatic),No,Yes,No,0.1566626872025299,Low
8400-WZICQ,Month-to-month,55,55.7,3131.8,DSL,Electronic check,No,Yes,No,0.15637198183114107,Low
8879-ZKJOF,One year,41,79.85,3320.75,DSL,Bank transfer (automatic),Yes,Yes,No,0.15561257623795216,Low
1226-JZNKR,One year,8,19.8,160.05,No,Electronic check,No internet service,No internet service,No,0.15555534926258988,Low
7758-UJWYS,Two year,34,40.55,1325.85,DSL,Electronic check,Yes,No,No,0.15552901462023055,Low
5524-KHNJP,One year,33,74.75,2453.3,DSL,Credit card (automatic),No,Yes,No,0.15552326464543126,Low
0401-WDBXM,Two year,72,105.55,7542.25,Fiber optic,Bank transfer (automatic),No,Yes,No,0.15543622726344547,Low
2096-XOTMO,Month-to-month,16,19.35,275.9,No,Mailed check,No internet service,No internet service,No,0.15483786124106177,Low
9894-QMIMJ,One year,23,55.8,1327.85,DSL,Bank transfer (automatic),No,No,No,0.15473947368620883,Low
7520-HQWJU,Month-to-month,66,67.45,4508.65,DSL,Bank transfer (automatic),No,Yes,No,0.15447468267410874,Low
6174-NRBTZ,One year,46,30.75,1489.3,DSL,Bank transfer (automatic),No,Yes,No,0.15445658155602263,Low
3280-MRDOF,Two year,30,69.1,2093.9,DSL,Credit card (automatic),Yes,No,No,0.15445155105439473,Low
0946-FKYTX,One year,52,30.1,1623.4,DSL,Mailed check,No,No,No,0.15416477114342086,Low
9473-CBZOP,One year,28,59.0,1654.45,DSL,Mailed check,No,Yes,No,0.1541394173644051,Low
7746-QYVCO,One year,16,55.85,857.8,DSL,Mailed check,No,Yes,No,0.1540331693206345,Low
2171-UDMFD,Month-to-month,32,19.45,674.55,No,Credit card (automatic),No internet service,No internet service,No,0.15402900562596308,Low
4522-XRWWI,One year,42,80.45,3375.9,DSL,Credit card (automatic),Yes,Yes,No,0.1534856878398411,Low
9938-ZREHM,One year,37,72.1,2658.4,DSL,Mailed check,Yes,No,No,0.15335664048743342,Low
3850-OKINF,One year,71,66.2,4692.55,DSL,Electronic check,No,Yes,No,0.15333960272621627,Low
7407-SUJIZ,Month-to-month,25,20.6,541.5,No,Mailed check,No internet service,No internet service,No,0.1531503558453297,Low
2484-DGXPZ,Month-to-month,31,19.55,658.95,No,Mailed check,No internet service,No internet service,Yes,0.15309682373503136,Low
6050-FFXES,Two year,69,105.35,7240.65,Fiber optic,Bank transfer (automatic),Yes,No,No,0.15287041724212933,Low
5975-BAICR,One year,36,63.7,2188.5,DSL,Credit card (automatic),No,Yes,No,0.15278489190173683,Low
7089-RKVSZ,One year,8,24.4,203.95,No,Mailed check,No internet service,No internet service,No,0.15256216473657452,Low
9750-BOOHV,One year,32,30.15,927.65,DSL,Mailed check,No,Yes,No,0.15246770148807232,Low
5135-GRQJV,Two year,72,114.5,8331.95,Fiber optic,Mailed check,Yes,Yes,No,0.15245568121776934,Low
4909-JOUPP,Two year,72,109.7,7898.45,Fiber optic,Credit card (automatic),Yes,No,No,0.15241390779539138,Low
6034-ZRYCV,Two year,72,54.2,3937.45,DSL,Electronic check,No,No,Yes,0.15237916520062061,Low
4072-IPYLT,Month-to-month,36,51.05,1815.0,DSL,Credit card (automatic),No,Yes,No,0.15237809254938814,Low
6048-UWKAL,Two year,69,105.4,6998.95,Fiber optic,Credit card (automatic),Yes,No,No,0.1521833887617659,Low
6663-JOCQO,One year,31,75.25,2344.5,DSL,Bank transfer (automatic),Yes,Yes,No,0.1521675130840439,Low
9289-LBQVU,One year,64,70.15,4480.7,DSL,Mailed check,Yes,No,No,0.15207395187669434,Low
2798-NYLMZ,Two year,71,108.55,7616.0,Fiber optic,Credit card (automatic),Yes,Yes,No,0.1519309786997486,Low
8029-XYPWT,Two year,71,115.05,8016.6,Fiber optic,Bank transfer (automatic),Yes,Yes,No,0.15176838609918988,Low
2834-JKOOW,One year,15,45.9,693.45,DSL,Mailed check,Yes,Yes,No,0.1517279970112845,Low
0983-TATYJ,One year,33,51.45,1758.9,DSL,Mailed check,Yes,No,No,0.1516107336359621,Low
2667-WYLWJ,One year,8,19.75,145.0,No,Mailed check,No internet service,No internet service,Yes,0.15122953672931488,Low
8680-CGLTP,One year,29,58.75,1696.2,DSL,Electronic check,Yes,Yes,No,0.15122812043753156,Low
0530-IJVDB,Two year,70,114.6,7882.5,Fiber optic,Electronic check,Yes,Yes,No,0.15089579098799594,Low
9467-ROOLM,Month-to-month,25,19.05,461.3,No,Mailed check,No internet service,No internet service,No,0.15083897686157904,Low
9742-XOKTS,One year,67,89.55,6038.55,Fiber optic,Electronic check,Yes,Yes,No,0.15074272147684004,Low
9127-FHJBZ,Two year,72,114.0,8093.15,Fiber optic,Electronic check,Yes,Yes,No,0.15055354088405315,Low
5393-HJZSM,Month-to-month,32,76.3,2404.15,DSL,Bank transfer (automatic),Yes,Yes,No,0.15025148111464642,Low
7508-KBIMB,One year,24,56.25,1454.25,DSL,Credit card (automatic),No,Yes,No,0.15019450122730355,Low
5789-LDFXO,One year,24,24.6,592.65,No,Electronic check,No internet service,No internet service,No,0.15011732813193251,Low
2325-ZUSFD,One year,57,70.1,3913.3,DSL,Bank transfer (automatic),No,Yes,Yes,0.14996980780368308,Low
3214-IYUUQ,One year,61,93.7,5860.7,Fiber optic,Bank transfer (automatic),Yes,Yes,No,0.14990858619928935,Low
2323-ARSVR,Two year,67,111.05,7321.05,Fiber optic,Electronic check,Yes,Yes,No,0.1497221393072728,Low
7472-EQOAV,One year,71,86.7,6179.35,Fiber optic,Bank transfer (automatic),No,Yes,No,0.14968769275054358,Low
3739-YBWAB,One year,36,35.35,1317.95,DSL,Mailed check,No,Yes,No,0.14968156584702746,Low
6440-DKQGE,One year,30,64.5,1929.95,DSL,Credit card (automatic),No,No,No,0.1492986814189871,Low
1480-BKXGA,Two year,72,116.05,8404.9,Fiber optic,Bank transfer (automatic),Yes,Yes,No,0.14927557208498043,Low
4853-RULSV,Two year,70,104.0,7250.15,Fiber optic,Credit card (automatic),Yes,Yes,Yes,0.14921504282445422,Low
0635-WKOLD,One year,40,70.75,2921.75,DSL,Credit card (automatic),Yes,No,No,0.14900763565899897,Low
9351-HXDMR,Two year,72,110.9,8240.85,Fiber optic,Credit card (automatic),Yes,Yes,No,0.14880664577469926,Low
3213-VVOLG,Two year,0,25.35,0.0,No,Mailed check,No internet service,No internet service,No,0.14870887248768289,Low
6797-LNAQX,Two year,70,98.3,6859.5,Fiber optic,Bank transfer (automatic),No,No,Yes,0.14869794360396485,Low
1038-RQOST,Month-to-month,19,20.6,414.95,No,Mailed check,No internet service,No internet service,No,0.1484925318188719,Low
0197-PNKNK,One year,69,84.45,5848.6,Fiber optic,Bank transfer (automatic),No,Yes,No,0.14835697264824174,Low
1779-PWPMG,Two year,72,114.65,8333.95,Fiber optic,Bank transfer (automatic),Yes,Yes,No,0.14812541138791463,Low
5020-ZSTTY,One year,54,82.45,4350.1,DSL,Bank transfer (automatic),Yes,Yes,Yes,0.14808127852847527,Low
5753-QQWPW,One year,28,59.9,1654.7,DSL,Electronic check,Yes,Yes,No,0.14804696223208594,Low
4367-NUYAO,Two year,0,25.75,0.0,No,Mailed check,No internet service,No internet service,No,0.14794007463699707,Low
9589-ABEPT,Two year,69,92.45,6460.55,Fiber optic,Mailed check,Yes,No,No,0.14785972910762077,Low
9313-QOLTZ,Month-to-month,26,20.9,518.3,No,Mailed check,No internet service,No internet service,No,0.14764914146733088,Low
2388-LAESQ,Two year,72,114.85,8317.95,Fiber optic,Bank transfer (automatic),Yes,Yes,No,0.14741943346088615,Low
0679-TDGAK,One year,50,75.5,4025.6,DSL,Electronic check,Yes,Yes,No,0.14721760711026452,Low
7010-ZMVBF,Month-to-month,18,20.45,357.0,No,Mailed check,No internet service,No internet service,No,0.14691975085325515,Low
5451-YHYPW,Two year,72,115.75,8443.7,Fiber optic,Credit card (automatic),Yes,Yes,No,0.1468303245792395,Low
2878-RMWXY,Two year,72,102.65,7550.3,Fiber optic,Credit card (automatic),No,Yes,No,0.14683000558816311,Low
0254-KCJGT,One year,52,81.4,4354.45,DSL,Credit card (automatic),Yes,Yes,No,0.14672075411874477,Low
8015-IHCGW,Two year,72,115.5,8425.15,Fiber optic,Electronic check,Yes,Yes,No,0.14668931526976609,Low
3658-QQJYD,One year,62,74.3,4698.05,DSL,Credit card (automatic),No,Yes,No,0.1466215848778032,Low
3315-IKYZQ,One year,28,50.8,1386.8,DSL,Mailed check,Yes,Yes,No,0.1464077549640531,Low
9577-WJVCQ,Month-to-month,68,54.45,3687.75,DSL,Mailed check,No,Yes,No,0.14636481515584804,Low
8461-EFQYM,One year,38,24.25,914.4,No,Electronic check,No internet service,No internet service,No,0.1461242272764572,Low
2453-SAFNS,One year,54,72.1,3886.05,DSL,Mailed check,Yes,No,No,0.14610833224052203,Low
3705-RHRFR,Two year,69,99.15,6875.35,Fiber optic,Bank transfer (automatic),No,Yes,No,0.14601112263134175,Low
8869-LIHMK,Two year,64,115.1,7334.05,Fiber optic,Bank transfer (automatic),Yes,Yes,No,0.14598259146250336,Low
9702-AIUJO,One year,50,44.8,2230.85,DSL,Bank transfer (automatic),No,No,No,0.14597058659140122,Low
0221-NAUXK,One year,10,19.95,219.5,No,Bank transfer (automatic),No internet service,No internet service,No,0.14589579979781475,Low
0020-INWCK,Two year,71,95.75,6849.4,Fiber optic,Credit card (automatic),No,No,No,0.14585756025053911,Low
8383-SGHJU,One year,33,59.4,1952.8,DSL,Electronic check,Yes,Yes,No,0.14580678421823884,Low
3181-VTHOE,One year,70,51.05,3635.15,DSL,Bank transfer (automatic),Yes,No,No,0.14577535614734596,Low
0980-FEXWF,One year,26,50.35,1285.8,DSL,Mailed check,No,No,No,0.14568674318527597,Low
9906-NHHVC,Two year,65,53.5,3517.9,DSL,Bank transfer (automatic),No,No,No,0.14568584875449067,Low
1163-VIPRI,Two year,65,109.3,7337.55,Fiber optic,Electronic check,Yes,Yes,No,0.14566638548018265,Low
6171-ZTVYB,Month-to-month,43,66.25,2907.35,DSL,Bank transfer (automatic),Yes,Yes,No,0.14564856917649802,Low
7868-TMWMZ,Two year,60,110.0,6668.35,Fiber optic,Bank transfer (automatic),Yes,Yes,No,0.14564271635163495,Low
4223-BKEOR,One year,21,64.85,1336.8,DSL,Mailed check,No,Yes,No,0.1455274418456731,Low
9746-YKGXB,One year,52,44.25,2276.1,DSL,Bank transfer (automatic),No,Yes,No,0.14548612449748705,Low
4686-GEFRM,Two year,70,98.7,6858.9,Fiber optic,Bank transfer (automatic),Yes,No,No,0.14520373800103387,Low
9917-KWRBE,One year,41,78.35,3211.2,DSL,Credit card (automatic),No,Yes,No,0.14491846500843736,Low
2809-ILCYT,One year,25,26.8,733.55,No,Mailed check,No internet service,No internet service,No,0.1448690210612086,Low
5546-QUERU,One year,13,19.95,257.0,No,Mailed check,No internet service,No internet service,No,0.14446244829337274,Low
6131-IUNXN,Month-to-month,19,20.2,382.2,No,Mailed check,No internet service,No internet service,No,0.14440865554733207,Low
1452-XRSJV,Month-to-month,39,51.05,2066.0,DSL,Credit card (automatic),No,Yes,No,0.1443925903339365,Low
0661-WCQNQ,One year,22,56.25,1292.2,DSL,Credit card (automatic),Yes,Yes,No,0.144371496742309,Low
0619-OLYUR,Two year,72,111.9,8071.05,Fiber optic,Credit card (automatic),Yes,Yes,No,0.1442435577788867,Low
9432-RUVSL,Two year,48,102.5,4904.25,Fiber optic,Credit card (automatic),Yes,Yes,No,0.14418744159098645,Low
6993-YGFJV,Two year,69,112.55,7806.5,Fiber optic,Bank transfer (automatic),Yes,Yes,No,0.1441566607738106,Low
8901-UPRHR,Two year,72,109.2,7711.45,Fiber optic,Bank transfer (automatic),Yes,No,No,0.1439589780863553,Low
7255-SSFBC,Two year,72,112.25,8041.65,Fiber optic,Bank transfer (automatic),Yes,No,No,0.14392253345663403,Low
0956-SYCWG,One year,13,19.65,244.8,No,Electronic check,No internet service,No internet service,No,0.14371607368202702,Low
0727-BNRLG,Two year,69,97.65,6743.55,Fiber optic,Credit card (automatic),Yes,No,No,0.143498861580621,Low
1137-DGOWI,One year,30,70.25,2198.9,DSL,Bank transfer (automatic),Yes,No,No,0.14347787958259955,Low
7925-PNRGI,Month-to-month,45,81.3,3541.1,DSL,Mailed check,Yes,Yes,No,0.14326361080531408,Low
2200-DSAAL,Two year,68,80.65,5330.2,DSL,Electronic check,No,No,No,0.14326193273389037,Low
8630-QSGXK,Two year,51,75.2,3901.25,DSL,Bank transfer (automatic),Yes,No,No,0.14289352361931232,Low
0536-BGFMZ,Month-to-month,28,20.5,563.05,No,Mailed check,No internet service,No internet service,No,0.14276560585572884,Low
0872-CASZJ,One year,59,69.1,4096.9,DSL,Mailed check,Yes,Yes,No,0.14264667062349284,Low
9070-BCKQP,Two year,72,110.15,7881.2,Fiber optic,Credit card (automatic),Yes,Yes,No,0.14263188684045933,Low
1320-GVNHT,Two year,72,108.4,7767.25,Fiber optic,Credit card (automatic),No,Yes,No,0.142427155927829,Low
8628-MFKAX,Two year,72,116.75,8277.05,Fiber optic,Credit card (automatic),Yes,Yes,No,0.14235394144902314,Low
6848-YLDFR,One year,58,75.2,4300.8,DSL,Credit card (automatic),Yes,No,No,0.1422383401633894,Low
0519-DRGTI,Month-to-month,20,20.35,442.6,No,Mailed check,No internet service,No internet service,No,0.14213783620517823,Low
4508-OEBEY,One year,31,75.5,2424.45,DSL,Credit card (automatic),Yes,Yes,No,0.14207274624409025,Low
4135-FRWKJ,One year,55,76.25,4154.55,DSL,Electronic check,Yes,Yes,No,0.14181534404825416,Low
5442-BXVND,Month-to-month,33,24.25,838.5,No,Bank transfer (automatic),No internet service,No internet service,No,0.14169247565623633,Low
2164-SOQXL,Month-to-month,20,20.05,406.05,No,Mailed check,No internet service,No internet service,No,0.14161910257430912,Low
5236-XMZJY,Month-to-month,42,59.65,2536.55,DSL,Bank transfer (automatic),No,Yes,No,0.14150021764328985,Low
8591-TKMZH,Two year,59,111.1,6555.2,Fiber optic,Mailed check,Yes,Yes,No,0.14106675422501816,Low
1498-DQNRX,Month-to-month,29,19.85,573.05,No,Mailed check,No internet service,No internet service,No,0.14086339801585948,Low
8898-KASCD,One year,39,35.55,1309.15,DSL,Mailed check,Yes,No,No,0.14080804531675079,Low
6194-HBGQN,One year,51,81.15,4126.2,DSL,Credit card (automatic),Yes,Yes,No,0.1408029101748872,Low
2680-XKKNJ,One year,8,58.2,469.25,DSL,Bank transfer (automatic),Yes,Yes,No,0.14077053254065225,Low
7765-LWVVH,Two year,72,95.1,6843.15,Fiber optic,Electronic check,No,Yes,No,0.14064127640079913,Low
4115-UMJFQ,One year,69,35.75,2492.25,DSL,Bank transfer (automatic),No,No,No,0.1405426115700376,Low
5546-BYZSM,Month-to-month,41,20.45,775.6,No,Electronic check,No internet service,No internet service,No,0.14046770819243212,Low
6586-PSJOX,One year,15,55.2,864.55,DSL,Credit card (automatic),Yes,No,No,0.1403802560026815,Low
2511-MORQY,One year,50,54.9,2614.1,DSL,Bank transfer (automatic),No,No,No,0.14035861509851524,Low
0967-BMLBD,One year,11,20.0,196.35,No,Mailed check,No internet service,No internet service,No,0.14034267244969256,Low
6551-ZCOTS,One year,33,24.9,847.8,No,Bank transfer (automatic),No internet service,No internet service,No,0.14015080994282778,Low
3407-JMJQQ,Two year,71,109.0,7661.8,Fiber optic,Bank transfer (automatic),No,Yes,No,0.1400030483372222,Low
9220-ZNKJI,Two year,55,88.8,4805.3,Fiber optic,Credit card (automatic),Yes,No,No,0.1399969909459412,Low
6416-JNVRK,One year,46,55.65,2688.85,DSL,Credit card (automatic),No,No,No,0.13995462898912125,Low
7841-FCRQD,One year,33,53.75,1857.3,DSL,Credit card (automatic),Yes,No,No,0.13981961622853628,Low
7876-AEHIG,One year,51,60.15,3077.0,DSL,Bank transfer (automatic),Yes,Yes,No,0.1398121227009326,Low
3580-HYCSP,Two year,72,110.3,7966.9,Fiber optic,Bank transfer (automatic),No,Yes,No,0.1397589217478581,Low
1577-HKTFG,Month-to-month,30,19.65,655.85,No,Bank transfer (automatic),No internet service,No internet service,Yes,0.13961697844131168,Low
1661-CZBAU,One year,48,70.95,3629.2,DSL,Bank transfer (automatic),Yes,Yes,No,0.1390402846463499,Low
1936-CZAKF,Two year,49,49.65,2409.9,DSL,Credit card (automatic),No,No,No,0.13901886069294764,Low
9938-TKDGL,Two year,68,99.55,6668.0,Fiber optic,Electronic check,Yes,Yes,No,0.13882606073372403,Low
3244-CQPHU,Two year,72,110.1,7746.7,Fiber optic,Bank transfer (automatic),Yes,Yes,No,0.13870158851217604,Low
9142-XMYJH,Month-to-month,29,19.35,601.6,No,Credit card (automatic),No internet service,No internet service,No,0.13865994508702245,Low
3259-QMXUN,Two year,58,86.1,4890.5,DSL,Electronic check,No,Yes,No,0.1386047628281113,Low
0121-SNYRK,One year,50,35.4,1748.9,DSL,Mailed check,Yes,Yes,No,0.13835750499668314,Low
6904-JLBGY,Two year,72,117.35,8436.25,Fiber optic,Credit card (automatic),Yes,Yes,No,0.1382985420921471,Low
1431-CYWMH,Month-to-month,22,19.05,454.05,No,Bank transfer (automatic),No internet service,No internet service,No,0.1378558825443983,Low
2550-QHZGP,One year,7,19.5,128.6,No,Mailed check,No internet service,No internet service,No,0.13785169815922052,Low
7690-KPNCU,One year,64,73.05,4688.65,DSL,Credit card (automatic),No,Yes,No,0.1376809908088765,Low
2673-ZALNP,One year,7,19.9,173.15,No,Mailed check,No internet service,No internet service,No,0.13728561152410487,Low
7833-PKIHD,One year,51,76.4,3966.3,DSL,Bank transfer (automatic),Yes,Yes,No,0.13680380617465818,Low
1303-SRDOK,Two year,55,69.05,3842.6,Fiber optic,Credit card (automatic),No,No,No,0.1366471400353868,Low
2364-UFROM,One year,30,70.4,2044.75,DSL,Electronic check,Yes,Yes,No,0.13654344217477293,Low
5327-XOKKY,Two year,72,73.45,5329.0,DSL,Credit card (automatic),No,No,No,0.13624231465927308,Low
6999-CHVCF,Two year,68,102.1,7149.35,Fiber optic,Bank transfer (automatic),No,Yes,No,0.1361811208283892,Low
7994-XIRTR,One year,54,65.25,3529.95,DSL,Bank transfer (automatic),Yes,No,No,0.13590260982989605,Low
5062-CJJKH,One year,25,53.65,1355.45,DSL,Mailed check,No,No,No,0.13588056845717705,Low
6244-BESBM,Two year,69,95.2,6671.7,Fiber optic,Credit card (automatic),Yes,No,No,0.13560023295595652,Low
9500-IWPXQ,One year,61,79.4,4820.55,DSL,Electronic check,Yes,Yes,No,0.13551038734361054,Low
4526-RMTLL,Two year,8,76.15,645.8,DSL,Credit card (automatic),Yes,Yes,No,0.13506457387857657,Low
7576-ASEJU,One year,41,74.7,3187.65,DSL,Credit card (automatic),Yes,Yes,No,0.13486776148076332,Low
8332-OSJDW,One year,12,26.4,314.95,No,Mailed check,No internet service,No internet service,No,0.1348648714189365,Low
9313-CDOGY,Month-to-month,38,19.6,717.3,No,Electronic check,No internet service,No internet service,No,0.13482786152071935,Low
5917-HBSDW,Month-to-month,37,19.35,683.75,No,Electronic check,No internet service,No internet service,No,0.13465987955808242,Low
6670-MFRPK,Two year,69,79.2,5420.65,Fiber optic,Credit card (automatic),No,No,No,0.1344894472660913,Low
1834-ABKHQ,One year,52,50.95,2610.65,DSL,Bank transfer (automatic),No,No,No,0.13440496490149376,Low
5468-BPMMO,Month-to-month,46,19.6,851.2,No,Electronic check,No internet service,No internet service,No,0.13426404556569302,Low
3530-VWVGU,Month-to-month,22,19.9,400.3,No,Mailed check,No internet service,No internet service,No,0.13415499570406794,Low
4018-KJYUY,Month-to-month,22,20.15,432.5,No,Credit card (automatic),No internet service,No internet service,No,0.1341546015289759,Low
6352-GIGGQ,One year,67,88.8,5903.15,DSL,Bank transfer (automatic),Yes,Yes,No,0.13388853866970776,Low
1325-USMEC,Two year,70,99.35,6944.5,Fiber optic,Credit card (automatic),No,Yes,No,0.13383240733199714,Low
5499-ECUTN,One year,47,66.05,3021.45,DSL,Credit card (automatic),No,Yes,No,0.13372818587034363,Low
8434-PNQZX,Two year,42,78.45,3373.4,DSL,Credit card (automatic),Yes,No,No,0.1336376367402898,Low
7619-PLRLP,One year,53,74.1,3833.95,DSL,Bank transfer (automatic),No,Yes,No,0.13362885538862995,Low
1150-WFARN,Two year,67,108.75,7156.2,Fiber optic,Credit card (automatic),Yes,Yes,Yes,0.13349926546015295,Low
7055-JCGNI,Two year,70,111.95,7795.95,Fiber optic,Credit card (automatic),Yes,Yes,No,0.1333946951807498,Low
3034-ZBEQN,One year,48,34.7,1604.5,DSL,Mailed check,No,No,Yes,0.1333815427655347,Low
5372-FBKBN,Month-to-month,21,20.75,452.2,No,Mailed check,No internet service,No internet service,No,0.1332602339815331,Low
1557-EMYVT,Two year,43,115.05,4895.1,Fiber optic,Credit card (automatic),Yes,Yes,No,0.13318379691045829,Low
2055-BFOCC,One year,63,84.0,5329.55,DSL,Bank transfer (automatic),Yes,Yes,No,0.13305132803042213,Low
8573-JGCZW,One year,17,19.65,351.55,No,Bank transfer (automatic),No internet service,No internet service,No,0.13296468812483003,Low
3146-JTQHR,One year,10,19.6,189.45,No,Bank transfer (automatic),No internet service,No internet service,No,0.13278360762711708,Low
2030-BTZRO,Two year,6,20.4,107.6,No,Credit card (automatic),No internet service,No internet service,No,0.13278053658910682,Low
8975-SKGRX,Two year,71,116.1,8310.55,Fiber optic,Bank transfer (automatic),Yes,Yes,No,0.13269141963133563,Low
6878-GGDWG,Month-to-month,32,19.4,641.15,No,Bank transfer (automatic),No internet service,No internet service,No,0.13262657127372396,Low
7353-YOWFP,One year,7,20.25,129.15,No,Mailed check,No internet service,No internet service,No,0.13247171806803676,Low
3766-EJLFL,Two year,68,109.05,7508.55,Fiber optic,Bank transfer (automatic),Yes,Yes,No,0.13246939883650033,Low
1752-OZXFY,One year,60,59.8,3561.15,DSL,Mailed check,No,Yes,No,0.13233371062626662,Low
5172-RKOCB,Two year,72,108.95,7875.0,Fiber optic,Credit card (automatic),Yes,Yes,No,0.1319063785561771,Low
5149-QYTTU,One year,71,95.15,6770.85,Fiber optic,Credit card (automatic),Yes,Yes,No,0.13184290121801723,Low
4378-BZYFP,One year,17,20.5,365.8,No,Mailed check,No internet service,No internet service,No,0.1315007104088448,Low
5887-IKKYO,Two year,58,94.35,5563.65,Fiber optic,Bank transfer (automatic),Yes,No,No,0.13141274031654449,Low
8076-FEZKJ,One year,10,19.5,225.85,No,Mailed check,No internet service,No internet service,No,0.1311375108734418,Low
1430-SFQSA,One year,29,35.6,1072.6,DSL,Mailed check,Yes,Yes,No,0.13111316194064676,Low
9637-CDTKZ,Two year,72,114.1,8086.4,Fiber optic,Credit card (automatic),Yes,Yes,No,0.13107274607744818,Low
6176-YJWAS,Two year,72,97.95,7114.25,Fiber optic,Credit card (automatic),No,Yes,No,0.13101812838652135,Low
8559-CIZFV,One year,21,77.5,1625.0,DSL,Mailed check,Yes,Yes,Yes,0.13098284486550502,Low
9541-PWTWO,Two year,52,80.95,4233.95,DSL,Bank transfer (automatic),Yes,No,No,0.13093186036846471,Low
6211-WWLTF,Two year,63,99.7,6330.4,Fiber optic,Credit card (automatic),No,Yes,No,0.1309033611408758,Low
8690-UPCZI,One year,29,69.05,1958.45,DSL,Bank transfer (automatic),Yes,Yes,No,0.1308811292936962,Low
0074-HDKDG,One year,25,61.6,1611.0,DSL,Bank transfer (automatic),No,Yes,No,0.1308235460746074,Low
2368-GAKKQ,Two year,70,113.65,7939.25,Fiber optic,Bank transfer (automatic),Yes,Yes,No,0.1307662097060533,Low
9640-ZSLDC,One year,53,60.6,3297.0,DSL,Credit card (automatic),No,No,No,0.13066155868508444,Low
7801-CEDNV,One year,27,48.7,1421.75,DSL,Credit card (automatic),No,Yes,No,0.13061016788804242,Low
8109-YUOHE,One year,17,56.1,946.95,DSL,Mailed check,No,Yes,No,0.1306069282798782,Low
2682-KEVRP,One year,22,20.05,417.0,No,Mailed check,No internet service,No internet service,No,0.13060571812097274,Low
5914-XRFQB,Two year,72,115.8,8424.9,Fiber optic,Bank transfer (automatic),Yes,Yes,No,0.1305228891878,Low
4445-KWOKW,One year,42,60.15,2421.6,DSL,Bank transfer (automatic),No,Yes,No,0.1305211676828304,Low
2380-DAMQP,Two year,72,115.15,8349.7,Fiber optic,Electronic check,Yes,Yes,No,0.13042972626812863,Low
8166-ZZTFS,Two year,66,80.55,5265.1,DSL,Bank transfer (automatic),No,No,Yes,0.13013699488977382,Low
7100-FQPRV,One year,43,71.9,3173.35,DSL,Credit card (automatic),Yes,Yes,No,0.13012009333041177,Low
9788-HNGUT,Two year,72,116.95,8594.4,Fiber optic,Credit card (automatic),Yes,Yes,No,0.12987792278123084,Low
8595-SIZNC,One year,22,25.6,548.8,No,Bank transfer (automatic),No internet service,No internet service,No,0.12963893762810758,Low
8559-WNQZS,Two year,1,20.45,20.45,No,Mailed check,No internet service,No internet service,No,0.12962551084851887,Low
3283-WCWXT,Two year,6,25.4,153.3,No,Mailed check,No internet service,No internet service,No,0.12949411413773196,Low
7838-LAZFO,One year,45,78.8,3597.5,DSL,Bank transfer (automatic),No,Yes,No,0.12947186511880343,Low
5038-ETMLM,Two year,72,113.65,8182.75,Fiber optic,Bank transfer (automatic),Yes,Yes,No,0.12940917414797795,Low
1841-YSJGV,Two year,72,109.95,7852.4,Fiber optic,Credit card (automatic),Yes,Yes,No,0.1293376531849234,Low
2387-KDZQY,One year,17,20.1,279.5,No,Mailed check,No internet service,No internet service,No,0.12918875571872562,Low
6614-FHDBO,Two year,72,109.2,7878.3,Fiber optic,Bank transfer (automatic),Yes,No,No,0.12912406987813044,Low
3669-WHAFY,Two year,71,115.15,8078.1,Fiber optic,Credit card (automatic),Yes,Yes,No,0.12906678939828375,Low
5245-VDBUR,One year,52,35.45,1958.95,DSL,Mailed check,No,Yes,No,0.12904648050566922,Low
9239-GZHZE,Two year,72,113.65,8124.2,Fiber optic,Credit card (automatic),Yes,Yes,No,0.12900197622279438,Low
1042-HFUCW,One year,25,54.75,1266.35,DSL,Credit card (automatic),Yes,No,No,0.12898153503522256,Low
7471-MQPOS,One year,71,72.9,5139.65,DSL,Bank transfer (automatic),Yes,No,No,0.1288567163582546,Low
7176-WRTNX,Two year,70,114.95,7711.25,Fiber optic,Bank transfer (automatic),Yes,Yes,No,0.1287885276093147,Low
1455-HFBXA,Two year,52,91.6,4627.8,Fiber optic,Credit card (automatic),Yes,Yes,No,0.1287518546584344,Low
3585-YNADK,One year,57,74.6,4368.95,DSL,Bank transfer (automatic),Yes,No,No,0.12873720916507683,Low
1043-UXOVO,Two year,71,113.15,7993.3,Fiber optic,Credit card (automatic),Yes,Yes,No,0.12868266168095532,Low
9928-BZVLZ,Two year,12,49.85,552.1,DSL,Mailed check,Yes,Yes,No,0.12842871867647304,Low
6147-CBCRA,Month-to-month,33,20.05,669.45,No,Mailed check,No internet service,No internet service,No,0.128227884188916,Low
3340-QBBFM,One year,36,54.1,1992.85,DSL,Credit card (automatic),Yes,No,No,0.12815087579116768,Low
6635-MYYYZ,One year,30,85.35,2530.4,DSL,Bank transfer (automatic),Yes,Yes,Yes,0.12797585053341387,Low
1952-DVVSW,One year,10,20.1,184.4,No,Mailed check,No internet service,No internet service,No,0.1277797720605886,Low
5183-KLYEM,Two year,72,112.75,8192.6,Fiber optic,Credit card (automatic),Yes,Yes,No,0.12772218757151155,Low
2190-PHBHR,Two year,72,94.45,6921.7,Fiber optic,Credit card (automatic),No,Yes,No,0.12748933138783666,Low
3551-GAEGL,One year,34,30.4,938.65,DSL,Bank transfer (automatic),No,Yes,No,0.1270170900918467,Low
7649-PHJVR,One year,11,19.5,226.8,No,Mailed check,No internet service,No internet service,No,0.12690389822662274,Low
0254-FNMCI,Two year,72,109.9,7624.2,Fiber optic,Electronic check,Yes,Yes,No,0.12689448383576774,Low
0022-TCJCI,One year,45,62.7,2791.5,DSL,Credit card (automatic),No,Yes,Yes,0.1268817463891033,Low
9758-MFWGD,One year,48,29.9,1388.75,DSL,Bank transfer (automatic),No,No,No,0.12682523096068754,Low
6746-WAUWT,One year,19,19.7,386.5,No,Credit card (automatic),No internet service,No internet service,No,0.1267716669020678,Low
9931-DCEZH,One year,28,54.4,1516.6,DSL,Credit card (automatic),Yes,No,No,0.12675836582671554,Low
2121-JAFOM,Two year,72,115.55,8312.4,Fiber optic,Credit card (automatic),Yes,Yes,No,0.12663868841829296,Low
9298-WGMRW,Two year,72,115.5,8312.75,Fiber optic,Bank transfer (automatic),Yes,Yes,No,0.1265457727592888,Low
3043-SUDUA,Month-to-month,32,19.9,601.55,No,Bank transfer (automatic),No internet service,No internet service,No,0.12654460050976127,Low
9229-RQABD,One year,18,23.75,424.5,No,Mailed check,No internet service,No internet service,No,0.12618545380610235,Low
7021-XSNYE,Two year,7,49.65,305.55,DSL,Credit card (automatic),Yes,Yes,No,0.12616137901820793,Low
8570-KLJYJ,One year,36,54.45,1893.5,DSL,Mailed check,No,Yes,No,0.12615786485062183,Low
7665-VIGUD,One year,10,20.35,176.3,No,Mailed check,No internet service,No internet service,No,0.12613890367601868,Low
3474-BAFSJ,Two year,57,57.5,3265.95,DSL,Bank transfer (automatic),Yes,No,No,0.12578021419123322,Low
8883-GRDWQ,One year,20,54.0,1055.9,DSL,Mailed check,Yes,Yes,No,0.12570038158264465,Low
2927-CVULT,Two year,53,104.05,5566.4,Fiber optic,Bank transfer (automatic),Yes,Yes,No,0.12550543256239752,Low
6650-BWFRT,Two year,72,117.15,8529.5,Fiber optic,Credit card (automatic),Yes,Yes,No,0.12528137388634333,Low
3374-PZLXD,Month-to-month,34,19.7,675.6,No,Mailed check,No internet service,No internet service,No,0.12519051679057738,Low
8606-CIQUL,Two year,72,115.75,8399.15,Fiber optic,Credit card (automatic),Yes,Yes,No,0.1250270361949645,Low
5073-RZGBK,One year,50,80.05,4042.2,DSL,Bank transfer (automatic),Yes,Yes,No,0.12499790920985489,Low
1760-CAZHT,Month-to-month,25,20.8,460.2,No,Mailed check,No internet service,No internet service,No,0.12499729635861044,Low
1680-VDCWW,One year,12,19.8,202.25,No,Bank transfer (automatic),No internet service,No internet service,No,0.12498265295394215,Low
4884-TVUQF,Two year,57,101.3,5779.6,Fiber optic,Credit card (automatic),Yes,Yes,No,0.12462835763857275,Low
9987-LUTYD,One year,13,55.15,742.9,DSL,Mailed check,Yes,Yes,No,0.12459778031316082,Low
6919-ELBGL,Two year,72,114.95,8196.4,Fiber optic,Bank transfer (automatic),Yes,Yes,No,0.12452361674781977,Low
4627-MIHJH,Two year,69,110.25,7467.55,Fiber optic,Credit card (automatic),Yes,Yes,No,0.12439677302249136,Low
1544-JJMYL,One year,27,69.35,1927.3,DSL,Credit card (automatic),Yes,Yes,No,0.12433452459712324,Low
4702-HDRKD,One year,67,49.35,3321.35,DSL,Bank transfer (automatic),Yes,Yes,No,0.12419924069066501,Low
9207-ZPANB,One year,37,67.45,2443.3,DSL,Electronic check,Yes,Yes,No,0.12415773323985176,Low
1222-KJNZD,Month-to-month,40,20.4,745.3,No,Bank transfer (automatic),No internet service,No internet service,No,0.12404232045288349,Low
6752-APNJL,Month-to-month,42,54.5,2301.15,DSL,Mailed check,No,Yes,No,0.12393429046449451,Low
8668-KNZTI,One year,52,53.75,2790.65,DSL,Electronic check,No,Yes,No,0.12392967700595461,Low
5993-BQHEA,One year,12,20.05,267.0,No,Credit card (automatic),No internet service,No internet service,No,0.12392305777677877,Low
0756-MPZRL,One year,46,33.7,1537.85,DSL,Credit card (automatic),Yes,No,No,0.12391228345438401,Low
1964-SVLEA,One year,20,19.7,415.9,No,Mailed check,No internet service,No internet service,No,0.12389150172521003,Low
3556-BVQGL,One year,20,20.0,416.45,No,Mailed check,No internet service,No internet service,No,0.12380980250037861,Low
0357-NVCRI,Month-to-month,25,20.05,471.7,No,Credit card (automatic),No internet service,No internet service,No,0.1237892284522242,Low
6727-IOTLZ,Two year,14,81.95,1181.75,DSL,Mailed check,Yes,No,No,0.12376536560904561,Low
9046-JBFWA,Month-to-month,27,19.15,537.35,No,Mailed check,No internet service,No internet service,No,0.12376327167463255,Low
3442-ZHHCC,One year,68,76.9,5023.0,DSL,Credit card (automatic),No,Yes,No,0.12373902338021427,Low
4513-CXYIX,Two year,71,80.7,5676.0,Fiber optic,Credit card (automatic),No,Yes,No,0.12373470102735137,Low
7191-ADRGF,Two year,44,54.3,2390.45,DSL,Bank transfer (automatic),No,No,No,0.12369546637470072,Low
6509-TSGWN,Month-to-month,37,26.45,911.6,No,Mailed check,No internet service,No internet service,No,0.12365522409729768,Low
5762-TJXGK,Two year,52,58.75,3038.55,DSL,Bank transfer (automatic),No,Yes,No,0.12334638600446163,Low
5204-HMGYF,One year,49,87.2,4345.0,DSL,Mailed check,Yes,Yes,No,0.1230854564336218,Low
9442-JTWDL,One year,11,20.05,237.7,No,Credit card (automatic),No internet service,No internet service,No,0.12308264260789455,Low
0023-UYUPN,One year,50,25.2,1306.3,No,Electronic check,No internet service,No internet service,No,0.12297608867886478,Low
4717-GHADL,Two year,50,79.6,4024.2,DSL,Mailed check,Yes,No,No,0.12286789993562981,Low
3082-WQRVY,One year,14,19.65,228.65,No,Mailed check,No internet service,No internet service,No,0.12254777560132353,Low
1298-PHBTI,Two year,71,84.8,6152.4,Fiber optic,Electronic check,Yes,No,No,0.12240587266707809,Low
7325-ENZFI,One year,39,40.3,1630.4,DSL,Bank transfer (automatic),Yes,Yes,No,0.12210245749052438,Low
4425-OWHWB,One year,20,19.35,433.75,No,Credit card (automatic),No internet service,No internet service,No,0.12207167084634504,Low
5641-DMBFJ,Two year,58,84.3,4916.4,DSL,Electronic check,Yes,Yes,No,0.1220435169597866,Low
0866-QLSIR,One year,34,64.4,2088.75,DSL,Mailed check,Yes,Yes,Yes,0.12191982702483418,Low
7029-IJEJK,One year,54,44.1,2369.7,DSL,Bank transfer (automatic),Yes,Yes,No,0.12188568307674798,Low
4636-OLWOE,One year,54,61.0,3283.05,DSL,Electronic check,Yes,No,No,0.12186985069441955,Low
7375-WMVMT,Two year,71,95.5,6707.15,Fiber optic,Credit card (automatic),Yes,No,No,0.12185558622759657,Low
0234-TEVTT,One year,48,45.0,2196.3,DSL,Credit card (automatic),No,Yes,No,0.12176385230561972,Low
4174-LPGTI,One year,41,66.5,2728.6,DSL,Bank transfer (automatic),Yes,No,Yes,0.1216649023171352,Low
3372-CDXFJ,One year,13,24.5,343.6,No,Bank transfer (automatic),No internet service,No internet service,No,0.12163461475645981,Low
8084-OIVBS,One year,11,20.0,211.95,No,Mailed check,No internet service,No internet service,No,0.12159808874970572,Low
8259-DZLIZ,One year,64,53.85,3399.85,DSL,Bank transfer (automatic),No,No,No,0.12133229679755123,Low
3055-VTCGS,One year,63,58.55,3503.5,DSL,Credit card (automatic),No,No,No,0.12129288883785042,Low
3186-AJIEK,Two year,66,105.65,6844.5,Fiber optic,Bank transfer (automatic),Yes,Yes,No,0.12127455388057577,Low
6161-ERDGD,One year,71,85.45,6300.85,DSL,Electronic check,Yes,Yes,No,0.12120515719939444,Low
2361-FJWNO,One year,40,36.0,1382.9,DSL,Credit card (automatic),Yes,No,No,0.12110261549027139,Low
0840-DCNZE,One year,47,86.95,4138.9,DSL,Bank transfer (automatic),Yes,Yes,No,0.12105053158102308,Low
1623-NLDOT,One year,42,33.55,1445.3,DSL,Mailed check,Yes,No,Yes,0.12102828358677498,Low
1429-UYJSV,One year,12,19.7,260.9,No,Mailed check,No internet service,No internet service,No,0.12084217674447495,Low
7005-CYUIL,Two year,71,99.4,7168.25,Fiber optic,Electronic check,Yes,Yes,No,0.12083026060283124,Low
9046-DQMTP,Month-to-month,35,20.75,739.9,No,Bank transfer (automatic),No internet service,No internet service,No,0.12079770637629979,Low
3800-LYTRK,One year,14,55.7,795.15,DSL,Mailed check,Yes,Yes,No,0.1203697808429673,Low
9860-LISIZ,Month-to-month,34,20.35,673.2,No,Mailed check,No internet service,No internet service,No,0.1203627817992321,Low
3397-AVTKU,Two year,43,60.0,2548.55,DSL,Electronic check,No,No,No,0.12036072434924483,Low
6682-VCIXC,One year,43,51.25,2151.6,DSL,Bank transfer (automatic),Yes,Yes,No,0.12017206764486262,Low
5602-BVFMK,One year,12,19.3,228.75,No,Mailed check,No internet service,No internet service,No,0.12014137008266053,Low
1094-BKOSX,One year,45,51.0,2264.5,DSL,Bank transfer (automatic),Yes,No,No,0.11989064715162243,Low
7710-JSYOA,Two year,69,93.3,6398.05,Fiber optic,Bank transfer (automatic),Yes,No,No,0.11978958762135845,Low
3026-ATZYV,One year,37,75.1,2658.8,DSL,Bank transfer (automatic),No,Yes,No,0.11963893093466225,Low
6445-TNRXS,Two year,68,114.7,7849.85,Fiber optic,Bank transfer (automatic),Yes,Yes,No,0.11943989516769388,Low
7602-MVRMB,Two year,72,110.45,8058.85,Fiber optic,Bank transfer (automatic),Yes,Yes,No,0.11943640986813188,Low
2073-QBVBI,One year,41,35.45,1391.65,DSL,Mailed check,Yes,No,No,0.11941922137164333,Low
9625-QNLUX,Two year,68,103.25,7074.4,Fiber optic,Credit card (automatic),No,Yes,No,0.119310390943893,Low
1930-BZLHI,One year,21,20.35,422.7,No,Mailed check,No internet service,No internet service,No,0.11919280958386952,Low
8883-ANODQ,Two year,68,84.4,5746.75,Fiber optic,Credit card (automatic),No,No,No,0.1190647196054233,Low
5110-CHOPY,Two year,60,53.6,3237.05,DSL,Electronic check,No,Yes,No,0.11897070648142215,Low
2061-VVFST,Month-to-month,37,19.5,805.2,No,Bank transfer (automatic),No internet service,No internet service,No,0.11877996197876024,Low
5820-PTRYM,One year,56,68.45,4014.0,DSL,Credit card (automatic),Yes,Yes,No,0.11863110583599466,Low
3423-HHXAO,One year,14,19.5,272.0,No,Mailed check,No internet service,No internet service,No,0.11858207317978502,Low
5186-PEIZU,Month-to-month,35,19.25,617.65,No,Bank transfer (automatic),No internet service,No internet service,No,0.11854942294291874,Low
4778-IZARL,Two year,63,110.1,6705.7,Fiber optic,Credit card (automatic),Yes,Yes,No,0.118440163086713,Low
5170-PTRKA,One year,49,35.8,1782.0,DSL,Credit card (automatic),Yes,Yes,No,0.11841492443574908,Low
7581-EBBOU,One year,60,70.15,4224.7,DSL,Credit card (automatic),Yes,No,No,0.11839423761862848,Low
2085-JVGAD,Month-to-month,37,20.35,697.65,No,Bank transfer (automatic),No internet service,No internet service,No,0.11837034412807064,Low
0868-VJRDR,Two year,64,104.05,6605.55,Fiber optic,Credit card (automatic),Yes,Yes,No,0.11835797401858898,Low
0458-HEUZG,Two year,13,35.4,450.4,DSL,Mailed check,Yes,No,No,0.11788713859290237,Low
4854-SSLTN,Two year,2,59.5,130.5,DSL,Mailed check,Yes,Yes,No,0.11777930726547681,Low
7636-PEPNS,One year,58,44.1,2413.05,DSL,Mailed check,No,No,No,0.1177405667349549,Low
3963-RYFNS,Two year,72,116.45,8013.55,Fiber optic,Bank transfer (automatic),Yes,Yes,No,0.11755014821879674,Low
0019-EFAEP,Two year,72,101.3,7261.25,Fiber optic,Bank transfer (automatic),No,Yes,No,0.11752373607968852,Low
8727-XDPUD,Two year,37,35.8,1316.9,DSL,Credit card (automatic),No,No,No,0.11748692803693148,Low
3750-YHRYO,One year,7,20.65,150.0,No,Mailed check,No internet service,No internet service,No,0.11745220061408891,Low
1032-MAELW,One year,68,78.45,5333.35,DSL,Electronic check,Yes,Yes,No,0.11740334349445886,Low
4322-RCYMT,One year,68,75.8,5293.95,DSL,Bank transfer (automatic),Yes,No,Yes,0.11716322347648112,Low
1866-NXPSP,One year,36,75.55,2680.15,DSL,Mailed check,Yes,Yes,No,0.11715456971353949,Low
4451-RWASJ,One year,15,19.5,239.75,No,Mailed check,No internet service,No internet service,No,0.11701440585348695,Low
6559-ILWKJ,Two year,71,49.35,3515.25,DSL,Electronic check,No,No,Yes,0.11690935244058386,Low
5855-EIBDE,Two year,49,106.65,5174.35,Fiber optic,Credit card (automatic),Yes,Yes,No,0.11660205228772542,Low
8760-ZRHKE,One year,71,69.2,4982.5,DSL,Electronic check,No,Yes,No,0.11637540832159206,Low
6229-UOLQL,One year,56,52.0,2884.9,DSL,Mailed check,Yes,Yes,No,0.11627033494998587,Low
8085-MSNLK,Two year,62,113.95,6891.4,Fiber optic,Mailed check,Yes,Yes,No,0.11621961167792799,Low
5965-GGPRW,Two year,72,105.25,7609.75,Fiber optic,Bank transfer (automatic),No,Yes,No,0.11615365940322842,Low
7995-ZHHNZ,One year,42,56.1,2386.85,DSL,Credit card (automatic),No,Yes,No,0.1159808602947954,Low
4378-MYPGO,Two year,68,105.25,7173.15,Fiber optic,Bank transfer (automatic),No,Yes,No,0.11587093010323263,Low
6726-NNFWD,Two year,71,89.45,6435.25,Fiber optic,Credit card (automatic),No,No,No,0.11558631410609996,Low
5256-SKJGO,Two year,64,54.6,3423.5,DSL,Electronic check,Yes,No,No,0.11544103436150868,Low
0013-SMEOE,Two year,71,109.7,7904.25,Fiber optic,Bank transfer (automatic),Yes,Yes,No,0.1154052913118364,Low
7492-TAFJD,Two year,7,38.55,280.0,DSL,Mailed check,No,Yes,No,0.11538954586697463,Low
7677-SJJJK,One year,8,19.9,153.95,No,Credit card (automatic),No internet service,No internet service,No,0.11524835088346186,Low
1015-JPFYW,One year,7,19.45,136.75,No,Mailed check,No internet service,No internet service,No,0.11519074572401405,Low
0810-DHDBD,One year,52,74.0,3877.65,DSL,Credit card (automatic),Yes,Yes,No,0.11495777610922675,Low
4203-QGNZA,Month-to-month,28,20.25,535.35,No,Mailed check,No internet service,No internet service,No,0.114824373159436,Low
9617-UDPEU,One year,22,19.25,412.55,No,Mailed check,No internet service,No internet service,No,0.11471712665717386,Low
1576-PFZIW,Two year,70,105.35,7511.9,Fiber optic,Credit card (automatic),No,Yes,No,0.11470541280952601,Low
5375-XLDOF,Two year,69,114.35,7665.8,Fiber optic,Bank transfer (automatic),Yes,Yes,No,0.11459418021748616,Low
7644-OMVMY,Two year,0,19.85,0.0,No,Mailed check,No internet service,No internet service,No,0.11457882322097518,Low
6427-FEFIG,Two year,24,78.6,1846.65,DSL,Credit card (automatic),No,Yes,No,0.1145301107330285,Low
7247-XOZPB,One year,53,77.4,4155.95,DSL,Bank transfer (automatic),Yes,Yes,No,0.11441332416029555,Low
3617-XLSGQ,Two year,66,109.25,7082.5,Fiber optic,Bank transfer (automatic),No,Yes,No,0.11421486375400769,Low
7196-LIWRH,Two year,6,19.55,124.45,No,Mailed check,No internet service,No internet service,No,0.11407257119058299,Low
6339-TBELP,Two year,71,86.4,6172.0,Fiber optic,Credit card (automatic),Yes,No,No,0.11405824490967853,Low
8745-PVESG,One year,57,41.1,2258.25,DSL,Credit card (automatic),Yes,Yes,No,0.11377979982978588,Low
3605-JISKB,One year,55,60.0,3316.1,DSL,Credit card (automatic),No,Yes,No,0.11366713577244897,Low
9150-KPBJQ,Two year,6,19.65,116.85,No,Credit card (automatic),No internet service,No internet service,No,0.11337394847862066,Low
7730-CLDSV,Two year,72,98.65,7129.45,Fiber optic,Bank transfer (automatic),Yes,No,No,0.11312934003861394,Low
1741-WTPON,Two year,56,115.85,6567.9,Fiber optic,Mailed check,Yes,Yes,No,0.11305109812669697,Low
3726-TBHQT,Two year,71,114.0,8175.9,Fiber optic,Bank transfer (automatic),Yes,Yes,No,0.11304219054399924,Low
2351-RRBUE,One year,7,20.65,134.05,No,Mailed check,No internet service,No internet service,No,0.11302318476274545,Low
5995-WWKKG,One year,37,19.8,695.05,No,Electronic check,No internet service,No internet service,No,0.11274689466154844,Low
3870-SPZSI,Two year,70,113.05,7869.05,Fiber optic,Credit card (automatic),Yes,Yes,No,0.11271368733123986,Low
3452-FLHYD,One year,25,20.95,495.15,No,Bank transfer (automatic),No internet service,No internet service,No,0.11270255724908687,Low
3178-CIFOT,One year,23,19.65,478.1,No,Credit card (automatic),No internet service,No internet service,No,0.11255694188310525,Low
0428-AXXLJ,One year,25,19.5,516.3,No,Bank transfer (automatic),No internet service,No internet service,No,0.11253198441491204,Low
6114-TCFID,One year,29,39.5,1082.75,DSL,Credit card (automatic),Yes,Yes,No,0.11249292604342277,Low
8915-NNTRC,Two year,72,107.7,7919.8,Fiber optic,Credit card (automatic),Yes,Yes,No,0.11232152489879288,Low
4376-KFVRS,Two year,72,114.05,8468.2,Fiber optic,Credit card (automatic),Yes,Yes,No,0.11230814907255685,Low
5061-PBXFW,Month-to-month,32,61.4,1864.65,DSL,Bank transfer (automatic),Yes,Yes,No,0.11224000183333396,Low
9209-NWPGU,One year,44,65.4,2774.55,DSL,Electronic check,Yes,Yes,No,0.11219109774457454,Low
3396-DKDEL,Two year,70,115.15,8250.0,Fiber optic,Credit card (automatic),Yes,Yes,No,0.11208144161749463,Low
3520-FJGCV,Two year,72,112.6,8126.65,Fiber optic,Credit card (automatic),Yes,Yes,No,0.11206198039867635,Low
8313-AFGBW,Two year,47,73.6,3522.65,DSL,Electronic check,No,No,No,0.11197029208442391,Low
7338-ERIVA,One year,39,45.05,1790.6,DSL,Bank transfer (automatic),Yes,Yes,No,0.11195338055188153,Low
9782-LGXMC,Month-to-month,49,61.75,3024.15,DSL,Bank transfer (automatic),Yes,Yes,No,0.11178971157125443,Low
0930-EHUZA,One year,36,76.35,2606.35,DSL,Mailed check,Yes,Yes,No,0.11176105718747022,Low
1915-OAKWD,One year,16,19.3,360.35,No,Bank transfer (automatic),No internet service,No internet service,No,0.11159424589028762,Low
5127-BZENZ,One year,56,65.2,3512.15,DSL,Bank transfer (automatic),No,Yes,No,0.11159014132792316,Low
9621-OUPYD,One year,25,20.2,507.9,No,Bank transfer (automatic),No internet service,No internet service,No,0.11143268347460714,Low
3795-CAWEX,Two year,70,116.55,8152.3,Fiber optic,Credit card (automatic),Yes,Yes,No,0.11138567703958203,Low
3724-BSCVH,One year,10,20.45,242.4,No,Mailed check,No internet service,No internet service,No,0.11126616850791143,Low
2520-SGTTA,Two year,0,20.0,0.0,No,Mailed check,No internet service,No internet service,No,0.1112367053051093,Low
8099-MZPUJ,Two year,48,111.8,5443.65,Fiber optic,Credit card (automatic),Yes,Yes,No,0.11112146777357822,Low
0083-PIVIK,One year,64,81.25,5567.55,DSL,Electronic check,Yes,Yes,No,0.11091818687707375,Low
9959-WOFKT,Two year,71,106.7,7382.25,Fiber optic,Bank transfer (automatic),No,Yes,No,0.11086805139276766,Low
1725-IQNIY,Two year,54,109.75,6110.2,Fiber optic,Bank transfer (automatic),Yes,Yes,Yes,0.11081080911648077,Low
3239-TPHPZ,Two year,12,20.05,264.55,No,Electronic check,No internet service,No internet service,No,0.11076815252058846,Low
3134-DSHVC,Two year,63,98.0,6218.45,Fiber optic,Credit card (automatic),No,Yes,No,0.11074528724985544,Low
4404-HIBDJ,One year,25,74.3,1863.8,DSL,Mailed check,Yes,Yes,Yes,0.11067742597866369,Low
3892-NXAZG,Two year,72,114.05,8289.2,Fiber optic,Credit card (automatic),Yes,Yes,No,0.11063757142744696,Low
4877-TSOFF,One year,55,75.75,4264.25,DSL,Bank transfer (automatic),Yes,Yes,No,0.11050927515902564,Low
4111-BNXIF,Two year,67,59.55,4103.9,DSL,Electronic check,Yes,No,No,0.1104440746380206,Low
1402-PTHGN,One year,18,61.5,1087.45,DSL,Mailed check,Yes,Yes,No,0.11041640419256245,Low
3115-CZMZD,Two year,0,20.25,0.0,No,Mailed check,No internet service,No internet service,No,0.11034597192899631,Low
7951-VRDVK,One year,36,85.85,3003.55,DSL,Bank transfer (automatic),Yes,Yes,No,0.11026335800517165,Low
2223-GDSHL,Two year,71,116.05,8297.5,Fiber optic,Bank transfer (automatic),Yes,Yes,No,0.11002758565161379,Low
4981-FLTMF,Month-to-month,57,65.2,3687.85,DSL,Bank transfer (automatic),Yes,Yes,No,0.10966316159736184,Low
1937-OTUKY,Two year,72,98.2,7015.9,Fiber optic,Bank transfer (automatic),Yes,Yes,No,0.10964723154220503,Low
4227-OJHAL,One year,68,73.0,5163.0,DSL,Credit card (automatic),No,Yes,No,0.10949795180290767,Low
9830-ECLEN,One year,58,50.0,2919.85,DSL,Mailed check,No,Yes,No,0.10949040883663479,Low
9483-GCPWE,One year,9,20.1,190.25,No,Mailed check,No internet service,No internet service,No,0.10937301363836453,Low
5906-DVAPM,One year,55,75.0,4213.9,DSL,Credit card (automatic),Yes,Yes,No,0.1092295801355601,Low
5844-QVTAT,One year,33,58.45,1955.4,DSL,Mailed check,No,Yes,No,0.10919383630500722,Low
9534-NSXEM,One year,26,20.65,595.5,No,Credit card (automatic),No internet service,No internet service,No,0.10904036051518652,Low
0487-CRLZF,Two year,49,74.45,3721.9,DSL,Bank transfer (automatic),Yes,No,No,0.10901205790027814,Low
6859-QNXIQ,Two year,72,113.1,8248.5,Fiber optic,Bank transfer (automatic),Yes,Yes,No,0.10894146295682319,Low
6510-UPNKS,One year,23,24.8,615.35,No,Credit card (automatic),No internet service,No internet service,No,0.10893871468138452,Low
1555-DJEQW,Two year,70,114.2,7723.9,Fiber optic,Bank transfer (automatic),Yes,Yes,Yes,0.10882879215655251,Low
4537-CIBHB,One year,9,20.25,172.35,No,Mailed check,No internet service,No internet service,No,0.10852795717761302,Low
7269-JISCY,One year,55,45.05,2462.6,DSL,Bank transfer (automatic),No,No,No,0.10847352768294995,Low
4355-HBJHH,Two year,67,79.7,5293.4,DSL,Electronic check,No,Yes,Yes,0.1084439052241753,Low
8097-OMULG,One year,59,76.75,4541.9,DSL,Credit card (automatic),Yes,No,No,0.10842744516074047,Low
0042-JVWOJ,One year,26,19.6,471.85,No,Bank transfer (automatic),No internet service,No internet service,No,0.10825929880217366,Low
5982-PSMKW,Two year,23,91.1,2198.3,DSL,Credit card (automatic),Yes,Yes,No,0.1082359155063754,Low
1099-GODLO,Two year,1,20.35,20.35,No,Mailed check,No internet service,No internet service,No,0.108091160017147,Low
0266-GMEAO,Two year,72,114.3,8058.55,Fiber optic,Credit card (automatic),Yes,Yes,No,0.1080224770037309,Low
2592-HODOV,One year,13,19.3,259.65,No,Credit card (automatic),No internet service,No internet service,No,0.1079752092688018,Low
2788-CJQAQ,One year,13,19.45,270.2,No,Mailed check,No internet service,No internet service,No,0.1079240856908584,Low
0203-HHYIJ,One year,25,25.3,676.35,No,Bank transfer (automatic),No internet service,No internet service,Yes,0.10789492210210978,Low
6374-NTQLP,Two year,72,104.1,7447.7,Fiber optic,Credit card (automatic),Yes,Yes,No,0.10784709558606186,Low
4291-YZODP,One year,7,20.05,96.8,No,Mailed check,No internet service,No internet service,No,0.10782867659757686,Low
8328-SKJNO,One year,23,40.65,947.4,DSL,Bank transfer (automatic),Yes,Yes,No,0.1078023856479895,Low
0104-PPXDV,One year,58,50.3,2878.55,DSL,Credit card (automatic),No,No,No,0.10774231938044096,Low
7030-FZTFM,Two year,72,110.9,7922.75,Fiber optic,Credit card (automatic),Yes,No,No,0.10774152044428059,Low
4859-ZSRDZ,Two year,58,55.5,3166.9,DSL,Credit card (automatic),Yes,No,No,0.1075415494763703,Low
6434-TTGJP,Two year,10,53.7,521.0,DSL,Credit card (automatic),Yes,Yes,No,0.10730457430437491,Low
4933-IKULF,One year,17,20.65,330.6,No,Mailed check,No internet service,No internet service,No,0.1071858591672478,Low
6368-TZZDT,Two year,4,19.5,96.85,No,Credit card (automatic),No internet service,No internet service,No,0.10717762851386566,Low
9777-IQHWP,Two year,64,93.4,5822.3,Fiber optic,Bank transfer (automatic),No,Yes,No,0.10709098693362978,Low
9174-IHETN,Two year,50,70.35,3533.6,Fiber optic,Credit card (automatic),No,No,No,0.10704402905354796,Low
6508-NJYRO,One year,15,18.8,294.95,No,Mailed check,No internet service,No internet service,No,0.10692765046768181,Low
9705-ZJBCG,One year,13,54.15,701.05,DSL,Bank transfer (automatic),Yes,Yes,No,0.1068385933726996,Low
1345-ZUKID,One year,14,19.35,324.8,No,Mailed check,No internet service,No internet service,No,0.10683310045878423,Low
2676-SSLTO,Two year,49,66.15,3199.0,DSL,Bank transfer (automatic),Yes,No,No,0.10681051427219546,Low
9619-GSATL,One year,43,55.45,2444.25,DSL,Electronic check,Yes,No,No,0.10680943355146279,Low
4032-RMHCI,One year,41,35.4,1412.4,DSL,Credit card (automatic),No,Yes,No,0.10658138988151877,Low
3308-JSGML,Two year,59,64.05,3886.85,DSL,Credit card (automatic),Yes,Yes,No,0.10654559226785129,Low
2039-JONDJ,One year,27,55.45,1477.65,DSL,Bank transfer (automatic),No,Yes,No,0.10646126031989986,Low
8738-JOKAR,One year,42,67.7,2882.25,DSL,Mailed check,Yes,Yes,No,0.10645052025179728,Low
3230-JCNZS,Two year,71,99.0,7061.65,Fiber optic,Credit card (automatic),No,Yes,No,0.10642302282746785,Low
9715-SBVSU,Two year,14,61.4,815.55,DSL,Bank transfer (automatic),No,Yes,No,0.10635703510921254,Low
9412-ARGBX,Two year,48,95.5,4627.85,Fiber optic,Mailed check,Yes,No,Yes,0.10634995155345767,Low
8024-XNAFQ,Two year,72,107.4,7748.75,Fiber optic,Bank transfer (automatic),Yes,Yes,No,0.10621449123673463,Low
4106-HADHQ,One year,39,80.0,3182.95,DSL,Credit card (automatic),Yes,Yes,Yes,0.10601165579049454,Low
3258-SYSWS,Two year,72,113.8,7845.8,Fiber optic,Bank transfer (automatic),Yes,Yes,No,0.10597882082994654,Low
3258-ZKPAI,Two year,72,116.6,8337.45,Fiber optic,Bank transfer (automatic),Yes,Yes,No,0.10585017179445005,Low
1763-KUAAW,One year,18,20.35,369.6,No,Bank transfer (automatic),No internet service,No internet service,No,0.10580031000895158,Low
1131-ALZWV,One year,24,24.6,605.25,No,Bank transfer (automatic),No internet service,No internet service,No,0.10573551263517258,Low
6007-TCTST,Two year,72,115.8,8476.5,Fiber optic,Bank transfer (automatic),Yes,Yes,No,0.10569953605131957,Low
8311-UEUAB,Two year,67,75.5,5229.45,DSL,Electronic check,No,Yes,No,0.10560462930316171,Low
8106-GWQOK,Two year,38,60.0,2193.2,DSL,Bank transfer (automatic),Yes,Yes,No,0.10546488891887379,Low
5306-BVTKJ,One year,48,55.8,2651.2,DSL,Credit card (automatic),No,No,No,0.10540236900431975,Low
6990-YNRIO,Two year,65,108.65,6937.95,Fiber optic,Bank transfer (automatic),Yes,Yes,Yes,0.10538919462340492,Low
0675-NCDYU,Two year,72,116.4,8543.25,Fiber optic,Credit card (automatic),Yes,Yes,No,0.1053119392722476,Low
2405-LBMUW,One year,61,50.7,3088.75,DSL,Bank transfer (automatic),Yes,Yes,No,0.10478726012691172,Low
6322-HRPFA,Month-to-month,49,59.6,2970.3,DSL,Credit card (automatic),Yes,Yes,No,0.10450200356333784,Low
4803-LBYPN,Month-to-month,34,20.8,635.9,No,Mailed check,No internet service,No internet service,No,0.1043079981155535,Low
3249-VHRIP,Two year,62,43.6,2748.7,DSL,Credit card (automatic),No,No,No,0.10426985801096474,Low
0014-BMAQU,Two year,63,84.65,5377.8,Fiber optic,Credit card (automatic),Yes,Yes,No,0.1041522446266059,Low
0657-DOGUM,One year,48,60.6,2985.25,DSL,Bank transfer (automatic),Yes,Yes,No,0.10410522630368284,Low
6765-MBQNU,One year,26,26.0,684.05,No,Mailed check,No internet service,No internet service,No,0.104081038486417,Low
8165-CBKXO,Two year,66,56.75,3708.4,DSL,Credit card (automatic),No,No,No,0.10391273137720111,Low
1407-DIGZV,Two year,3,19.1,52.0,No,Mailed check,No internet service,No internet service,No,0.10389581545803285,Low
2907-ILJBN,One year,11,20.6,233.9,No,Mailed check,No internet service,No internet service,No,0.1038429687179323,Low
4114-QMKVN,One year,56,68.75,3815.4,DSL,Bank transfer (automatic),No,Yes,No,0.1038329375773576,Low
1352-HNSAW,Two year,72,115.6,8220.4,Fiber optic,Bank transfer (automatic),Yes,Yes,No,0.10382071804013733,Low
0017-IUDMW,Two year,72,116.8,8456.75,Fiber optic,Credit card (automatic),Yes,Yes,No,0.1037815946219065,Low
1488-PBLJN,Two year,72,116.85,8477.7,Fiber optic,Bank transfer (automatic),Yes,Yes,No,0.10369341936068784,Low
0754-EEBDC,Two year,4,19.9,76.65,No,Mailed check,No internet service,No internet service,No,0.10366728848631936,Low
5039-LZRQT,One year,13,20.2,273.25,No,Mailed check,No internet service,No internet service,No,0.10365311813387411,Low
7670-ZBPOQ,One year,58,61.05,3478.75,DSL,Bank transfer (automatic),Yes,Yes,No,0.10365280572854556,Low
7929-SKFGK,Two year,70,114.3,8244.3,Fiber optic,Credit card (automatic),Yes,Yes,No,0.1035750529766288,Low
1354-YZFNB,Two year,4,19.55,68.8,No,Credit card (automatic),No internet service,No internet service,No,0.10353846607364325,Low
1552-TKMXS,Month-to-month,42,20.35,869.9,No,Credit card (automatic),No internet service,No internet service,No,0.10336911287075573,Low
0454-OKRCT,Two year,33,80.6,2651.1,Fiber optic,Bank transfer (automatic),Yes,No,No,0.10330781293559867,Low
6736-DHUQI,One year,67,84.8,5598.3,Fiber optic,Bank transfer (automatic),No,Yes,No,0.10314194625927262,Low
9297-FVVDH,Two year,57,84.5,4845.4,DSL,Electronic check,Yes,Yes,No,0.10311496015188407,Low
6016-LVTJQ,Month-to-month,34,20.65,716.4,No,Mailed check,No internet service,No internet service,No,0.10302242361815381,Low
7817-OMJNA,One year,14,20.4,275.7,No,Bank transfer (automatic),No internet service,No internet service,No,0.10298472467533384,Low
9225-BZLNZ,Two year,72,85.25,6083.1,DSL,Electronic check,No,Yes,No,0.10283508055171274,Low
8819-WFGGJ,Two year,68,54.1,3794.5,DSL,Bank transfer (automatic),No,Yes,No,0.10282759777694067,Low
9027-TMATR,Two year,43,78.8,3460.3,DSL,Electronic check,Yes,Yes,No,0.10279947236241972,Low
6543-JXSOO,One year,23,57.75,1282.85,DSL,Mailed check,Yes,Yes,No,0.10278755752145487,Low
7570-WELNY,Two year,68,84.7,5711.05,Fiber optic,Bank transfer (automatic),No,Yes,No,0.10267800789557098,Low
9680-NIAUV,Two year,72,109.7,8129.3,Fiber optic,Credit card (automatic),No,Yes,No,0.1026446732001167,Low
4086-ATNFV,One year,34,60.8,2042.05,DSL,Mailed check,No,Yes,No,0.10262341813993221,Low
4304-TSPVK,Two year,68,114.9,7843.55,Fiber optic,Bank transfer (automatic),Yes,Yes,No,0.10247962165930158,Low
7945-HLKEA,One year,60,64.75,4039.5,DSL,Electronic check,Yes,Yes,No,0.10236565733596231,Low
9796-MVYXX,Two year,14,39.7,692.35,DSL,Mailed check,Yes,Yes,No,0.10236025730416749,Low
9053-JZFKV,Two year,67,116.2,7752.3,Fiber optic,Credit card (automatic),Yes,Yes,Yes,0.10223406945100327,Low
3721-CNZHX,One year,15,19.8,304.6,No,Mailed check,No internet service,No internet service,No,0.10195072241163497,Low
7569-NMZYQ,Two year,72,118.75,8672.45,Fiber optic,Bank transfer (automatic),Yes,Yes,No,0.10179603948808258,Low
1038-ZAGBI,One year,12,19.8,229.6,No,Bank transfer (automatic),No internet service,No internet service,Yes,0.10179563338831224,Low
5313-FPXWG,One year,51,24.6,1266.4,No,Bank transfer (automatic),No internet service,No internet service,No,0.10160075245099086,Low
8792-AOROI,Two year,8,65.5,564.35,DSL,Mailed check,Yes,Yes,No,0.10157069385033424,Low
1929-ZCBHE,One year,47,40.3,1794.8,DSL,Electronic check,Yes,Yes,No,0.10132424970787636,Low
2829-HYVZP,One year,29,19.8,572.2,No,Mailed check,No internet service,No internet service,No,0.10116823230022992,Low
8746-BFOAJ,One year,21,20.5,429.55,No,Bank transfer (automatic),No internet service,No internet service,No,0.10088053642679522,Low
9802-CAQUT,Two year,72,109.55,7887.25,Fiber optic,Credit card (automatic),No,Yes,No,0.10084117409143616,Low
3810-DVDQQ,Two year,72,117.6,8308.9,Fiber optic,Bank transfer (automatic),Yes,Yes,No,0.1008225915953806,Low
8639-NHQEI,Two year,72,95.9,6954.15,Fiber optic,Bank transfer (automatic),No,Yes,No,0.10072152616184141,Low
1139-WUOAH,Two year,57,53.35,3090.05,DSL,Credit card (automatic),Yes,No,No,0.10064717305248484,Low
8608-OZTLB,One year,38,74.05,2802.3,DSL,Electronic check,Yes,Yes,No,0.10060293635734233,Low
5575-GNVDE,One year,34,56.95,1889.5,DSL,Mailed check,No,Yes,No,0.10059280843735213,Low
7110-BDTWG,Two year,71,47.05,3263.6,DSL,Electronic check,Yes,No,No,0.1001947504524217,Low
5199-FPUSP,One year,33,34.05,1113.95,DSL,Credit card (automatic),Yes,Yes,No,0.10013204954833153,Low
7168-HDQHG,Month-to-month,36,19.2,702.9,No,Bank transfer (automatic),No internet service,No internet service,No,0.09998540881602776,Low
6195-MELTI,One year,57,54.65,3134.7,DSL,Mailed check,Yes,No,No,0.09981969279725728,Low
9330-DHBFL,One year,23,66.25,1533.8,DSL,Mailed check,Yes,Yes,No,0.09978033398019795,Low
3021-VLNRJ,One year,50,70.8,3478.15,DSL,Credit card (automatic),Yes,Yes,No,0.09948629437428995,Low
8809-XKHMD,Two year,72,100.55,7325.1,Fiber optic,Bank transfer (automatic),Yes,Yes,No,0.09943540873469194,Low
4973-RLZVI,One year,30,74.65,2308.6,DSL,Credit card (automatic),Yes,Yes,No,0.09942208100184645,Low
4560-WQAQW,One year,59,68.7,4070.95,DSL,Bank transfer (automatic),Yes,Yes,No,0.09932110160170793,Low
7639-LIAYI,Two year,52,79.75,4217.8,DSL,Credit card (automatic),Yes,Yes,No,0.09930637253500485,Low
8782-NUUOL,One year,60,79.0,4801.1,DSL,Mailed check,Yes,Yes,No,0.09917727965942921,Low
3882-IYOIJ,Two year,60,115.25,6758.45,Fiber optic,Credit card (automatic),Yes,Yes,No,0.0991624369149347,Low
6478-HRRCZ,One year,32,70.5,2201.75,DSL,Mailed check,Yes,Yes,No,0.09913384624989893,Low
5825-XJOCM,One year,48,64.4,3035.35,DSL,Bank transfer (automatic),No,Yes,No,0.09898586928579355,Low
9570-KYEUA,Two year,64,99.25,6549.45,Fiber optic,Credit card (automatic),Yes,Yes,No,0.09890661132898822,Low
9891-NQDBD,One year,28,25.55,672.2,No,Mailed check,No internet service,No internet service,No,0.09881198836137979,Low
8466-PZBLH,Two year,67,104.6,6885.75,Fiber optic,Bank transfer (automatic),Yes,Yes,No,0.09879339448577892,Low
0829-DDVLK,One year,15,20.1,302.45,No,Credit card (automatic),No internet service,No internet service,No,0.09869479553246345,Low
4664-NJCMS,Two year,33,59.55,2016.3,DSL,Bank transfer (automatic),Yes,Yes,No,0.09862140390469429,Low
7017-VFHAY,Two year,61,115.1,7008.15,Fiber optic,Credit card (automatic),Yes,Yes,No,0.09852463644052538,Low
8480-PPONV,Two year,62,115.55,7159.05,Fiber optic,Bank transfer (automatic),Yes,Yes,No,0.09842475904285217,Low
0565-IYCGT,One year,69,78.6,5356.45,DSL,Credit card (automatic),Yes,Yes,Yes,0.09839497558327835,Low
1839-UMACK,One year,42,25.05,949.85,No,Electronic check,No internet service,No internet service,No,0.09831400540214469,Low
4872-VXRIL,One year,56,64.65,3665.55,DSL,Bank transfer (automatic),Yes,Yes,No,0.0983031179178106,Low
4707-YNOQA,One year,34,25.6,917.15,No,Credit card (automatic),No internet service,No internet service,No,0.09829923660822902,Low
0307-BCOPK,One year,16,19.05,326.65,No,Mailed check,No internet service,No internet service,No,0.09816890835667852,Low
2348-KCJLT,One year,44,61.5,2722.2,DSL,Mailed check,No,Yes,No,0.0980315018674084,Low
3717-FDJFU,Two year,5,20.45,106.9,No,Mailed check,No internet service,No internet service,No,0.09799473942821996,Low
5862-BRIXZ,Two year,46,60.75,2893.4,DSL,Bank transfer (automatic),Yes,Yes,No,0.09792847647839854,Low
7359-WWYJV,Two year,72,114.45,8375.05,Fiber optic,Credit card (automatic),Yes,Yes,No,0.09790059418396116,Low
6047-SUHPR,One year,39,59.8,2343.85,DSL,Electronic check,No,Yes,No,0.09772092907493707,Low
4999-IEZLT,One year,66,29.45,1983.15,DSL,Credit card (automatic),Yes,No,No,0.09769258635696478,Low
1401-FTHFQ,One year,23,20.0,445.3,No,Credit card (automatic),No internet service,No internet service,No,0.097463854579703,Low
3508-CFVZL,Two year,71,111.3,7985.9,Fiber optic,Mailed check,Yes,Yes,No,0.09737781134340885,Low
9766-HGEDE,One year,17,19.35,307.0,No,Mailed check,No internet service,No internet service,No,0.09728819887254887,Low
0334-ZFJSR,One year,55,66.05,3462.1,DSL,Credit card (automatic),Yes,Yes,No,0.09726809420597099,Low
1069-QJOEE,One year,25,19.9,505.45,No,Electronic check,No internet service,No internet service,No,0.09723235511567922,Low
7663-YJHSN,Two year,72,103.95,7556.9,Fiber optic,Bank transfer (automatic),Yes,Yes,No,0.09721265221488777,Low
6103-QCKFX,Month-to-month,44,56.25,2419.55,DSL,Bank transfer (automatic),Yes,Yes,No,0.09720591885647024,Low
9251-WNSOD,One year,67,75.1,5064.45,DSL,Mailed check,No,Yes,No,0.09714556374191574,Low
9530-GRMJG,Two year,70,84.1,5979.7,DSL,Electronic check,Yes,No,No,0.09701130093381646,Low
5989-AXPUC,Two year,68,118.6,7990.05,Fiber optic,Mailed check,Yes,Yes,No,0.09696465658200681,Low
6950-TWMYB,Two year,54,79.95,4362.05,Fiber optic,Bank transfer (automatic),Yes,No,No,0.09695105029639216,Low
9553-DLCLU,Two year,13,88.95,1161.75,DSL,Credit card (automatic),Yes,Yes,No,0.09693550923575148,Low
4311-QTTAI,One year,16,19.35,295.55,No,Credit card (automatic),No internet service,No internet service,No,0.09684065478231307,Low
1022-RKXDR,One year,41,24.85,962.25,No,Mailed check,No internet service,No internet service,No,0.09664249863802432,Low
6522-OIQSX,Two year,69,54.95,3772.5,DSL,Credit card (automatic),No,No,No,0.09645107483096751,Low
8969-PRHFK,One year,18,19.65,411.25,No,Mailed check,No internet service,No internet service,No,0.09630413018556397,Low
9880-TDQAC,Two year,72,60.0,4264.0,DSL,Electronic check,Yes,No,No,0.096268668318105,Low
0906-QVPMS,Two year,72,115.15,8349.45,Fiber optic,Bank transfer (automatic),Yes,Yes,No,0.09626546782113303,Low
4616-EWBNJ,One year,16,20.1,318.6,No,Bank transfer (automatic),No internet service,No internet service,No,0.0960405208563638,Low
0378-CJKPV,Two year,72,112.1,7965.95,Fiber optic,Credit card (automatic),Yes,Yes,No,0.09601965562590317,Low
1936-UAFEH,Two year,68,110.25,7279.35,Fiber optic,Credit card (automatic),Yes,Yes,No,0.09595314306411888,Low
9847-HNVGP,One year,17,19.95,310.6,No,Mailed check,No internet service,No internet service,No,0.09586260573868283,Low
7319-ZNRTR,One year,25,19.6,411.15,No,Electronic check,No internet service,No internet service,No,0.09586031698520849,Low
6691-CCIHA,Two year,62,84.95,5150.55,DSL,Electronic check,Yes,Yes,No,0.09573486158357225,Low
9063-ZGTUY,Month-to-month,61,19.4,1182.55,No,Mailed check,No internet service,No internet service,Yes,0.09560619993125771,Low
3705-PSNGL,One year,45,20.4,930.45,No,Electronic check,No internet service,No internet service,Yes,0.09553621422378504,Low
6872-HXFNF,One year,64,58.35,3756.45,DSL,Bank transfer (automatic),Yes,No,No,0.09549508170928825,Low
3243-ZHOHY,One year,16,20.1,296.15,No,Mailed check,No internet service,No internet service,No,0.095353767541948,Low
8499-BRXTD,One year,18,20.1,401.85,No,Mailed check,No internet service,No internet service,No,0.09524988799341116,Low
8208-EUMTE,Two year,16,54.85,916.15,DSL,Mailed check,Yes,Yes,No,0.09516698924690006,Low
8513-OLYGY,Two year,72,115.8,8332.15,Fiber optic,Credit card (automatic),Yes,Yes,No,0.09513597917057258,Low
6754-LZUKA,Two year,61,80.9,4932.5,DSL,Bank transfer (automatic),No,No,No,0.09510669014416459,Low
1866-DIOQZ,One year,71,66.8,4689.15,DSL,Bank transfer (automatic),Yes,Yes,No,0.09502232594141446,Low
6556-DBKZF,Two year,71,76.05,5436.45,Fiber optic,Electronic check,No,No,No,0.0949390180080003,Low
2904-GGUAZ,Two year,72,84.05,6052.25,Fiber optic,Bank transfer (automatic),No,Yes,No,0.0948122573114662,Low
8659-IOOPU,Two year,71,100.45,7159.7,Fiber optic,Electronic check,Yes,Yes,No,0.09478448654364252,Low
8670-ERCJH,Two year,72,113.4,8164.1,Fiber optic,Bank transfer (automatic),Yes,Yes,No,0.09471671106027912,Low
0269-XFESX,One year,23,24.35,538.5,No,Mailed check,No internet service,No internet service,No,0.09457040235432256,Low
2587-YNLES,Two year,6,20.1,100.35,No,Mailed check,No internet service,No internet service,No,0.09454901741799192,Low
6252-DFGTK,One year,37,68.1,2479.25,DSL,Credit card (automatic),Yes,Yes,No,0.09450127906955925,Low
5696-CEIQJ,Two year,67,103.15,6895.5,Fiber optic,Bank transfer (automatic),Yes,No,No,0.09420675310953185,Low
0572-ZJKLT,Two year,46,99.65,4630.2,Fiber optic,Mailed check,Yes,Yes,No,0.0941970644629436,Low
5505-OVWQW,One year,17,20.15,353.65,No,Mailed check,No internet service,No internet service,No,0.0940644249723817,Low
4359-INNWN,One year,17,20.05,337.9,No,Credit card (automatic),No internet service,No internet service,No,0.09396144958777107,Low
6901-GOGZG,Two year,60,84.95,4984.85,DSL,Electronic check,Yes,Yes,No,0.09391502290335936,Low
6527-PZFPV,One year,24,20.8,469.65,No,Credit card (automatic),No internet service,No internet service,No,0.09382231555675949,Low
6013-BHCAW,Two year,61,81.0,4976.15,DSL,Bank transfer (automatic),Yes,No,No,0.09374486613286741,Low
7279-NMVJC,One year,17,19.9,323.15,No,Bank transfer (automatic),No internet service,No internet service,No,0.09364598534579824,Low
5055-BRMNE,Two year,67,106.7,7009.5,Fiber optic,Credit card (automatic),Yes,Yes,No,0.09358836001492657,Low
9184-GALIL,Month-to-month,38,20.45,781.25,No,Mailed check,No internet service,No internet service,No,0.09358696902025067,Low
3422-WJOYD,One year,28,54.35,1426.45,DSL,Mailed check,Yes,Yes,No,0.09347327918125894,Low
1265-HVPZB,One year,59,66.4,3958.2,DSL,Credit card (automatic),No,Yes,No,0.0931570254970846,Low
7609-NRNCA,One year,17,19.55,280.85,No,Mailed check,No internet service,No internet service,No,0.09306155222954778,Low
3523-BRGUW,One year,26,19.3,504.2,No,Credit card (automatic),No internet service,No internet service,No,0.09282712883882543,Low
1133-KXCGE,One year,18,20.1,407.05,No,Mailed check,No internet service,No internet service,No,0.09274164519698047,Low
2632-IVXVF,Two year,68,111.75,7511.3,Fiber optic,Credit card (automatic),Yes,Yes,No,0.0926458701697536,Low
2664-XJZNO,Two year,72,104.9,7559.55,Fiber optic,Credit card (automatic),Yes,Yes,No,0.0926387545829775,Low
8932-CZHRQ,One year,68,76.75,5233.25,DSL,Credit card (automatic),No,Yes,No,0.09254154795851742,Low
5716-EZXZN,Two year,65,99.05,6416.7,Fiber optic,Credit card (automatic),Yes,Yes,No,0.09253852916351997,Low
0310-SUCIN,One year,71,84.8,6046.1,DSL,Bank transfer (automatic),Yes,Yes,No,0.0923416389820444,Low
6867-ACCZI,Two year,24,52.5,1208.15,DSL,Mailed check,Yes,Yes,No,0.09222296638161835,Low
6100-FJZDG,One year,26,20.05,505.9,No,Bank transfer (automatic),No internet service,No internet service,No,0.09222288896520378,Low
4092-OFQZS,One year,20,20.65,417.5,No,Mailed check,No internet service,No internet service,No,0.09211656090808312,Low
9581-GVBXT,One year,59,34.8,1980.3,DSL,Mailed check,No,Yes,No,0.09192582077122924,Low
0743-HNPFG,One year,51,69.75,3562.5,DSL,Credit card (automatic),Yes,Yes,No,0.09192446371438073,Low
3569-VLDHH,One year,66,75.1,5013.0,DSL,Electronic check,Yes,Yes,No,0.09188397749199764,Low
4648-YPBTM,Two year,53,73.9,3958.25,DSL,Bank transfer (automatic),Yes,No,No,0.0918753102326873,Low
4547-FZJWE,One year,55,59.45,3157.0,DSL,Credit card (automatic),No,Yes,No,0.09185306306383177,Low
0248-PGHBZ,Two year,67,92.45,6140.85,Fiber optic,Bank transfer (automatic),Yes,Yes,No,0.09183049584557305,Low
0979-MOZQI,Two year,62,39.0,2337.45,DSL,Bank transfer (automatic),Yes,No,No,0.09176622500611772,Low
8958-JPTRR,One year,56,24.3,1261.7,No,Electronic check,No internet service,No internet service,No,0.09170585905836075,Low
7369-TRPFD,One year,19,18.8,279.2,No,Mailed check,No internet service,No internet service,No,0.09156579863147397,Low
8331-ZXFOE,One year,58,71.1,4299.2,DSL,Credit card (automatic),Yes,Yes,No,0.09154599291990155,Low
2321-OMBXY,One year,38,80.3,3058.65,DSL,Credit card (automatic),Yes,Yes,Yes,0.09143070924143133,Low
8454-AATJP,Two year,72,115.05,8405.0,Fiber optic,Credit card (automatic),Yes,Yes,No,0.0913170974592473,Low
9720-JJJOR,One year,41,60.3,2511.3,DSL,Bank transfer (automatic),No,Yes,No,0.09094606553212521,Low
4597-ELFTS,One year,56,24.9,1334.0,No,Electronic check,No internet service,No internet service,Yes,0.09094191776914545,Low
2580-ASVVY,Two year,37,45.4,1593.1,DSL,Electronic check,Yes,Yes,No,0.09085827666385378,Low
7605-BDWDC,Two year,31,49.85,1520.1,DSL,Bank transfer (automatic),Yes,Yes,No,0.09081412191943773,Low
7173-TETGO,Two year,72,78.5,5602.25,Fiber optic,Bank transfer (automatic),No,Yes,No,0.09081152534953152,Low
3401-URHDA,One year,51,59.9,3043.6,DSL,Credit card (automatic),Yes,Yes,No,0.0906429697807629,Low
7037-MTYVW,Two year,38,85.4,3297.0,DSL,Bank transfer (automatic),Yes,Yes,No,0.09056451225216491,Low
8571-ZCMCX,Two year,47,60.0,2768.65,DSL,Credit card (automatic),No,Yes,No,0.0905583843955984,Low
2789-CZANW,Two year,64,110.3,6997.3,Fiber optic,Bank transfer (automatic),Yes,Yes,No,0.09053900736429767,Low
2245-ADZFJ,Two year,31,80.55,2471.6,DSL,Bank transfer (automatic),Yes,No,No,0.09053444036692104,Low
2282-YGNOR,One year,29,58.0,1734.5,DSL,Credit card (automatic),Yes,Yes,No,0.09046501265754003,Low
4304-XUMGI,Two year,50,75.15,3822.45,DSL,Bank transfer (automatic),No,Yes,No,0.09040101374170953,Low
5781-BKHOP,Two year,72,100.65,7334.05,Fiber optic,Bank transfer (automatic),No,Yes,No,0.0903902579368118,Low
9926-PJHDQ,Two year,72,76.8,5468.45,DSL,Bank transfer (automatic),No,No,No,0.09019332004602129,Low
3926-YZVVX,One year,41,50.05,2029.05,DSL,Bank transfer (automatic),Yes,No,No,0.09014244383952714,Low
3482-ABPKK,One year,28,54.3,1546.3,DSL,Mailed check,Yes,Yes,No,0.09003242776580032,Low
9066-QRSDU,One year,69,26.3,1763.55,No,Electronic check,No internet service,No internet service,No,0.09002452380186152,Low
9845-QOMAD,One year,14,19.75,309.35,No,Mailed check,No internet service,No internet service,No,0.08993776884773129,Low
7813-TKCVO,One year,20,20.35,393.15,No,Mailed check,No internet service,No internet service,No,0.08948529561263951,Low
4323-ELYYB,One year,13,20.0,218.55,No,Mailed check,No internet service,No internet service,No,0.08931848396942987,Low
1178-PZGAB,One year,19,20.25,383.65,No,Credit card (automatic),No internet service,No internet service,No,0.08929196248239463,Low
3392-EHMNK,Two year,67,94.1,6302.8,Fiber optic,Credit card (automatic),Yes,No,No,0.08924157081235681,Low
2091-GPPIQ,Two year,72,78.95,5730.15,DSL,Electronic check,Yes,No,No,0.08903907951702189,Low
7322-OCWHC,Two year,72,93.05,6735.05,Fiber optic,Bank transfer (automatic),Yes,Yes,No,0.08897232002314928,Low
4163-NCJAK,One year,46,24.45,1066.15,No,Bank transfer (automatic),No internet service,No internet service,No,0.08895357358285809,Low
0056-EPFBG,Two year,20,39.4,825.4,DSL,Credit card (automatic),Yes,Yes,No,0.08893609413853068,Low
2188-SXWVT,One year,34,55.0,1885.15,DSL,Mailed check,No,Yes,No,0.08881006567904352,Low
8292-FRFZQ,One year,39,41.15,1700.9,DSL,Bank transfer (automatic),Yes,Yes,No,0.08880091554009668,Low
0230-UBYPQ,One year,63,36.1,2298.9,DSL,Bank transfer (automatic),Yes,Yes,No,0.08876209889389439,Low
3082-YVEKW,Two year,23,77.15,1759.4,DSL,Bank transfer (automatic),Yes,Yes,No,0.08870033350795012,Low
0687-ZVTHB,One year,65,72.45,4653.85,DSL,Credit card (automatic),No,Yes,Yes,0.08867727188179758,Low
1194-BHJYC,Two year,61,62.15,3778.85,DSL,Mailed check,Yes,Yes,No,0.08864883137674737,Low
4056-QHXHZ,Two year,72,107.45,7576.7,Fiber optic,Mailed check,Yes,Yes,No,0.08858050554576583,Low
2027-DNKIV,One year,37,58.75,2203.1,DSL,Mailed check,Yes,Yes,No,0.08853822797566904,Low
3549-ZTMNH,Two year,12,24.0,269.65,No,Bank transfer (automatic),No internet service,No internet service,No,0.08843451078260545,Low
6166-YIPFO,Two year,72,64.7,4746.05,DSL,Electronic check,Yes,Yes,No,0.08819997201637228,Low
2320-TZRRH,One year,20,19.5,403.15,No,Mailed check,No internet service,No internet service,No,0.08818531073373642,Low
6584-VQMYT,One year,27,56.2,1567.55,DSL,Mailed check,No,Yes,No,0.0881641063167153,Low
7109-CQYUZ,Two year,52,89.25,4652.4,DSL,Mailed check,Yes,Yes,No,0.08806762537262153,Low
9347-AERRL,One year,23,19.3,486.2,No,Credit card (automatic),No internet service,No internet service,No,0.08805933055599377,Low
5574-NXZIU,Two year,63,109.2,7049.75,Fiber optic,Credit card (automatic),Yes,Yes,No,0.08798902373064034,Low
1272-ILHFG,One year,15,19.65,332.65,No,Mailed check,No internet service,No internet service,No,0.08796382308080981,Low
6461-PPAXN,One year,35,54.95,1916.0,DSL,Bank transfer (automatic),Yes,Yes,No,0.08788098085487107,Low
1063-DHQJF,Two year,69,92.15,6480.9,Fiber optic,Mailed check,Yes,No,No,0.08786810265001145,Low
0993-OSGPT,One year,68,60.65,3975.9,DSL,Bank transfer (automatic),Yes,No,No,0.08785806516379971,Low
5387-ASZNZ,One year,66,63.85,4174.35,DSL,Credit card (automatic),Yes,Yes,No,0.0878515841046562,Low
4891-NLUBA,Two year,61,61.45,3751.15,DSL,Bank transfer (automatic),Yes,No,No,0.08781051120142319,Low
6016-NXBNJ,One year,35,19.15,638.0,No,Mailed check,No internet service,No internet service,No,0.08774711369105676,Low
2890-WFBHU,One year,59,79.85,4786.1,DSL,Credit card (automatic),Yes,Yes,No,0.0877426016048281,Low
8612-GXIDD,Two year,12,25.4,313.0,No,Bank transfer (automatic),No internet service,No internet service,No,0.08773416494158046,Low
1023-BQXZE,Two year,57,74.35,4317.35,DSL,Bank transfer (automatic),No,Yes,No,0.08769805984367583,Low
8763-KIAFH,One year,27,20.55,583.3,No,Mailed check,No internet service,No internet service,No,0.08765884447449707,Low
1265-BCFEO,Two year,71,80.45,5662.25,DSL,Bank transfer (automatic),Yes,No,No,0.08753194325643587,Low
1897-RCFUM,One year,39,24.2,914.6,No,Mailed check,No internet service,No internet service,No,0.08748139475820625,Low
0253-ZTEOB,Two year,48,79.65,3870.3,DSL,Electronic check,Yes,No,No,0.08740552704842154,Low
3131-NWVFJ,One year,14,19.55,294.5,No,Mailed check,No internet service,No internet service,No,0.08728123137481333,Low
6546-OPBBH,One year,51,23.95,1216.35,No,Mailed check,No internet service,No internet service,No,0.08713896053928262,Low
7795-CFOCW,One year,45,42.3,1840.75,DSL,Bank transfer (automatic),Yes,Yes,No,0.0870328972731963,Low
4667-QONEA,One year,60,74.85,4456.35,DSL,Credit card (automatic),Yes,Yes,No,0.0864846774586451,Low
3547-LQRIK,One year,47,26.9,1250.85,No,Electronic check,No internet service,No internet service,No,0.08643460114736425,Low
6121-TNHBO,One year,63,83.0,5243.05,DSL,Bank transfer (automatic),Yes,Yes,No,0.08643342612179042,Low
3727-OWVYD,One year,35,61.2,2021.2,DSL,Mailed check,No,Yes,No,0.0864148278433316,Low
4957-TIALW,One year,15,65.6,1010.0,DSL,Credit card (automatic),Yes,Yes,No,0.08635216880866331,Low
9919-FZDED,Two year,72,84.1,5981.65,DSL,Credit card (automatic),No,Yes,No,0.08623642938064456,Low
4530-NDRKU,One year,42,19.05,761.85,No,Electronic check,No internet service,No internet service,No,0.08605614232018836,Low
0731-EBJQB,One year,52,20.4,1090.65,No,Electronic check,No internet service,No internet service,No,0.08604733874700964,Low
8022-BECSI,One year,22,19.6,422.5,No,Mailed check,No internet service,No internet service,No,0.08578517013298899,Low
0536-ESJEP,Two year,54,74.55,4191.45,DSL,Bank transfer (automatic),No,Yes,No,0.08577717412941134,Low
5847-MXBEO,One year,22,20.3,475.1,No,Mailed check,No internet service,No internet service,No,0.08573602175662033,Low
3125-RAHBV,One year,22,20.3,467.15,No,Credit card (automatic),No internet service,No internet service,No,0.08572716058928981,Low
6064-PUPMC,One year,23,57.2,1423.35,DSL,Credit card (automatic),Yes,Yes,No,0.08556438480020606,Low
9995-HOTOH,Two year,63,59.0,3707.6,DSL,Electronic check,No,Yes,No,0.08533578482725257,Low
2088-IEBAU,Two year,68,88.15,6148.45,DSL,Electronic check,Yes,Yes,No,0.08522461529620406,Low
2137-DQMEV,One year,68,44.8,2983.65,DSL,Mailed check,No,Yes,No,0.08520162814301038,Low
2192-CKRLV,Two year,72,49.2,3580.95,DSL,Electronic check,No,Yes,No,0.08514455916097043,Low
6814-ZPWFQ,One year,51,25.0,1260.7,No,Bank transfer (automatic),No internet service,No internet service,No,0.08512202560560324,Low
5474-LAMUQ,One year,24,20.1,533.9,No,Mailed check,No internet service,No internet service,No,0.08499024509382921,Low
6437-UDQJM,Two year,72,84.1,6129.65,DSL,Credit card (automatic),No,Yes,No,0.08489518346558676,Low
3655-SNQYZ,Two year,69,113.25,7895.15,Fiber optic,Credit card (automatic),Yes,Yes,No,0.08484641637924095,Low
4709-LKHYG,One year,29,20.0,540.05,No,Electronic check,No internet service,No internet service,No,0.08482920408703946,Low
1206-EHBDD,Two year,56,80.3,4513.65,Fiber optic,Bank transfer (automatic),No,Yes,No,0.084704797498686,Low
5161-UBZXI,Two year,69,106.35,7261.75,Fiber optic,Credit card (automatic),Yes,Yes,No,0.0846942534484971,Low
1271-UODNO,Two year,39,53.85,2200.7,DSL,Credit card (automatic),Yes,No,No,0.08464280916532901,Low
5906-CVLHP,One year,45,54.15,2319.8,DSL,Credit card (automatic),Yes,No,Yes,0.0846357798452832,Low
5003-OKNNK,One year,15,20.35,335.95,No,Credit card (automatic),No internet service,No internet service,No,0.0846334027622611,Low
1642-HMARX,Two year,68,91.7,6424.7,DSL,Electronic check,Yes,Yes,No,0.08451038918864041,Low
3982-JGSFD,One year,36,20.35,695.85,No,Credit card (automatic),No internet service,No internet service,No,0.08437095025748934,Low
3841-NFECX,Two year,71,96.35,6766.95,Fiber optic,Credit card (automatic),Yes,Yes,No,0.08426590714773026,Low
2984-TBYKU,Two year,72,104.9,7732.65,Fiber optic,Credit card (automatic),Yes,Yes,No,0.08417618387911832,Low
1088-CNNKB,One year,63,80.0,5040.2,DSL,Credit card (automatic),Yes,Yes,No,0.08416747837040148,Low
4890-VMUAV,One year,63,71.5,4576.3,DSL,Electronic check,Yes,Yes,No,0.08405371997888797,Low
3133-PZNSR,Two year,72,97.75,6991.6,Fiber optic,Credit card (automatic),Yes,Yes,No,0.0840509160344787,Low
3911-RSNHI,Two year,71,61.4,4310.35,DSL,Credit card (automatic),Yes,No,No,0.08390026513865881,Low
1525-LNLOJ,Two year,66,63.3,4189.7,DSL,Bank transfer (automatic),No,No,No,0.08360004709363549,Low
6061-GWWAV,One year,41,70.2,2894.55,DSL,Mailed check,No,Yes,No,0.08350776588315412,Low
3506-OVLKD,One year,35,26.2,954.9,No,Bank transfer (automatic),No internet service,No internet service,No,0.08340011726276148,Low
7446-SFAOA,One year,37,19.85,717.5,No,Bank transfer (automatic),No internet service,No internet service,No,0.08337592719564892,Low
9531-NSBMR,One year,36,19.25,679.8,No,Bank transfer (automatic),No internet service,No internet service,No,0.08336183067717992,Low
3957-HHLMR,One year,70,65.2,4543.15,DSL,Bank transfer (automatic),No,Yes,No,0.08321220000468497,Low
1682-VCOIO,One year,23,20.45,481.1,No,Mailed check,No internet service,No internet service,No,0.0831199840441085,Low
2773-MADBQ,Two year,36,53.1,1901.25,DSL,Mailed check,Yes,Yes,No,0.08311408297303466,Low
0422-OHQHQ,One year,15,20.55,295.95,No,Mailed check,No internet service,No internet service,No,0.08302321209687322,Low
3410-YOQBQ,Two year,31,79.2,2497.2,DSL,Mailed check,Yes,No,No,0.08290658737161591,Low
2239-CGBUZ,One year,51,60.5,3145.15,DSL,Bank transfer (automatic),Yes,Yes,No,0.08287219161706916,Low
9018-PCIOK,Two year,55,64.75,3617.1,DSL,Mailed check,No,No,No,0.08280829057233452,Low
9359-UGBTK,One year,67,72.35,4991.5,DSL,Bank transfer (automatic),Yes,Yes,No,0.08272013076511935,Low
0757-WCUUZ,Two year,54,63.35,3409.1,DSL,Credit card (automatic),No,No,No,0.08251031544780549,Low
1154-HYWWO,One year,38,70.6,2708.2,DSL,Mailed check,Yes,Yes,No,0.0824105477920215,Low
9150-HEPMB,One year,56,52.7,3019.7,DSL,Mailed check,No,Yes,No,0.08235816997574273,Low
4115-BNPJY,Two year,29,75.55,2054.4,DSL,Mailed check,Yes,No,No,0.08221256438830891,Low
8884-MRNSU,One year,17,19.9,329.75,No,Bank transfer (automatic),No internet service,No internet service,No,0.08217313145435175,Low
7137-NAXML,One year,23,20.15,405.6,No,Bank transfer (automatic),No internet service,No internet service,No,0.08215782583197845,Low
0916-KNFAJ,Two year,61,69.9,4226.7,DSL,Mailed check,No,Yes,No,0.08212296147769776,Low
9746-UGFAC,One year,22,20.85,450.65,No,Bank transfer (automatic),No internet service,No internet service,No,0.08199699772446847,Low
6188-UXBBR,One year,38,20.25,814.75,No,Credit card (automatic),No internet service,No internet service,No,0.08180223202095928,Low
1904-WAJAA,Two year,24,64.35,1558.65,DSL,Electronic check,No,Yes,No,0.08177318845132107,Low
4393-GEADV,Two year,70,114.75,7842.3,Fiber optic,Credit card (automatic),Yes,Yes,No,0.08174032931477289,Low
2933-XEUJM,Two year,46,79.2,3593.8,DSL,Mailed check,No,Yes,No,0.08172429260218542,Low
2057-BOYKM,Two year,72,96.6,6827.5,Fiber optic,Bank transfer (automatic),Yes,Yes,No,0.08155774187983619,Low
0320-DWVTU,Two year,53,99.5,5424.25,Fiber optic,Mailed check,Yes,Yes,No,0.0815315361512303,Low
6479-OAUSD,One year,25,19.9,510.8,No,Credit card (automatic),No internet service,No internet service,No,0.08151026259220777,Low
3594-BDSOA,One year,24,20.4,482.8,No,Credit card (automatic),No internet service,No internet service,No,0.08136245143646158,Low
8871-JLMHM,Two year,68,90.2,6297.65,Fiber optic,Credit card (automatic),Yes,No,No,0.08131015417382903,Low
3778-FOAQW,One year,24,20.15,456.85,No,Mailed check,No internet service,No internet service,No,0.0811321003454043,Low
0784-GTUUK,One year,62,23.75,1446.8,No,Credit card (automatic),No internet service,No internet service,No,0.08102124704837141,Low
5312-TSZVC,One year,15,19.65,270.6,No,Mailed check,No internet service,No internet service,No,0.08096601946841657,Low
3908-MKIMJ,Two year,68,41.95,2965.75,DSL,Electronic check,No,Yes,No,0.08092823025886423,Low
1051-EQPZR,Month-to-month,44,19.6,780.25,No,Mailed check,No internet service,No internet service,No,0.08076212419007825,Low
9258-CNWAC,Two year,71,113.65,8166.8,Fiber optic,Credit card (automatic),Yes,Yes,No,0.0807490064814959,Low
9867-JCZSP,One year,17,20.75,418.25,No,Mailed check,No internet service,No internet service,No,0.08073320591494453,Low
5893-PYOLZ,Two year,56,81.8,4534.45,DSL,Credit card (automatic),Yes,No,No,0.0806430614715271,Low
2550-AEVRU,One year,57,53.45,3053.0,DSL,Electronic check,No,Yes,No,0.0805738845915099,Low
6371-NZYEG,Two year,16,64.25,1024.0,DSL,Mailed check,No,Yes,No,0.08054401138539447,Low
3489-VSFRD,One year,56,60.25,3282.75,DSL,Credit card (automatic),Yes,Yes,No,0.0803681332333099,Low
3378-AJRAO,One year,44,24.85,1013.6,No,Electronic check,No internet service,No internet service,No,0.08020011460476974,Low
4584-LBNMK,One year,45,24.7,1174.35,No,Credit card (automatic),No internet service,No internet service,No,0.08018309229284824,Low
6094-ZIVKX,One year,68,54.45,3674.95,DSL,Credit card (automatic),No,Yes,No,0.08018031547751428,Low
4685-TFLLS,One year,18,19.8,342.3,No,Bank transfer (automatic),No internet service,No internet service,No,0.08015853247865767,Low
6519-ZHPXP,Two year,72,108.3,7679.65,Fiber optic,Bank transfer (automatic),Yes,Yes,No,0.08013146933423539,Low
4737-HOBAX,Two year,63,79.8,5034.05,DSL,Credit card (automatic),Yes,No,No,0.08010523412941208,Low
3985-HOYPM,One year,26,19.4,525.55,No,Mailed check,No internet service,No internet service,No,0.08003437762504548,Low
1552-CZCLL,Month-to-month,55,20.0,1087.25,No,Credit card (automatic),No internet service,No internet service,No,0.07997278856607716,Low
2126-GSEGL,Two year,70,84.8,5917.55,DSL,Bank transfer (automatic),Yes,No,No,0.07997004265406209,Low
1053-MXTTK,Two year,72,108.65,7726.35,Fiber optic,Bank transfer (automatic),Yes,Yes,No,0.07992742437497706,Low
8207-DMRVL,Two year,72,114.55,8306.05,Fiber optic,Bank transfer (automatic),Yes,Yes,No,0.07987158687579099,Low
0859-YGKFW,One year,18,20.05,345.9,No,Bank transfer (automatic),No internet service,No internet service,No,0.07986467492528271,Low
6549-BTYPG,Two year,60,60.8,3603.45,DSL,Credit card (automatic),Yes,No,No,0.07978847264299466,Low
7138-GIRSH,Two year,50,69.5,3418.2,DSL,Bank transfer (automatic),Yes,No,No,0.07977632815289082,Low
5197-LQXXH,Two year,71,83.3,5894.5,DSL,Credit card (automatic),Yes,No,No,0.07973763367024343,Low
3831-YCPUO,Two year,72,109.5,7854.9,Fiber optic,Credit card (automatic),Yes,Yes,No,0.0796772728234326,Low
1439-LCGVL,One year,26,19.2,459.6,No,Mailed check,No internet service,No internet service,No,0.07963556314601629,Low
9470-YFUYI,One year,71,71.0,5012.1,DSL,Bank transfer (automatic),Yes,Yes,No,0.07962564364506179,Low
0078-XZMHT,Two year,72,85.15,6316.2,DSL,Bank transfer (automatic),Yes,No,No,0.07956272900616901,Low
8398-TBIYD,Two year,72,84.7,6185.15,Fiber optic,Bank transfer (automatic),Yes,Yes,No,0.079559096794749,Low
2812-REYAT,One year,49,20.05,923.1,No,Bank transfer (automatic),No internet service,No internet service,No,0.07951316743138448,Low
6061-PQHMK,One year,25,19.9,527.5,No,Credit card (automatic),No internet service,No internet service,No,0.0794959515691297,Low
7244-KXYZN,One year,24,20.45,527.35,No,Credit card (automatic),No internet service,No internet service,No,0.07939463128811255,Low
8672-OAUPW,One year,51,47.85,2356.75,DSL,Credit card (automatic),Yes,No,No,0.07933411704359629,Low
1534-OULXE,One year,61,49.7,2961.4,DSL,Bank transfer (automatic),No,Yes,No,0.07929036738354066,Low
1452-UZOSF,Two year,72,106.1,7548.6,Fiber optic,Credit card (automatic),Yes,Yes,No,0.07919679378800343,Low
5917-RYRMG,One year,32,19.8,587.7,No,Credit card (automatic),No internet service,No internet service,No,0.07889727225232095,Low
4163-HFTUK,One year,51,19.1,1007.8,No,Electronic check,No internet service,No internet service,No,0.07880335209072804,Low
0804-YGEQV,One year,43,24.45,993.15,No,Bank transfer (automatic),No internet service,No internet service,No,0.07875766261267642,Low
5322-TEUJK,Two year,71,114.6,8100.25,Fiber optic,Bank transfer (automatic),Yes,Yes,No,0.07871631699304933,Low
6631-HMANX,Two year,72,85.45,6227.5,DSL,Credit card (automatic),Yes,No,No,0.07864433232332624,Low
2040-XBAVJ,Two year,72,114.45,8100.55,Fiber optic,Bank transfer (automatic),Yes,Yes,No,0.0786083073010934,Low
8670-MEFCP,Two year,36,92.9,3379.25,DSL,Credit card (automatic),Yes,Yes,No,0.07848036016787303,Low
4795-UXVCJ,One year,26,19.8,457.3,No,Credit card (automatic),No internet service,No internet service,No,0.07846441425658007,Low
6898-RBTLU,Two year,49,79.3,3902.45,DSL,Bank transfer (automatic),Yes,No,No,0.07835926671532531,Low
4178-EGMON,Two year,70,88.0,5986.45,Fiber optic,Credit card (automatic),Yes,Yes,No,0.07830506044595886,Low
8748-HFWBO,One year,19,19.9,357.7,No,Mailed check,No internet service,No internet service,No,0.07796611508433428,Low
2650-GYRYL,One year,33,19.45,600.25,No,Bank transfer (automatic),No internet service,No internet service,No,0.07795600880124401,Low
1333-PBMXB,One year,54,24.75,1342.15,No,Bank transfer (automatic),No internet service,No internet service,No,0.07795078680120925,Low
9447-YPTBX,One year,50,19.85,943.1,No,Bank transfer (automatic),No internet service,No internet service,No,0.07786896077643923,Low
9127-QRZMH,One year,44,59.85,2603.95,DSL,Bank transfer (automatic),Yes,Yes,No,0.07786793615322811,Low
7554-NEWDD,Two year,10,25.7,251.6,No,Bank transfer (automatic),No internet service,No internet service,No,0.07784225367084104,Low
1561-BWHIN,One year,19,19.8,344.5,No,Mailed check,No internet service,No internet service,No,0.07783013967513285,Low
5214-CHIWJ,One year,27,20.3,595.05,No,Mailed check,No internet service,No internet service,No,0.07751824345049066,Low
6823-SIDFQ,One year,28,18.25,534.7,No,Credit card (automatic),No internet service,No internet service,No,0.07750808406553227,Low
6754-WKSHP,One year,30,25.35,723.3,No,Bank transfer (automatic),No internet service,No internet service,No,0.07745274925518567,Low
9885-MFVSU,Two year,35,46.35,1662.05,DSL,Credit card (automatic),Yes,Yes,No,0.07739956526066145,Low
5512-IDZEI,One year,46,24.9,1174.8,No,Electronic check,No internet service,No internet service,No,0.07736402161953845,Low
2150-OEGBV,One year,27,20.1,562.6,No,Bank transfer (automatic),No internet service,No internet service,No,0.07731393320689192,Low
0181-RITDD,Two year,62,108.15,6825.65,Fiber optic,Mailed check,Yes,Yes,No,0.07710453620048809,Low
5451-MHQOF,One year,56,24.45,1431.65,No,Mailed check,No internet service,No internet service,No,0.07710386688364704,Low
6261-RCVNS,One year,42,73.9,3160.55,DSL,Credit card (automatic),Yes,Yes,Yes,0.07707295532297367,Low
0654-PQKDW,One year,62,70.75,4263.45,DSL,Bank transfer (automatic),Yes,Yes,No,0.07705237049079042,Low
4893-GYUJU,One year,50,19.35,1033.0,No,Mailed check,No internet service,No internet service,No,0.07681480741578936,Low
0788-DXBFY,One year,58,19.55,1108.8,No,Electronic check,No internet service,No internet service,No,0.07672426234221799,Low
2541-YGPKE,One year,42,63.7,2763.35,DSL,Credit card (automatic),Yes,Yes,No,0.0766764578283501,Low
1813-JYWTO,Two year,72,80.45,5737.6,Fiber optic,Bank transfer (automatic),No,Yes,No,0.07627800136121751,Low
8869-TORSS,One year,48,60.35,2896.4,DSL,Credit card (automatic),Yes,Yes,Yes,0.07594499884153788,Low
9739-JLPQJ,Two year,72,117.5,8670.1,Fiber optic,Credit card (automatic),Yes,Yes,No,0.07589829339453631,Low
0516-VRYBW,One year,18,20.15,390.85,No,Bank transfer (automatic),No internet service,No internet service,Yes,0.07589098436064017,Low
2404-JIBFC,Two year,55,85.1,4657.95,DSL,Bank transfer (automatic),Yes,Yes,No,0.07588176571845164,Low
2167-FQSTQ,Two year,72,92.4,6786.1,DSL,Electronic check,Yes,Yes,No,0.07586888679904162,Low
5317-FLPJF,Two year,66,61.35,4193.4,DSL,Bank transfer (automatic),Yes,Yes,No,0.07580635665367957,Low
2040-LDIWQ,Two year,65,84.2,5324.5,DSL,Bank transfer (automatic),Yes,No,No,0.07572524416326966,Low
5498-IBWPI,One year,66,49.4,3251.85,DSL,Credit card (automatic),Yes,No,No,0.0756089697353062,Low
9253-VIFJQ,One year,65,67.05,4309.55,DSL,Credit card (automatic),No,Yes,No,0.07559826136947415,Low
1998-VHJHK,One year,27,19.15,501.35,No,Mailed check,No internet service,No internet service,No,0.07555373664041651,Low
2878-DHMIN,One year,35,19.9,666.0,No,Electronic check,No internet service,No internet service,No,0.07554541808312343,Low
9795-NREXC,Two year,64,85.0,5484.4,DSL,Credit card (automatic),Yes,Yes,No,0.07543074649660696,Low
5519-TEEUH,One year,33,20.15,682.15,No,Mailed check,No internet service,No internet service,No,0.07541285067474712,Low
2703-AMTUL,One year,36,53.65,1939.35,DSL,Mailed check,No,Yes,No,0.07530901787158135,Low
6463-HHXJR,Two year,71,100.5,7030.65,Fiber optic,Bank transfer (automatic),No,Yes,No,0.07497330984987766,Low
0739-UUAJR,Two year,72,53.8,3952.45,DSL,Credit card (automatic),No,Yes,No,0.07496148961373632,Low
3887-PBQAO,One year,45,25.9,1216.6,No,Credit card (automatic),No internet service,No internet service,No,0.07472081681139506,Low
2466-FCCPT,One year,20,19.7,395.6,No,Bank transfer (automatic),No internet service,No internet service,No,0.07455560438073215,Low
2274-XUATA,Two year,72,63.1,4685.55,DSL,Bank transfer (automatic),Yes,Yes,No,0.07453701312124528,Low
1122-YJBCS,One year,69,53.65,3804.4,DSL,Credit card (automatic),No,Yes,No,0.07442419987468751,Low
5125-CNDSP,One year,63,40.6,2588.95,DSL,Bank transfer (automatic),Yes,Yes,No,0.07439634605649374,Low
2430-RRYUW,One year,66,54.8,3465.7,DSL,Mailed check,No,Yes,No,0.07436635372039221,Low
2996-XAUVF,Two year,70,40.05,2799.75,DSL,Mailed check,Yes,No,No,0.07429892407764817,Low
1960-UOTYM,Two year,52,79.2,4016.3,DSL,Electronic check,No,Yes,No,0.07424877675610699,Low
0219-QAERP,One year,30,19.8,576.65,No,Credit card (automatic),No internet service,No internet service,No,0.07410818178950991,Low
8277-RVRSV,One year,33,24.15,800.3,No,Credit card (automatic),No internet service,No internet service,No,0.07410041827264424,Low
7996-BPXHY,Two year,13,25.0,332.5,No,Bank transfer (automatic),No internet service,No internet service,No,0.07407090419240549,Low
8717-VCTXJ,One year,42,19.55,839.4,No,Mailed check,No internet service,No internet service,No,0.07395940802525358,Low
8873-TMKGR,One year,29,19.1,529.5,No,Mailed check,No internet service,No internet service,No,0.07392371713846538,Low
7973-DZRKH,Two year,66,90.95,5930.05,Fiber optic,Credit card (automatic),Yes,Yes,No,0.07380205935311338,Low
7297-DVYGA,One year,51,19.85,996.95,No,Bank transfer (automatic),No internet service,No internet service,No,0.07374356302220414,Low
1776-SPBWV,One year,34,20.1,682.1,No,Bank transfer (automatic),No internet service,No internet service,No,0.0737419360961051,Low
9385-NXKDA,Two year,72,82.65,5919.35,DSL,Credit card (automatic),No,Yes,No,0.07372822837735753,Low
4024-CSNBY,Two year,72,94.25,6849.75,Fiber optic,Bank transfer (automatic),Yes,Yes,No,0.07349693038464056,Low
8779-YIQQA,One year,21,19.8,350.1,No,Mailed check,No internet service,No internet service,No,0.0734797098373862,Low
8510-BBWMU,One year,41,19.75,806.95,No,Mailed check,No internet service,No internet service,No,0.07326721995657148,Low
4293-ETKAP,Two year,65,79.4,5071.9,DSL,Bank transfer (automatic),Yes,No,No,0.07318703683115943,Low
6072-NUQCB,One year,22,20.25,488.25,No,Bank transfer (automatic),No internet service,No internet service,No,0.0731773147271615,Low
6810-VCAEX,One year,47,39.65,1798.65,DSL,Credit card (automatic),Yes,Yes,No,0.07307180716312567,Low
7305-ZWMAJ,One year,30,20.7,587.1,No,Credit card (automatic),No internet service,No internet service,No,0.07299171006908255,Low
2606-PKWJB,One year,40,40.25,1564.05,DSL,Mailed check,Yes,Yes,No,0.07271188568732001,Low
4632-PAOYU,One year,22,19.95,433.5,No,Mailed check,No internet service,No internet service,No,0.07262361922683115,Low
5456-ITGIC,Two year,72,64.45,4641.1,DSL,Credit card (automatic),Yes,Yes,No,0.07249693410674059,Low
7026-YMSBE,One year,30,19.7,625.05,No,Mailed check,No internet service,No internet service,No,0.07229613294435286,Low
9361-YNQWJ,One year,64,24.4,1601.2,No,Bank transfer (automatic),No internet service,No internet service,No,0.07217792342093357,Low
0853-TWRVK,Two year,72,105.6,7581.5,Fiber optic,Bank transfer (automatic),Yes,Yes,No,0.07217052171036367,Low
2749-CTKAJ,One year,22,20.15,419.9,No,Mailed check,No internet service,No internet service,No,0.07211042594994876,Low
7711-YIJWC,One year,61,84.9,5264.5,DSL,Bank transfer (automatic),Yes,Yes,No,0.07204960969662816,Low
8169-SAEJD,Two year,69,56.55,3952.65,DSL,Credit card (automatic),No,Yes,No,0.07158351987787676,Low
8645-KOMJQ,Two year,69,81.95,5601.4,DSL,Bank transfer (automatic),Yes,No,No,0.07154783685636637,Low
4716-MRVEN,One year,29,20.0,599.3,No,Mailed check,No internet service,No internet service,No,0.0715386295277583,Low
9194-GFVOI,Two year,42,84.35,3571.6,DSL,Credit card (automatic),Yes,Yes,No,0.0715258096376483,Low
6223-DHJGV,One year,42,20.65,958.1,No,Mailed check,No internet service,No internet service,No,0.07151602394272759,Low
2302-OUZXB,Two year,72,82.15,5784.3,DSL,Bank transfer (automatic),No,No,No,0.07150054962504043,Low
4121-AGSIN,One year,58,24.5,1497.9,No,Credit card (automatic),No internet service,No internet service,No,0.07146558165363717,Low
6693-DJWTY,One year,35,55.6,2016.45,DSL,Credit card (automatic),No,Yes,No,0.07145226209033076,Low
1821-BUCWY,Two year,30,55.65,1653.85,DSL,Mailed check,No,Yes,No,0.07144602198873745,Low
1837-YQUCE,Two year,70,58.35,4214.25,DSL,Bank transfer (automatic),Yes,Yes,No,0.07137930210020527,Low
3649-JPUGY,Two year,72,88.6,6201.95,DSL,Bank transfer (automatic),Yes,No,No,0.07135304827178177,Low
6719-FGEDO,Two year,72,97.0,7104.2,Fiber optic,Bank transfer (automatic),Yes,Yes,No,0.07132262379827776,Low
1872-EBWSC,One year,29,20.35,617.35,No,Mailed check,No internet service,No internet service,No,0.07130585854402541,Low
6974-DAFLI,One year,55,19.7,1140.05,No,Electronic check,No internet service,No internet service,No,0.07128085710742062,Low
2252-NKNSI,Two year,52,85.15,4461.85,DSL,Mailed check,Yes,Yes,No,0.07122947649289832,Low
4334-HOWRP,Two year,72,64.95,4546.0,DSL,Credit card (automatic),Yes,Yes,No,0.07121601449923698,Low
8510-TMWYB,Two year,54,59.8,3246.45,DSL,Bank transfer (automatic),No,No,No,0.07119065261619435,Low
6203-HBZPA,Two year,52,63.9,3334.95,DSL,Credit card (automatic),Yes,Yes,No,0.07115739264809469,Low
7622-FWGEW,Two year,56,85.65,4824.45,DSL,Bank transfer (automatic),Yes,Yes,No,0.07101843099189208,Low
6082-OQFBA,One year,23,19.65,436.9,No,Mailed check,No internet service,No internet service,No,0.07096823007263936,Low
3251-YMVWZ,One year,53,24.05,1301.9,No,Bank transfer (automatic),No internet service,No internet service,No,0.07090360467361413,Low
7501-IWUNG,Two year,61,73.8,4616.05,DSL,Bank transfer (automatic),Yes,No,No,0.07078425098707863,Low
9236-NDUCW,Two year,21,35.1,770.4,DSL,Mailed check,Yes,Yes,No,0.07074205564794298,Low
6963-EZQEE,Two year,70,88.55,6306.5,DSL,Credit card (automatic),Yes,Yes,No,0.07072612407825726,Low
4750-UKWJK,One year,37,19.6,727.8,No,Mailed check,No internet service,No internet service,No,0.07064467294206775,Low
5726-CVNYA,Two year,8,19.85,146.6,No,Mailed check,No internet service,No internet service,No,0.07057400315741882,Low
3720-DBRWL,Two year,51,83.85,4307.1,DSL,Credit card (automatic),Yes,Yes,No,0.0705270085840897,Low
5321-NTRKC,Two year,66,79.85,5234.95,DSL,Bank transfer (automatic),No,No,No,0.0702680382688514,Low
8469-SNFFH,One year,70,79.4,5528.9,DSL,Bank transfer (automatic),Yes,Yes,No,0.0699491381367648,Low
8966-OIQHG,One year,22,20.75,452.35,No,Bank transfer (automatic),No internet service,No internet service,No,0.06981256266432197,Low
9888-ZCUMM,Two year,64,60.05,3845.45,DSL,Bank transfer (automatic),Yes,Yes,No,0.06975761847419831,Low
8200-LGKSR,Two year,71,83.2,6126.1,DSL,Electronic check,Yes,Yes,No,0.06973990993935707,Low
2361-UPSND,One year,46,70.6,3231.05,DSL,Mailed check,Yes,Yes,No,0.06956686390964507,Low
6418-HNFED,Two year,51,83.25,4089.45,DSL,Credit card (automatic),Yes,Yes,No,0.06956415572815873,Low
4565-EVZMJ,One year,47,58.9,2813.05,DSL,Mailed check,Yes,Yes,No,0.06954372390074276,Low
0942-KOWSM,Two year,30,80.8,2369.3,DSL,Bank transfer (automatic),Yes,No,No,0.06936716158284009,Low
2123-VSCOT,Two year,59,72.1,4194.85,DSL,Bank transfer (automatic),Yes,No,No,0.06935421759407055,Low
9867-XOBQA,Two year,21,53.15,1183.2,DSL,Mailed check,Yes,Yes,No,0.0693264360450895,Low
8404-VIOMB,Two year,66,62.5,4136.4,DSL,Bank transfer (automatic),Yes,Yes,No,0.06930301459105984,Low
8144-DGHXP,Two year,54,80.6,4299.95,DSL,Electronic check,Yes,Yes,No,0.06930103559381166,Low
2863-IMQDR,Two year,61,89.65,5308.7,DSL,Electronic check,Yes,Yes,No,0.06928920449674132,Low
4825-XJGDM,One year,61,43.7,2696.55,DSL,Credit card (automatic),Yes,Yes,No,0.06923158871259481,Low
0378-XSZPU,One year,58,60.3,3563.8,DSL,Credit card (automatic),No,Yes,Yes,0.06919493487342145,Low
9670-BPNXF,One year,45,62.55,2796.45,DSL,Credit card (automatic),Yes,Yes,No,0.06912739699635267,Low
5627-TVBPP,One year,35,20.1,644.5,No,Credit card (automatic),No internet service,No internet service,No,0.06902210547644207,Low
2612-PHGOX,Two year,64,76.1,4818.8,DSL,Bank transfer (automatic),Yes,No,No,0.06891718476845596,Low
9801-NOSHQ,One year,23,19.8,465.45,No,Mailed check,No internet service,No internet service,No,0.06887101189219372,Low
5914-GXMDA,One year,32,19.3,593.2,No,Mailed check,No internet service,No internet service,No,0.06875735263440105,Low
2753-JMMCV,Two year,65,74.2,4805.65,DSL,Credit card (automatic),Yes,No,No,0.06854578443104972,Low
8512-WIWYV,One year,32,20.35,707.5,No,Credit card (automatic),No internet service,No internet service,No,0.06853021080504142,Low
6586-MYGKD,Two year,70,76.95,5289.8,DSL,Credit card (automatic),Yes,Yes,No,0.0685104850723898,Low
7527-QNRUS,Two year,17,25.15,412.6,No,Mailed check,No internet service,No internet service,No,0.0683499877323993,Low
4254-QPEDE,Two year,52,66.25,3330.1,DSL,Credit card (automatic),Yes,Yes,No,0.06833475801130744,Low
6827-IEAUQ,One year,27,66.15,1874.45,DSL,Mailed check,Yes,Yes,No,0.0683335300047989,Low
1834-WULEG,One year,24,20.25,439.75,No,Mailed check,No internet service,No internet service,No,0.06817833145875836,Low
8194-PEEBY,One year,24,19.9,533.5,No,Mailed check,No internet service,No internet service,No,0.06809313872405791,Low
5876-QMYLD,One year,23,20.05,415.1,No,Mailed check,No internet service,No internet service,No,0.06807434896942632,Low
5871-DGTXZ,One year,32,19.8,607.7,No,Mailed check,No internet service,No internet service,No,0.06794299114451338,Low
8390-FESFV,Two year,62,84.5,5193.2,DSL,Bank transfer (automatic),Yes,No,No,0.06767713139857266,Low
6120-RJKLU,Two year,62,79.95,4819.75,DSL,Credit card (automatic),Yes,Yes,No,0.06757472859812862,Low
3745-HRPHI,Two year,66,54.65,3632.0,DSL,Bank transfer (automatic),Yes,No,No,0.06752525629542655,Low
6447-EGDIV,One year,31,20.95,683.25,No,Mailed check,No internet service,No internet service,No,0.06733383438269805,Low
0436-TWFFZ,Two year,67,85.25,5714.2,DSL,Mailed check,Yes,Yes,No,0.0673067966616042,Low
7153-CHRBV,One year,57,59.3,3274.35,DSL,Mailed check,Yes,Yes,No,0.06722648137581137,Low
7632-YUTXB,One year,25,20.05,520.1,No,Mailed check,No internet service,No internet service,No,0.06707506225869173,Low
5126-RCXYW,Two year,54,46.0,2424.05,DSL,Credit card (automatic),Yes,No,No,0.06692680375170247,Low
4549-ZDQYY,One year,52,57.95,3042.25,DSL,Credit card (automatic),Yes,Yes,No,0.06686410504709847,Low
3740-RLMVT,One year,67,60.95,4119.4,DSL,Bank transfer (automatic),Yes,Yes,No,0.06681281440634382,Low
7609-YBPXG,Two year,54,87.1,4735.2,DSL,Bank transfer (automatic),Yes,Yes,No,0.06676095481614593,Low
0336-KXKFK,Two year,72,61.2,4390.25,DSL,Credit card (automatic),Yes,Yes,No,0.06673343282993618,Low
7321-ZNSLA,Two year,13,40.55,590.35,DSL,Mailed check,Yes,Yes,No,0.06666732845294777,Low
5702-KVQRD,Two year,71,82.55,5832.65,DSL,Electronic check,Yes,Yes,No,0.06662343803571831,Low
4295-YURET,Two year,56,72.6,4084.35,DSL,Credit card (automatic),Yes,Yes,No,0.06648650853336335,Low
7508-DQAKK,Two year,64,86.4,5442.05,DSL,Credit card (automatic),Yes,Yes,No,0.06642827122789983,Low
0617-AQNWT,Two year,64,47.85,3147.5,DSL,Electronic check,Yes,Yes,Yes,0.066329610340345,Low
6732-VAILE,Two year,70,85.95,5931.75,DSL,Credit card (automatic),Yes,No,No,0.0663079081172864,Low
2277-AXSDC,One year,32,19.75,624.15,No,Bank transfer (automatic),No internet service,No internet service,No,0.06625644073307171,Low
0277-ORXQS,Two year,66,50.55,3364.55,DSL,Bank transfer (automatic),Yes,No,No,0.06619767266550405,Low
9648-BCHKM,Two year,18,24.65,471.35,No,Credit card (automatic),No internet service,No internet service,No,0.06616302416600614,Low
1177-XZBJL,One year,53,64.15,3491.55,DSL,Bank transfer (automatic),Yes,Yes,No,0.06591046053390848,Low
8060-HIWJJ,Two year,64,86.55,5632.55,DSL,Credit card (automatic),Yes,No,No,0.06568285141636573,Low
0707-HOVVN,Two year,70,75.5,5212.65,DSL,Bank transfer (automatic),Yes,No,No,0.06564851786343502,Low
3546-GHEAE,Two year,7,19.45,165.35,No,Mailed check,No internet service,No internet service,No,0.06563800909192813,Low
5918-VUKWP,One year,32,20.55,654.55,No,Bank transfer (automatic),No internet service,No internet service,No,0.06559485970856799,Low
3654-ARMGP,Two year,61,88.65,5321.25,DSL,Credit card (automatic),Yes,No,No,0.06551305203636736,Low
1498-NHTLT,Two year,59,86.75,5186.0,DSL,Electronic check,Yes,Yes,No,0.06528628837069624,Low
0214-JHPFW,Two year,70,57.8,4039.3,DSL,Bank transfer (automatic),Yes,No,No,0.06524522894768157,Low
5774-QPLTF,One year,50,20.35,938.95,No,Mailed check,No internet service,No internet service,No,0.06511449462878251,Low
4568-KNYWR,Two year,52,63.25,3342.45,DSL,Credit card (automatic),No,Yes,No,0.0650752088904139,Low
7503-MIOGA,Two year,72,89.85,6697.35,DSL,Bank transfer (automatic),Yes,Yes,No,0.06499588522835945,Low
0455-ENTCR,Two year,66,85.25,5538.35,DSL,Electronic check,Yes,Yes,No,0.06497263842396309,Low
2000-DHJUY,Two year,70,92.2,6474.45,DSL,Bank transfer (automatic),Yes,Yes,No,0.06493741993969089,Low
6332-FBZRI,One year,67,69.35,4653.25,DSL,Credit card (automatic),Yes,Yes,No,0.06491152107636258,Low
1431-AIDJQ,Two year,33,82.1,2603.1,DSL,Credit card (automatic),Yes,No,No,0.06490850758482236,Low
1790-NESIO,Two year,13,20.4,261.3,No,Mailed check,No internet service,No internet service,No,0.06481914401838929,Low
3566-CAAYU,Two year,64,49.85,3210.35,DSL,Electronic check,Yes,No,No,0.0647830646376202,Low
4500-HKANN,Two year,23,59.7,1414.2,DSL,Mailed check,Yes,No,No,0.06472796138853341,Low
8565-WUXZU,Two year,72,84.8,6141.65,Fiber optic,Credit card (automatic),Yes,Yes,No,0.06457091403847275,Low
0263-FJTQO,Two year,50,70.5,3486.65,DSL,Credit card (automatic),Yes,Yes,No,0.06447345554600586,Low
9224-VTYID,Two year,47,90.5,4318.35,DSL,Mailed check,Yes,Yes,No,0.06439218247570903,Low
4676-WLUHT,Two year,54,46.2,2431.95,DSL,Bank transfer (automatic),No,Yes,No,0.06439133474215386,Low
0835-DUUIQ,One year,24,21.05,531.55,No,Bank transfer (automatic),No internet service,No internet service,No,0.06436507818206551,Low
9560-BBZXK,Two year,36,31.05,1126.35,DSL,Bank transfer (automatic),No,Yes,No,0.06424199436921715,Low
0383-CLDDA,Two year,69,85.35,5897.4,DSL,Credit card (automatic),Yes,Yes,No,0.06423956427267791,Low
7564-GHCVB,Two year,72,79.05,5730.7,Fiber optic,Bank transfer (automatic),No,Yes,No,0.06423227667211429,Low
1734-ZMNTZ,Two year,11,25.0,300.7,No,Mailed check,No internet service,No internet service,No,0.06415230344619927,Low
5232-NXPAY,Two year,47,74.45,3510.3,DSL,Mailed check,Yes,No,No,0.0638270742199078,Low
8626-PTQGE,Two year,69,60.05,4176.7,DSL,Bank transfer (automatic),Yes,Yes,No,0.06375235164122088,Low
2995-YWTCD,Two year,19,24.9,467.7,No,Bank transfer (automatic),No internet service,No internet service,No,0.06357302803470623,Low
5849-ASHZJ,One year,27,20.05,552.9,No,Credit card (automatic),No internet service,No internet service,No,0.06347896663461002,Low
0114-IGABW,Two year,71,58.25,4145.9,DSL,Bank transfer (automatic),Yes,No,No,0.06339923632694885,Low
6772-WFQRD,One year,40,20.4,854.9,No,Bank transfer (automatic),No internet service,No internet service,No,0.06324840522945491,Low
9824-QCJPK,One year,36,20.0,666.75,No,Mailed check,No internet service,No internet service,No,0.06314957232805325,Low
9108-EQPNQ,Two year,10,26.1,225.55,No,Credit card (automatic),No internet service,No internet service,No,0.06295829616949768,Low
8884-FEEWR,One year,35,20.6,754.0,No,Bank transfer (automatic),No internet service,No internet service,No,0.06294483439041507,Low
4751-ERMAN,Two year,72,75.4,5480.25,DSL,Bank transfer (automatic),No,No,No,0.06288501874865587,Low
0604-THJFP,Two year,59,75.95,4542.35,DSL,Credit card (automatic),Yes,No,No,0.06282463833604744,Low
9102-OXKFY,Two year,59,54.15,3116.15,DSL,Credit card (automatic),No,No,No,0.06279665299499694,Low
8661-BOYNW,Two year,72,84.4,6096.45,DSL,Credit card (automatic),Yes,Yes,No,0.0626824517665873,Low
0945-TSONX,Two year,47,85.3,4107.25,DSL,Credit card (automatic),Yes,Yes,No,0.06266674807275942,Low
4980-URKXC,One year,36,20.85,720.05,No,Bank transfer (automatic),No internet service,No internet service,No,0.06265285430999715,Low
4039-PIMHX,Two year,49,49.8,2398.4,DSL,Mailed check,No,No,No,0.062496383555408805,Low
7073-QETQY,One year,66,20.35,1359.5,No,Electronic check,No internet service,No internet service,No,0.062409699015245575,Low
5394-MEITZ,Two year,60,80.6,4946.7,DSL,Bank transfer (automatic),Yes,No,No,0.062300657279069825,Low
5318-YKDPV,Two year,43,79.15,3566.6,DSL,Credit card (automatic),Yes,Yes,No,0.06229155849085451,Low
7233-PAHHL,Two year,66,84.0,5714.25,DSL,Mailed check,Yes,Yes,No,0.06212214459477995,Low
5266-PFRQK,One year,52,20.85,1071.6,No,Credit card (automatic),No internet service,No internet service,No,0.06210717721614776,Low
6681-ZSEXG,Two year,56,59.5,3389.25,DSL,Credit card (automatic),No,No,No,0.06207357247319167,Low
6258-PVZWJ,Two year,68,90.8,6302.85,DSL,Credit card (automatic),Yes,Yes,No,0.06200733103560396,Low
5453-YBTWV,Two year,70,101.1,6994.8,Fiber optic,Credit card (automatic),Yes,Yes,No,0.06195019386485979,Low
7452-FOLON,One year,39,25.45,958.45,No,Bank transfer (automatic),No internet service,No internet service,No,0.061918776006635264,Low
2706-QZIHY,Two year,15,25.2,387.9,No,Mailed check,No internet service,No internet service,No,0.06189976434549868,Low
2819-GWENI,One year,28,19.9,543.0,No,Mailed check,No internet service,No internet service,No,0.06189843652900942,Low
0771-CHWSK,Two year,66,74.6,4798.4,DSL,Credit card (automatic),No,Yes,No,0.06188903975246208,Low
4835-YSJMR,Two year,39,49.8,1971.15,DSL,Bank transfer (automatic),Yes,No,No,0.06184027804120718,Low
6152-ONASV,One year,68,58.25,3975.7,DSL,Bank transfer (automatic),Yes,Yes,No,0.06180558798801628,Low
8125-QPFJD,Two year,72,84.9,6065.3,DSL,Bank transfer (automatic),Yes,Yes,No,0.06180235101509724,Low
2990-OGYTD,Two year,67,86.15,5883.85,DSL,Bank transfer (automatic),Yes,No,No,0.061737475204194536,Low
7471-WNSUF,One year,60,24.15,1505.9,No,Bank transfer (automatic),No internet service,No internet service,No,0.061643632640087896,Low
9548-ZMVTX,Two year,72,90.45,6565.85,Fiber optic,Bank transfer (automatic),Yes,No,No,0.06153519583177727,Low
3108-PCCGG,Two year,72,84.45,5899.85,DSL,Credit card (automatic),No,Yes,No,0.0615343221376677,Low
2256-YLYLP,Two year,68,72.95,4953.25,DSL,Bank transfer (automatic),Yes,No,No,0.06149627972334452,Low
3174-AKMAS,Two year,46,64.2,3009.5,DSL,Credit card (automatic),Yes,No,No,0.06134459205984642,Low
3057-VJJQE,Two year,35,55.25,1924.1,DSL,Mailed check,No,Yes,No,0.061104243312937546,Low
2599-CIPQE,Two year,71,109.3,7782.85,Fiber optic,Credit card (automatic),Yes,Yes,No,0.06109508269689935,Low
2977-CEBSX,Two year,66,90.05,5965.95,DSL,Credit card (automatic),Yes,Yes,No,0.06105018710606608,Low
6242-FEGFD,Two year,66,96.6,6424.25,Fiber optic,Mailed check,Yes,Yes,No,0.060998199587374326,Low
5197-YPYBZ,Two year,12,25.25,274.7,No,Credit card (automatic),No internet service,No internet service,No,0.06095823275316144,Low
0254-WWRKD,One year,67,50.55,3431.75,DSL,Credit card (automatic),No,No,No,0.06095690063838203,Low
0298-XACET,Two year,52,50.2,2554.0,DSL,Mailed check,Yes,No,No,0.06093326360184444,Low
3653-NCRDJ,One year,43,19.2,776.25,No,Mailed check,No internet service,No internet service,No,0.060903948779377014,Low
9958-MEKUC,Two year,72,103.95,7517.7,Fiber optic,Credit card (automatic),Yes,Yes,No,0.06082550612483586,Low
3712-PKXZA,One year,61,20.55,1252.0,No,Credit card (automatic),No internet service,No internet service,No,0.06075139398010296,Low
8388-DMKAE,Two year,8,20.25,174.65,No,Mailed check,No internet service,No internet service,No,0.06066758045567691,Low
7779-ORAEL,Two year,45,75.15,3480.35,DSL,Credit card (automatic),Yes,Yes,No,0.0604820162108711,Low
8766-PAFNE,Two year,71,79.1,5564.85,DSL,Credit card (automatic),Yes,No,No,0.060432793341977015,Low
9509-MPYOD,One year,35,20.75,700.45,No,Mailed check,No internet service,No internet service,No,0.06043198845450288,Low
1293-HHSHJ,One year,35,21.1,741.0,No,Mailed check,No internet service,No internet service,No,0.06042009172624425,Low
8327-WKMIE,One year,37,20.15,785.75,No,Credit card (automatic),No internet service,No internet service,No,0.06037219996981413,Low
6685-GBWJZ,One year,63,70.8,4448.8,DSL,Credit card (automatic),Yes,Yes,No,0.060260893302634455,Low
5996-EBTKM,Two year,67,69.9,4615.9,DSL,Bank transfer (automatic),Yes,No,No,0.060172747910640756,Low
5924-SNGKP,One year,41,20.25,865.0,No,Credit card (automatic),No internet service,No internet service,No,0.060085341077097114,Low
8232-CTLKO,Two year,66,59.75,3996.8,DSL,Electronic check,No,Yes,No,0.060063133284336656,Low
0567-XRHCU,Two year,69,43.95,2960.1,DSL,Credit card (automatic),No,Yes,No,0.06003817446375784,Low
4967-WPNCF,Two year,72,63.7,4464.8,DSL,Bank transfer (automatic),Yes,Yes,No,0.06000334128184676,Low
5792-JALQC,Two year,52,59.85,3103.25,DSL,Bank transfer (automatic),No,Yes,No,0.05997068936967566,Low
0674-GCDXG,Two year,63,71.9,4479.2,DSL,Bank transfer (automatic),Yes,Yes,No,0.059901781861823065,Low
4962-CHQPW,One year,29,19.85,535.05,No,Mailed check,No internet service,No internet service,No,0.059802786816502744,Low
9968-FFVVH,One year,63,68.8,4111.35,DSL,Bank transfer (automatic),Yes,Yes,No,0.059794751120344054,Low
7054-DMVAS,Two year,54,65.3,3512.9,DSL,Bank transfer (automatic),No,Yes,No,0.05975979060540576,Low
2324-AALNO,One year,48,24.55,1203.95,No,Bank transfer (automatic),No internet service,No internet service,No,0.05975728013627517,Low
4079-WWQQQ,Two year,72,65.55,4807.45,DSL,Bank transfer (automatic),Yes,Yes,No,0.059687072315250694,Low
2017-CCBLH,Two year,8,20.0,141.6,No,Mailed check,No internet service,No internet service,No,0.0596853953729441,Low
8007-YYPWD,Two year,15,25.05,369.1,No,Bank transfer (automatic),No internet service,No internet service,No,0.05960632255194672,Low
5397-NSKQG,Two year,67,50.9,3281.65,DSL,Credit card (automatic),No,Yes,No,0.05960197430859397,Low
3638-WEABW,Two year,58,59.9,3505.1,DSL,Credit card (automatic),Yes,No,No,0.05959633637965704,Low
3544-FBCAS,Two year,72,83.6,5959.3,DSL,Credit card (automatic),No,Yes,No,0.05956041375819531,Low
7061-OVMIM,One year,30,19.55,608.5,No,Bank transfer (automatic),No internet service,No internet service,No,0.059541282537233654,Low
5642-MHDQT,One year,53,19.85,1039.45,No,Bank transfer (automatic),No internet service,No internet service,No,0.05949560151571137,Low
9030-QGZNL,Two year,8,20.85,161.65,No,Mailed check,No internet service,No internet service,No,0.05947395296495378,Low
1371-OJCEK,One year,48,24.35,1133.7,No,Bank transfer (automatic),No internet service,No internet service,No,0.059471632981560954,Low
8204-YJCLA,Two year,72,64.8,4732.35,DSL,Bank transfer (automatic),Yes,Yes,No,0.05939599199367378,Low
1492-KGETH,One year,70,78.35,5445.95,DSL,Bank transfer (automatic),Yes,Yes,No,0.05939289966112278,Low
8050-DVOJX,Two year,49,81.35,4060.9,DSL,Credit card (automatic),Yes,Yes,No,0.059368033992715966,Low
3486-NPGST,One year,36,19.55,620.75,No,Mailed check,No internet service,No internet service,No,0.05936135779202621,Low
4342-HFXWS,One year,48,69.7,3023.65,DSL,Bank transfer (automatic),Yes,Yes,No,0.05931646321034114,Low
8184-WMOFI,One year,62,71.4,4487.3,DSL,Credit card (automatic),Yes,Yes,No,0.059272530043695815,Low
5583-EJXRD,Two year,44,54.05,2375.2,DSL,Credit card (automatic),Yes,Yes,No,0.059178615997941164,Low
2332-TODQS,One year,48,25.05,1171.5,No,Credit card (automatic),No internet service,No internet service,No,0.05905356069902242,Low
9610-WCESF,Two year,67,43.9,3097.2,DSL,Electronic check,Yes,Yes,No,0.05895851052702756,Low
3727-OVPRY,One year,66,25.7,1714.55,No,Credit card (automatic),No internet service,No internet service,No,0.05890554423675325,Low
3891-NLXJB,Two year,37,40.55,1390.85,DSL,Mailed check,Yes,Yes,No,0.05889283646677012,Low
5684-FJVYR,Two year,72,90.35,6563.4,Fiber optic,Bank transfer (automatic),Yes,Yes,No,0.05883273790671868,Low
9732-OUYRN,One year,49,19.0,918.7,No,Credit card (automatic),No internet service,No internet service,No,0.0586667132417439,Low
5003-XZWWO,Two year,71,84.2,5956.85,DSL,Credit card (automatic),Yes,No,No,0.05860051832289371,Low
9178-JHUVJ,Two year,24,24.1,587.4,No,Bank transfer (automatic),No internet service,No internet service,No,0.05856683586267476,Low
0129-QMPDR,One year,44,20.5,865.05,No,Bank transfer (automatic),No internet service,No internet service,No,0.0584601328466352,Low
6023-GSSXW,Two year,69,61.45,4131.2,DSL,Credit card (automatic),No,No,No,0.058415132998611834,Low
8908-NMQTX,Two year,72,65.6,4566.5,DSL,Bank transfer (automatic),Yes,Yes,No,0.05836913391216298,Low
1093-YSWCA,Two year,11,19.55,223.15,No,Credit card (automatic),No internet service,No internet service,No,0.058334183550101254,Low
0902-RFHOF,One year,38,20.1,730.1,No,Mailed check,No internet service,No internet service,No,0.05813732728126592,Low
5980-BDHPY,Two year,72,87.1,6230.1,DSL,Bank transfer (automatic),Yes,Yes,No,0.05809234607550133,Low
1090-ESELR,Two year,72,105.5,7611.55,Fiber optic,Bank transfer (automatic),Yes,Yes,No,0.05807896644526737,Low
5129-HHMZC,Two year,43,86.45,3574.5,DSL,Credit card (automatic),Yes,Yes,No,0.057891339269188616,Low
5469-NUJUR,Two year,19,19.95,373.5,No,Mailed check,No internet service,No internet service,No,0.05771831014553899,Low
6762-QVYJO,Two year,58,59.75,3624.35,DSL,Mailed check,Yes,Yes,No,0.057717465343357706,Low
9479-HYNYL,Two year,71,80.7,5705.05,DSL,Credit card (automatic),Yes,No,No,0.0576272389793122,Low
8430-TWCBX,One year,49,20.7,1032.05,No,Credit card (automatic),No internet service,No internet service,No,0.0575580749214698,Low
7190-XHTWJ,One year,38,19.3,755.5,No,Mailed check,No internet service,No internet service,No,0.057557647529177164,Low
6698-OXETB,Two year,11,20.4,231.45,No,Mailed check,No internet service,No internet service,No,0.057503592321448666,Low
1187-WILMM,Two year,63,89.4,5597.65,DSL,Credit card (automatic),Yes,Yes,No,0.057373095301099776,Low
2193-SFWQW,Two year,72,111.95,8033.1,Fiber optic,Bank transfer (automatic),Yes,Yes,No,0.05731045246546939,Low
1755-FZQEC,One year,39,19.9,791.15,No,Mailed check,No internet service,No internet service,No,0.05725213072726708,Low
3298-QEICA,Two year,23,34.6,813.45,DSL,Mailed check,Yes,Yes,No,0.057197841382099025,Low
8050-XGRVL,One year,62,54.75,3425.35,DSL,Credit card (automatic),No,Yes,No,0.05695550843067487,Low
5495-GPSRW,Two year,20,19.7,419.4,No,Mailed check,No internet service,No internet service,No,0.05694481892534481,Low
4849-PYRLQ,Two year,56,73.25,4054.2,DSL,Bank transfer (automatic),Yes,Yes,No,0.05683540179097891,Low
0048-PIHNL,One year,49,20.45,900.9,No,Bank transfer (automatic),No internet service,No internet service,No,0.05682238532921087,Low
6701-YVNQG,Two year,72,88.7,6301.7,DSL,Credit card (automatic),Yes,Yes,No,0.05678540872479621,Low
6339-RZCBJ,Two year,48,78.9,3771.5,DSL,Credit card (automatic),Yes,No,No,0.05665259680608337,Low
2400-XIWIO,Two year,71,90.1,6310.9,DSL,Electronic check,Yes,Yes,No,0.05662816349211882,Low
8316-BBQAY,Two year,65,59.95,3921.1,DSL,Credit card (automatic),Yes,Yes,No,0.05653087842326686,Low
6234-RAAPL,Two year,72,99.9,7251.7,Fiber optic,Bank transfer (automatic),Yes,Yes,No,0.05652804975395366,Low
9803-FTJCG,One year,71,66.85,4748.7,DSL,Credit card (automatic),Yes,Yes,No,0.056490808042862606,Low
3935-TBRZZ,One year,44,25.7,1110.5,No,Mailed check,No internet service,No internet service,No,0.056423747872687474,Low
2521-NPUZR,Two year,70,101.0,7085.5,Fiber optic,Credit card (automatic),Yes,Yes,No,0.05632516078535813,Low
7103-ZGVNT,One year,69,73.7,4885.85,DSL,Credit card (automatic),Yes,Yes,No,0.05623560885712761,Low
0459-SPZHJ,Two year,63,83.5,5435.0,DSL,Credit card (automatic),No,Yes,No,0.05613935304782039,Low
1982-FEBTD,Two year,23,25.6,514.75,No,Credit card (automatic),No internet service,No internet service,No,0.05612485613188943,Low
5380-XPJNZ,One year,38,20.05,678.2,No,Mailed check,No internet service,No internet service,No,0.05607226561807181,Low
5668-MEISB,Two year,72,106.1,7657.4,Fiber optic,Credit card (automatic),Yes,Yes,No,0.056070659614355055,Low
5997-OPVFA,Two year,72,89.05,6254.45,DSL,Bank transfer (automatic),Yes,Yes,No,0.05606548190520088,Low
3933-DQPWX,Two year,50,39.7,1932.75,DSL,Credit card (automatic),Yes,No,No,0.05605070996249966,Low
9602-WCXPI,One year,50,20.15,989.05,No,Credit card (automatic),No internet service,No internet service,No,0.05600774269446934,Low
3161-ONRWK,One year,60,65.85,3928.3,DSL,Bank transfer (automatic),Yes,Yes,No,0.0559109451062381,Low
8265-HKSOW,Two year,72,107.45,7658.3,Fiber optic,Credit card (automatic),Yes,Yes,No,0.055906199618576555,Low
6563-VRERX,One year,33,20.6,690.25,No,Mailed check,No internet service,No internet service,No,0.05587758835032661,Low
1934-MKPXS,One year,33,20.1,620.55,No,Credit card (automatic),No internet service,No internet service,No,0.05585657138888767,Low
3812-LRZIR,Two year,27,24.5,761.95,No,Electronic check,No internet service,No internet service,No,0.055777625993498704,Low
9339-FIIJL,Two year,72,85.95,6151.9,DSL,Bank transfer (automatic),Yes,No,No,0.05575229612963656,Low
0017-DINOC,Two year,54,45.2,2460.55,DSL,Credit card (automatic),Yes,Yes,No,0.055730221509696934,Low
1972-XMUWV,Two year,65,59.8,3808.2,DSL,Credit card (automatic),Yes,No,No,0.05572970142141544,Low
2335-GSODA,Two year,23,40.1,857.75,DSL,Mailed check,Yes,Yes,No,0.05567815932157589,Low
9778-OGKQZ,Two year,72,92.0,6782.15,DSL,Credit card (automatic),Yes,Yes,No,0.055600187712992015,Low
9805-FILKB,One year,46,20.2,845.6,No,Bank transfer (automatic),No internet service,No internet service,No,0.05547173998643903,Low
5248-YGIJN,Two year,72,90.25,6369.45,DSL,Credit card (automatic),Yes,Yes,No,0.05544137348052782,Low
2351-BKRZW,Two year,43,75.2,3254.35,DSL,Bank transfer (automatic),No,Yes,No,0.05543942055743416,Low
3280-NMUVX,One year,34,19.6,678.8,No,Credit card (automatic),No internet service,No internet service,No,0.055345523985245115,Low
3078-ZKNTS,Two year,13,19.75,246.7,No,Bank transfer (automatic),No internet service,No internet service,No,0.05527696407757786,Low
7328-OWMOM,One year,31,20.1,589.25,No,Credit card (automatic),No internet service,No internet service,No,0.055208508798292664,Low
2516-XSJKX,Two year,41,78.45,3126.45,DSL,Electronic check,Yes,Yes,No,0.055106906253369004,Low
8174-TBVCF,Two year,70,94.8,6859.05,DSL,Credit card (automatic),Yes,Yes,No,0.05496218931089672,Low
0412-UCCNP,Two year,55,59.2,3175.85,DSL,Electronic check,Yes,Yes,No,0.05494914809897301,Low
2589-AYCRP,One year,50,19.75,989.05,No,Bank transfer (automatic),No internet service,No internet service,No,0.05471144285211441,Low
3166-PNEOF,Two year,61,86.45,5175.3,DSL,Credit card (automatic),Yes,Yes,No,0.05465762843496141,Low
3796-ENZGF,Two year,63,67.25,4234.15,DSL,Mailed check,Yes,No,No,0.05453265233770882,Low
8181-YHCMF,Two year,68,60.3,4109.0,DSL,Credit card (automatic),Yes,No,No,0.05448155283591767,Low
6922-NCEDI,One year,56,21.2,1238.65,No,Mailed check,No internet service,No internet service,No,0.05426730293791078,Low
0909-SELIE,Two year,61,80.8,4860.85,DSL,Bank transfer (automatic),Yes,Yes,No,0.054229791082279016,Low
5840-NVDCG,Two year,16,68.25,1114.85,DSL,Bank transfer (automatic),Yes,Yes,No,0.05418121542179002,Low
9675-ICXCT,Two year,72,80.8,5728.55,DSL,Electronic check,Yes,Yes,No,0.054171111857483134,Low
3230-IUALN,Two year,45,81.0,3533.6,DSL,Mailed check,Yes,Yes,No,0.054104240993384574,Low
1227-UDMZR,Two year,72,91.15,6637.9,DSL,Bank transfer (automatic),Yes,Yes,No,0.05408868535488518,Low
6122-EFVKN,Two year,24,35.75,830.8,DSL,Mailed check,Yes,Yes,No,0.054061258036307125,Low
7131-ZQZNK,Two year,60,59.85,3590.2,DSL,Credit card (automatic),Yes,Yes,No,0.05405501436104661,Low
4994-OBRSZ,Two year,14,76.1,1054.8,DSL,Bank transfer (automatic),Yes,Yes,No,0.05395039169537127,Low
2138-VFAPZ,Two year,14,19.7,263.65,No,Mailed check,No internet service,No internet service,No,0.05389572518242476,Low
3146-MSEGF,Two year,72,88.05,6425.65,DSL,Credit card (automatic),Yes,Yes,No,0.053864245840225776,Low
1757-TCATG,One year,35,20.05,746.75,No,Bank transfer (automatic),No internet service,No internet service,No,0.05380894921848987,Low
1403-LKLIK,One year,33,20.1,579.4,No,Mailed check,No internet service,No internet service,No,0.05375930349351419,Low
0513-RBGPE,Two year,37,62.8,2278.75,DSL,Credit card (automatic),Yes,Yes,No,0.05373244333846446,Low
1897-OKVMW,Two year,64,90.6,5817.45,DSL,Mailed check,Yes,Yes,No,0.05372512888971184,Low
6656-GULJQ,Two year,72,83.55,6093.3,DSL,Credit card (automatic),Yes,Yes,No,0.05367674675390169,Low
8039-EQPIM,Two year,69,60.25,4055.5,DSL,Bank transfer (automatic),Yes,Yes,No,0.053654338414345255,Low
8414-OOEEL,Two year,66,79.5,5196.1,DSL,Credit card (automatic),Yes,No,No,0.053628319717084656,Low
9565-FLVCG,Two year,65,69.55,4459.15,DSL,Mailed check,No,Yes,No,0.0534901208075682,Low
2005-DWQZJ,Two year,8,19.05,201.7,No,Mailed check,No internet service,No internet service,No,0.05348881809928033,Low
1971-DTCZB,Two year,72,90.95,6468.6,DSL,Bank transfer (automatic),Yes,Yes,No,0.05348536239600975,Low
4312-GVYNH,Two year,70,49.85,3370.2,DSL,Bank transfer (automatic),Yes,Yes,No,0.053443244339927934,Low
2581-VKIRT,One year,59,65.5,3801.3,DSL,Mailed check,Yes,Yes,No,0.05339497940088186,Low
2999-AANRQ,Two year,21,71.05,1524.85,DSL,Credit card (automatic),Yes,Yes,No,0.05337078180248436,Low
9227-YBAXE,Two year,65,82.5,5215.1,DSL,Bank transfer (automatic),Yes,Yes,No,0.05329566777303695,Low
9717-IOAAF,Two year,27,25.85,788.55,No,Credit card (automatic),No internet service,No internet service,No,0.05323827202453239,Low
9541-ZPSEA,Two year,68,80.35,5375.15,Fiber optic,Credit card (automatic),No,Yes,No,0.05320265053848208,Low
2845-KDHVX,Two year,64,68.3,4378.8,DSL,Mailed check,Yes,No,No,0.05317606038418909,Low
1686-STUHN,One year,42,19.8,849.9,No,Bank transfer (automatic),No internet service,No internet service,No,0.053140294025251104,Low
5248-RPYWW,Two year,72,90.15,6716.45,DSL,Bank transfer (automatic),Yes,Yes,No,0.05297794234220441,Low
4615-PIVVU,Two year,42,66.5,2762.75,DSL,Credit card (automatic),Yes,No,No,0.0529233552211232,Low
9451-WLYRI,One year,53,19.05,990.45,No,Credit card (automatic),No internet service,No internet service,No,0.052922732877092704,Low
4538-WNTMJ,One year,46,24.95,1165.9,No,Mailed check,No internet service,No internet service,No,0.052878998260797574,Low
0016-QLJIS,Two year,65,90.45,5957.9,DSL,Mailed check,Yes,Yes,No,0.05285329950733995,Low
2987-BJXIK,Two year,70,84.7,5991.05,DSL,Mailed check,No,Yes,No,0.05282858619487111,Low
8314-HTWVE,Two year,7,19.85,144.15,No,Mailed check,No internet service,No internet service,No,0.052751786560484216,Low
8908-SLFCJ,Two year,21,20.85,435.25,No,Credit card (automatic),No internet service,No internet service,No,0.052749538338867634,Low
0191-EQUUH,Two year,25,35.05,844.45,DSL,Bank transfer (automatic),Yes,Yes,No,0.05274181633630481,Low
0224-NIJLP,Two year,8,20.15,165.5,No,Mailed check,No internet service,No internet service,No,0.0526802556239283,Low
7301-ABVAD,Two year,72,86.6,6350.5,DSL,Bank transfer (automatic),Yes,No,No,0.05257590188056218,Low
3398-GCPMU,Two year,72,89.55,6448.85,DSL,Credit card (automatic),Yes,Yes,No,0.052427624955882275,Low
9055-MOJJJ,One year,64,65.8,4068.0,DSL,Mailed check,Yes,Yes,No,0.05237621850749575,Low
9297-EONCV,Two year,72,91.35,6697.2,DSL,Bank transfer (automatic),Yes,Yes,No,0.05233379747644,Low
8008-OTEZX,One year,35,19.65,708.8,No,Mailed check,No internet service,No internet service,No,0.05232812603185864,Low
8218-FFJDS,Two year,72,86.4,6058.95,DSL,Bank transfer (automatic),Yes,Yes,No,0.05229938480856145,Low
9424-CMPOG,Two year,9,19.6,197.4,No,Mailed check,No internet service,No internet service,No,0.052242426000504945,Low
9548-LIGTA,Two year,61,81.05,4747.65,DSL,Mailed check,Yes,Yes,No,0.052132468169968076,Low
2725-IWWBA,One year,46,56.9,2560.1,DSL,Mailed check,Yes,Yes,No,0.05205893351899523,Low
4827-DPADN,Two year,72,83.3,6042.7,DSL,Bank transfer (automatic),Yes,Yes,No,0.05204317617955582,Low
3813-DHBBB,Two year,67,50.95,3521.7,DSL,Bank transfer (automatic),Yes,Yes,No,0.05200912844356418,Low
1830-GGFNM,Two year,65,94.55,6078.75,Fiber optic,Credit card (automatic),Yes,Yes,No,0.052008411792430674,Low
8148-WOCMK,Two year,8,19.6,125.0,No,Credit card (automatic),No internet service,No internet service,No,0.05196971695138446,Low
5647-URDKA,Two year,8,19.7,130.25,No,Mailed check,No internet service,No internet service,No,0.05194820513523295,Low
8592-PLTMQ,One year,64,24.7,1642.75,No,Mailed check,No internet service,No internet service,No,0.05191128847866437,Low
8100-PNJMH,Two year,68,88.85,6132.7,DSL,Credit card (automatic),Yes,Yes,No,0.05184937423265122,Low
0230-WEQUW,Two year,66,56.6,3789.2,DSL,Bank transfer (automatic),Yes,Yes,No,0.05184066891795425,Low
2662-NNTDK,One year,65,24.8,1600.95,No,Credit card (automatic),No internet service,No internet service,No,0.05177989863887034,Low
1172-VIYBP,Two year,53,69.7,3686.05,DSL,Bank transfer (automatic),No,Yes,No,0.05171255800864068,Low
2229-DPMBI,Two year,8,19.5,162.15,No,Mailed check,No internet service,No internet service,No,0.05168867077983324,Low
7337-CINUD,Two year,8,19.5,159.35,No,Bank transfer (automatic),No internet service,No internet service,No,0.05159840164272143,Low
6518-KZXCB,Two year,22,25.25,566.5,No,Mailed check,No internet service,No internet service,No,0.05153034626765413,Low
6248-TKCQV,Two year,70,80.6,5460.2,DSL,Bank transfer (automatic),Yes,Yes,No,0.051464094014906446,Low
6532-YLWSI,One year,53,20.8,1021.8,No,Bank transfer (automatic),No internet service,No internet service,Yes,0.05124525310947931,Low
8999-YPYBV,Two year,45,84.35,3858.05,DSL,Mailed check,Yes,Yes,No,0.051109194192624635,Low
8191-XWSZG,One year,52,20.65,1022.95,No,Mailed check,No internet service,No internet service,No,0.05105608016623903,Low
4654-ULTTN,Two year,70,74.8,5315.8,DSL,Credit card (automatic),Yes,Yes,No,0.051045374843963945,Low
3352-RICWQ,Two year,9,19.75,210.65,No,Mailed check,No internet service,No internet service,No,0.05096435240017679,Low
5275-PMFUT,Two year,72,64.8,4719.75,DSL,Credit card (automatic),Yes,Yes,No,0.05094880585805549,Low
2725-TTRIQ,Two year,72,84.2,5986.55,DSL,Bank transfer (automatic),Yes,Yes,No,0.050884692236548686,Low
9242-TKFSV,Two year,72,65.1,4754.3,DSL,Credit card (automatic),Yes,Yes,No,0.05080916296205772,Low
1599-EAHXY,One year,60,23.95,1506.4,No,Credit card (automatic),No internet service,No internet service,No,0.05071046655264713,Low
0969-RGKCU,One year,37,19.8,677.05,No,Credit card (automatic),No internet service,No internet service,No,0.05058900503335112,Low
6729-FZWSY,One year,67,19.45,1195.95,No,Mailed check,No internet service,No internet service,No,0.05053468946024823,Low
2122-SZZZD,One year,44,19.5,835.5,No,Credit card (automatic),No internet service,No internet service,No,0.05051301028034422,Low
5656-MJEFC,Two year,42,48.15,2032.3,DSL,Credit card (automatic),Yes,Yes,No,0.050511535149637715,Low
6048-NJXHX,Two year,41,19.75,899.45,No,Electronic check,No internet service,No internet service,No,0.0504567725631021,Low
6369-MCAKO,Two year,68,89.05,6185.8,DSL,Bank transfer (automatic),Yes,Yes,No,0.05030568460285965,Low
2560-QTSBS,One year,72,23.3,1623.15,No,Bank transfer (automatic),No internet service,No internet service,No,0.050265311745307,Low
8295-KMENE,Two year,59,76.45,4519.5,DSL,Mailed check,Yes,Yes,No,0.05023433569033888,Low
0301-FIDRB,Two year,72,63.8,4684.3,DSL,Bank transfer (automatic),Yes,Yes,No,0.05018855400102131,Low
1088-AUUZZ,Two year,56,75.85,4261.2,DSL,Credit card (automatic),Yes,Yes,No,0.05013770148904852,Low
8042-RNLKO,One year,66,25.45,1699.15,No,Bank transfer (automatic),No internet service,No internet service,No,0.05010727435849752,Low
0621-TSSMU,One year,56,19.95,1126.75,No,Credit card (automatic),No internet service,No internet service,No,0.050047208789605765,Low
6980-CDGFC,One year,67,20.85,1327.4,No,Bank transfer (automatic),No internet service,No internet service,No,0.050043608838964034,Low
3458-IDMFK,Two year,25,20.75,499.4,No,Mailed check,No internet service,No internet service,No,0.04989333369738702,Low
2226-ICFDO,Two year,72,85.9,6110.75,DSL,Credit card (automatic),Yes,Yes,No,0.04986892157359765,Low
3572-UUHRS,One year,45,18.85,867.3,No,Bank transfer (automatic),No internet service,No internet service,No,0.04985854941637909,Low
0052-YNYOT,One year,67,20.55,1343.4,No,Electronic check,No internet service,No internet service,No,0.0498277605544601,Low
5057-RKGLH,Two year,9,20.35,191.1,No,Mailed check,No internet service,No internet service,No,0.04980814609916834,Low
5360-XGYAZ,Two year,72,65.65,4664.5,DSL,Bank transfer (automatic),Yes,Yes,No,0.04977609290661117,Low
1568-LJSZU,Two year,68,92.2,6392.85,DSL,Credit card (automatic),Yes,Yes,No,0.049775246746144974,Low
7025-WCBNE,Two year,47,59.6,2754.0,DSL,Bank transfer (automatic),Yes,No,No,0.04974823398894609,Low
0164-XAIRP,Two year,24,19.55,470.2,No,Bank transfer (automatic),No internet service,No internet service,No,0.04971380112396112,Low
6064-ZATLR,Two year,27,52.85,1498.65,DSL,Bank transfer (automatic),No,Yes,No,0.049612313312435236,Low
1568-BEKZM,Two year,70,90.05,6333.4,DSL,Credit card (automatic),Yes,Yes,No,0.04959367369381381,Low
3704-IEAXF,Two year,72,53.65,3784.0,DSL,Credit card (automatic),Yes,No,No,0.04956994083666127,Low
4950-HKQTE,Two year,22,26.25,605.9,No,Mailed check,No internet service,No internet service,No,0.04954859069523982,Low
5676-CFLYY,Two year,71,73.35,5154.5,DSL,Credit card (automatic),Yes,No,No,0.049437931606113227,Low
8221-HVAYI,Two year,35,69.15,2490.15,DSL,Credit card (automatic),Yes,Yes,No,0.0494296218529416,Low
9443-JUBUO,Two year,72,65.25,4478.85,DSL,Credit card (automatic),Yes,Yes,No,0.04942728846792789,Low
6609-MXJHJ,Two year,30,25.1,789.55,No,Mailed check,No internet service,No internet service,No,0.04941632157727029,Low
7781-HVGMK,Two year,72,65.2,4784.45,DSL,Credit card (automatic),Yes,Yes,No,0.04936778543987296,Low
1930-QPBVZ,Two year,68,95.1,6683.4,Fiber optic,Bank transfer (automatic),Yes,Yes,No,0.04926142253556906,Low
0486-LGCCH,Two year,11,19.65,225.75,No,Mailed check,No internet service,No internet service,No,0.049232462139932466,Low
1494-EJZDW,Two year,10,20.15,220.8,No,Mailed check,No internet service,No internet service,No,0.048956980962969,Low
0795-LAFGP,Two year,71,90.4,6668.05,DSL,Electronic check,Yes,Yes,No,0.048945520713110084,Low
6741-QRLUP,Two year,63,80.3,4995.35,DSL,Credit card (automatic),Yes,Yes,No,0.04889523983414966,Low
5816-JMLGY,Two year,70,80.4,5717.85,DSL,Bank transfer (automatic),Yes,No,No,0.048873151895216654,Low
7401-JIXNM,Two year,54,91.3,4965.0,DSL,Credit card (automatic),Yes,Yes,No,0.04882454447730496,Low
5063-IUOKK,Two year,13,19.75,265.75,No,Mailed check,No internet service,No internet service,No,0.04870118683389649,Low
1265-ZFOSD,Two year,64,81.3,5129.3,DSL,Mailed check,Yes,Yes,No,0.04861080951411872,Low
7277-KAMWT,Two year,13,20.0,268.45,No,Credit card (automatic),No internet service,No internet service,No,0.048608138170596546,Low
4487-ZYJZK,One year,38,19.6,763.1,No,Credit card (automatic),No internet service,No internet service,No,0.04855858885038306,Low
0057-QBUQH,Two year,43,25.1,1070.15,No,Electronic check,No internet service,No internet service,No,0.048496092133209455,Low
8515-OCTJS,Two year,25,24.75,692.1,No,Credit card (automatic),No internet service,No internet service,Yes,0.04839990448794885,Low
3079-BCHLN,One year,47,19.9,942.95,No,Bank transfer (automatic),No internet service,No internet service,No,0.048268671286972535,Low
6516-NKQBO,Two year,38,81.0,3084.9,DSL,Credit card (automatic),Yes,Yes,No,0.04826379733430036,Low
6388-TABGU,One year,62,56.15,3487.95,DSL,Bank transfer (automatic),No,Yes,No,0.04825822407695496,Low
2211-RMNHO,Two year,68,85.3,5560.0,DSL,Bank transfer (automatic),Yes,No,No,0.04821638148138054,Low
4006-HKYHO,Two year,63,86.7,5309.5,DSL,Bank transfer (automatic),Yes,Yes,No,0.048199485540789136,Low
5442-PPTJY,Two year,12,19.7,258.35,No,Mailed check,No internet service,No internet service,No,0.04819672204148318,Low
5324-KTGCG,One year,71,20.85,1539.75,No,Electronic check,No internet service,No internet service,No,0.048184273113331,Low
5014-GSOUQ,Two year,13,19.95,243.65,No,Mailed check,No internet service,No internet service,No,0.0480781263424545,Low
4077-HWUYD,Two year,72,87.55,6463.15,DSL,Bank transfer (automatic),Yes,Yes,No,0.04806206571352152,Low
5130-YPIRV,Two year,62,72.0,4284.2,DSL,Credit card (automatic),No,Yes,No,0.04793906344818801,Low
6122-LJADA,Two year,70,90.15,6237.05,DSL,Credit card (automatic),Yes,Yes,No,0.047834462592609525,Low
8590-OHDIW,One year,38,20.3,749.35,No,Mailed check,No internet service,No internet service,No,0.04771093059849445,Low
9415-ZNBSX,Two year,70,89.0,6293.2,DSL,Bank transfer (automatic),Yes,Yes,No,0.04765203732407625,Low
2824-DXNKN,Two year,72,71.45,5025.85,DSL,Bank transfer (automatic),No,Yes,No,0.04765051843804865,Low
4671-VJLCL,Two year,63,79.85,4861.45,DSL,Credit card (automatic),Yes,Yes,No,0.047552135925626106,Low
6701-DHKWQ,Two year,61,51.35,3244.4,DSL,Credit card (automatic),Yes,No,No,0.04752844731706605,Low
5248-KWLAR,Two year,71,90.35,6325.25,DSL,Electronic check,Yes,Yes,No,0.047493947042383494,Low
5177-RVZNU,One year,37,20.3,755.4,No,Bank transfer (automatic),No internet service,No internet service,No,0.04747783312881968,Low
3638-VBZTA,Two year,68,86.5,5882.75,DSL,Bank transfer (automatic),Yes,Yes,No,0.047462964356803104,Low
7633-MVPUY,Two year,57,59.75,3450.15,DSL,Electronic check,Yes,Yes,No,0.04744090186562411,Low
6504-VBLFL,Two year,55,58.6,3068.6,DSL,Electronic check,No,Yes,No,0.0472882426618579,Low
3721-WKIIL,Two year,27,19.6,561.15,No,Mailed check,No internet service,No internet service,No,0.04727719747235855,Low
5485-ITNPC,Two year,66,85.9,5595.3,DSL,Bank transfer (automatic),Yes,Yes,No,0.047262365757052116,Low
1245-HARPS,Two year,14,20.4,292.4,No,Mailed check,No internet service,No internet service,No,0.04721723290390125,Low
5986-WWXDV,One year,39,19.35,779.2,No,Bank transfer (automatic),No internet service,No internet service,No,0.047212153614889917,Low
4782-OSFXZ,Two year,71,82.7,5831.2,DSL,Bank transfer (automatic),Yes,Yes,No,0.04716853842269749,Low
0361-HJRDX,Two year,68,64.35,4539.6,DSL,Credit card (automatic),Yes,Yes,No,0.0470934786394148,Low
0420-TXVSG,Two year,66,66.1,4428.45,DSL,Credit card (automatic),No,Yes,No,0.047086683578594225,Low
9477-LGWQI,Two year,70,80.15,5600.15,DSL,Credit card (automatic),No,Yes,No,0.047031247636166056,Low
6828-HMKWP,Two year,12,21.05,262.05,No,Bank transfer (automatic),No internet service,No internet service,No,0.047022560900218016,Low
1535-VTJOQ,Two year,24,25.15,553.0,No,Credit card (automatic),No internet service,No internet service,No,0.04702230891624549,Low
5201-CBWYG,One year,62,24.8,1476.25,No,Bank transfer (automatic),No internet service,No internet service,No,0.04693110698992191,Low
7579-KKLOE,Two year,71,91.25,6589.6,DSL,Mailed check,Yes,Yes,No,0.046714947111337175,Low
8249-THVEC,One year,51,19.4,997.75,No,Mailed check,No internet service,No internet service,No,0.04670602807659889,Low
4526-EXKKN,Two year,40,24.6,973.95,No,Mailed check,No internet service,No internet service,No,0.04659082948847244,Low
1092-WPIVQ,Two year,18,25.1,428.45,No,Mailed check,No internet service,No internet service,No,0.046480488335427055,Low
7596-IIWYC,Two year,27,20.25,538.2,No,Bank transfer (automatic),No internet service,No internet service,No,0.046463155278968965,Low
5329-KRDTM,Two year,72,77.35,5396.25,DSL,Credit card (automatic),Yes,No,No,0.04645600431088935,Low
5158-RIVOP,Two year,11,20.9,202.3,No,Credit card (automatic),No internet service,No internet service,No,0.04621220538255008,Low
7216-KAOID,One year,41,19.5,798.2,No,Bank transfer (automatic),No internet service,No internet service,No,0.04615802363672374,Low
1335-MXCSE,Two year,55,55.25,3119.9,DSL,Credit card (automatic),Yes,No,No,0.046136992595731674,Low
6916-HIJSE,Two year,65,84.85,5459.2,DSL,Bank transfer (automatic),Yes,Yes,No,0.046123111229417584,Low
3219-JQRSL,Two year,72,89.1,6352.4,DSL,Credit card (automatic),Yes,Yes,No,0.04605555437723698,Low
6408-WHTEF,Two year,72,89.4,6376.55,DSL,Mailed check,Yes,Yes,No,0.04599494245036677,Low
4381-MHQDC,Two year,47,65.0,2879.9,DSL,Mailed check,Yes,Yes,No,0.04598574811415989,Low
4573-JKNAE,Two year,12,19.35,212.3,No,Bank transfer (automatic),No internet service,No internet service,No,0.04594083757527439,Low
2821-WARNZ,One year,49,19.45,921.3,No,Credit card (automatic),No internet service,No internet service,No,0.045934791915187484,Low
7469-LKBCI,Two year,16,18.95,326.8,No,Credit card (automatic),No internet service,No internet service,No,0.04588950776976353,Low
8345-MVDYC,Two year,45,81.65,3618.7,DSL,Bank transfer (automatic),Yes,Yes,No,0.045849290755920605,Low
0559-CKHUS,Two year,29,19.55,521.8,No,Mailed check,No internet service,No internet service,No,0.04582002639438072,Low
9110-HSGTV,Two year,69,82.45,5555.3,DSL,Credit card (automatic),Yes,Yes,No,0.04581003147560963,Low
2192-OZITF,Two year,45,73.55,3349.1,DSL,Mailed check,Yes,Yes,No,0.045689820421145826,Low
7975-JMZNT,Two year,66,91.7,6075.9,DSL,Bank transfer (automatic),Yes,Yes,No,0.04567035300678139,Low
8859-YSTWS,One year,48,19.95,1004.5,No,Bank transfer (automatic),No internet service,No internet service,No,0.045637223695987876,Low
9068-VPWQQ,Two year,61,75.35,4729.3,DSL,Credit card (automatic),Yes,Yes,No,0.04559757192783418,Low
0064-SUDOG,Two year,12,20.3,224.5,No,Bank transfer (automatic),No internet service,No internet service,No,0.04556497625729104,Low
9489-DEDVP,Two year,70,69.2,4872.35,DSL,Credit card (automatic),No,Yes,No,0.04554850747182671,Low
5788-YPOEG,Two year,34,84.75,2839.45,DSL,Mailed check,Yes,Yes,No,0.04554469090889038,Low
7164-BPTUT,Two year,57,89.55,5012.35,DSL,Mailed check,Yes,Yes,No,0.045524095953359,Low
6953-PBDIN,Two year,70,72.95,5265.55,DSL,Bank transfer (automatic),Yes,No,No,0.0455152051565099,Low
8098-TDCBU,Two year,42,25.25,1108.2,No,Electronic check,No internet service,No internet service,No,0.04549000269275918,Low
4452-ROHMO,Two year,15,19.6,331.6,No,Mailed check,No internet service,No internet service,No,0.045450436347951075,Low
5458-CQJTA,Two year,65,74.8,4820.15,DSL,Bank transfer (automatic),Yes,Yes,Yes,0.04543718274985613,Low
2535-PBCGC,Two year,70,64.55,4504.9,DSL,Bank transfer (automatic),Yes,Yes,No,0.04542957345517539,Low
2225-ZRGSG,Two year,70,93.9,6579.05,Fiber optic,Bank transfer (automatic),Yes,Yes,Yes,0.045379221851713406,Low
7951-QKZPL,Two year,33,24.5,740.3,No,Mailed check,No internet service,No internet service,Yes,0.045304356655791224,Low
3129-AAQOU,Two year,19,25.6,485.9,No,Mailed check,No internet service,No internet service,No,0.04529761973883103,Low
1951-IEYXM,Two year,72,90.6,6441.85,DSL,Credit card (automatic),Yes,Yes,No,0.04527736646359382,Low
6603-YRDCJ,Two year,33,61.05,2018.4,DSL,Mailed check,Yes,Yes,No,0.04523611279311836,Low
5795-BKOYE,One year,69,59.1,4134.7,DSL,Bank transfer (automatic),Yes,No,No,0.045223777003718,Low
8606-OEGQZ,Two year,18,25.3,454.65,No,Credit card (automatic),No internet service,No internet service,No,0.04515869575556982,Low
4632-XJMEX,One year,53,62.85,3419.5,DSL,Credit card (automatic),Yes,Yes,No,0.04515428420372758,Low
9135-MGVPY,Two year,69,84.7,5878.9,DSL,Mailed check,Yes,Yes,No,0.04509337152809433,Low
2176-LVPNX,Two year,71,89.85,6293.45,DSL,Mailed check,Yes,Yes,No,0.04495267245643637,Low
1074-WVEVG,One year,59,20.35,1267.0,No,Mailed check,No internet service,No internet service,No,0.04493482155831438,Low
5727-MYATE,Two year,72,90.8,6397.6,DSL,Credit card (automatic),Yes,Yes,No,0.04492131155087735,Low
9140-CZQZZ,Two year,68,79.6,5515.8,DSL,Bank transfer (automatic),Yes,Yes,No,0.04480662429445544,Low
4718-WXBGI,Two year,72,91.95,6614.9,DSL,Credit card (automatic),Yes,Yes,No,0.04478897132300976,Low
2580-ATZSQ,One year,65,61.35,3874.1,DSL,Bank transfer (automatic),No,Yes,No,0.044746708938554466,Low
5680-LQOGP,Two year,68,82.45,5646.6,DSL,Credit card (automatic),Yes,Yes,No,0.04473695539819112,Low
9028-LIHRP,Two year,71,100.2,7209.0,Fiber optic,Credit card (automatic),Yes,Yes,No,0.044673902524676436,Low
3508-VLHCZ,Two year,71,90.55,6239.05,DSL,Credit card (automatic),Yes,Yes,No,0.04461572381349243,Low
5696-EXCYS,Two year,17,19.45,369.05,No,Credit card (automatic),No internet service,No internet service,No,0.04459774129679749,Low
5696-JVVQY,Two year,48,70.1,3238.4,DSL,Credit card (automatic),No,Yes,No,0.04456902602003486,Low
4518-FZBSX,One year,42,20.25,854.9,No,Mailed check,No internet service,No internet service,No,0.0445609794656975,Low
3938-YFPXD,Two year,72,84.3,5997.1,DSL,Credit card (automatic),Yes,Yes,No,0.04449840314477668,Low
9227-UAQFT,Two year,16,19.75,284.35,No,Mailed check,No internet service,No internet service,No,0.04445587539399485,Low
3067-SVMTC,One year,68,55.9,3848.8,DSL,Bank transfer (automatic),Yes,Yes,No,0.04444532924304017,Low
3266-FTKHB,Two year,17,19.15,343.45,No,Mailed check,No internet service,No internet service,No,0.044415115050223566,Low
4723-BEGSG,Two year,72,86.65,6094.25,DSL,Credit card (automatic),Yes,Yes,No,0.04438484343877563,Low
3950-VPYJB,One year,57,59.6,3509.4,DSL,Mailed check,Yes,Yes,No,0.04421514178575607,Low
8046-DNVTL,Two year,62,38.6,2345.55,DSL,Credit card (automatic),Yes,Yes,No,0.04411188235844864,Low
9170-ARBTB,One year,52,19.6,1012.4,No,Credit card (automatic),No internet service,No internet service,No,0.04407497601458367,Low
2661-GKBTK,Two year,60,76.95,4543.95,DSL,Bank transfer (automatic),Yes,No,No,0.04406466482827278,Low
1722-LDZJS,One year,53,20.2,1068.15,No,Credit card (automatic),No internet service,No internet service,No,0.043917387750059864,Low
9067-YGSCA,One year,70,26.05,1856.4,No,Credit card (automatic),No internet service,No internet service,No,0.04370679037348254,Low
6115-ZTBFQ,Two year,72,65.5,4919.7,DSL,Bank transfer (automatic),Yes,Yes,No,0.04354036817633078,Low
5622-UEJFI,Two year,35,25.4,949.8,No,Credit card (automatic),No internet service,No internet service,No,0.04352565751255967,Low
6096-EGVTU,One year,64,24.9,1595.5,No,Mailed check,No internet service,No internet service,No,0.04350325326522602,Low
1459-QNFQT,Two year,70,59.5,4144.8,DSL,Bank transfer (automatic),Yes,Yes,No,0.043492601834276286,Low
0123-CRBRT,Two year,61,88.1,5526.75,DSL,Mailed check,Yes,Yes,No,0.04342163568355777,Low
9503-XJUME,One year,52,19.65,928.4,No,Credit card (automatic),No internet service,No internet service,No,0.043383126773792115,Low
9073-ZZIAY,Two year,62,86.1,5215.25,DSL,Electronic check,Yes,Yes,No,0.04315971870566803,Low
3525-DVKFN,Two year,17,19.4,358.05,No,Mailed check,No internet service,No internet service,No,0.0431024216630183,Low
9348-ROUAI,Two year,59,90.3,5194.05,DSL,Credit card (automatic),Yes,Yes,No,0.043049422750641435,Low
8143-ETQTI,Two year,23,19.65,451.55,No,Mailed check,No internet service,No internet service,No,0.043025095969665896,Low
6885-PKOAM,Two year,71,85.75,6223.8,DSL,Credit card (automatic),Yes,Yes,No,0.04296135043148506,Low
2333-KWEWW,Two year,18,20.05,388.6,No,Credit card (automatic),No internet service,No internet service,No,0.042930776828348095,Low
4188-PCPIG,Two year,57,70.35,4124.65,DSL,Credit card (automatic),Yes,Yes,No,0.04289710532393097,Low
6870-ZWMNX,Two year,70,76.1,5264.25,DSL,Credit card (automatic),Yes,No,No,0.04286456146735945,Low
5930-GBIWP,Two year,69,81.5,5553.25,DSL,Credit card (automatic),Yes,Yes,No,0.042803255879356183,Low
7872-BAAZR,One year,53,19.55,1007.9,No,Bank transfer (automatic),No internet service,No internet service,No,0.04280055791282874,Low
1328-EUZHC,Two year,18,20.1,370.5,No,Mailed check,No internet service,No internet service,No,0.04279000034064755,Low
7649-SIJJF,Two year,71,80.1,5585.4,DSL,Mailed check,Yes,Yes,No,0.042783378815635195,Low
3487-EARAT,One year,70,74.1,5222.3,DSL,Credit card (automatic),Yes,Yes,No,0.04270832436415086,Low
3389-KTRXV,Two year,23,23.85,625.65,No,Mailed check,No internet service,No internet service,No,0.04269483445443523,Low
7274-CGTOD,Two year,62,43.7,2618.3,DSL,Bank transfer (automatic),Yes,Yes,No,0.04263922252216141,Low
8197-BFWVU,Two year,72,93.25,6688.95,DSL,Bank transfer (automatic),Yes,Yes,No,0.04258980893572769,Low
0343-QLUZP,Two year,60,39.6,2424.5,DSL,Bank transfer (automatic),No,Yes,No,0.04256023191777307,Low
5859-HZYLF,Two year,26,19.15,515.75,No,Credit card (automatic),No internet service,No internet service,No,0.042443927026512465,Low
1269-FOYWN,One year,44,20.0,860.85,No,Bank transfer (automatic),No internet service,No internet service,No,0.0423379941272685,Low
4883-KCPZJ,Two year,22,25.25,555.4,No,Credit card (automatic),No internet service,No internet service,No,0.04223926211504991,Low
9067-SQTNS,One year,44,20.6,926.0,No,Bank transfer (automatic),No internet service,No internet service,No,0.042211774443536444,Low
3460-TJBWI,Two year,24,24.2,609.05,No,Mailed check,No internet service,No internet service,No,0.04215126229120488,Low
7665-NKLAV,Two year,36,40.65,1547.35,DSL,Credit card (automatic),Yes,Yes,No,0.04214383876713325,Low
1089-XZWHH,Two year,24,19.7,494.05,No,Mailed check,No internet service,No internet service,No,0.04211111059693173,Low
0301-KOBTQ,Two year,32,20.05,614.45,No,Bank transfer (automatic),No internet service,No internet service,No,0.042079911197640193,Low
8241-JUIQO,One year,61,19.45,1336.35,No,Bank transfer (automatic),No internet service,No internet service,No,0.04207600243573894,Low
7524-VRLPL,Two year,69,74.1,5031.0,DSL,Credit card (automatic),Yes,Yes,No,0.04206834892354303,Low
4955-VCWBI,One year,43,20.0,817.95,No,Mailed check,No internet service,No internet service,No,0.04203121963645291,Low
7799-LGRDP,Two year,43,25.7,1188.2,No,Credit card (automatic),No internet service,No internet service,No,0.0418684357485293,Low
0556-FJEGU,Two year,58,70.1,4048.95,DSL,Bank transfer (automatic),Yes,No,No,0.041847406399160014,Low
4644-OBGFZ,One year,55,19.5,1026.35,No,Mailed check,No internet service,No internet service,No,0.04182477489117859,Low
9435-JMLSX,Two year,71,86.1,6045.9,DSL,Bank transfer (automatic),Yes,Yes,No,0.04177047924206389,Low
8413-YNHNV,Two year,69,90.65,6322.1,DSL,Mailed check,Yes,Yes,No,0.041745330610648314,Low
2234-EOFPT,Two year,72,79.35,5753.25,DSL,Bank transfer (automatic),Yes,Yes,No,0.04172526245927802,Low
4973-MGTON,Two year,71,84.4,5969.3,DSL,Credit card (automatic),Yes,Yes,No,0.041704403421997584,Low
6461-SZMCV,Two year,71,87.95,6365.35,DSL,Bank transfer (automatic),Yes,Yes,No,0.04160510366297724,Low
1209-VFFOC,Two year,68,56.4,3948.45,DSL,Mailed check,Yes,Yes,No,0.04154388086006651,Low
0602-DDUML,Two year,57,69.75,3894.4,DSL,Mailed check,Yes,No,No,0.041538156166590526,Low
9945-PSVIP,Two year,25,18.7,383.65,No,Mailed check,No internet service,No internet service,No,0.0415202044305066,Low
2808-CHTDM,Two year,23,25.1,611.45,No,Mailed check,No internet service,No internet service,No,0.041518422281464296,Low
6169-PGNCD,Two year,57,74.3,4166.35,DSL,Credit card (automatic),Yes,Yes,No,0.04151380794443892,Low
3865-ZFZIB,Two year,19,19.65,358.15,No,Mailed check,No internet service,No internet service,No,0.041468871727671046,Low
1221-GHZEP,Two year,62,65.1,3846.75,DSL,Mailed check,Yes,Yes,No,0.04145467004386809,Low
0440-EKDCF,Two year,62,60.15,3753.2,DSL,Credit card (automatic),Yes,No,No,0.04141964745140814,Low
8450-LUGUK,Two year,37,24.1,861.85,No,Bank transfer (automatic),No internet service,No internet service,No,0.041410609560477464,Low
6418-PIQSP,Two year,62,81.0,4985.9,DSL,Mailed check,Yes,Yes,No,0.04137751687431237,Low
7722-VJRQD,Two year,72,60.95,4549.05,DSL,Bank transfer (automatic),Yes,Yes,No,0.0412636046474201,Low
1043-YCUTE,Two year,56,25.15,1327.15,No,Credit card (automatic),No internet service,No internet service,Yes,0.041254537187285306,Low
6723-CEGQI,Two year,65,45.25,2933.95,DSL,Mailed check,Yes,No,No,0.041186647616173515,Low
4291-TPNFG,Two year,72,82.3,5980.55,DSL,Bank transfer (automatic),Yes,Yes,No,0.04114062564503882,Low
8242-PDSGJ,Two year,70,39.15,2692.75,DSL,Credit card (automatic),Yes,Yes,No,0.041114619064177155,Low
9668-PUGNU,Two year,71,24.5,1816.2,No,Electronic check,No internet service,No internet service,No,0.041062087738083106,Low
8597-CTXVJ,One year,70,64.95,4551.5,DSL,Bank transfer (automatic),Yes,Yes,No,0.04106194250149214,Low
8067-NIOYM,Two year,24,21.1,490.65,No,Credit card (automatic),No internet service,No internet service,No,0.041013872441194164,Low
0071-NDAFP,Two year,25,25.5,630.6,No,Credit card (automatic),No internet service,No internet service,No,0.04094409005959411,Low
7398-HPYZQ,Two year,71,90.55,6404.0,DSL,Bank transfer (automatic),Yes,Yes,No,0.0408733768566969,Low
6051-PTVNS,One year,55,19.15,998.1,No,Credit card (automatic),No internet service,No internet service,No,0.04082419356949578,Low
9674-EHPPG,Two year,46,40.4,1842.7,DSL,Credit card (automatic),Yes,Yes,No,0.040817946906277346,Low
1414-YADCW,Two year,70,84.6,5706.2,Fiber optic,Bank transfer (automatic),Yes,Yes,No,0.04078366712551693,Low
5879-HMFFH,Two year,72,88.05,6520.8,DSL,Bank transfer (automatic),Yes,Yes,No,0.04076438905576255,Low
8859-AXJZP,Two year,39,23.8,903.8,No,Mailed check,No internet service,No internet service,No,0.04073262838587272,Low
2194-IIQOF,Two year,71,89.3,6388.65,DSL,Credit card (automatic),Yes,Yes,No,0.040676315057473586,Low
7009-PCARS,One year,55,19.1,1001.5,No,Bank transfer (automatic),No internet service,No internet service,No,0.04060104306880256,Low
0744-BIKKF,Two year,72,86.65,6224.8,DSL,Bank transfer (automatic),Yes,Yes,No,0.04059105514212359,Low
6119-SPUDB,Two year,46,38.25,1755.35,DSL,Mailed check,Yes,Yes,No,0.040580611453039754,Low
4302-ZYFEL,One year,69,20.55,1403.1,No,Credit card (automatic),No internet service,No internet service,No,0.04040510148671033,Low
3557-HTYWR,Two year,47,74.05,3496.3,DSL,Mailed check,Yes,Yes,No,0.04036886995321026,Low
7359-SSBJK,Two year,64,70.2,4481.0,DSL,Credit card (automatic),Yes,Yes,Yes,0.040254121386465426,Low
5751-USDBL,Two year,46,81.0,3846.35,DSL,Mailed check,Yes,Yes,No,0.04018192024614857,Low
2649-HWLYB,Two year,65,76.15,4929.55,DSL,Bank transfer (automatic),Yes,Yes,No,0.04017431893219013,Low
3896-ZVNET,Two year,24,24.7,571.75,No,Mailed check,No internet service,No internet service,No,0.04016597303040221,Low
9798-OPFEM,Two year,46,21.1,937.1,No,Electronic check,No internet service,No internet service,No,0.04015547014330721,Low
4701-LKOZD,Two year,70,89.75,6367.2,DSL,Credit card (automatic),Yes,Yes,No,0.04015235731822694,Low
9639-BUJXT,One year,63,20.5,1328.15,No,Mailed check,No internet service,No internet service,No,0.04011943502742002,Low
0854-UYHZD,Two year,13,19.55,265.3,No,Mailed check,No internet service,No internet service,No,0.04008459428484246,Low
2885-HIJDH,Two year,69,86.9,6194.1,DSL,Bank transfer (automatic),Yes,Yes,No,0.0399925686277291,Low
5016-LIPDW,One year,57,19.4,1061.6,No,Mailed check,No internet service,No internet service,No,0.03978813532638348,Low
5707-ZMDJP,Two year,53,69.7,3729.6,DSL,Mailed check,Yes,Yes,No,0.03973253803253995,Low
7873-CVMAW,Two year,72,88.55,6362.35,DSL,Credit card (automatic),Yes,Yes,No,0.039663828339317204,Low
4521-WFJAI,Two year,56,25.95,1444.05,No,Bank transfer (automatic),No internet service,No internet service,No,0.039657189616978034,Low
6463-MVYRY,Two year,57,69.85,4003.0,DSL,Bank transfer (automatic),Yes,Yes,No,0.039641530287330834,Low
1085-LDWAM,One year,69,20.35,1442.65,No,Credit card (automatic),No internet service,No internet service,No,0.03951750272988248,Low
5148-HKFIR,Two year,20,19.7,406.95,No,Mailed check,No internet service,No internet service,No,0.03950704997795214,Low
1084-MNSMJ,Two year,51,85.5,4421.95,DSL,Credit card (automatic),Yes,Yes,No,0.03949075717611377,Low
0848-SOMKO,Two year,70,48.4,3442.8,DSL,Bank transfer (automatic),Yes,Yes,No,0.039466535038464486,Low
3967-KXAPS,Two year,72,92.3,6719.9,DSL,Credit card (automatic),Yes,Yes,No,0.039404691024001515,Low
4703-MQYKT,Two year,21,19.6,390.4,No,Mailed check,No internet service,No internet service,No,0.039363114308336666,Low
1699-UOTXU,Two year,60,61.4,3638.25,DSL,Electronic check,No,Yes,No,0.039322022372716516,Low
8902-ZEOVF,One year,47,20.05,951.55,No,Mailed check,No internet service,No internet service,No,0.039302835164465644,Low
7473-ZBDSN,Two year,14,18.8,255.55,No,Mailed check,No internet service,No internet service,No,0.039189275659678065,Low
1843-TLSGD,Two year,13,20.85,272.35,No,Mailed check,No internet service,No internet service,No,0.03918520398709084,Low
0827-ITJPH,Two year,36,18.55,689.0,No,Credit card (automatic),No internet service,No internet service,No,0.039142899129836435,Low
2451-YMUXS,Two year,67,64.55,4250.1,DSL,Bank transfer (automatic),Yes,Yes,No,0.03909011773824835,Low
2266-FUBDZ,Two year,15,19.35,278.85,No,Mailed check,No internet service,No internet service,No,0.03899249902846522,Low
5356-KZCKT,Two year,58,24.45,1513.6,No,Credit card (automatic),No internet service,No internet service,No,0.03894315885018879,Low
7815-PDTHL,Two year,35,20.2,684.4,No,Mailed check,No internet service,No internet service,No,0.038904563890847885,Low
2160-GPFXD,Two year,54,65.65,3566.7,DSL,Credit card (automatic),Yes,Yes,No,0.03888011985385299,Low
9950-MTGYX,Two year,28,20.3,487.95,No,Credit card (automatic),No internet service,No internet service,No,0.03887694219233596,Low
9871-ELEYA,Two year,34,67.65,2339.3,DSL,Credit card (automatic),Yes,Yes,No,0.038817219490784066,Low
3521-HTQTV,Two year,34,26.1,980.35,No,Bank transfer (automatic),No internet service,No internet service,No,0.03875791641300862,Low
4915-BFSXL,Two year,70,68.95,4858.7,DSL,Credit card (automatic),No,Yes,No,0.03875179554634031,Low
8374-UULRV,Two year,72,86.05,6309.65,DSL,Credit card (automatic),Yes,Yes,No,0.03846096534191442,Low
2263-SFSQZ,Two year,51,24.95,1222.25,No,Mailed check,No internet service,No internet service,No,0.038390748267375596,Low
6348-SNFUS,Two year,72,55.45,4179.2,DSL,Credit card (automatic),Yes,Yes,No,0.03835714042756742,Low
5249-QYHEX,Two year,40,24.8,1024.7,No,Mailed check,No internet service,No internet service,No,0.03832346665986096,Low
8148-NLEGT,Two year,42,22.95,1014.25,No,Electronic check,No internet service,No internet service,No,0.03830124949713985,Low
5995-LFTLE,Two year,58,25.3,1474.35,No,Credit card (automatic),No internet service,No internet service,No,0.03813503728846689,Low
4213-HKBJO,Two year,33,25.7,826.1,No,Credit card (automatic),No internet service,No internet service,No,0.038131070863651986,Low
5494-WOZRZ,Two year,71,82.0,5999.85,DSL,Credit card (automatic),Yes,Yes,No,0.03812762886390814,Low
3779-OSWCF,Two year,71,93.2,6506.15,DSL,Credit card (automatic),Yes,Yes,No,0.038077706931887896,Low
2969-VAPYH,One year,67,60.5,3870.0,DSL,Credit card (automatic),Yes,Yes,No,0.03804423731957961,Low
2428-HYUNX,Two year,44,19.35,847.25,No,Credit card (automatic),No internet service,No internet service,No,0.037970242915918426,Low
9620-QJREV,One year,47,20.55,1013.05,No,Credit card (automatic),No internet service,No internet service,No,0.037950567809945164,Low
9548-LERKT,Two year,24,19.75,483.15,No,Mailed check,No internet service,No internet service,No,0.03792793114314133,Low
2990-IAJSV,Two year,72,92.0,6632.75,DSL,Bank transfer (automatic),Yes,Yes,No,0.037907684361582955,Low
3500-NSDOA,Two year,68,70.8,4859.95,DSL,Credit card (automatic),Yes,No,No,0.03777715136322335,Low
7963-SHNDT,Two year,52,39.1,1982.1,DSL,Mailed check,Yes,Yes,No,0.03777021296896361,Low
7340-KEFQE,Two year,51,34.2,1782.0,DSL,Bank transfer (automatic),Yes,Yes,No,0.037686071584669405,Low
9661-JALZV,Two year,58,24.7,1519.0,No,Credit card (automatic),No internet service,No internet service,No,0.037632196815802633,Low
1027-LKKQQ,Two year,72,80.45,5886.85,DSL,Bank transfer (automatic),Yes,Yes,No,0.03760676055112826,Low
3084-DOWLE,Two year,72,92.0,6474.4,DSL,Bank transfer (automatic),Yes,Yes,No,0.0375561057447668,Low
7284-ZZLOH,Two year,45,53.3,2296.25,DSL,Credit card (automatic),No,Yes,No,0.03748850978637768,Low
5075-JSDKI,Two year,59,24.45,1493.1,No,Electronic check,No internet service,No internet service,No,0.03744209062322861,Low
1970-KKFWL,Two year,35,23.3,797.1,No,Bank transfer (automatic),No internet service,No internet service,No,0.037408400231315274,Low
3719-TDVQB,Two year,54,18.95,1031.1,No,Mailed check,No internet service,No internet service,No,0.037384889498737355,Low
7018-FPXHH,Two year,56,59.8,3457.45,DSL,Bank transfer (automatic),No,Yes,No,0.0372429036785833,Low
5320-BRKGK,Two year,58,75.8,4415.75,DSL,Mailed check,Yes,Yes,No,0.037225939921959716,Low
5148-ORICT,Two year,64,74.35,4759.55,DSL,Mailed check,Yes,Yes,No,0.03719737242532833,Low
0839-JTCUD,Two year,66,89.9,5958.85,DSL,Credit card (automatic),Yes,Yes,No,0.03709233294898982,Low
3227-WLKLI,Two year,65,91.55,5963.95,DSL,Bank transfer (automatic),Yes,Yes,No,0.03707308618765373,Low
6696-YDAYZ,Two year,16,20.5,290.55,No,Mailed check,No internet service,No internet service,No,0.03705745399849423,Low
0608-JDVEC,Two year,50,19.8,1013.2,No,Electronic check,No internet service,No internet service,No,0.03701896647141288,Low
8690-ZVLCL,Two year,68,88.0,6161.9,DSL,Credit card (automatic),Yes,Yes,No,0.03674712765541441,Low
2498-XLDZR,Two year,32,73.6,2316.85,DSL,Mailed check,Yes,Yes,No,0.03673407621240157,Low
1699-TLDLZ,Two year,16,19.7,301.55,No,Mailed check,No internet service,No internet service,No,0.03667267329711529,Low
6625-IUTTT,Two year,67,65.55,4361.55,DSL,Bank transfer (automatic),No,Yes,No,0.03636182726558146,Low
1506-YJTYT,Two year,45,73.85,3371.0,DSL,Credit card (automatic),Yes,Yes,No,0.03634805415206084,Low
0732-OCQOC,Two year,52,25.05,1270.25,No,Bank transfer (automatic),No internet service,No internet service,No,0.03634271864040154,Low
7253-UVNDW,Two year,46,54.35,2460.15,DSL,Credit card (automatic),Yes,No,Yes,0.03632463349221895,Low
4884-LEVMQ,Two year,39,20.45,790.0,No,Bank transfer (automatic),No internet service,No internet service,No,0.03629663116824831,Low
6925-BAYGL,Two year,53,25.1,1275.6,No,Credit card (automatic),No internet service,No internet service,No,0.036286833553037766,Low
7639-OPLNG,Two year,70,79.25,5731.85,DSL,Bank transfer (automatic),Yes,Yes,No,0.03625031155186769,Low
6614-YOLAC,Two year,71,58.65,4145.25,DSL,Mailed check,Yes,Yes,No,0.03620061348821255,Low
4837-PZTIC,Two year,47,41.9,1875.25,DSL,Mailed check,Yes,Yes,No,0.03610503521681605,Low
8780-YRMTT,Two year,66,47.4,3177.25,DSL,Mailed check,Yes,Yes,No,0.03609763175513602,Low
9588-YRFHY,Two year,49,19.9,1022.6,No,Credit card (automatic),No internet service,No internet service,No,0.035971182943126685,Low
1395-WSWXR,Two year,24,20.75,487.05,No,Mailed check,No internet service,No internet service,No,0.03594081204555444,Low
3120-FAZKD,Two year,54,24.05,1230.9,No,Bank transfer (automatic),No internet service,No internet service,No,0.035907373435820907,Low
3262-EIDHV,Two year,72,84.7,5893.9,DSL,Credit card (automatic),Yes,Yes,No,0.0358349670241388,Low
7552-KEYGT,Two year,27,19.55,520.55,No,Bank transfer (automatic),No internet service,No internet service,No,0.03581652449098112,Low
7560-QRBXH,One year,48,19.95,936.7,No,Mailed check,No internet service,No internet service,No,0.03580467505651007,Low
2378-YIZKA,Two year,68,85.0,5607.75,DSL,Credit card (automatic),Yes,Yes,No,0.0357840206251086,Low
7771-CFQRQ,Two year,47,63.8,3007.25,DSL,Bank transfer (automatic),Yes,No,No,0.03576709072135236,Low
0318-ZOPWS,Two year,49,20.15,973.35,No,Bank transfer (automatic),No internet service,No internet service,No,0.035690741796077834,Low
7197-VOJMM,Two year,67,69.2,4671.65,DSL,Credit card (automatic),Yes,Yes,No,0.035515168128395815,Low
0379-DJQHR,Two year,67,81.35,5398.6,DSL,Credit card (automatic),No,Yes,No,0.03550654042218957,Low
6248-BSHKG,One year,61,20.4,1226.45,No,Mailed check,No internet service,No internet service,No,0.03549968645863052,Low
8580-QVLOC,Two year,72,92.45,6440.25,DSL,Credit card (automatic),Yes,Yes,Yes,0.03543434190048166,Low
8722-PRFDV,Two year,71,77.55,5574.35,DSL,Credit card (automatic),No,Yes,No,0.03542720198871437,Low
0774-RMNUW,Two year,71,59.7,4122.65,DSL,Bank transfer (automatic),Yes,Yes,No,0.035385944615574844,Low
8205-VSLRB,Two year,70,77.3,5498.2,DSL,Credit card (automatic),Yes,Yes,No,0.03537968137252089,Low
0363-SVHYR,Two year,71,86.85,6263.8,DSL,Bank transfer (automatic),Yes,Yes,No,0.035367465297352095,Low
5736-YEJAX,Two year,69,79.45,5502.55,DSL,Credit card (automatic),Yes,Yes,No,0.03530914384101045,Low
8468-FZTOE,Two year,72,74.35,5237.4,DSL,Electronic check,Yes,Yes,No,0.03522215984079747,Low
2805-AUFQN,Two year,25,19.8,475.2,No,Credit card (automatic),No internet service,No internet service,No,0.035187098709136666,Low
2162-FRZAA,Two year,63,39.35,2395.05,DSL,Bank transfer (automatic),Yes,No,No,0.0351333592958002,Low
1697-LYYYX,One year,61,19.1,1143.8,No,Credit card (automatic),No internet service,No internet service,No,0.03511245027745119,Low
6199-IPCAO,Two year,29,26.1,692.55,No,Mailed check,No internet service,No internet service,No,0.03508890640878508,Low
8336-TAVKX,Two year,72,78.45,5682.25,DSL,Bank transfer (automatic),Yes,Yes,No,0.035050376437597175,Low
4139-DETXS,Two year,72,64.45,4528.0,DSL,Bank transfer (automatic),Yes,Yes,No,0.03496503257826989,Low
4804-NCPET,Two year,19,20.2,387.4,No,Mailed check,No internet service,No internet service,No,0.03490689467959439,Low
4636-TVXVG,One year,62,19.95,1244.8,No,Bank transfer (automatic),No internet service,No internet service,No,0.034895191822698235,Low
2892-GESUL,Two year,18,19.35,309.25,No,Mailed check,No internet service,No internet service,No,0.0347415581089575,Low
5181-OABFK,Two year,56,61.3,3346.8,DSL,Credit card (automatic),No,Yes,No,0.034723113585523845,Low
8395-ETZKQ,One year,68,19.5,1193.55,No,Bank transfer (automatic),No internet service,No internet service,No,0.0346924521986995,Low
5322-ZSMZY,Two year,31,25.75,755.6,No,Mailed check,No internet service,No internet service,No,0.034669588485594774,Low
6439-PKTRR,Two year,70,80.7,5617.95,DSL,Electronic check,Yes,Yes,No,0.03461896676886419,Low
4825-FUREZ,Two year,42,20.25,835.5,No,Electronic check,No internet service,No internet service,No,0.03442799324622987,Low
3902-MIVLE,Two year,63,75.7,4676.7,DSL,Mailed check,Yes,Yes,No,0.034344422372827796,Low
3050-RLLXC,Two year,56,81.25,4620.4,DSL,Credit card (automatic),Yes,Yes,No,0.034311349853705195,Low
0019-GFNTW,Two year,56,45.05,2560.1,DSL,Bank transfer (automatic),Yes,Yes,No,0.03427838590982496,Low
0769-MURVM,Two year,72,65.7,4575.35,DSL,Bank transfer (automatic),Yes,Yes,No,0.03425828505235074,Low
2346-CZYIL,Two year,27,20.35,531.6,No,Credit card (automatic),No internet service,No internet service,No,0.03418114724121379,Low
3978-YNKDD,Two year,19,20.85,467.5,No,Credit card (automatic),No internet service,No internet service,No,0.034115137997994524,Low
5171-EPLKN,Two year,27,19.85,470.0,No,Credit card (automatic),No internet service,No internet service,No,0.03407953077307855,Low
1223-UNPKS,Two year,20,20.05,400.0,No,Mailed check,No internet service,No internet service,No,0.03404029530053153,Low
4674-HGNUA,Two year,71,89.9,6457.15,DSL,Credit card (automatic),Yes,Yes,No,0.03395624942318555,Low
6813-GZQCG,Two year,45,24.65,1171.3,No,Credit card (automatic),No internet service,No internet service,No,0.03392994874216744,Low
8999-EXMNO,Two year,19,20.15,387.7,No,Mailed check,No internet service,No internet service,No,0.033911084523702735,Low
4774-HHGGS,Two year,30,19.05,637.55,No,Mailed check,No internet service,No internet service,No,0.03383653890637527,Low
2925-VDZHY,Two year,72,88.7,6501.35,DSL,Credit card (automatic),Yes,Yes,No,0.033785105350294685,Low
8292-ITGYJ,Two year,45,24.65,1138.8,No,Bank transfer (automatic),No internet service,No internet service,No,0.03372113809690557,Low
5196-WPYOW,One year,67,60.05,3994.05,DSL,Mailed check,Yes,Yes,No,0.033697631569030245,Low
7101-HRBLJ,Two year,72,83.7,6096.9,DSL,Bank transfer (automatic),Yes,Yes,No,0.03368513559325688,Low
5135-RDDQL,Two year,63,50.65,3221.25,DSL,Bank transfer (automatic),No,Yes,No,0.03360119637858965,Low
7560-QJAVJ,Two year,70,79.6,5589.45,DSL,Bank transfer (automatic),Yes,Yes,No,0.0335935953331673,Low
0562-KBDVM,Two year,70,44.6,3058.15,DSL,Bank transfer (automatic),Yes,Yes,No,0.033485300604948885,Low
8807-OPMBM,Two year,55,25.65,1388.0,No,Credit card (automatic),No internet service,No internet service,No,0.03346022593964241,Low
5115-GZDEL,Two year,72,67.2,4671.7,DSL,Credit card (automatic),Yes,Yes,No,0.03344080686999485,Low
9488-FVZCC,Two year,72,79.5,5661.7,DSL,Bank transfer (automatic),Yes,Yes,No,0.03339518351758084,Low
6292-TOSSS,Two year,50,24.9,1195.25,No,Bank transfer (automatic),No internet service,No internet service,No,0.03337456982522509,Low
2908-WGAXL,Two year,56,24.95,1468.9,No,Credit card (automatic),No internet service,No internet service,No,0.03326554671467511,Low
7599-NTMDP,Two year,62,48.7,3008.55,DSL,Bank transfer (automatic),Yes,Yes,No,0.033246483597982796,Low
8146-QQKZH,Two year,71,81.85,5924.4,DSL,Bank transfer (automatic),Yes,Yes,No,0.033234281333014974,Low
9593-CVZKR,Two year,56,24.45,1385.85,No,Mailed check,No internet service,No internet service,No,0.03322443617777392,Low
1775-KWJKQ,Two year,72,89.85,6562.9,DSL,Credit card (automatic),Yes,Yes,No,0.033209969244474516,Low
0730-BGQGF,Two year,71,90.3,6287.3,DSL,Credit card (automatic),Yes,Yes,No,0.03316564554498165,Low
7205-BAIAD,Two year,40,20.6,827.3,No,Bank transfer (automatic),No internet service,No internet service,No,0.03312324056639108,Low
4335-BSMJS,Two year,62,25.8,1563.95,No,Credit card (automatic),No internet service,No internet service,No,0.0330059872271766,Low
8626-XHBIE,Two year,56,24.8,1424.2,No,Mailed check,No internet service,No internet service,No,0.032968650037490756,Low
9823-EALYC,Two year,72,80.85,5727.45,DSL,Bank transfer (automatic),Yes,Yes,No,0.032919256957298804,Low
9281-CEDRU,Two year,68,64.1,4326.25,DSL,Bank transfer (automatic),Yes,No,No,0.0328901190103707,Low
2296-DKZFP,Two year,65,71.0,4386.2,DSL,Bank transfer (automatic),No,Yes,No,0.032821459492301586,Low
4940-KHCWD,Two year,60,37.7,2288.7,DSL,Bank transfer (automatic),Yes,Yes,No,0.032778804589146456,Low
6164-HAQTX,Two year,71,53.95,3888.65,DSL,Bank transfer (automatic),Yes,Yes,No,0.03273204989743609,Low
4872-JCVCA,Two year,71,47.6,3377.8,DSL,Bank transfer (automatic),Yes,Yes,No,0.03267723047234533,Low
6080-LNESI,Two year,51,24.75,1234.6,No,Mailed check,No internet service,No internet service,No,0.032675677824501086,Low
0238-WHBIQ,Two year,72,89.7,6339.3,DSL,Credit card (automatic),Yes,Yes,No,0.03263700634360545,Low
1635-HDGFT,Two year,19,20.5,398.55,No,Mailed check,No internet service,No internet service,No,0.0326166745464657,Low
8631-NBHFZ,Two year,66,79.4,5154.6,DSL,Credit card (automatic),Yes,Yes,Yes,0.03259143134400433,Low
7706-YLMQA,One year,70,19.7,1341.5,No,Bank transfer (automatic),No internet service,No internet service,No,0.03258880013935647,Low
5231-FIQPA,Two year,41,19.85,810.45,No,Mailed check,No internet service,No internet service,No,0.03257690461514034,Low
5117-ZSMHQ,Two year,71,89.9,6342.7,DSL,Bank transfer (automatic),Yes,Yes,No,0.032545649973295974,Low
5044-XDPYX,Two year,51,25.5,1281.25,No,Mailed check,No internet service,No internet service,No,0.03253918290867735,Low
1468-DEFNC,Two year,64,24.4,1548.65,No,Bank transfer (automatic),No internet service,No internet service,No,0.032499352122368555,Low
1813-JLKWR,One year,64,19.8,1336.65,No,Bank transfer (automatic),No internet service,No internet service,No,0.03240956939830921,Low
9489-JMTTN,Two year,72,89.75,6595.9,DSL,Credit card (automatic),Yes,Yes,No,0.03238745901645953,Low
9385-EHGDO,Two year,35,19.85,739.35,No,Mailed check,No internet service,No internet service,No,0.032358344453157106,Low
5993-JSUWV,Two year,66,61.15,4017.45,DSL,Bank transfer (automatic),No,Yes,No,0.032276771304142186,Low
5605-XNWEN,Two year,72,25.0,1802.55,No,Bank transfer (automatic),No internet service,No internet service,No,0.0322412506212795,Low
5699-BNCAS,Two year,71,24.65,1766.75,No,Mailed check,No internet service,No internet service,No,0.032133892195636955,Low
5666-MBJPT,Two year,65,25.1,1725.0,No,Bank transfer (automatic),No internet service,No internet service,No,0.032120144274131075,Low
7977-HXJKU,Two year,21,19.6,397.0,No,Mailed check,No internet service,No internet service,No,0.032113354887827995,Low
7408-OFWXJ,Two year,72,89.8,6510.45,DSL,Credit card (automatic),Yes,Yes,No,0.03210422358018736,Low
3957-SQXML,Two year,34,24.95,894.3,No,Credit card (automatic),No internet service,No internet service,No,0.03203958144625883,Low
5176-OLSKT,Two year,66,66.9,4370.25,DSL,Bank transfer (automatic),No,Yes,No,0.031920171082765056,Low
1627-AFWVJ,Two year,29,19.4,554.25,No,Mailed check,No internet service,No internet service,No,0.031919700857935246,Low
3533-UVMOM,Two year,68,70.95,4741.45,DSL,Bank transfer (automatic),No,Yes,No,0.031865453268230454,Low
3569-JFODW,Two year,72,90.95,6652.45,DSL,Credit card (automatic),Yes,Yes,No,0.031789263803543896,Low
6407-GSJNL,Two year,51,24.95,1288.0,No,Bank transfer (automatic),No internet service,No internet service,No,0.031787343286875665,Low
6288-CHQJB,Two year,54,69.95,3871.85,DSL,Bank transfer (automatic),Yes,Yes,No,0.03174893418361101,Low
5377-NDTOU,Two year,71,91.05,6293.75,DSL,Mailed check,Yes,Yes,No,0.031666583231060315,Low
0354-VXMJC,Two year,23,19.6,426.65,No,Credit card (automatic),No internet service,No internet service,No,0.03157066850979314,Low
4102-HLENU,Two year,67,65.65,4322.85,DSL,Mailed check,No,Yes,No,0.03156035172021358,Low
5803-NQJZO,Two year,72,67.8,4804.65,DSL,Bank transfer (automatic),Yes,Yes,No,0.0315349869693002,Low
0973-KYVNF,Two year,72,70.65,5011.15,DSL,Credit card (automatic),No,Yes,No,0.03139398909210514,Low
2452-MRMZF,Two year,72,25.7,1937.4,No,Credit card (automatic),No internet service,No internet service,No,0.031293138893549906,Low
5915-ANOEI,Two year,70,79.15,5536.5,DSL,Mailed check,Yes,Yes,No,0.03126071496551509,Low
5542-NKVRU,Two year,42,20.75,844.45,No,Bank transfer (automatic),No internet service,No internet service,No,0.031242607814791316,Low
4896-CPRPF,Two year,35,25.45,809.25,No,Bank transfer (automatic),No internet service,No internet service,No,0.031214445008961058,Low
0839-QNXME,Two year,30,19.4,578.5,No,Credit card (automatic),No internet service,No internet service,No,0.03118793113732765,Low
8966-KZXXA,Two year,36,25.1,930.95,No,Credit card (automatic),No internet service,No internet service,No,0.031176589769877167,Low
3785-KTYSH,Two year,53,24.6,1279.0,No,Mailed check,No internet service,No internet service,No,0.031100469990148573,Low
5334-AFQJB,Two year,72,25.1,1789.9,No,Credit card (automatic),No internet service,No internet service,No,0.03108640075929745,Low
2511-ALLCS,Two year,35,24.3,821.6,No,Bank transfer (automatic),No internet service,No internet service,No,0.031051481049715408,Low
0526-SXDJP,Two year,72,42.1,2962.0,DSL,Bank transfer (automatic),No,Yes,No,0.031039427125113945,Low
4194-FJARJ,Two year,54,60.0,3273.95,DSL,Bank transfer (automatic),Yes,Yes,No,0.03102439757148492,Low
5781-RFZRP,Two year,71,73.5,5357.75,DSL,Credit card (automatic),Yes,Yes,No,0.03093531185024906,Low
6923-AQONU,Two year,23,20.9,454.0,No,Mailed check,No internet service,No internet service,No,0.03091237367037425,Low
0244-LGNFY,Two year,72,92.65,6733.0,DSL,Bank transfer (automatic),Yes,Yes,No,0.030904426975826804,Low
5124-EOGYE,Two year,31,20.45,638.55,No,Mailed check,No internet service,No internet service,No,0.03084199421533992,Low
9065-ZCPQX,Two year,72,78.85,5763.15,DSL,Bank transfer (automatic),Yes,Yes,No,0.030833591601209902,Low
7898-PDWQE,Two year,71,80.4,5727.15,DSL,Credit card (automatic),Yes,Yes,No,0.030832851964778273,Low
1985-MBRYP,Two year,43,19.65,779.25,No,Bank transfer (automatic),No internet service,No internet service,No,0.030743702845757333,Low
6265-FRMTQ,Two year,31,20.4,609.1,No,Bank transfer (automatic),No internet service,No internet service,No,0.030706502779829534,Low
2251-PYLPB,Two year,72,79.55,5810.9,DSL,Credit card (automatic),Yes,Yes,No,0.030597011574356795,Low
1814-WFGVS,Two year,72,48.9,3527.0,DSL,Mailed check,Yes,Yes,No,0.030552788553358468,Low
6614-YWYSC,Two year,61,25.0,1501.75,No,Bank transfer (automatic),No internet service,No internet service,No,0.030501233611370353,Low
2143-LJULT,Two year,67,25.25,1733.15,No,Credit card (automatic),No internet service,No internet service,No,0.030484770894330274,Low
3070-FNFZQ,Two year,23,20.4,478.75,No,Bank transfer (automatic),No internet service,No internet service,No,0.030478462200970603,Low
5614-DNZCE,Two year,58,64.9,3795.45,DSL,Credit card (automatic),Yes,Yes,No,0.030474710994042014,Low
1073-XXCZD,Two year,55,25.7,1443.65,No,Bank transfer (automatic),No internet service,No internet service,No,0.03032127100832565,Low
4012-YCFAI,Two year,60,61.35,3766.2,DSL,Mailed check,Yes,Yes,No,0.0301968602750445,Low
7996-MHXLW,Two year,66,25.15,1683.6,No,Credit card (automatic),No internet service,No internet service,No,0.03019387494862161,Low
5310-NOOVA,Two year,46,19.95,907.05,No,Electronic check,No internet service,No internet service,No,0.03009822674636958,Low
6384-VMJHP,Two year,72,73.0,5265.2,DSL,Credit card (automatic),Yes,Yes,No,0.03003719620589932,Low
8174-LNWMW,Two year,31,20.9,689.35,No,Credit card (automatic),No internet service,No internet service,No,0.029997378189001445,Low
8990-YOZLV,Two year,69,66.9,4577.9,DSL,Mailed check,Yes,Yes,No,0.02998018983022714,Low
8234-GSZYK,Two year,43,26.45,1110.05,No,Bank transfer (automatic),No internet service,No internet service,No,0.0299694277794082,Low
3662-FXJFO,Two year,54,20.5,1035.7,No,Mailed check,No internet service,No internet service,No,0.029916132625280603,Low
2954-PIBKO,Two year,69,64.15,4254.1,DSL,Credit card (automatic),Yes,Yes,No,0.029861797417624115,Low
5766-FTRTS,Two year,72,84.45,6033.1,DSL,Mailed check,Yes,Yes,No,0.029793821244948504,Low
8173-RXAYP,Two year,24,19.7,452.55,No,Mailed check,No internet service,No internet service,No,0.029779437000239543,Low
6551-VLJMV,Two year,34,20.05,679.0,No,Credit card (automatic),No internet service,No internet service,No,0.029727858230467596,Low
9418-RUKPH,Two year,38,19.95,756.4,No,Mailed check,No internet service,No internet service,No,0.02965351904085434,Low
9650-VBUOG,Two year,38,25.05,963.95,No,Credit card (automatic),No internet service,No internet service,No,0.02954251015466209,Low
7998-WNZEM,Two year,71,80.6,5708.2,DSL,Bank transfer (automatic),Yes,Yes,No,0.029541192525861813,Low
4018-PPNDW,Two year,61,24.1,1551.6,No,Mailed check,No internet service,No internet service,No,0.02951204035611044,Low
7267-FRMJW,Two year,25,20.1,486.05,No,Mailed check,No internet service,No internet service,No,0.029500848186673794,Low
6695-AMZUF,Two year,70,86.45,5950.2,DSL,Credit card (automatic),Yes,Yes,No,0.029482527860608655,Low
1619-YWUBB,Two year,68,24.95,1614.9,No,Credit card (automatic),No internet service,No internet service,No,0.029471973026273066,Low
8577-QSOCG,Two year,38,20.2,746.05,No,Mailed check,No internet service,No internet service,No,0.029459146426815002,Low
2560-WBWXF,Two year,68,24.15,1498.85,No,Bank transfer (automatic),No internet service,No internet service,No,0.029409731008873462,Low
5010-IPEAQ,Two year,67,54.2,3623.95,DSL,Credit card (automatic),Yes,Yes,No,0.029402299569541924,Low
8859-DZTGQ,Two year,33,20.35,689.75,No,Mailed check,No internet service,No internet service,No,0.029384343478470205,Low
8441-SHIPE,Two year,67,25.6,1790.35,No,Bank transfer (automatic),No internet service,No internet service,No,0.029333244643343543,Low
5472-CVMDX,Two year,68,38.9,2719.2,DSL,Mailed check,Yes,Yes,No,0.029319745954733363,Low
7416-CKTEP,Two year,57,19.6,1134.25,No,Bank transfer (automatic),No internet service,No internet service,No,0.02930503722321575,Low
1839-FBNFR,Two year,39,19.85,854.8,No,Bank transfer (automatic),No internet service,No internet service,No,0.029295165122464228,Low
5846-NEQVZ,Two year,71,70.85,4973.4,DSL,Credit card (automatic),Yes,Yes,No,0.029202127533693865,Low
0442-TDYUO,Two year,48,20.05,1036.0,No,Mailed check,No internet service,No internet service,No,0.029180320791257736,Low
2384-OVPSA,Two year,38,20.2,735.9,No,Mailed check,No internet service,No internet service,No,0.0291374625887486,Low
1676-MQAOA,Two year,72,75.1,5336.35,DSL,Bank transfer (automatic),Yes,Yes,No,0.029129979367691846,Low
3580-GICBM,Two year,61,24.2,1445.2,No,Mailed check,No internet service,No internet service,No,0.029128368102548395,Low
8028-PNXHQ,Two year,62,24.25,1424.6,No,Bank transfer (automatic),No internet service,No internet service,No,0.029088949870004443,Low
4335-UPJSI,Two year,24,19.75,498.1,No,Mailed check,No internet service,No internet service,No,0.029026570622284188,Low
7850-THJMU,Two year,26,19.65,494.9,No,Credit card (automatic),No internet service,No internet service,No,0.028986953996457926,Low
3284-SVCRO,Two year,45,25.5,1121.05,No,Mailed check,No internet service,No internet service,No,0.028981711472331455,Low
4299-OPXEJ,Two year,56,19.55,1080.55,No,Bank transfer (automatic),No internet service,No internet service,No,0.028957416973822203,Low
1240-HCBOH,Two year,67,26.1,1759.55,No,Mailed check,No internet service,No internet service,No,0.028954711902338844,Low
3148-AOIQT,Two year,69,24.95,1718.35,No,Credit card (automatic),No internet service,No internet service,No,0.028931710352567294,Low
9453-PATOS,Two year,72,85.1,6155.4,DSL,Mailed check,Yes,Yes,No,0.028857857454535587,Low
5227-JSCFE,Two year,71,46.35,3353.4,DSL,Credit card (automatic),Yes,Yes,No,0.028809591878525092,Low
8874-EJNSR,Two year,39,25.2,987.95,No,Mailed check,No internet service,No internet service,No,0.028637771315615457,Low
9585-KKMFD,Two year,41,20.0,879.8,No,Mailed check,No internet service,No internet service,No,0.0284930731193372,Low
5067-WJEUN,Two year,67,54.2,3838.2,DSL,Bank transfer (automatic),No,Yes,No,0.028417053055007357,Low
1080-BWSYE,Two year,64,25.65,1740.8,No,Credit card (automatic),No internet service,No internet service,No,0.02836660836306849,Low
5549-ZGHFB,Two year,50,24.95,1261.45,No,Mailed check,No internet service,No internet service,No,0.028324968827431574,Low
1231-YNDEK,Two year,58,19.15,1035.5,No,Bank transfer (automatic),No internet service,No internet service,No,0.028292688284268102,Low
4609-KNNWG,Two year,27,19.9,550.1,No,Mailed check,No internet service,No internet service,No,0.02825912230176792,Low
9631-RXVJM,Two year,35,19.25,677.9,No,Mailed check,No internet service,No internet service,No,0.02825277784511148,Low
8207-VVMYB,Two year,70,26.0,2006.95,No,Bank transfer (automatic),No internet service,No internet service,No,0.028242723167787892,Low
9481-WHGWY,Two year,70,75.35,5437.75,DSL,Credit card (automatic),Yes,Yes,No,0.028202630468669578,Low
8338-QIUNR,Two year,72,66.5,4811.6,DSL,Credit card (automatic),Yes,Yes,No,0.028170491301064887,Low
3884-UEBXB,Two year,67,36.15,2434.45,DSL,Bank transfer (automatic),No,Yes,No,0.028164829697937724,Low
6734-PSBAW,Two year,72,23.55,1723.95,No,Bank transfer (automatic),No internet service,No internet service,No,0.02812722464241926,Low
2235-EZAIK,Two year,72,79.2,5401.9,DSL,Credit card (automatic),Yes,Yes,No,0.02812140275931962,Low
2595-KIWPV,Two year,27,19.7,509.3,No,Credit card (automatic),No internet service,No internet service,No,0.028040070905656914,Low
7349-ALMUX,Two year,37,65.6,2313.8,DSL,Bank transfer (automatic),Yes,Yes,No,0.028033988649965702,Low
6139-ZZRBQ,Two year,64,20.05,1198.05,No,Bank transfer (automatic),No internet service,No internet service,No,0.027982912346995924,Low
7608-RGIRO,Two year,62,24.4,1413.0,No,Mailed check,No internet service,No internet service,No,0.027961462984236688,Low
6770-UAYGJ,Two year,49,25.25,1211.65,No,Mailed check,No internet service,No internet service,No,0.027952927669379724,Low
9392-XBGTD,Two year,27,20.6,581.85,No,Mailed check,No internet service,No internet service,No,0.027912129895117686,Low
3472-QPRCH,Two year,40,25.25,1006.9,No,Credit card (automatic),No internet service,No internet service,No,0.027900819147046868,Low
2481-SBOYW,Two year,61,25.0,1498.35,No,Credit card (automatic),No internet service,No internet service,No,0.02788108820225438,Low
8587-XYZSF,Two year,67,50.55,3260.1,DSL,Bank transfer (automatic),Yes,No,No,0.027840911845644824,Low
8219-VYBVI,Two year,39,25.0,1004.35,No,Mailed check,No internet service,No internet service,No,0.027823994376127998,Low
7014-ZZXAW,Two year,71,24.25,1732.95,No,Credit card (automatic),No internet service,No internet service,No,0.02775843743677448,Low
6177-PEVRA,Two year,48,55.5,2627.35,DSL,Credit card (automatic),No,Yes,No,0.02767500477449357,Low
9964-WBQDJ,Two year,71,24.4,1725.4,No,Credit card (automatic),No internet service,No internet service,No,0.027656258742833353,Low
6518-PPLMZ,Two year,53,19.4,1110.35,No,Mailed check,No internet service,No internet service,No,0.027553675408782945,Low
5176-LMJXE,Two year,47,20.55,945.7,No,Mailed check,No internet service,No internet service,No,0.027529235943754858,Low
3612-YVGSJ,Two year,71,24.45,1681.6,No,Credit card (automatic),No internet service,No internet service,No,0.027516847847710805,Low
4698-KVLLG,Two year,51,19.6,967.9,No,Credit card (automatic),No internet service,No internet service,No,0.02750916611683378,Low
5296-PSYVW,Two year,72,24.55,1750.7,No,Electronic check,No internet service,No internet service,No,0.02745116105201048,Low
3154-HMWUU,Two year,60,20.5,1198.8,No,Bank transfer (automatic),No internet service,No internet service,No,0.0274438224347057,Low
1852-QSWCD,Two year,64,24.8,1514.85,No,Mailed check,No internet service,No internet service,No,0.02742997465789332,Low
4565-NLZBV,Two year,71,24.65,1710.15,No,Bank transfer (automatic),No internet service,No internet service,No,0.02742930737398424,Low
1955-IBMMB,Two year,59,20.2,1192.3,No,Bank transfer (automatic),No internet service,No internet service,No,0.027396100926006688,Low
0885-HMGPY,Two year,62,69.4,4237.5,DSL,Bank transfer (automatic),Yes,Yes,No,0.027300270608516683,Low
1116-FRYVH,Two year,48,39.4,1978.65,DSL,Mailed check,Yes,Yes,No,0.027285315687817963,Low
5406-KGRMX,Two year,71,24.55,1719.15,No,Electronic check,No internet service,No internet service,No,0.02718003172752193,Low
7945-PRBVF,Two year,35,21.45,705.45,No,Bank transfer (automatic),No internet service,No internet service,No,0.027167466019500663,Low
2207-RYYRL,Two year,52,24.55,1331.05,No,Mailed check,No internet service,No internet service,No,0.027164072617204688,Low
0626-QXNGV,Two year,72,24.15,1776.45,No,Credit card (automatic),No internet service,No internet service,No,0.027145464393475604,Low
7503-EPSZW,Two year,64,24.05,1559.15,No,Mailed check,No internet service,No internet service,No,0.027134360361708066,Low
7921-BEPCI,Two year,72,59.75,4265.0,DSL,Bank transfer (automatic),No,Yes,No,0.02703674163136674,Low
2961-VNFKL,Two year,71,25.95,1801.9,No,Credit card (automatic),No internet service,No internet service,No,0.027005678586966706,Low
1207-BLKSA,Two year,52,23.05,1255.1,No,Mailed check,No internet service,No internet service,No,0.026910257964527753,Low
2882-WDTBA,Two year,69,75.75,5388.15,DSL,Bank transfer (automatic),Yes,Yes,No,0.0267975071677719,Low
8361-LBRDI,Two year,58,24.35,1423.85,No,Credit card (automatic),No internet service,No internet service,No,0.026744806445526976,Low
3373-DIUUN,Two year,30,21.25,711.9,No,Mailed check,No internet service,No internet service,No,0.026723871599084088,Low
1248-DYXUB,Two year,52,24.8,1229.1,No,Mailed check,No internet service,No internet service,No,0.026702748592374287,Low
4992-LTJNE,Two year,72,55.3,3983.6,DSL,Bank transfer (automatic),No,Yes,No,0.026686501043078077,Low
3511-BFTJW,Two year,72,38.5,2763.0,DSL,Credit card (automatic),No,Yes,No,0.026676758342260957,Low
1926-QUZNN,Two year,72,25.25,1841.2,No,Bank transfer (automatic),No internet service,No internet service,No,0.026665391283343852,Low
7601-DHFWZ,Two year,48,24.0,1183.05,No,Credit card (automatic),No internet service,No internet service,No,0.026665188484748407,Low
4458-KVRBJ,Two year,59,25.0,1510.5,No,Mailed check,No internet service,No internet service,No,0.02663719291782627,Low
8532-UEFWH,Two year,52,25.75,1345.85,No,Mailed check,No internet service,No internet service,No,0.0265685872999312,Low
0625-AFOHS,Two year,29,20.2,558.8,No,Mailed check,No internet service,No internet service,No,0.026490848207592274,Low
1087-GRUYI,Two year,38,20.4,743.5,No,Bank transfer (automatic),No internet service,No internet service,No,0.026477523417756003,Low
4475-NVTLU,Two year,45,19.2,903.7,No,Electronic check,No internet service,No internet service,No,0.026474598627326897,Low
4641-FROLU,Two year,30,19.3,602.9,No,Mailed check,No internet service,No internet service,No,0.026398509030123953,Low
7306-YDSOI,Two year,69,59.75,4069.9,DSL,Bank transfer (automatic),No,Yes,No,0.026385967675217097,Low
2208-NKVVH,Two year,43,24.25,1077.95,No,Mailed check,No internet service,No internet service,No,0.02625509260769331,Low
3470-OBUET,Two year,67,74.0,4868.4,DSL,Credit card (automatic),Yes,Yes,No,0.026227306920231157,Low
2799-TSLAG,Two year,65,25.3,1748.55,No,Bank transfer (automatic),No internet service,No internet service,No,0.0262126130884382,Low
9755-JHNMN,Two year,49,67.4,3306.85,DSL,Bank transfer (automatic),Yes,Yes,No,0.026188935669078817,Low
1270-XKUCC,Two year,30,19.7,599.25,No,Mailed check,No internet service,No internet service,No,0.02617034807627552,Low
9624-EGDEQ,Two year,37,19.8,813.3,No,Mailed check,No internet service,No internet service,No,0.026127793260344825,Low
6917-FIJHC,Two year,72,26.0,1776.0,No,Mailed check,No internet service,No internet service,No,0.026111127751524462,Low
7008-LZVOZ,Two year,66,25.3,1672.35,No,Credit card (automatic),No internet service,No internet service,No,0.026106326873075483,Low
1167-OYZJF,Two year,67,20.05,1263.05,No,Bank transfer (automatic),No internet service,No internet service,No,0.026022101763611978,Low
8917-FAEMR,Two year,37,19.85,784.25,No,Mailed check,No internet service,No internet service,No,0.025981232671665546,Low
3512-IZIKN,Two year,70,65.3,4759.75,DSL,Credit card (automatic),Yes,Yes,Yes,0.025979999143023833,Low
3088-FVYWK,Two year,53,25.55,1336.1,No,Credit card (automatic),No internet service,No internet service,No,0.02592929634687087,Low
1241-EZFMJ,Two year,61,25.45,1538.6,No,Bank transfer (automatic),No internet service,No internet service,No,0.02589850286154678,Low
4635-EJYPD,Two year,32,18.95,613.95,No,Mailed check,No internet service,No internet service,No,0.025865290091705236,Low
3889-VWBID,Two year,68,82.85,5776.45,DSL,Bank transfer (automatic),Yes,Yes,No,0.025792356712615483,Low
0463-TXOAK,Two year,52,25.6,1334.5,No,Credit card (automatic),No internet service,No internet service,No,0.02573631283158642,Low
2314-TNDJQ,Two year,72,55.65,3880.05,DSL,Credit card (automatic),Yes,Yes,No,0.02572152031062496,Low
0336-PIKEI,Two year,72,74.4,5360.75,DSL,Bank transfer (automatic),Yes,Yes,No,0.025588470292286253,Low
0281-CNTZX,Two year,63,19.95,1234.8,No,Bank transfer (automatic),No internet service,No internet service,No,0.025587614427073146,Low
3454-JFUBC,Two year,68,20.0,1396.0,No,Credit card (automatic),No internet service,No internet service,No,0.025569841878379098,Low
1215-EXRMO,Two year,50,20.55,1067.65,No,Mailed check,No internet service,No internet service,No,0.02556899562400685,Low
5457-COLHT,Two year,69,80.65,5542.55,DSL,Bank transfer (automatic),Yes,Yes,No,0.025504464008161955,Low
7647-GYYKX,Two year,54,20.35,1092.35,No,Bank transfer (automatic),No internet service,No internet service,No,0.025439749646964327,Low
9769-TSBZE,Two year,70,66.0,4891.5,DSL,Electronic check,Yes,Yes,No,0.02535177024043802,Low
4785-FCIFB,Two year,61,24.4,1417.9,No,Mailed check,No internet service,No internet service,No,0.02533435301932469,Low
3635-QQRQD,Two year,62,20.05,1201.65,No,Credit card (automatic),No internet service,No internet service,No,0.025314659668750558,Low
6370-ZVHDV,Two year,61,25.3,1554.9,No,Bank transfer (automatic),No internet service,No internet service,No,0.025244134085127688,Low
5220-AGAAX,Two year,68,24.0,1664.3,No,Bank transfer (automatic),No internet service,No internet service,No,0.025240315696135145,Low
4176-RELJR,Two year,67,25.1,1672.15,No,Credit card (automatic),No internet service,No internet service,No,0.025232889196015296,Low
5480-XTFFL,Two year,31,21.0,697.7,No,Mailed check,No internet service,No internet service,No,0.025205892684677503,Low
9337-SRRNI,Two year,66,25.3,1673.8,No,Credit card (automatic),No internet service,No internet service,No,0.025202076070656977,Low
7162-WPHPM,Two year,58,71.6,4230.25,DSL,Credit card (automatic),Yes,Yes,No,0.025097458454584488,Low
9087-EYCPR,Two year,60,25.0,1505.05,No,Mailed check,No internet service,No internet service,No,0.025094285449941984,Low
6134-KWTBV,Two year,62,23.4,1429.65,No,Bank transfer (automatic),No internet service,No internet service,No,0.02502176114519759,Low
4933-BSAIP,Two year,40,19.1,780.1,No,Mailed check,No internet service,No internet service,No,0.025005335206448678,Low
2632-TACXW,Two year,62,23.65,1416.75,No,Bank transfer (automatic),No internet service,No internet service,No,0.024991211813568243,Low
2300-RQGOI,Two year,38,20.05,741.5,No,Mailed check,No internet service,No internet service,No,0.02495892302765072,Low
7596-ZYWBB,Two year,65,59.6,3739.8,DSL,Mailed check,Yes,Yes,No,0.024948433621124658,Low
5095-ETBRJ,Two year,55,56.8,3112.05,DSL,Mailed check,Yes,Yes,No,0.024934527436848385,Low
3486-HOOGQ,Two year,70,79.7,5743.3,DSL,Bank transfer (automatic),Yes,Yes,No,0.024870646721559836,Low
9091-WTUUY,Two year,64,69.25,4447.75,DSL,Mailed check,Yes,Yes,No,0.024855779344776178,Low
3948-KXDUF,Two year,66,68.75,4447.55,DSL,Bank transfer (automatic),Yes,Yes,No,0.024848356523464725,Low
0582-AVCLN,Two year,38,20.3,743.05,No,Mailed check,No internet service,No internet service,No,0.024840557404747936,Low
5296-BFCYD,Two year,46,20.1,936.85,No,Mailed check,No internet service,No internet service,No,0.024785415700467977,Low
3967-VQOGC,Two year,67,24.9,1680.25,No,Mailed check,No internet service,No internet service,No,0.024782968647118427,Low
3970-XGJDU,Two year,62,19.2,1123.65,No,Credit card (automatic),No internet service,No internet service,No,0.024778864095046028,Low
8882-TLVRW,Two year,69,39.1,2779.5,DSL,Mailed check,Yes,Yes,No,0.02475174517276535,Low
8069-RHUXK,Two year,67,35.7,2545.7,DSL,Credit card (automatic),Yes,Yes,No,0.024749499503749474,Low
4652-ODEVH,Two year,45,24.45,1088.25,No,Mailed check,No internet service,No internet service,No,0.024686994472340403,Low
0506-YLVKJ,Two year,46,20.2,917.45,No,Mailed check,No internet service,No internet service,No,0.024672529666740894,Low
2900-PHPLN,Two year,70,19.55,1462.05,No,Credit card (automatic),No internet service,No internet service,No,0.02466604574062268,Low
2208-MPXIO,Two year,45,20.0,886.4,No,Bank transfer (automatic),No internet service,No internet service,No,0.02463500869384149,Low
4979-HPRFL,Two year,56,24.15,1402.25,No,Bank transfer (automatic),No internet service,No internet service,No,0.024583553098774795,Low
7321-KKSDU,Two year,32,20.5,696.8,No,Mailed check,No internet service,No internet service,No,0.02457032933514956,Low
6997-UVGOX,Two year,71,85.45,6029.9,DSL,Bank transfer (automatic),Yes,Yes,No,0.024524153096516312,Low
9710-NJERN,Two year,39,20.15,826.0,No,Mailed check,No internet service,No internet service,No,0.024505311056461292,Low
3200-MNQTF,Two year,67,70.9,4677.1,DSL,Credit card (automatic),Yes,Yes,No,0.024473784708840894,Low
0374-FIUCA,Two year,65,20.4,1414.45,No,Credit card (automatic),No internet service,No internet service,No,0.024446344040152692,Low
2418-TPEUN,Two year,56,19.8,1119.9,No,Credit card (automatic),No internet service,No internet service,No,0.02441633395694329,Low
2817-LVCPP,Two year,50,19.4,1023.95,No,Credit card (automatic),No internet service,No internet service,No,0.02441383018040944,Low
3913-FCUUW,Two year,72,70.45,5165.7,DSL,Bank transfer (automatic),Yes,Yes,No,0.02439082408548445,Low
0206-OYVOC,Two year,46,19.25,864.2,No,Mailed check,No internet service,No internet service,No,0.024223095625779303,Low
9993-LHIEB,Two year,67,67.85,4627.65,DSL,Mailed check,Yes,Yes,No,0.02420288804003929,Low
2729-VNVAP,Two year,33,19.8,641.35,No,Credit card (automatic),No internet service,No internet service,No,0.024112307428612662,Low
0362-RAOQO,Two year,40,19.65,830.25,No,Credit card (automatic),No internet service,No internet service,No,0.02409613073741158,Low
2796-NNUFI,Two year,46,19.95,927.1,No,Mailed check,No internet service,No internet service,No,0.02408611280372265,Low
7860-KSUGX,Two year,72,64.45,4720.0,DSL,Credit card (automatic),No,Yes,No,0.02408385074500534,Low
5006-MXVRN,Two year,39,20.7,762.45,No,Credit card (automatic),No internet service,No internet service,No,0.024049595381380254,Low
3769-MHZNV,Two year,33,20.1,670.35,No,Mailed check,No internet service,No internet service,No,0.024045023813131342,Low
6283-GITPX,Two year,71,76.9,5522.7,DSL,Credit card (automatic),Yes,Yes,No,0.024039968386652403,Low
9114-DPSIA,Two year,72,81.0,5750.0,DSL,Credit card (automatic),Yes,Yes,No,0.024030655749732545,Low
1131-QQZEB,Two year,71,23.95,1756.2,No,Bank transfer (automatic),No internet service,No internet service,No,0.024015480982833064,Low
8701-DGLVH,Two year,51,20.45,1042.65,No,Mailed check,No internet service,No internet service,No,0.023953670314527113,Low
1657-DYMBM,Two year,53,19.9,1110.05,No,Credit card (automatic),No internet service,No internet service,No,0.023929552331252348,Low
0936-NQLJU,Two year,41,20.65,875.55,No,Credit card (automatic),No internet service,No internet service,No,0.023923251856650084,Low
3836-FZSDJ,Two year,71,24.85,1901.0,No,Bank transfer (automatic),No internet service,No internet service,No,0.023906772078799786,Low
7480-SPLEF,Two year,69,26.0,1796.55,No,Bank transfer (automatic),No internet service,No internet service,No,0.02386847892353791,Low
8838-GPHZP,Two year,63,20.6,1298.7,No,Mailed check,No internet service,No internet service,No,0.023803505693130084,Low
6217-KDYWC,Two year,57,19.6,1170.55,No,Mailed check,No internet service,No internet service,No,0.023792504240007194,Low
9953-ZMKSM,Two year,63,25.25,1559.3,No,Mailed check,No internet service,No internet service,No,0.02374581327620085,Low
6000-UKLWI,Two year,41,20.15,802.35,No,Mailed check,No internet service,No internet service,No,0.023739337824736525,Low
4735-BJKOU,Two year,40,20.15,804.85,No,Mailed check,No internet service,No internet service,No,0.023720692223065,Low
1705-GUHPV,Two year,63,24.2,1618.2,No,Mailed check,No internet service,No internet service,No,0.023666993222721627,Low
7601-GNDYK,Two year,35,19.6,686.95,No,Mailed check,No internet service,No internet service,No,0.023658996206721565,Low
6365-HITVU,Two year,71,87.25,6328.7,DSL,Credit card (automatic),Yes,Yes,No,0.023640326024788837,Low
7139-JZFVG,Two year,60,60.5,3694.45,DSL,Bank transfer (automatic),No,Yes,No,0.02363366850536265,Low
6374-AFWOX,Two year,46,65.65,3047.15,DSL,Mailed check,Yes,Yes,No,0.023623217749881634,Low
1241-FPMOF,Two year,52,19.65,1025.05,No,Mailed check,No internet service,No internet service,No,0.023601879831825837,Low
6695-FRVEC,Two year,67,60.4,3953.7,DSL,Bank transfer (automatic),Yes,Yes,No,0.023565024579953534,Low
7941-RCJOW,Two year,65,19.55,1218.65,No,Credit card (automatic),No internet service,No internet service,No,0.023535514281757403,Low
5208-FVQKB,Two year,70,67.95,4664.15,DSL,Mailed check,Yes,Yes,No,0.02352878400206875,Low
6169-PPETC,Two year,35,20.5,759.35,No,Bank transfer (automatic),No internet service,No internet service,No,0.02352197136201986,Low
2077-DDHJK,Two year,68,70.9,4911.35,DSL,Credit card (automatic),Yes,Yes,No,0.02351971162668132,Low
8039-ACLPL,Two year,72,68.75,4888.2,DSL,Credit card (automatic),No,Yes,No,0.023505847825167292,Low
0988-AADSA,Two year,72,80.85,5824.75,DSL,Bank transfer (automatic),Yes,Yes,No,0.023500113580935865,Low
0508-SQWPL,Two year,57,20.1,1087.7,No,Bank transfer (automatic),No internet service,No internet service,No,0.023461471811832287,Low
5968-HYJRZ,Two year,47,24.55,1160.45,No,Mailed check,No internet service,No internet service,No,0.023453968555434634,Low
1635-NZATJ,Two year,71,25.45,1789.65,No,Credit card (automatic),No internet service,No internet service,No,0.0234215091931578,Low
3913-RDSJZ,Two year,64,25.55,1714.95,No,Mailed check,No internet service,No internet service,No,0.02341936873310887,Low
3027-YNWZU,Two year,64,25.0,1584.8,No,Credit card (automatic),No internet service,No internet service,No,0.0234142054723536,Low
6897-RWMUB,Two year,61,68.05,4158.25,DSL,Bank transfer (automatic),Yes,Yes,No,0.023390159590160574,Low
6479-SZPLM,Two year,36,19.45,754.5,No,Credit card (automatic),No internet service,No internet service,No,0.023341240330099614,Low
6479-VDGRK,Two year,72,85.3,6129.2,DSL,Bank transfer (automatic),Yes,Yes,No,0.02330588757906874,Low
5845-BZZIB,Two year,35,20.1,655.3,No,Mailed check,No internet service,No internet service,No,0.023299497787837,Low
4779-ZGICK,Two year,48,23.55,1173.35,No,Mailed check,No internet service,No internet service,No,0.023274746712472264,Low
0562-FGDCR,Two year,72,74.55,5430.65,DSL,Mailed check,Yes,Yes,No,0.02325173644024227,Low
3212-KXOCR,Two year,52,21.0,1107.2,No,Bank transfer (automatic),No internet service,No internet service,No,0.02320093243621325,Low
3097-FQTVJ,Two year,41,20.0,810.3,No,Mailed check,No internet service,No internet service,No,0.023125535210638124,Low
2888-ADFAO,Two year,47,21.3,1041.8,No,Bank transfer (automatic),No internet service,No internet service,No,0.023120519396647814,Low
9814-AOUDH,Two year,53,19.5,1050.5,No,Credit card (automatic),No internet service,No internet service,No,0.023118650563411742,Low
3451-VAWLI,Two year,35,19.7,730.4,No,Credit card (automatic),No internet service,No internet service,No,0.02311730580474118,Low
3359-DSRKA,Two year,58,19.85,1158.85,No,Mailed check,No internet service,No internet service,No,0.023096953525997464,Low
4807-IZYOZ,Two year,51,20.65,1020.75,No,Bank transfer (automatic),No internet service,No internet service,No,0.02308454495800721,Low
5115-SQAAU,Two year,69,25.6,1673.4,No,Bank transfer (automatic),No internet service,No internet service,No,0.02306899237353671,Low
4900-MSOMT,Two year,72,80.2,5714.2,DSL,Bank transfer (automatic),Yes,Yes,No,0.023010311574043953,Low
3071-MVJCD,Two year,72,82.3,5815.15,DSL,Bank transfer (automatic),Yes,Yes,No,0.02295572265673816,Low
5338-YHWYT,Two year,37,61.45,2302.35,DSL,Credit card (automatic),Yes,Yes,No,0.02293203017789575,Low
8402-OOOHJ,Two year,41,20.65,835.15,No,Mailed check,No internet service,No internet service,No,0.02290963750777563,Low
1716-LSAMB,Two year,45,54.65,2553.7,DSL,Bank transfer (automatic),Yes,Yes,No,0.022908940473862275,Low
1047-RNXZV,Two year,43,19.55,876.15,No,Mailed check,No internet service,No internet service,No,0.022906947216385403,Low
2675-IJRGJ,Two year,53,19.65,978.0,No,Bank transfer (automatic),No internet service,No internet service,No,0.02281108793006822,Low
0621-CXBKL,Two year,53,18.7,1005.7,No,Mailed check,No internet service,No internet service,No,0.02262579378059177,Low
8735-SDUFN,Two year,72,24.3,1778.7,No,Bank transfer (automatic),No internet service,No internet service,No,0.02253220216655779,Low
8540-ZQGEA,Two year,54,20.05,1102.4,No,Credit card (automatic),No internet service,No internet service,No,0.022469826223077163,Low
9507-HSMMZ,Two year,54,20.0,1149.65,No,Mailed check,No internet service,No internet service,No,0.02245737758443128,Low
2097-YVPKN,Two year,65,25.75,1654.75,No,Mailed check,No internet service,No internet service,No,0.02241242827514098,Low
2176-OSJUV,Two year,71,65.15,4681.75,DSL,Bank transfer (automatic),Yes,Yes,No,0.022371454769149295,Low
4534-WGCIR,Two year,58,25.15,1509.9,No,Credit card (automatic),No internet service,No internet service,No,0.022365528722777233,Low
7696-CFTAT,Two year,37,19.8,726.1,No,Bank transfer (automatic),No internet service,No internet service,No,0.02235845892137404,Low
9430-NKQLY,Two year,72,25.1,1790.8,No,Credit card (automatic),No internet service,No internet service,No,0.0223369399189282,Low
3873-WOSBC,Two year,67,25.6,1784.9,No,Credit card (automatic),No internet service,No internet service,No,0.022318109886489947,Low
6087-YPWHO,Two year,72,68.15,4808.7,DSL,Mailed check,Yes,Yes,No,0.022296875851936328,Low
7167-PCEYD,Two year,67,19.8,1311.3,No,Mailed check,No internet service,No internet service,No,0.02229455840673524,Low
7427-AUFPY,Two year,54,19.65,1008.7,No,Credit card (automatic),No internet service,No internet service,No,0.02229130244270031,Low
6685-XSHHU,Two year,60,20.95,1270.55,No,Bank transfer (automatic),No internet service,No internet service,No,0.022268380191252254,Low
6349-JDHQP,Two year,53,19.85,1049.6,No,Credit card (automatic),No internet service,No internet service,No,0.022267808619749647,Low
6024-RUGGH,Two year,72,25.2,1798.9,No,Bank transfer (automatic),No internet service,No internet service,No,0.02226751876475525,Low
5939-SXWHM,Two year,48,26.3,1245.05,No,Bank transfer (automatic),No internet service,No internet service,No,0.02223196426751224,Low
3768-VHXQO,Two year,67,24.85,1583.5,No,Credit card (automatic),No internet service,No internet service,No,0.022215553992528753,Low
7860-UXCRM,Two year,63,74.5,4674.55,DSL,Credit card (automatic),Yes,Yes,No,0.022191199785955133,Low
1767-CJKBA,Two year,66,25.1,1697.7,No,Mailed check,No internet service,No internet service,No,0.022157457800836194,Low
3399-BMLVW,Two year,51,60.5,3121.45,DSL,Credit card (automatic),Yes,Yes,No,0.02213894405185121,Low
2642-MAWLJ,Two year,36,20.25,717.95,No,Bank transfer (automatic),No internet service,No internet service,No,0.022108930312877667,Low
9504-YAZWB,Two year,53,20.25,1048.45,No,Mailed check,No internet service,No internet service,No,0.022044762341522608,Low
4625-LAMOB,Two year,44,20.4,905.55,No,Credit card (automatic),No internet service,No internet service,No,0.02200530928683228,Low
7293-LSCDV,Two year,60,19.25,1103.25,No,Credit card (automatic),No internet service,No internet service,No,0.021996304140817532,Low
0795-XCCTE,Two year,72,25.4,1809.35,No,Bank transfer (automatic),No internet service,No internet service,No,0.02199048053890227,Low
6725-TPKJO,Two year,44,20.05,845.25,No,Mailed check,No internet service,No internet service,No,0.021934782713515306,Low
1820-DJFPH,Two year,72,24.05,1709.15,No,Bank transfer (automatic),No internet service,No internet service,No,0.021922248168280787,Low
9359-JANWS,Two year,65,58.9,3857.1,DSL,Credit card (automatic),Yes,Yes,No,0.021781682414390637,Low
2072-ZVJJX,Two year,68,25.25,1728.2,No,Bank transfer (automatic),No internet service,No internet service,No,0.02167917157985528,Low
0603-TPMIB,Two year,59,25.45,1534.05,No,Mailed check,No internet service,No internet service,No,0.02161100877223977,Low
2696-RZVZW,Two year,68,25.05,1629.2,No,Credit card (automatic),No internet service,No internet service,No,0.0215995842732115,Low
3308-DGHKL,Two year,69,19.3,1447.9,No,Bank transfer (automatic),No internet service,No internet service,No,0.02156498350573512,Low
2228-BZDEE,Two year,54,20.1,1079.45,No,Mailed check,No internet service,No internet service,No,0.021564861174539984,Low
4625-XMOYM,Two year,72,26.25,1988.05,No,Bank transfer (automatic),No internet service,No internet service,No,0.02152274469827546,Low
5982-XMDEX,Two year,65,26.5,1698.55,No,Bank transfer (automatic),No internet service,No internet service,No,0.021512090213850036,Low
9499-XPZXM,Two year,72,64.75,4804.75,DSL,Bank transfer (automatic),Yes,Yes,No,0.021440559526361636,Low
9646-NMHXE,Two year,47,19.65,973.1,No,Mailed check,No internet service,No internet service,No,0.02136555120371517,Low
9500-WBGRP,Two year,69,19.1,1268.85,No,Mailed check,No internet service,No internet service,No,0.02128392321579424,Low
3764-MNMOI,Two year,46,19.2,908.15,No,Credit card (automatic),No internet service,No internet service,No,0.021276648388684743,Low
3118-UHVVQ,Two year,68,25.8,1911.5,No,Credit card (automatic),No internet service,No internet service,No,0.021209185415367583,Low
3795-GWTRD,Two year,63,75.55,4707.85,DSL,Credit card (automatic),Yes,Yes,No,0.021150063518587548,Low
9795-SHUHB,Two year,66,58.2,3810.8,DSL,Credit card (automatic),Yes,Yes,No,0.021116991307465915,Low
0229-LFJAF,Two year,72,69.65,4908.25,DSL,Bank transfer (automatic),Yes,Yes,No,0.021074760637426103,Low
6484-LATFU,Two year,68,24.55,1657.4,No,Mailed check,No internet service,No internet service,No,0.021072135033518152,Low
8464-EETCQ,Two year,57,18.8,1094.35,No,Credit card (automatic),No internet service,No internet service,No,0.02102031929317499,Low
3498-LZGQZ,Two year,63,19.15,1177.05,No,Mailed check,No internet service,No internet service,No,0.020993734160492283,Low
7643-RCHXS,Two year,63,19.35,1263.85,No,Electronic check,No internet service,No internet service,No,0.020952612609304623,Low
6010-DDPPW,Two year,70,25.15,1940.85,No,Bank transfer (automatic),No internet service,No internet service,No,0.020929908106541308,Low
4589-IUAJB,Two year,70,24.25,1724.15,No,Bank transfer (automatic),No internet service,No internet service,No,0.020880150328943355,Low
2068-WWXQZ,Two year,46,20.05,902.0,No,Bank transfer (automatic),No internet service,No internet service,No,0.02086107781287854,Low
9372-TXXPS,Two year,60,59.85,3483.45,DSL,Bank transfer (automatic),Yes,Yes,No,0.020841985453797833,Low
4656-CAURT,Two year,69,23.95,1713.1,No,Bank transfer (automatic),No internet service,No internet service,No,0.020838244701496436,Low
1106-HRLKZ,Two year,40,19.6,808.95,No,Mailed check,No internet service,No internet service,No,0.020816709554242366,Low
0971-QIFJK,Two year,69,24.25,1641.8,No,Bank transfer (automatic),No internet service,No internet service,No,0.020678569496598145,Low
5821-MMEIL,Two year,57,19.9,1115.6,No,Bank transfer (automatic),No internet service,No internet service,No,0.020677609099998353,Low
6582-PLFUU,Two year,51,19.55,1086.75,No,Credit card (automatic),No internet service,No internet service,No,0.020672804583946144,Low
7493-GVFIO,Two year,57,20.55,1252.85,No,Credit card (automatic),No internet service,No internet service,No,0.020655761268760436,Low
6425-JWTDV,Two year,48,19.25,855.1,No,Mailed check,No internet service,No internet service,No,0.020608661589130897,Low
5093-FEGLU,Two year,47,19.65,921.55,No,Bank transfer (automatic),No internet service,No internet service,No,0.020587459568384193,Low
5804-JMYIO,Two year,39,19.75,757.95,No,Mailed check,No internet service,No internet service,No,0.02057202006976882,Low
6625-FLENO,Two year,58,20.75,1185.95,No,Mailed check,No internet service,No internet service,No,0.020523897453735656,Low
3646-ITDGM,Two year,56,19.7,1051.9,No,Bank transfer (automatic),No internet service,No internet service,No,0.02046805663825167,Low
3400-ESFUW,Two year,55,57.55,3046.4,DSL,Bank transfer (automatic),Yes,Yes,Yes,0.02041188932474746,Low
9220-CXRSC,Two year,69,61.4,4059.85,DSL,Credit card (automatic),Yes,Yes,No,0.020411531486686202,Low
9135-HSWOC,Two year,64,19.7,1274.05,No,Bank transfer (automatic),No internet service,No internet service,No,0.020385145220162073,Low
3696-DFHHB,Two year,68,25.5,1821.8,No,Bank transfer (automatic),No internet service,No internet service,No,0.020376245971043955,Low
8780-IHCRN,Two year,63,24.65,1574.5,No,Credit card (automatic),No internet service,No internet service,No,0.02029221324163462,Low
0780-XNZFN,Two year,57,20.65,1125.6,No,Bank transfer (automatic),No internet service,No internet service,No,0.020286978912742018,Low
3429-IFLEM,Two year,71,77.35,5550.1,DSL,Credit card (automatic),Yes,Yes,No,0.020276205607793762,Low
4990-ALDGW,Two year,57,20.75,1118.8,No,Mailed check,No internet service,No internet service,No,0.020229752611819366,Low
5846-ABOBJ,Two year,71,24.45,1730.65,No,Bank transfer (automatic),No internet service,No internet service,No,0.020223403491199696,Low
6961-MJKBO,Two year,47,20.45,943.0,No,Bank transfer (automatic),No internet service,No internet service,No,0.02021230832193763,Low
6340-DACFT,Two year,50,20.55,1070.25,No,Credit card (automatic),No internet service,No internet service,No,0.02019053247516081,Low
2253-KPMNB,Two year,69,46.25,3121.4,DSL,Bank transfer (automatic),Yes,Yes,No,0.020125884641083596,Low
9565-AXSMR,Two year,52,19.2,1054.75,No,Mailed check,No internet service,No internet service,No,0.020109787079898866,Low
8946-BFWSG,Two year,63,25.25,1573.05,No,Mailed check,No internet service,No internet service,No,0.020007774548829065,Low
9764-REAFF,Two year,59,18.4,1057.85,No,Bank transfer (automatic),No internet service,No internet service,No,0.020004579752032594,Low
3973-SKMLN,Two year,71,19.9,1355.1,No,Credit card (automatic),No internet service,No internet service,No,0.01999886282865394,Low
5529-GIBVH,Two year,47,20.15,1046.2,No,Mailed check,No internet service,No internet service,No,0.01999060206547974,Low
1306-RPWXZ,Two year,49,20.45,1024.65,No,Credit card (automatic),No internet service,No internet service,No,0.019983513046219537,Low
3170-NMYVV,Two year,50,20.15,930.9,No,Bank transfer (automatic),No internet service,No internet service,No,0.01996769748905305,Low
0932-YIXYU,Two year,47,20.25,1029.8,No,Credit card (automatic),No internet service,No internet service,No,0.019946108867027385,Low
9397-TZSHA,Two year,69,24.6,1678.05,No,Credit card (automatic),No internet service,No internet service,No,0.019921552658262,Low
6892-BOGQE,Two year,71,20.9,1493.2,No,Bank transfer (automatic),No internet service,No internet service,No,0.019920701121241047,Low
5567-GZKQY,Two year,58,20.3,1131.5,No,Credit card (automatic),No internet service,No internet service,No,0.01990523835866154,Low
8922-NPKBJ,Two year,42,19.35,867.3,No,Mailed check,No internet service,No internet service,No,0.019898575716909027,Low
4361-FEBGN,Two year,48,20.15,982.95,No,Credit card (automatic),No internet service,No internet service,No,0.019892963010784397,Low
9068-FHQHD,Two year,40,20.15,777.35,No,Bank transfer (automatic),No internet service,No internet service,No,0.019877507478864017,Low
1460-UZPRJ,Two year,60,19.95,1258.15,No,Mailed check,No internet service,No internet service,No,0.019851804627051533,Low
9084-OAYKL,Two year,58,20.8,1212.25,No,Mailed check,No internet service,No internet service,No,0.01984352031489804,Low
9916-AYHTC,Two year,48,19.85,916.0,No,Credit card (automatic),No internet service,No internet service,No,0.01984205408307283,Low
8749-TZYEC,Two year,72,24.8,1874.3,No,Credit card (automatic),No internet service,No internet service,No,0.019814497622592457,Low
6734-JDTTV,Two year,65,19.85,1267.05,No,Credit card (automatic),No internet service,No internet service,No,0.019778577021465182,Low
7161-DFHUF,Two year,71,23.85,1672.1,No,Mailed check,No internet service,No internet service,No,0.01974491156803271,Low
0531-XBKMM,Two year,66,65.7,4378.9,DSL,Bank transfer (automatic),Yes,Yes,No,0.019735346108282308,Low
1574-DYCWE,Two year,51,19.95,1028.75,No,Mailed check,No internet service,No internet service,No,0.0197141692255661,Low
4443-EMBNA,Two year,71,24.75,1836.9,No,Bank transfer (automatic),No internet service,No internet service,No,0.01969309080527866,Low
7606-BPHHN,Two year,72,19.8,1468.75,No,Credit card (automatic),No internet service,No internet service,No,0.019688448046688282,Low
1987-AUELQ,Two year,71,25.05,1873.7,No,Credit card (automatic),No internet service,No internet service,No,0.019678735709668157,Low
5465-BUBFA,Two year,41,19.3,772.4,No,Bank transfer (automatic),No internet service,No internet service,No,0.019623045281144773,Low
6323-AYBRX,Two year,59,19.35,1099.6,No,Mailed check,No internet service,No internet service,Yes,0.01961318673548428,Low
9938-PRCVK,Two year,41,19.7,804.25,No,Bank transfer (automatic),No internet service,No internet service,No,0.019557157786415875,Low
2169-RRLFW,Two year,71,25.6,1888.25,No,Credit card (automatic),No internet service,No internet service,No,0.019488960117385174,Low
9153-BTBVV,Two year,71,25.0,1753.0,No,Bank transfer (automatic),No internet service,No internet service,No,0.019441488450468454,Low
2509-TFPJU,Two year,72,25.75,1864.2,No,Credit card (automatic),No internet service,No internet service,No,0.019421800958205178,Low
9286-BHDQG,Two year,72,45.25,3139.8,DSL,Credit card (automatic),Yes,Yes,No,0.01941486239745368,Low
8957-THMOA,Two year,50,20.15,970.85,No,Credit card (automatic),No internet service,No internet service,No,0.019400887685355393,Low
8774-GSBUN,Two year,72,25.4,1797.1,No,Mailed check,No internet service,No internet service,No,0.019400654325077666,Low
4707-MAXGU,Two year,72,25.85,1872.2,No,Credit card (automatic),No internet service,No internet service,No,0.019397148182275618,Low
3620-EHIMZ,Two year,52,19.35,1031.7,No,Mailed check,No internet service,No internet service,No,0.019393808325942653,Low
5743-KHMNA,Two year,71,25.55,1898.1,No,Bank transfer (automatic),No internet service,No internet service,No,0.01939035722909863,Low
0485-ZBSLN,Two year,65,24.75,1715.1,No,Credit card (automatic),No internet service,No internet service,No,0.019390242295266848,Low
7729-XBTWX,Two year,66,19.75,1344.5,No,Mailed check,No internet service,No internet service,No,0.019375997087912177,Low
8544-JNBOX,Two year,72,20.8,1521.2,No,Mailed check,No internet service,No internet service,No,0.019353337985484352,Low
9371-BITHB,Two year,52,19.85,1070.5,No,Mailed check,No internet service,No internet service,No,0.01928956470768012,Low
4878-BUNFV,Two year,42,20.7,828.85,No,Mailed check,No internet service,No internet service,No,0.019259441129012723,Low
4312-KFRXN,Two year,72,25.4,1710.9,No,Mailed check,No internet service,No internet service,No,0.019246731914089734,Low
9257-AZMTZ,Two year,52,20.1,1078.75,No,Bank transfer (automatic),No internet service,No internet service,No,0.019213086220658246,Low
8237-ULIXL,Two year,72,24.85,1871.85,No,Credit card (automatic),No internet service,No internet service,No,0.01919598995507696,Low
1266-NZYUI,Two year,72,66.85,4758.8,DSL,Bank transfer (automatic),Yes,Yes,No,0.019164774799408698,Low
7115-IRDHS,Two year,72,24.65,1830.05,No,Bank transfer (automatic),No internet service,No internet service,No,0.019163287250752736,Low
6485-QXWWE,Two year,62,26.0,1638.7,No,Bank transfer (automatic),No internet service,No internet service,No,0.019119594507679295,Low
4836-WNFNO,Two year,72,25.0,1849.2,No,Credit card (automatic),No internet service,No internet service,No,0.019098182733926574,Low
8215-NGSPE,Two year,42,20.0,833.55,No,Mailed check,No internet service,No internet service,No,0.018958510948739425,Low
8092-NLTGF,Two year,72,24.75,1777.6,No,Bank transfer (automatic),No internet service,No internet service,No,0.018934773519078914,Low
2626-VEEWG,Two year,67,19.4,1284.2,No,Credit card (automatic),No internet service,No internet service,No,0.01889174828014637,Low
4231-LZUYM,Two year,72,25.65,1887.0,No,Bank transfer (automatic),No internet service,No internet service,No,0.018881058884513753,Low
7688-AWMDX,Two year,71,54.5,3778.2,DSL,Bank transfer (automatic),Yes,Yes,No,0.018678734165207586,Low
0704-VCUMB,Two year,61,20.25,1278.8,No,Credit card (automatic),No internet service,No internet service,No,0.01867718900254834,Low
7096-ZNBZI,Two year,72,26.45,1914.5,No,Credit card (automatic),No internet service,No internet service,No,0.018661806378086877,Low
0040-HALCW,Two year,54,20.4,1090.6,No,Credit card (automatic),No internet service,No internet service,No,0.01864763679106667,Low
0607-DAAHE,Two year,53,19.75,1052.35,No,Bank transfer (automatic),No internet service,No internet service,Yes,0.018644282427158942,Low
2075-PUEPR,Two year,55,19.35,1153.25,No,Bank transfer (automatic),No internet service,No internet service,No,0.018605286618061382,Low
7558-IMLMT,Two year,67,20.8,1411.9,No,Mailed check,No internet service,No internet service,No,0.018562518357518678,Low
9173-IVZVP,Two year,53,20.9,1146.05,No,Mailed check,No internet service,No internet service,No,0.01851484773558298,Low
9972-EWRJS,Two year,67,19.25,1372.9,No,Bank transfer (automatic),No internet service,No internet service,No,0.01850517079481137,Low
2569-WGERO,Two year,72,21.15,1419.4,No,Bank transfer (automatic),No internet service,No internet service,No,0.01846687371068988,Low
8857-CUPFQ,Two year,63,19.25,1237.65,No,Mailed check,No internet service,No internet service,No,0.018443301175459146,Low
7114-AEOZE,Two year,60,19.85,1128.1,No,Bank transfer (automatic),No internet service,No internet service,No,0.01836322204447062,Low
5598-IKHQQ,Two year,72,25.45,1866.45,No,Credit card (automatic),No internet service,No internet service,No,0.01829253339218054,Low
2050-ONYDQ,Two year,65,26.0,1654.85,No,Credit card (automatic),No internet service,No internet service,No,0.018230526248175307,Low
2400-FEQME,Two year,55,20.5,1177.95,No,Mailed check,No internet service,No internet service,No,0.018230347850560828,Low
2181-TIDSV,Two year,68,19.95,1303.25,No,Bank transfer (automatic),No internet service,No internet service,No,0.018162707318146232,Low
6857-TKDJV,Two year,67,24.65,1620.45,No,Bank transfer (automatic),No internet service,No internet service,No,0.0181372330556887,Low
5656-JAMLX,Two year,62,19.85,1253.65,No,Bank transfer (automatic),No internet service,No internet service,No,0.01812256768133587,Low
2525-GVKQU,Two year,60,20.6,1093.0,No,Mailed check,No internet service,No internet service,No,0.01801937701924538,Low
5242-UOWHD,Two year,45,20.35,929.2,No,Mailed check,No internet service,No internet service,No,0.018018616478492337,Low
0270-THENM,Two year,72,69.85,5102.35,DSL,Bank transfer (automatic),Yes,Yes,No,0.01797324684450646,Low
7242-EDTYC,Two year,44,19.55,819.95,No,Bank transfer (automatic),No internet service,No internet service,No,0.01792218942481924,Low
1098-KFQEC,Two year,55,19.4,1083.0,No,Credit card (automatic),No internet service,No internet service,No,0.017916500182275107,Low
2007-QVGAW,Two year,68,19.35,1292.65,No,Bank transfer (automatic),No internet service,No internet service,No,0.017812305324738,Low
6253-GNHWH,Two year,71,71.1,5224.95,DSL,Mailed check,Yes,Yes,No,0.01775395789650525,Low
6651-RLGGM,Two year,67,26.3,1688.9,No,Mailed check,No internet service,No internet service,No,0.017661776093769854,Low
7169-YWAMK,Two year,72,68.4,4855.35,DSL,Bank transfer (automatic),Yes,Yes,No,0.017660498894555912,Low
9975-GPKZU,Two year,46,19.75,856.5,No,Credit card (automatic),No internet service,No internet service,No,0.017576464682925248,Low
5793-YOLJN,Two year,55,21.0,1210.3,No,Mailed check,No internet service,No internet service,No,0.01757025502742892,Low
8380-MQINP,Two year,55,20.3,1079.05,No,Mailed check,No internet service,No internet service,No,0.017553060315356257,Low
5970-GHJAW,Two year,46,19.95,862.4,No,Credit card (automatic),No internet service,No internet service,No,0.017519608754737043,Low
7515-LODFU,Two year,69,20.3,1356.3,No,Credit card (automatic),No internet service,No internet service,No,0.01748734800803321,Low
6762-NSODU,Two year,46,19.4,958.15,No,Credit card (automatic),No internet service,No internet service,No,0.01740244228734507,Low
0386-CWRGM,Two year,46,19.4,967.85,No,Mailed check,No internet service,No internet service,No,0.017391427716913883,Low
8896-RAZCR,Two year,44,19.9,868.1,No,Mailed check,No internet service,No internet service,No,0.017375422195995714,Low
9574-BOSMD,Two year,68,25.4,1620.2,No,Bank transfer (automatic),No internet service,No internet service,No,0.017360005906926268,Low
4195-PNGZS,Two year,69,24.45,1718.2,No,Bank transfer (automatic),No internet service,No internet service,No,0.017357816348102906,Low
7225-IILWY,Two year,68,25.75,1686.15,No,Mailed check,No internet service,No internet service,No,0.017347464157325746,Low
8347-GDTMP,Two year,64,19.45,1225.65,No,Credit card (automatic),No internet service,No internet service,No,0.017329828845614036,Low
6848-HJTXY,Two year,64,19.45,1208.6,No,Credit card (automatic),No internet service,No internet service,No,0.017299835217906876,Low
6619-RPLQZ,Two year,45,20.85,892.15,No,Mailed check,No internet service,No internet service,No,0.017214810202273993,Low
2616-FLVQC,Two year,64,19.55,1240.15,No,Mailed check,No internet service,No internet service,No,0.017198378083550896,Low
8129-GMVGI,Two year,56,20.05,1090.1,No,Mailed check,No internet service,No internet service,No,0.017164630797442605,Low
1399-OUPJN,Two year,57,19.75,1272.05,No,Bank transfer (automatic),No internet service,No internet service,No,0.017126576336731692,Low
4737-AQCPU,Two year,72,72.1,5016.65,DSL,Credit card (automatic),Yes,Yes,No,0.017073335679998063,Low
0613-WUXUM,Two year,70,19.2,1401.4,No,Mailed check,No internet service,No internet service,No,0.01705832809745323,Low
8727-JQFHV,Two year,57,20.75,1123.15,No,Mailed check,No internet service,No internet service,No,0.017019719134870888,Low
8755-OGKNA,Two year,57,19.5,1167.6,No,Bank transfer (automatic),No internet service,No internet service,No,0.017013594808680695,Low
8747-UDCOI,Two year,65,19.35,1319.95,No,Bank transfer (automatic),No internet service,No internet service,No,0.017007664302699323,Low
8590-YFFQO,Two year,70,64.95,4523.25,DSL,Credit card (automatic),Yes,Yes,No,0.016960973427993624,Low
2718-YSKCS,Two year,71,19.6,1387.45,No,Bank transfer (automatic),No internet service,No internet service,No,0.016938313341221804,Low
3190-ITQXP,Two year,46,20.25,890.35,No,Bank transfer (automatic),No internet service,No internet service,No,0.016921543654218236,Low
7634-HLQJR,Two year,47,20.05,1016.7,No,Credit card (automatic),No internet service,No internet service,No,0.016811018315987695,Low
5902-WBLSE,Two year,70,20.15,1411.2,No,Credit card (automatic),No internet service,No internet service,No,0.016782829938438083,Low
0394-YONDK,Two year,70,25.15,1790.15,No,Credit card (automatic),No internet service,No internet service,No,0.01677556363231344,Low
4742-TXUEX,Two year,47,19.3,890.5,No,Bank transfer (automatic),No internet service,No internet service,No,0.0167558955174356,Low
1709-EJDOX,Two year,47,19.75,948.9,No,Mailed check,No internet service,No internet service,No,0.016731136830765016,Low
2146-EGVDT,Two year,59,19.3,1192.7,No,Credit card (automatic),No internet service,No internet service,No,0.016707794233536168,Low
7399-QHBJS,Two year,72,66.75,4760.3,DSL,Credit card (automatic),Yes,Yes,No,0.016676427798849206,Low
5854-KSRBJ,Two year,70,25.4,1782.05,No,Mailed check,No internet service,No internet service,No,0.01664635995734076,Low
6855-VLGOS,Two year,72,20.55,1432.55,No,Electronic check,No internet service,No internet service,No,0.01660954531866761,Low
6963-KQYQB,Two year,70,24.05,1764.75,No,Mailed check,No internet service,No internet service,No,0.016563224208926867,Low
3810-PJUHR,Two year,70,25.35,1715.15,No,Mailed check,No internet service,No internet service,No,0.01655788058997596,Low
6585-WCEWR,Two year,72,20.35,1354.4,No,Electronic check,No internet service,No internet service,No,0.01655628825231341,Low
8514-VZHEB,Two year,59,19.5,1147.85,No,Mailed check,No internet service,No internet service,No,0.01652789567456162,Low
8711-LOBKY,Two year,59,19.85,1188.25,No,Mailed check,No internet service,No internet service,No,0.016483858848611137,Low
2607-DHDAK,Two year,72,19.8,1414.65,No,Credit card (automatic),No internet service,No internet service,No,0.016472024131685643,Low
0562-HKHML,Two year,71,23.9,1626.4,No,Credit card (automatic),No internet service,No internet service,No,0.01646171511730018,Low
9081-WWXKP,Two year,47,20.25,873.4,No,Credit card (automatic),No internet service,No internet service,No,0.016432038565559658,Low
3777-XROBG,Two year,58,19.55,1079.65,No,Credit card (automatic),No internet service,No internet service,No,0.016387142892408196,Low
0174-QRVVY,Two year,71,25.35,1847.55,No,Credit card (automatic),No internet service,No internet service,No,0.016322326000898797,Low
1302-TPUBN,Two year,66,19.35,1240.8,No,Bank transfer (automatic),No internet service,No internet service,No,0.016316883356570305,Low
3457-PQBYH,Two year,58,20.3,1160.75,No,Credit card (automatic),No internet service,No internet service,No,0.016286035085099907,Low
9786-YWNHU,Two year,63,63.55,4014.2,DSL,Mailed check,Yes,Yes,No,0.01628417531648603,Low
2346-LOCWC,Two year,58,20.5,1191.4,No,Credit card (automatic),No internet service,No internet service,No,0.016275337255510773,Low
7033-CLAMM,Two year,48,20.2,1027.25,No,Bank transfer (automatic),No internet service,No internet service,No,0.016269575181931565,Low
1299-AURJA,Two year,70,24.7,1685.9,No,Bank transfer (automatic),No internet service,No internet service,No,0.0162269709867672,Low
5730-DBDSI,Two year,66,19.7,1253.8,No,Bank transfer (automatic),No internet service,No internet service,No,0.016223087820879056,Low
7328-ZJAJO,Two year,59,19.5,1222.65,No,Credit card (automatic),No internet service,No internet service,No,0.01619203353366888,Low
1862-QRWPE,Two year,48,20.65,1057.0,No,Bank transfer (automatic),No internet service,No internet service,No,0.016184526508137904,Low
2230-XTUWL,Two year,48,19.55,883.35,No,Mailed check,No internet service,No internet service,No,0.016180586565959006,Low
9251-AWQGT,Two year,48,20.0,935.9,No,Mailed check,No internet service,No internet service,No,0.016143318198009238,Low
7010-BRBUU,Two year,72,24.1,1734.65,No,Credit card (automatic),No internet service,No internet service,No,0.01609508376389965,Low
6181-AXXYF,Two year,72,24.75,1859.1,No,Credit card (automatic),No internet service,No internet service,No,0.016069884316373195,Low
8917-SZTTJ,Two year,60,19.65,1161.75,No,Credit card (automatic),No internet service,No internet service,No,0.01606890089154849,Low
1555-HAPSU,Two year,71,23.9,1663.5,No,Credit card (automatic),No internet service,No internet service,No,0.01602149354350369,Low
1945-XISKS,Two year,67,19.65,1335.2,No,Mailed check,No internet service,No internet service,No,0.015993283587972938,Low
7711-GQBZC,Two year,71,24.7,1810.55,No,Bank transfer (automatic),No internet service,No internet service,No,0.01595411704496949,Low
8164-OCKUJ,Two year,59,20.6,1286.0,No,Mailed check,No internet service,No internet service,No,0.015915482334983324,Low
4193-IBKSW,Two year,72,24.75,1769.6,No,Bank transfer (automatic),No internet service,No internet service,No,0.015907343273438696,Low
7684-XSZIY,Two year,72,24.3,1643.25,No,Bank transfer (automatic),No internet service,No internet service,No,0.015865369963120223,Low
6285-FTQBF,Two year,72,25.55,1867.7,No,Credit card (automatic),No internet service,No internet service,No,0.015825348312827406,Low
7717-BICXI,Two year,60,20.55,1205.05,No,Mailed check,No internet service,No internet service,No,0.015822745988074902,Low
0397-ZXWQF,Two year,67,20.5,1430.95,No,Bank transfer (automatic),No internet service,No internet service,No,0.01578924796634126,Low
8224-KDLKN,Two year,72,25.0,1738.9,No,Bank transfer (automatic),No internet service,No internet service,No,0.015782350706976634,Low
5146-YYFRZ,Two year,67,19.95,1311.75,No,Bank transfer (automatic),No internet service,No internet service,No,0.015779712532278382,Low
1293-BSEUN,Two year,72,20.7,1482.3,No,Mailed check,No internet service,No internet service,No,0.01575684527646284,Low
9365-CSLBQ,Two year,71,24.35,1654.6,No,Mailed check,No internet service,No internet service,No,0.01575154940510093,Low
4821-WQOYN,Two year,72,20.1,1326.25,No,Credit card (automatic),No internet service,No internet service,No,0.015749875149694507,Low
3261-CQXOL,Two year,71,25.45,1813.35,No,Bank transfer (automatic),No internet service,No internet service,No,0.01571875345601887,Low
0480-KYJVA,Two year,72,24.25,1784.5,No,Credit card (automatic),No internet service,No internet service,No,0.015635078847691903,Low
5893-KCLGT,Two year,72,19.75,1567.0,No,Mailed check,No internet service,No internet service,No,0.015619750326610799,Low
8165-ZJRNM,Two year,72,23.75,1679.25,No,Bank transfer (automatic),No internet service,No internet service,No,0.0156109358784319,Low
9838-BFCQT,Two year,72,26.1,1851.45,No,Mailed check,No internet service,No internet service,No,0.015597075976865665,Low
8434-VGEQQ,Two year,61,20.55,1305.95,No,Credit card (automatic),No internet service,No internet service,No,0.015571589447623406,Low
6345-FZOQH,Two year,69,19.9,1363.45,No,Mailed check,No internet service,No internet service,No,0.015543706904497799,Low
7980-MHFLQ,Two year,72,24.9,1859.2,No,Mailed check,No internet service,No internet service,No,0.01550875755551677,Low
5884-FBCTL,Two year,72,25.1,1857.85,No,Bank transfer (automatic),No internet service,No internet service,No,0.01544532110120632,Low
0402-OAMEN,Two year,72,24.45,1709.1,No,Bank transfer (automatic),No internet service,No internet service,No,0.015434721819729548,Low
3507-GASNP,Two year,60,19.95,1189.9,No,Mailed check,No internet service,No internet service,No,0.015427770231728824,Low
1830-IPXVJ,Two year,61,19.75,1311.6,No,Credit card (automatic),No internet service,No internet service,No,0.015357100936510241,Low
6976-BWGLQ,Two year,72,25.2,1787.35,No,Bank transfer (automatic),No internet service,No internet service,No,0.015313696114261916,Low
6060-QBMGV,Two year,70,19.85,1433.8,No,Credit card (automatic),No internet service,No internet service,No,0.01525490577408568,Low
7064-JHXCE,Two year,62,20.05,1263.9,No,Credit card (automatic),No internet service,No internet service,No,0.01521759530538538,Low
3274-NSDWE,Two year,68,19.6,1441.65,No,Credit card (automatic),No internet service,No internet service,No,0.015199430260112756,Low
3563-SVYLG,Two year,68,62.65,4375.8,DSL,Credit card (automatic),Yes,Yes,No,0.015137315768030886,Low
7268-WNTCP,Two year,62,20.45,1297.35,No,Bank transfer (automatic),No internet service,No internet service,No,0.015119792239058464,Low
8232-UTFOZ,Two year,69,19.95,1399.35,No,Credit card (automatic),No internet service,No internet service,No,0.015063144103778826,Low
2236-HILPA,Two year,62,20.65,1218.45,No,Credit card (automatic),No internet service,No internet service,No,0.014963233304760858,Low
5848-FHRFC,Two year,68,20.05,1386.9,No,Bank transfer (automatic),No internet service,No internet service,No,0.014954212467020426,Low
7157-SMCFK,Two year,61,19.75,1124.2,No,Mailed check,No internet service,No internet service,No,0.014949223781692512,Low
7695-PKLCZ,Two year,68,20.5,1424.9,No,Credit card (automatic),No internet service,No internet service,No,0.014901588786198279,Low
9625-RZFUK,Two year,63,19.7,1275.85,No,Mailed check,No internet service,No internet service,No,0.01488312420105373,Low
8043-PNYSD,Two year,63,19.55,1245.6,No,Mailed check,No internet service,No internet service,No,0.014881754518809766,Low
0505-SPOOW,Two year,70,19.8,1397.65,No,Bank transfer (automatic),No internet service,No internet service,No,0.014731517506587343,Low
0962-CQPWQ,Two year,62,20.3,1296.15,No,Bank transfer (automatic),No internet service,No internet service,No,0.014706400594595926,Low
8966-SNIZF,Two year,70,19.45,1303.5,No,Bank transfer (automatic),No internet service,No internet service,No,0.01470401118617034,Low
7113-HIPFI,Two year,66,65.85,4097.05,DSL,Mailed check,Yes,Yes,No,0.014685993215910425,Low
0847-HGRML,Two year,62,20.0,1250.1,No,Bank transfer (automatic),No internet service,No internet service,No,0.014648928070393705,Low
8285-ABVLB,Two year,70,19.85,1328.35,No,Credit card (automatic),No internet service,No internet service,No,0.014647544293541042,Low
0825-CPPQH,Two year,71,19.1,1372.45,No,Credit card (automatic),No internet service,No internet service,No,0.014515917587738084,Low
0404-AHASP,Two year,72,19.7,1421.9,No,Credit card (automatic),No internet service,No internet service,No,0.01444053259921036,Low
7602-DBTOU,Two year,71,19.6,1416.5,No,Mailed check,No internet service,No internet service,No,0.014401785126634137,Low
5787-KXGIY,Two year,72,19.3,1304.8,No,Credit card (automatic),No internet service,No internet service,No,0.014400202135182567,Low
1591-XWLGB,Two year,71,19.85,1379.6,No,Credit card (automatic),No internet service,No internet service,No,0.014307305423151876,Low
6621-NRZAK,Two year,63,20.0,1209.25,No,Credit card (automatic),No internet service,No internet service,No,0.014276230516598067,Low
2545-LXYVJ,Two year,72,20.7,1492.1,No,Bank transfer (automatic),No internet service,No internet service,No,0.014217745818671265,Low
3910-MRQOY,Two year,72,19.4,1496.45,No,Bank transfer (automatic),No internet service,No internet service,No,0.014161239735142868,Low
3996-ZNWYK,Two year,71,19.8,1388.45,No,Credit card (automatic),No internet service,No internet service,No,0.014071469846223901,Low
7969-FFOWG,Two year,65,19.9,1292.6,No,Mailed check,No internet service,No internet service,No,0.01402420699753624,Low
3976-HXHCE,Two year,72,19.3,1414.8,No,Bank transfer (automatic),No internet service,No internet service,No,0.014010113980265469,Low
5799-JRCZO,Two year,63,19.5,1215.1,No,Credit card (automatic),No internet service,No internet service,No,0.013922237157108365,Low
3774-VBNXY,Two year,64,20.2,1277.75,No,Mailed check,No internet service,No internet service,No,0.013889182819558938,Low
1927-QEWMY,Two year,72,20.5,1502.25,No,Credit card (automatic),No internet service,No internet service,No,0.013883410586830083,Low
7463-IFMQU,Two year,72,20.05,1423.65,No,Bank transfer (automatic),No internet service,No internet service,No,0.013882270949789503,Low
2429-AYKKO,Two year,72,19.85,1434.1,No,Bank transfer (automatic),No internet service,No internet service,No,0.01388015063457841,Low
9800-OUIGR,Two year,66,20.0,1374.2,No,Credit card (automatic),No internet service,No internet service,No,0.01373994824414734,Low
7083-MIOPC,Two year,72,20.25,1566.9,No,Credit card (automatic),No internet service,No internet service,No,0.013543787373324545,Low
1764-VUUMT,Two year,66,19.95,1269.1,No,Credit card (automatic),No internet service,No internet service,No,0.013131573273630723,Low
8619-IJNDK,Two year,71,64.05,4492.9,DSL,Credit card (automatic),Yes,Yes,No,0.013121891387249177,Low
2804-ETQDK,Two year,66,20.55,1357.1,No,Mailed check,No internet service,No internet service,No,0.013062081311246296,Low
3678-MNGZX,Two year,68,19.95,1377.7,No,Bank transfer (automatic),No internet service,No internet service,No,0.012970642954918241,Low
9537-JALFH,Two year,69,19.9,1356.7,No,Bank transfer (automatic),No internet service,No internet service,No,0.01259349798045584,Low
0902-XKXPN,Two year,69,20.2,1376.5,No,Bank transfer (automatic),No internet service,No internet service,No,0.012541148822407722,Low
7876-DNYAP,Two year,69,19.8,1436.95,No,Credit card (automatic),No internet service,No internet service,No,0.012355463135222174,Low
5346-BZCHP,Two year,69,19.4,1346.2,No,Mailed check,No internet service,No internet service,No,0.012323726670277767,Low
0042-RLHYP,Two year,69,19.7,1396.9,No,Bank transfer (automatic),No internet service,No internet service,No,0.012309783383795425,Low
2984-RGEYA,Two year,69,19.75,1375.4,No,Bank transfer (automatic),No internet service,No internet service,No,0.012271919862012757,Low
4957-SREEC,Two year,70,20.35,1458.1,No,Credit card (automatic),No internet service,No internet service,No,0.012269919028088052,Low
1403-GYAFU,Two year,70,20.05,1360.25,No,Credit card (automatic),No internet service,No internet service,No,0.012230257811234402,Low
6980-IMXXE,Two year,69,20.2,1412.65,No,Bank transfer (automatic),No internet service,No internet service,No,0.012204318363368214,Low
7673-BQGKU,Two year,69,20.15,1337.5,No,Bank transfer (automatic),No internet service,No internet service,No,0.012128648724398996,Low
3279-DYZQM,Two year,71,19.45,1378.45,No,Mailed check,No internet service,No internet service,No,0.012030200322050556,Low
0831-JNISG,Two year,71,19.8,1396.25,No,Mailed check,No internet service,No internet service,No,0.01196528619443556,Low
8750-QWZAJ,Two year,70,19.8,1378.75,No,Bank transfer (automatic),No internet service,No internet service,No,0.011919156512699824,Low
4086-WITJG,Two year,71,19.7,1301.1,No,Credit card (automatic),No internet service,No internet service,No,0.011905675120507936,Low
2848-YXSMW,Two year,72,19.4,1363.25,No,Credit card (automatic),No internet service,No internet service,No,0.01171128672260148,Low
3173-WSSUE,Two year,71,19.7,1415.85,No,Credit card (automatic),No internet service,No internet service,No,0.011670870646144816,Low
1052-QJIBV,Two year,71,19.9,1397.3,No,Credit card (automatic),No internet service,No internet service,No,0.011603409857222654,Low
3642-BYHDO,Two year,71,19.9,1389.35,No,Bank transfer (automatic),No internet service,No internet service,No,0.011572997287390606,Low
8229-BUJHX,Two year,71,20.5,1500.95,No,Bank transfer (automatic),No internet service,No internet service,No,0.011553982813333495,Low
0264-CNITK,Two year,71,20.1,1389.6,No,Bank transfer (automatic),No internet service,No internet service,No,0.01152648258756566,Low
0794-YVSGE,Two year,72,20.3,1401.15,No,Bank transfer (automatic),No internet service,No internet service,No,0.01151878524122022,Low
4277-BWBML,Two year,72,19.95,1322.85,No,Bank transfer (automatic),No internet service,No internet service,No,0.011516437753833559,Low
4817-KEQSP,Two year,71,19.85,1326.35,No,Bank transfer (automatic),No internet service,No internet service,No,0.01151620496674447,Low
0640-YJTPY,Two year,72,21.0,1493.75,No,Bank transfer (automatic),No internet service,No internet service,No,0.011454990826330514,Low
1166-PQLGG,Two year,72,19.55,1463.45,No,Bank transfer (automatic),No internet service,No internet service,No,0.011407179752308705,Low
0784-ZQJZX,Two year,72,19.9,1529.65,No,Credit card (automatic),No internet service,No internet service,No,0.011359083530246051,Low
6928-ONTRW,Two year,72,19.7,1379.8,No,Credit card (automatic),No internet service,No internet service,No,0.011305483391434723,Low
0464-WJTKO,Two year,72,20.1,1460.85,No,Bank transfer (automatic),No internet service,No internet service,No,0.011278051389245428,Low
